solid OpenSCAD_Model
  facet normal -1 0 0
    outer loop
      vertex 0 0.0368805 23.1764
      vertex 0 20.5 23.6102
      vertex 0 20.5 -5.72205e-07
    endloop
  endfacet
  facet normal -1 0 -0
    outer loop
      vertex 0 0.971654 24.3746
      vertex 0 20.5 23.6102
      vertex 0 0.0368805 23.1764
    endloop
  endfacet
  facet normal -1 -0 -0
    outer loop
      vertex 0 20.0799 24.3746
      vertex 0 20.5 23.6102
      vertex 0 0.971654 24.3746
    endloop
  endfacet
  facet normal -1 0 0
    outer loop
      vertex 0 20.5 23.6102
      vertex 0 20.0799 24.3746
      vertex 0 20.4992 23.639
    endloop
  endfacet
  facet normal -1 -0 -0
    outer loop
      vertex 0 20.4958 23.7006
      vertex 0 20.4992 23.639
      vertex 0 20.0799 24.3746
    endloop
  endfacet
  facet normal -1 0 0
    outer loop
      vertex 0 20.4992 23.639
      vertex 0 20.4958 23.7006
      vertex 0 20.4983 23.6711
    endloop
  endfacet
  facet normal -1 -0 -0
    outer loop
      vertex 0 20.4889 23.7617
      vertex 0 20.4958 23.7006
      vertex 0 20.0799 24.3746
    endloop
  endfacet
  facet normal -1 0 0
    outer loop
      vertex 0 20.4958 23.7006
      vertex 0 20.4889 23.7617
      vertex 0 20.4932 23.7317
    endloop
  endfacet
  facet normal -1 -0 -0
    outer loop
      vertex 0 20.4785 23.8222
      vertex 0 20.4889 23.7617
      vertex 0 20.0799 24.3746
    endloop
  endfacet
  facet normal -1 0 0
    outer loop
      vertex 0 20.4889 23.7617
      vertex 0 20.4785 23.8222
      vertex 0 20.4846 23.7918
    endloop
  endfacet
  facet normal -1 -0 -0
    outer loop
      vertex 0 20.4647 23.8818
      vertex 0 20.4785 23.8222
      vertex 0 20.0799 24.3746
    endloop
  endfacet
  facet normal -1 0 0
    outer loop
      vertex 0 20.4785 23.8222
      vertex 0 20.4647 23.8818
      vertex 0 20.4727 23.8511
    endloop
  endfacet
  facet normal -1 0 0
    outer loop
      vertex 0 20.4647 23.8818
      vertex 0 20.4476 23.9402
      vertex 0 20.4576 23.9094
    endloop
  endfacet
  facet normal -1 -0 -0
    outer loop
      vertex 0 20.4272 23.997
      vertex 0 20.4476 23.9402
      vertex 0 20.0799 24.3746
    endloop
  endfacet
  facet normal -1 0 0
    outer loop
      vertex 0 20.4476 23.9402
      vertex 0 20.4272 23.997
      vertex 0 20.4391 23.9664
    endloop
  endfacet
  facet normal -1 -0 -0
    outer loop
      vertex 0 20.2657 24.2407
      vertex 0 20.4272 23.997
      vertex 0 20.0799 24.3746
    endloop
  endfacet
  facet normal -1 0 0
    outer loop
      vertex 0 20.4272 23.997
      vertex 0 20.3652 24.1194
      vertex 0 20.418 24.0206
    endloop
  endfacet
  facet normal -1 0 0
    outer loop
      vertex 0 20.2657 24.2407
      vertex 0 20.0799 24.3746
      vertex 0 20.1445 24.3401
    endloop
  endfacet
  facet normal -1 -0 -0
    outer loop
      vertex 0 20.3652 24.1194
      vertex 0 20.4272 23.997
      vertex 0 20.2657 24.2407
    endloop
  endfacet
  facet normal -1 -0 -0
    outer loop
      vertex 0 20.4476 23.9402
      vertex 0 20.4647 23.8818
      vertex 0 20.0799 24.3746
    endloop
  endfacet
  facet normal -1 0 -0
    outer loop
      vertex 0 0.0681931 23.313
      vertex 0 0.971654 24.3746
      vertex 0 0.0368805 23.1764
    endloop
  endfacet
  facet normal -1 0 -0
    outer loop
      vertex 0 0.0995285 23.4183
      vertex 0 0.971654 24.3746
      vertex 0 0.0681931 23.313
    endloop
  endfacet
  facet normal -1 0 -0
    outer loop
      vertex 0 0.179287 23.6212
      vertex 0 0.971654 24.3746
      vertex 0 0.136605 23.5212
    endloop
  endfacet
  facet normal -1 0 0
    outer loop
      vertex 0 0.666656 24.2222
      vertex 0 0.402498 23.984
      vertex 0 0.460943 24.0533
    endloop
  endfacet
  facet normal -1 0 0
    outer loop
      vertex 0 0.460943 24.0533
      vertex 0 0.402498 23.984
      vertex 0 0.439346 24.0298
    endloop
  endfacet
  facet normal -1 0 0
    outer loop
      vertex 0 0.666656 24.2222
      vertex 0 0.339224 23.8996
      vertex 0 0.402498 23.984
    endloop
  endfacet
  facet normal -1 0 0
    outer loop
      vertex 0 0.402498 23.984
      vertex 0 0.339224 23.8996
      vertex 0 0.372253 23.9465
    endloop
  endfacet
  facet normal -1 0 0
    outer loop
      vertex 0 0.666656 24.2222
      vertex 0 0.280786 23.8108
      vertex 0 0.339224 23.8996
    endloop
  endfacet
  facet normal -1 0 0
    outer loop
      vertex 0 0.339224 23.8996
      vertex 0 0.280786 23.8108
      vertex 0 0.309982 23.8582
    endloop
  endfacet
  facet normal -1 0 0
    outer loop
      vertex 0 0.971654 24.3746
      vertex 0 0.666656 24.2222
      vertex 0 0.92598 24.3608
    endloop
  endfacet
  facet normal -1 0 0
    outer loop
      vertex 0 0.280786 23.8108
      vertex 0 0.227408 23.7178
      vertex 0 0.252808 23.7654
    endloop
  endfacet
  facet normal -1 0 -0
    outer loop
      vertex 0 0.666656 24.2222
      vertex 0 0.971654 24.3746
      vertex 0 0.280786 23.8108
    endloop
  endfacet
  facet normal -1 0 0
    outer loop
      vertex 0 0.227408 23.7178
      vertex 0 0.179287 23.6212
      vertex 0 0.200974 23.6684
    endloop
  endfacet
  facet normal -1 0 -0
    outer loop
      vertex 0 0.280786 23.8108
      vertex 0 0.971654 24.3746
      vertex 0 0.227408 23.7178
    endloop
  endfacet
  facet normal -1 0 0
    outer loop
      vertex 0 0.179287 23.6212
      vertex 0 0.136605 23.5212
      vertex 0 0.154694 23.5676
    endloop
  endfacet
  facet normal -1 0 -0
    outer loop
      vertex 0 0.227408 23.7178
      vertex 0 0.971654 24.3746
      vertex 0 0.179287 23.6212
    endloop
  endfacet
  facet normal -1 0 0
    outer loop
      vertex 0 0.136605 23.5212
      vertex 0 0.0995285 23.4183
      vertex 0 0.114182 23.4636
    endloop
  endfacet
  facet normal -1 0 -0
    outer loop
      vertex 0 0.136605 23.5212
      vertex 0 0.971654 24.3746
      vertex 0 0.0995285 23.4183
    endloop
  endfacet
  facet normal -1 0 0
    outer loop
      vertex 0 0.0995285 23.4183
      vertex 0 0.0681931 23.313
      vertex 0 0.0796051 23.3567
    endloop
  endfacet
  facet normal -1 0 0
    outer loop
      vertex 0 0.0681931 23.313
      vertex 0 0.0427129 23.2055
      vertex 0 0.0511169 23.2474
    endloop
  endfacet
  facet normal -1 0 0
    outer loop
      vertex 0 0.0368805 23.1764
      vertex 0 20.5 -5.72205e-07
      vertex 0 0.0368805 -5.72205e-07
    endloop
  endfacet
  facet normal -1 0 0
    outer loop
      vertex 0 0.0681931 23.313
      vertex 0 0.0368805 23.1764
      vertex 0 0.0427129 23.2055
    endloop
  endfacet
  facet normal 1 0 0
    outer loop
      vertex 90 20.0154 24.4091
      vertex 90 20.5 23.6102
      vertex 90 20.4991 23.6422
    endloop
  endfacet
  facet normal 1 0 0
    outer loop
      vertex 90 20.4957 23.7022
      vertex 90 20.4991 23.6422
      vertex 90 20.4983 23.6711
    endloop
  endfacet
  facet normal 1 0 0
    outer loop
      vertex 90 20.4991 23.6422
      vertex 90 20.4957 23.7022
      vertex 90 20.0154 24.4091
    endloop
  endfacet
  facet normal 1 0 0
    outer loop
      vertex 90 20.4889 23.7617
      vertex 90 20.4957 23.7022
      vertex 90 20.4932 23.7317
    endloop
  endfacet
  facet normal 1 0 0
    outer loop
      vertex 90 20.4957 23.7022
      vertex 90 20.4889 23.7617
      vertex 90 20.0154 24.4091
    endloop
  endfacet
  facet normal 1 0 0
    outer loop
      vertex 90 20.4788 23.8207
      vertex 90 20.4889 23.7617
      vertex 90 20.4846 23.7918
    endloop
  endfacet
  facet normal 1 0 0
    outer loop
      vertex 90 20.4889 23.7617
      vertex 90 20.4788 23.8207
      vertex 90 20.0154 24.4091
    endloop
  endfacet
  facet normal 1 0 0
    outer loop
      vertex 90 20.4655 23.8787
      vertex 90 20.4788 23.8207
      vertex 90 20.4727 23.8511
    endloop
  endfacet
  facet normal 1 0 0
    outer loop
      vertex 90 20.4788 23.8207
      vertex 90 20.4655 23.8787
      vertex 90 20.0154 24.4091
    endloop
  endfacet
  facet normal 1 0 0
    outer loop
      vertex 90 20.449 23.9357
      vertex 90 20.4655 23.8787
      vertex 90 20.4576 23.9094
    endloop
  endfacet
  facet normal 1 0 0
    outer loop
      vertex 90 20.4655 23.8787
      vertex 90 20.449 23.9357
      vertex 90 20.0154 24.4091
    endloop
  endfacet
  facet normal 1 0 0
    outer loop
      vertex 90 20.4294 23.9913
      vertex 90 20.449 23.9357
      vertex 90 20.4391 23.9664
    endloop
  endfacet
  facet normal 1 0 0
    outer loop
      vertex 90 20.449 23.9357
      vertex 90 20.4294 23.9913
      vertex 90 20.0154 24.4091
    endloop
  endfacet
  facet normal 1 0 0
    outer loop
      vertex 90 20.3652 24.1194
      vertex 90 20.4294 23.9913
      vertex 90 20.418 24.0206
    endloop
  endfacet
  facet normal 1 0 0
    outer loop
      vertex 90 20.4294 23.9913
      vertex 90 20.3652 24.1194
      vertex 90 20.2657 24.2407
    endloop
  endfacet
  facet normal 1 0 0
    outer loop
      vertex 90 20.4294 23.9913
      vertex 90 20.2657 24.2407
      vertex 90 20.0154 24.4091
    endloop
  endfacet
  facet normal 1 0 0
    outer loop
      vertex 90 20.0154 24.4091
      vertex 90 20.2657 24.2407
      vertex 90 20.1445 24.3401
    endloop
  endfacet
  facet normal 1 0 0
    outer loop
      vertex 90 20.5 23.6102
      vertex 90 20.0154 24.4091
      vertex 90 1.08539 24.4091
    endloop
  endfacet
  facet normal 1 0 0
    outer loop
      vertex 90 20.5 23.6102
      vertex 90 1.08539 24.4091
      vertex 90 0.0368805 23.1764
    endloop
  endfacet
  facet normal 1 0 0
    outer loop
      vertex 90 0.666656 24.2222
      vertex 90 1.08539 24.4091
      vertex 90 0.92598 24.3608
    endloop
  endfacet
  facet normal 1 0 0
    outer loop
      vertex 90 1.08539 24.4091
      vertex 90 0.666656 24.2222
      vertex 90 0.282056 23.8128
    endloop
  endfacet
  facet normal 1 0 0
    outer loop
      vertex 90 0.409254 23.9924
      vertex 90 0.666656 24.2222
      vertex 90 0.460943 24.0533
    endloop
  endfacet
  facet normal 1 0 0
    outer loop
      vertex 90 0.409254 23.9924
      vertex 90 0.460943 24.0533
      vertex 90 0.439346 24.0298
    endloop
  endfacet
  facet normal 1 0 0
    outer loop
      vertex 90 0.343115 23.9051
      vertex 90 0.666656 24.2222
      vertex 90 0.409254 23.9924
    endloop
  endfacet
  facet normal 1 0 0
    outer loop
      vertex 90 0.343115 23.9051
      vertex 90 0.409254 23.9924
      vertex 90 0.372253 23.9465
    endloop
  endfacet
  facet normal 1 0 0
    outer loop
      vertex 90 0.282056 23.8128
      vertex 90 0.666656 24.2222
      vertex 90 0.343115 23.9051
    endloop
  endfacet
  facet normal 1 0 0
    outer loop
      vertex 90 0.282056 23.8128
      vertex 90 0.343115 23.9051
      vertex 90 0.309982 23.8582
    endloop
  endfacet
  facet normal 1 0 0
    outer loop
      vertex 90 1.08539 24.4091
      vertex 90 0.282056 23.8128
      vertex 90 0.226375 23.7159
    endloop
  endfacet
  facet normal 1 0 0
    outer loop
      vertex 90 0.226375 23.7159
      vertex 90 0.282056 23.8128
      vertex 90 0.252808 23.7654
    endloop
  endfacet
  facet normal 1 0 0
    outer loop
      vertex 90 1.08539 24.4091
      vertex 90 0.226375 23.7159
      vertex 90 0.176337 23.6147
    endloop
  endfacet
  facet normal 1 0 0
    outer loop
      vertex 90 0.176337 23.6147
      vertex 90 0.226375 23.7159
      vertex 90 0.200974 23.6684
    endloop
  endfacet
  facet normal 1 0 0
    outer loop
      vertex 90 1.08539 24.4091
      vertex 90 0.176337 23.6147
      vertex 90 0.132188 23.5099
    endloop
  endfacet
  facet normal 1 0 0
    outer loop
      vertex 90 0.132188 23.5099
      vertex 90 0.176337 23.6147
      vertex 90 0.154694 23.5676
    endloop
  endfacet
  facet normal 1 0 0
    outer loop
      vertex 90 1.08539 24.4091
      vertex 90 0.132188 23.5099
      vertex 90 0.094149 23.4017
    endloop
  endfacet
  facet normal 1 0 0
    outer loop
      vertex 90 0.094149 23.4017
      vertex 90 0.132188 23.5099
      vertex 90 0.114182 23.4636
    endloop
  endfacet
  facet normal 1 0 0
    outer loop
      vertex 90 1.08539 24.4091
      vertex 90 0.094149 23.4017
      vertex 90 0.0624043 23.2907
    endloop
  endfacet
  facet normal 1 0 0
    outer loop
      vertex 90 0.0624043 23.2907
      vertex 90 0.094149 23.4017
      vertex 90 0.0796051 23.3567
    endloop
  endfacet
  facet normal 1 0 0
    outer loop
      vertex 90 1.08539 24.4091
      vertex 90 0.0624043 23.2907
      vertex 90 0.0371022 23.1775
    endloop
  endfacet
  facet normal 1 0 0
    outer loop
      vertex 90 0.0371022 23.1775
      vertex 90 0.0624043 23.2907
      vertex 90 0.0511169 23.2474
    endloop
  endfacet
  facet normal 1 0 0
    outer loop
      vertex 90 1.08539 24.4091
      vertex 90 0.0371022 23.1775
      vertex 90 0.0368805 23.1764
    endloop
  endfacet
  facet normal 1 0 0
    outer loop
      vertex 90 20.5 23.6102
      vertex 90 0.0368805 23.1764
      vertex 90 20.5 -5.72205e-07
    endloop
  endfacet
  facet normal 1 0 0
    outer loop
      vertex 90 20.5 -5.72205e-07
      vertex 90 0.0368805 23.1764
      vertex 90 0.0368805 -5.72205e-07
    endloop
  endfacet
  facet normal 0 1 0
    outer loop
      vertex 47.3075 20.5 11.2802
      vertex 90 20.5 -5.72205e-07
      vertex 45 20.5 11.25
    endloop
  endfacet
  facet normal 0 1 0
    outer loop
      vertex 49.6134 20.5 11.3708
      vertex 90 20.5 -5.72205e-07
      vertex 47.3075 20.5 11.2802
    endloop
  endfacet
  facet normal 0 1 0
    outer loop
      vertex 51.9162 20.5 11.5217
      vertex 90 20.5 -5.72205e-07
      vertex 49.6134 20.5 11.3708
    endloop
  endfacet
  facet normal 0 1 0
    outer loop
      vertex 54.2142 20.5 11.7329
      vertex 90 20.5 -5.72205e-07
      vertex 51.9162 20.5 11.5217
    endloop
  endfacet
  facet normal 0 1 0
    outer loop
      vertex 56.5059 20.5 12.0041
      vertex 90 20.5 -5.72205e-07
      vertex 54.2142 20.5 11.7329
    endloop
  endfacet
  facet normal 0 1 0
    outer loop
      vertex 58.7897 20.5 12.3353
      vertex 90 20.5 -5.72205e-07
      vertex 56.5059 20.5 12.0041
    endloop
  endfacet
  facet normal 0 1 0
    outer loop
      vertex 61.0641 20.5 12.7261
      vertex 90 20.5 -5.72205e-07
      vertex 58.7897 20.5 12.3353
    endloop
  endfacet
  facet normal 0 1 0
    outer loop
      vertex 63.3274 20.5 13.1763
      vertex 90 20.5 -5.72205e-07
      vertex 61.0641 20.5 12.7261
    endloop
  endfacet
  facet normal 0 1 0
    outer loop
      vertex 65.5782 20.5 13.6856
      vertex 90 20.5 -5.72205e-07
      vertex 63.3274 20.5 13.1763
    endloop
  endfacet
  facet normal 0 1 0
    outer loop
      vertex 67.8149 20.5 14.2536
      vertex 90 20.5 -5.72205e-07
      vertex 65.5782 20.5 13.6856
    endloop
  endfacet
  facet normal 0 1 0
    outer loop
      vertex 70.0359 20.5 14.88
      vertex 90 20.5 -5.72205e-07
      vertex 67.8149 20.5 14.2536
    endloop
  endfacet
  facet normal 0 1 0
    outer loop
      vertex 72.2398 20.5 15.5644
      vertex 90 20.5 -5.72205e-07
      vertex 70.0359 20.5 14.88
    endloop
  endfacet
  facet normal 0 1 0
    outer loop
      vertex 74.4251 20.5 16.3062
      vertex 90 20.5 -5.72205e-07
      vertex 72.2398 20.5 15.5644
    endloop
  endfacet
  facet normal 0 1 0
    outer loop
      vertex 76.5901 20.5 17.1049
      vertex 90 20.5 -5.72205e-07
      vertex 74.4251 20.5 16.3062
    endloop
  endfacet
  facet normal 0 1 0
    outer loop
      vertex 78.7335 20.5 17.96
      vertex 90 20.5 -5.72205e-07
      vertex 76.5901 20.5 17.1049
    endloop
  endfacet
  facet normal 0 1 0
    outer loop
      vertex 80.8538 20.5 18.871
      vertex 90 20.5 -5.72205e-07
      vertex 78.7335 20.5 17.96
    endloop
  endfacet
  facet normal 0 1 0
    outer loop
      vertex 82.9495 20.5 19.8371
      vertex 90 20.5 -5.72205e-07
      vertex 80.8538 20.5 18.871
    endloop
  endfacet
  facet normal 0 1 0
    outer loop
      vertex 85.0193 20.5 20.8578
      vertex 90 20.5 -5.72205e-07
      vertex 82.9495 20.5 19.8371
    endloop
  endfacet
  facet normal 0 1 0
    outer loop
      vertex 87.0615 20.5 21.9323
      vertex 90 20.5 -5.72205e-07
      vertex 85.0193 20.5 20.8578
    endloop
  endfacet
  facet normal 0 1 0
    outer loop
      vertex 89.075 20.5 23.0599
      vertex 90 20.5 -5.72205e-07
      vertex 87.0615 20.5 21.9323
    endloop
  endfacet
  facet normal 0 1 -0
    outer loop
      vertex 90 20.5 -5.72205e-07
      vertex 89.075 20.5 23.0599
      vertex 90 20.5 23.6102
    endloop
  endfacet
  facet normal 0 1 0
    outer loop
      vertex 0 20.5 -5.72205e-07
      vertex 45 20.5 11.25
      vertex 90 20.5 -5.72205e-07
    endloop
  endfacet
  facet normal 0 1 0
    outer loop
      vertex 45 20.5 11.25
      vertex 0 20.5 -5.72205e-07
      vertex 42.6925 20.5 11.2802
    endloop
  endfacet
  facet normal 0 1 0
    outer loop
      vertex 42.6925 20.5 11.2802
      vertex 0 20.5 -5.72205e-07
      vertex 40.3866 20.5 11.3708
    endloop
  endfacet
  facet normal 0 1 0
    outer loop
      vertex 40.3866 20.5 11.3708
      vertex 0 20.5 -5.72205e-07
      vertex 38.0838 20.5 11.5217
    endloop
  endfacet
  facet normal 0 1 0
    outer loop
      vertex 38.0838 20.5 11.5217
      vertex 0 20.5 -5.72205e-07
      vertex 35.7858 20.5 11.7329
    endloop
  endfacet
  facet normal 0 1 0
    outer loop
      vertex 35.7858 20.5 11.7329
      vertex 0 20.5 -5.72205e-07
      vertex 33.4941 20.5 12.0041
    endloop
  endfacet
  facet normal 0 1 0
    outer loop
      vertex 33.4941 20.5 12.0041
      vertex 0 20.5 -5.72205e-07
      vertex 31.2103 20.5 12.3353
    endloop
  endfacet
  facet normal 0 1 0
    outer loop
      vertex 31.2103 20.5 12.3353
      vertex 0 20.5 -5.72205e-07
      vertex 28.9359 20.5 12.7261
    endloop
  endfacet
  facet normal 0 1 0
    outer loop
      vertex 0.925003 20.5 23.0599
      vertex 0 20.5 -5.72205e-07
      vertex 0 20.5 23.6102
    endloop
  endfacet
  facet normal 0 1 0
    outer loop
      vertex 2.93846 20.5 21.9323
      vertex 0 20.5 -5.72205e-07
      vertex 0.925003 20.5 23.0599
    endloop
  endfacet
  facet normal 0 1 0
    outer loop
      vertex 4.98074 20.5 20.8578
      vertex 0 20.5 -5.72205e-07
      vertex 2.93846 20.5 21.9323
    endloop
  endfacet
  facet normal 0 1 0
    outer loop
      vertex 7.05045 20.5 19.8371
      vertex 0 20.5 -5.72205e-07
      vertex 4.98074 20.5 20.8578
    endloop
  endfacet
  facet normal 0 1 0
    outer loop
      vertex 9.14617 20.5 18.871
      vertex 0 20.5 -5.72205e-07
      vertex 7.05045 20.5 19.8371
    endloop
  endfacet
  facet normal 0 1 0
    outer loop
      vertex 11.2665 20.5 17.96
      vertex 0 20.5 -5.72205e-07
      vertex 9.14617 20.5 18.871
    endloop
  endfacet
  facet normal 0 1 0
    outer loop
      vertex 13.4099 20.5 17.1049
      vertex 0 20.5 -5.72205e-07
      vertex 11.2665 20.5 17.96
    endloop
  endfacet
  facet normal 0 1 0
    outer loop
      vertex 15.5749 20.5 16.3062
      vertex 0 20.5 -5.72205e-07
      vertex 13.4099 20.5 17.1049
    endloop
  endfacet
  facet normal 0 1 0
    outer loop
      vertex 17.7602 20.5 15.5644
      vertex 0 20.5 -5.72205e-07
      vertex 15.5749 20.5 16.3062
    endloop
  endfacet
  facet normal 0 1 0
    outer loop
      vertex 19.964 20.5 14.88
      vertex 0 20.5 -5.72205e-07
      vertex 17.7602 20.5 15.5644
    endloop
  endfacet
  facet normal 0 1 0
    outer loop
      vertex 22.1851 20.5 14.2536
      vertex 0 20.5 -5.72205e-07
      vertex 19.964 20.5 14.88
    endloop
  endfacet
  facet normal 0 1 0
    outer loop
      vertex 24.4218 20.5 13.6856
      vertex 0 20.5 -5.72205e-07
      vertex 22.1851 20.5 14.2536
    endloop
  endfacet
  facet normal 0 1 0
    outer loop
      vertex 26.6726 20.5 13.1763
      vertex 0 20.5 -5.72205e-07
      vertex 24.4218 20.5 13.6856
    endloop
  endfacet
  facet normal 0 1 0
    outer loop
      vertex 28.9359 20.5 12.7261
      vertex 0 20.5 -5.72205e-07
      vertex 26.6726 20.5 13.1763
    endloop
  endfacet
  facet normal 0 0.881362 0.472442
    outer loop
      vertex 0.0132307 20.3771 24.0972
      vertex 0 20.3652 24.1194
      vertex 0.0132569 20.3652 24.1194
    endloop
  endfacet
  facet normal -0.00566559 0.88275 0.469809
    outer loop
      vertex 0.0131958 20.3928 24.0677
      vertex 0 20.3652 24.1194
      vertex 0.0132307 20.3771 24.0972
    endloop
  endfacet
  facet normal 0.0051648 0.881604 0.471962
    outer loop
      vertex 0.0076468 20.4037 24.0474
      vertex 0 20.3652 24.1194
      vertex 0.0131958 20.3928 24.0677
    endloop
  endfacet
  facet normal 0.0577633 0.887541 0.457094
    outer loop
      vertex 0 20.418 24.0206
      vertex 0.0076468 20.4037 24.0474
      vertex 0.000560658 20.4175 24.0215
    endloop
  endfacet
  facet normal -0.00256822 0.881954 0.471328
    outer loop
      vertex 0.0076468 20.4037 24.0474
      vertex 0 20.418 24.0206
      vertex 0 20.3652 24.1194
    endloop
  endfacet
  facet normal 0 0.881435 0.472305
    outer loop
      vertex 90 20.3652 24.1194
      vertex 89.9868 20.3809 24.0901
      vertex 89.9867 20.3652 24.1194
    endloop
  endfacet
  facet normal 0.00898969 0.88308 0.469136
    outer loop
      vertex 90 20.3652 24.1194
      vertex 89.9868 20.3928 24.0677
      vertex 89.9868 20.3809 24.0901
    endloop
  endfacet
  facet normal -0.00172001 0.88198 0.471283
    outer loop
      vertex 90 20.3652 24.1194
      vertex 89.9939 20.4066 24.0419
      vertex 89.9868 20.3928 24.0677
    endloop
  endfacet
  facet normal -0.00245849 0.881955 0.471328
    outer loop
      vertex 90 20.418 24.0206
      vertex 89.9939 20.4066 24.0419
      vertex 90 20.3652 24.1194
    endloop
  endfacet
  facet normal -0.047413 0.886259 0.460757
    outer loop
      vertex 89.9939 20.4066 24.0419
      vertex 90 20.418 24.0206
      vertex 89.9994 20.4175 24.0215
    endloop
  endfacet
  facet normal 0 0.774148 0.633005
    outer loop
      vertex 0.0459873 20.2805 24.2226
      vertex 0 20.2657 24.2407
      vertex 0.0465732 20.2657 24.2407
    endloop
  endfacet
  facet normal 0.000791161 0.773162 0.634209
    outer loop
      vertex 0.0451603 20.3015 24.197
      vertex 0 20.2657 24.2407
      vertex 0.0459873 20.2805 24.2226
    endloop
  endfacet
  facet normal 0.00253955 0.772272 0.635287
    outer loop
      vertex 0.0404603 20.3155 24.18
      vertex 0 20.2657 24.2407
      vertex 0.0451603 20.3015 24.197
    endloop
  endfacet
  facet normal 6.93467e-05 0.773083 0.634305
    outer loop
      vertex 0.0340188 20.3347 24.1566
      vertex 0 20.2657 24.2407
      vertex 0.0404603 20.3155 24.18
    endloop
  endfacet
  facet normal -0.00321131 0.773729 0.633508
    outer loop
      vertex 0.0251973 20.3476 24.1408
      vertex 0 20.2657 24.2407
      vertex 0.0340188 20.3347 24.1566
    endloop
  endfacet
  facet normal -0 0.772347 0.635201
    outer loop
      vertex 0 20.3652 24.1194
      vertex 0.0251973 20.3476 24.1408
      vertex 0.0132569 20.3652 24.1194
    endloop
  endfacet
  facet normal 0.00141153 0.773161 0.634209
    outer loop
      vertex 0.0251973 20.3476 24.1408
      vertex 0 20.3652 24.1194
      vertex 0 20.2657 24.2407
    endloop
  endfacet
  facet normal 0 0.773416 0.633898
    outer loop
      vertex 90 20.2657 24.2407
      vertex 89.9543 20.2866 24.2152
      vertex 89.9534 20.2657 24.2407
    endloop
  endfacet
  facet normal 0.000393987 0.773762 0.633476
    outer loop
      vertex 90 20.2657 24.2407
      vertex 89.9548 20.3015 24.197
      vertex 89.9543 20.2866 24.2152
    endloop
  endfacet
  facet normal -0.000306538 0.773407 0.633909
    outer loop
      vertex 90 20.2657 24.2407
      vertex 89.9613 20.3206 24.1737
      vertex 89.9548 20.3015 24.197
    endloop
  endfacet
  facet normal -0.00467248 0.772161 0.63541
    outer loop
      vertex 90 20.2657 24.2407
      vertex 89.966 20.3347 24.1566
      vertex 89.9613 20.3206 24.1737
    endloop
  endfacet
  facet normal 0.000328072 0.773161 0.634209
    outer loop
      vertex 90 20.3652 24.1194
      vertex 89.966 20.3347 24.1566
      vertex 90 20.2657 24.2407
    endloop
  endfacet
  facet normal -0.00462631 0.775369 0.631491
    outer loop
      vertex 89.966 20.3347 24.1566
      vertex 90 20.3652 24.1194
      vertex 89.9779 20.3522 24.1352
    endloop
  endfacet
  facet normal 0 0.772212 0.635365
    outer loop
      vertex 89.9779 20.3522 24.1352
      vertex 90 20.3652 24.1194
      vertex 89.9867 20.3652 24.1194
    endloop
  endfacet
  facet normal 0.00119272 0.633399 0.773825
    outer loop
      vertex 0 20.1445 24.3401
      vertex 0.0729785 20.187 24.3052
      vertex 0.0692534 20.2035 24.2917
    endloop
  endfacet
  facet normal -0.000736253 0.635378 0.772201
    outer loop
      vertex 0.0729785 20.187 24.3052
      vertex 0 20.1445 24.3401
      vertex 0.0735372 20.1616 24.3261
    endloop
  endfacet
  facet normal -0.000273075 0.634428 0.772982
    outer loop
      vertex 0 20.1445 24.3401
      vertex 0.0692534 20.2035 24.2917
      vertex 0.0638402 20.2275 24.272
    endloop
  endfacet
  facet normal 0.00144607 0.635233 0.772319
    outer loop
      vertex 0 20.2657 24.2407
      vertex 0.0638402 20.2275 24.272
      vertex 0.0567565 20.2432 24.2591
    endloop
  endfacet
  facet normal -0 0.63305 0.774111
    outer loop
      vertex 0 20.2657 24.2407
      vertex 0.0567565 20.2432 24.2591
      vertex 0.0465732 20.2657 24.2407
    endloop
  endfacet
  facet normal 0.000351761 0.634141 0.773218
    outer loop
      vertex 0.0638402 20.2275 24.272
      vertex 0 20.2657 24.2407
      vertex 0 20.1445 24.3401
    endloop
  endfacet
  facet normal 0 0.633484 0.773756
    outer loop
      vertex 0.0735372 20.1616 24.3261
      vertex 0 20.1445 24.3401
      vertex 0.0739123 20.1445 24.3401
    endloop
  endfacet
  facet normal 0 0.631893 0.775056
    outer loop
      vertex 89.9463 20.25 24.2535
      vertex 90 20.2657 24.2407
      vertex 89.9534 20.2657 24.2407
    endloop
  endfacet
  facet normal -0.00180195 0.635587 0.772027
    outer loop
      vertex 89.9362 20.2275 24.272
      vertex 90 20.2657 24.2407
      vertex 89.9463 20.25 24.2535
    endloop
  endfacet
  facet normal 5.07844e-05 0.633738 0.773548
    outer loop
      vertex 89.9324 20.2109 24.2856
      vertex 90 20.2657 24.2407
      vertex 89.9362 20.2275 24.272
    endloop
  endfacet
  facet normal -0.00049452 0.634141 0.773218
    outer loop
      vertex 90 20.2657 24.2407
      vertex 89.9324 20.2109 24.2856
      vertex 90 20.1445 24.3401
    endloop
  endfacet
  facet normal -0.000434727 0.634177 0.773188
    outer loop
      vertex 89.927 20.187 24.3052
      vertex 90 20.1445 24.3401
      vertex 89.9324 20.2109 24.2856
    endloop
  endfacet
  facet normal 0.00150006 0.63616 0.771556
    outer loop
      vertex 89.9266 20.1699 24.3193
      vertex 90 20.1445 24.3401
      vertex 89.927 20.187 24.3052
    endloop
  endfacet
  facet normal 0 0.633569 0.773686
    outer loop
      vertex 90 20.1445 24.3401
      vertex 89.9266 20.1699 24.3193
      vertex 89.9261 20.1445 24.3401
    endloop
  endfacet
  facet normal -0.000959414 0.469981 0.882676
    outer loop
      vertex 0 20.0799 24.3746
      vertex 0.0948127 20.0538 24.3886
      vertex 0.0921259 20.0722 24.3788
    endloop
  endfacet
  facet normal -0.000286547 0.471881 0.881662
    outer loop
      vertex 0.00284506 20.0061 24.4141
      vertex 0.0948127 20.0538 24.3886
      vertex 0 20.0799 24.3746
    endloop
  endfacet
  facet normal -0.000707335 0.472316 0.881429
    outer loop
      vertex 0 20.0799 24.3746
      vertex 0.0921259 20.0722 24.3788
      vertex 0.0880397 20.1 24.3639
    endloop
  endfacet
  facet normal -0.000822453 0.472709 0.881218
    outer loop
      vertex 0 20.0799 24.3746
      vertex 0.0880397 20.1 24.3639
      vertex 0.0824098 20.1177 24.3544
    endloop
  endfacet
  facet normal -0 0.470759 0.882262
    outer loop
      vertex 0 20.1445 24.3401
      vertex 0.0824098 20.1177 24.3544
      vertex 0.0739123 20.1445 24.3401
    endloop
  endfacet
  facet normal 4.99184e-05 0.471377 0.881932
    outer loop
      vertex 0.0948127 20.0538 24.3886
      vertex 0.00284506 20.0061 24.4141
      vertex 0.0944575 20.0248 24.4041
    endloop
  endfacet
  facet normal 0.000135867 0.471084 0.882088
    outer loop
      vertex 0.0824098 20.1177 24.3544
      vertex 0 20.1445 24.3401
      vertex 0 20.0799 24.3746
    endloop
  endfacet
  facet normal 0 0.471567 0.88183
    outer loop
      vertex 0.0944575 20.0248 24.4041
      vertex 0.00284506 20.0061 24.4141
      vertex 0.0942293 20.0061 24.4141
    endloop
  endfacet
  facet normal 0.000343454 0.471368 0.881937
    outer loop
      vertex 89.9093 20.0817 24.3737
      vertex 90 20.0154 24.4091
      vertex 90 20.1445 24.3401
    endloop
  endfacet
  facet normal 0 0.470845 0.882216
    outer loop
      vertex 89.9205 20.1267 24.3496
      vertex 90 20.1445 24.3401
      vertex 89.9261 20.1445 24.3401
    endloop
  endfacet
  facet normal -0.000397958 0.472228 0.881476
    outer loop
      vertex 89.912 20.1 24.3639
      vertex 90 20.1445 24.3401
      vertex 89.9205 20.1267 24.3496
    endloop
  endfacet
  facet normal -0.000331258 0.472126 0.881531
    outer loop
      vertex 89.9093 20.0817 24.3737
      vertex 90 20.1445 24.3401
      vertex 89.912 20.1 24.3639
    endloop
  endfacet
  facet normal 6.61014e-05 0.471073 0.882094
    outer loop
      vertex 89.9052 20.0538 24.3886
      vertex 90 20.0154 24.4091
      vertex 89.9093 20.0817 24.3737
    endloop
  endfacet
  facet normal 0.000324738 0.47157 0.881829
    outer loop
      vertex 89.9054 20.0351 24.3986
      vertex 90 20.0154 24.4091
      vertex 89.9052 20.0538 24.3886
    endloop
  endfacet
  facet normal 0 0.473535 0.880775
    outer loop
      vertex 90 20.0154 24.4091
      vertex 89.9058 20.0061 24.4141
      vertex 89.9998 20.0061 24.4141
    endloop
  endfacet
  facet normal 0.00027404 0.47138 0.88193
    outer loop
      vertex 89.9058 20.0061 24.4141
      vertex 90 20.0154 24.4091
      vertex 89.9054 20.0351 24.3986
    endloop
  endfacet
  facet normal -0 0.289177 0.957276
    outer loop
      vertex 0.00284506 20.0061 24.4141
      vertex 0.100776 19.9773 24.4228
      vertex 0.0942293 20.0061 24.4141
    endloop
  endfacet
  facet normal 0.000554097 0.290903 0.956752
    outer loop
      vertex 0.100776 19.9773 24.4228
      vertex 0.00284506 20.0061 24.4141
      vertex 0.0632629 19.9037 24.4452
    endloop
  endfacet
  facet normal -0.000636038 0.29026 0.956948
    outer loop
      vertex 0.00612943 19.8561 24.4596
      vertex 0.0632629 19.9037 24.4452
      vertex 0.00284506 20.0061 24.4141
    endloop
  endfacet
  facet normal 0 0.289561 0.95716
    outer loop
      vertex 0.0632629 19.9037 24.4452
      vertex 0.00612943 19.8561 24.4596
      vertex 0.0360532 19.8561 24.4596
    endloop
  endfacet
  facet normal 0 0.290273 0.956944
    outer loop
      vertex 89.9998 20.0061 24.4141
      vertex 89.971 19.8561 24.4596
      vertex 89.9975 19.8561 24.4596
    endloop
  endfacet
  facet normal -0.000326816 0.29033 0.956926
    outer loop
      vertex 89.9998 20.0061 24.4141
      vertex 89.9073 19.9615 24.4276
      vertex 89.971 19.8561 24.4596
    endloop
  endfacet
  facet normal -0 0.28971 0.957115
    outer loop
      vertex 89.9058 20.0061 24.4141
      vertex 89.9073 19.9615 24.4276
      vertex 89.9998 20.0061 24.4141
    endloop
  endfacet
  facet normal 0.00353227 0.289817 0.957076
    outer loop
      vertex 89.9014 19.987 24.4199
      vertex 89.9073 19.9615 24.4276
      vertex 89.9058 20.0061 24.4141
    endloop
  endfacet
  facet normal -0.00625333 0.287738 0.957689
    outer loop
      vertex 89.9073 19.9615 24.4276
      vertex 89.9014 19.987 24.4199
      vertex 89.8992 19.9773 24.4228
    endloop
  endfacet
  facet normal 0 0.0981069 0.995176
    outer loop
      vertex 0.00723267 19.7009 24.4749
      vertex 0.0360532 19.8561 24.4596
      vertex 0.00612943 19.8561 24.4596
    endloop
  endfacet
  facet normal 0 0.0976302 0.995223
    outer loop
      vertex 89.9969 19.7246 24.4725
      vertex 89.9975 19.8561 24.4596
      vertex 89.971 19.8561 24.4596
    endloop
  endfacet
  facet normal 0 -0.0982538 0.995161
    outer loop
      vertex 0.0613933 1.20737 24.4461
      vertex 0.00723267 1.49907 24.4749
      vertex 0.00515943 1.20737 24.4461
    endloop
  endfacet
  facet normal 0 -0.098033 0.995183
    outer loop
      vertex 89.9982 1.20737 24.4461
      vertex 89.9969 1.47537 24.4725
      vertex 89.9442 1.20737 24.4461
    endloop
  endfacet
  facet normal -0.0140076 -0.304107 0.952535
    outer loop
      vertex 0.00515943 1.20737 24.4461
      vertex 0.108181 1.11179 24.4171
      vertex 0.107928 1.1165 24.4186
    endloop
  endfacet
  facet normal 9.33627e-05 -0.290249 0.956951
    outer loop
      vertex 0.108181 1.11179 24.4171
      vertex 0.00515943 1.20737 24.4461
      vertex 0.103462 1.05508 24.3999
    endloop
  endfacet
  facet normal -0.00201158 -0.287925 0.957651
    outer loop
      vertex 0.103462 1.05508 24.3999
      vertex 0 0.971654 24.3746
      vertex 0.100362 1.01785 24.3887
    endloop
  endfacet
  facet normal -0.000117278 -0.291693 0.956512
    outer loop
      vertex 0.100362 1.01785 24.3887
      vertex 0 0.971654 24.3746
      vertex 0.0878304 0.962437 24.3718
    endloop
  endfacet
  facet normal -0.00157549 -0.291288 0.956634
    outer loop
      vertex 0.00515943 1.20737 24.4461
      vertex 0.107928 1.1165 24.4186
      vertex 0.0632629 1.2041 24.4452
    endloop
  endfacet
  facet normal 0 -0.265362 0.964149
    outer loop
      vertex 0.00515943 1.20737 24.4461
      vertex 0.0632629 1.2041 24.4452
      vertex 0.0613933 1.20737 24.4461
    endloop
  endfacet
  facet normal 5.36926e-05 -0.290272 0.956944
    outer loop
      vertex 0.103462 1.05508 24.3999
      vertex 0.00515943 1.20737 24.4461
      vertex 0 0.971654 24.3746
    endloop
  endfacet
  facet normal 0.000202276 -0.288905 0.957358
    outer loop
      vertex 0.0878304 0.962437 24.3718
      vertex 0 0.971654 24.3746
      vertex 0.0795859 0.92598 24.3608
    endloop
  endfacet
  facet normal 0 -0.289228 0.95726
    outer loop
      vertex 0.0795859 0.92598 24.3608
      vertex 0 0.971654 24.3746
      vertex 0 0.92598 24.3608
    endloop
  endfacet
  facet normal 0.000252954 -0.290265 0.956946
    outer loop
      vertex 89.9073 1.1463 24.4276
      vertex 90 1.08539 24.4091
      vertex 89.9982 1.20737 24.4461
    endloop
  endfacet
  facet normal 0 -0.28992 0.957051
    outer loop
      vertex 89.9073 1.1463 24.4276
      vertex 89.9982 1.20737 24.4461
      vertex 89.9442 1.20737 24.4461
    endloop
  endfacet
  facet normal -0.000258627 -0.290978 0.95673
    outer loop
      vertex 89.8918 1.11179 24.4171
      vertex 90 1.08539 24.4091
      vertex 89.9073 1.1463 24.4276
    endloop
  endfacet
  facet normal 0 -0.29018 0.956972
    outer loop
      vertex 90 0.92598 24.3608
      vertex 89.9079 0.981384 24.3776
      vertex 89.9204 0.92598 24.3608
    endloop
  endfacet
  facet normal 0.000504365 -0.289829 0.957078
    outer loop
      vertex 89.8996 1.01785 24.3887
      vertex 90 1.08539 24.4091
      vertex 89.8949 1.07464 24.4059
    endloop
  endfacet
  facet normal 0.000135247 -0.289974 0.957034
    outer loop
      vertex 90 1.08539 24.4091
      vertex 89.9079 0.981384 24.3776
      vertex 90 0.92598 24.3608
    endloop
  endfacet
  facet normal 0.0013116 -0.290928 0.956744
    outer loop
      vertex 89.9079 0.981384 24.3776
      vertex 90 1.08539 24.4091
      vertex 89.8996 1.01785 24.3887
    endloop
  endfacet
  facet normal 0.0367613 -0.305963 0.951333
    outer loop
      vertex 89.8918 1.11179 24.4171
      vertex 89.9073 1.1463 24.4276
      vertex 89.8921 1.11649 24.4186
    endloop
  endfacet
  facet normal 0.000369576 -0.28862 0.957444
    outer loop
      vertex 90 1.08539 24.4091
      vertex 89.8918 1.11179 24.4171
      vertex 89.8949 1.07464 24.4059
    endloop
  endfacet
  facet normal 0 -0.470955 0.882157
    outer loop
      vertex 0 0.92598 24.3608
      vertex 0.0802392 0.872596 24.3323
      vertex 0.0795859 0.92598 24.3608
    endloop
  endfacet
  facet normal -0.00116789 -0.47232 0.881426
    outer loop
      vertex 0.0802392 0.872596 24.3323
      vertex 0 0.92598 24.3608
      vertex 0.0806794 0.836578 24.313
    endloop
  endfacet
  facet normal -0.000335914 -0.471737 0.881739
    outer loop
      vertex 0.0806794 0.836578 24.313
      vertex 0 0.92598 24.3608
      vertex 0.073199 0.785556 24.2857
    endloop
  endfacet
  facet normal 0.000579185 -0.471366 0.881937
    outer loop
      vertex 0 0.666656 24.2222
      vertex 0.073199 0.785556 24.2857
      vertex 0 0.92598 24.3608
    endloop
  endfacet
  facet normal 0.000575532 -0.471364 0.881938
    outer loop
      vertex 0.073199 0.785556 24.2857
      vertex 0 0.666656 24.2222
      vertex 0.0679866 0.75 24.2667
    endloop
  endfacet
  facet normal -0.00072228 -0.47054 0.882378
    outer loop
      vertex 0.0679866 0.75 24.2667
      vertex 0 0.666656 24.2222
      vertex 0.0524366 0.70108 24.2406
    endloop
  endfacet
  facet normal 0 -0.471397 0.881921
    outer loop
      vertex 0.0524366 0.70108 24.2406
      vertex 0 0.666656 24.2222
      vertex 0.041495 0.666656 24.2222
    endloop
  endfacet
  facet normal -0.000578175 -0.471366 0.881937
    outer loop
      vertex 89.932 0.75 24.2667
      vertex 90 0.666656 24.2222
      vertex 90 0.92598 24.3608
    endloop
  endfacet
  facet normal 0 -0.470532 0.882383
    outer loop
      vertex 90 0.666656 24.2222
      vertex 89.9429 0.715601 24.2483
      vertex 89.9585 0.666656 24.2222
    endloop
  endfacet
  facet normal -0.00170933 -0.472083 0.881552
    outer loop
      vertex 90 0.666656 24.2222
      vertex 89.932 0.75 24.2667
      vertex 89.9429 0.715601 24.2483
    endloop
  endfacet
  facet normal 0.00189855 -0.472109 0.881538
    outer loop
      vertex 90 0.92598 24.3608
      vertex 89.9245 0.801132 24.2941
      vertex 89.932 0.75 24.2667
    endloop
  endfacet
  facet normal 0 -0.472611 0.881271
    outer loop
      vertex 89.92 0.890178 24.3416
      vertex 90 0.92598 24.3608
      vertex 89.9204 0.92598 24.3608
    endloop
  endfacet
  facet normal -0.00107264 -0.470748 0.882267
    outer loop
      vertex 89.9193 0.836578 24.313
      vertex 90 0.92598 24.3608
      vertex 89.92 0.890178 24.3416
    endloop
  endfacet
  facet normal -0.00122609 -0.47064 0.882324
    outer loop
      vertex 90 0.92598 24.3608
      vertex 89.9193 0.836578 24.313
      vertex 89.9245 0.801132 24.2941
    endloop
  endfacet
  facet normal 0 -0.634379 0.773022
    outer loop
      vertex 0 0.666656 24.2222
      vertex 0.040484 0.620473 24.1843
      vertex 0.041495 0.666656 24.2222
    endloop
  endfacet
  facet normal -0.000565978 -0.634676 0.772779
    outer loop
      vertex 0.040484 0.620473 24.1843
      vertex 0 0.666656 24.2222
      vertex 0.0397477 0.586868 24.1567
    endloop
  endfacet
  facet normal 0.00056782 -0.634338 0.773056
    outer loop
      vertex 0.0397477 0.586868 24.1567
      vertex 0 0.666656 24.2222
      vertex 0.0300212 0.543718 24.1213
    endloop
  endfacet
  facet normal -0.0017885 -0.634681 0.772772
    outer loop
      vertex 0.0300212 0.543718 24.1213
      vertex 0 0.666656 24.2222
      vertex 0.0226435 0.510986 24.0944
    endloop
  endfacet
  facet normal 0.000626994 -0.634472 0.772946
    outer loop
      vertex 0.0226435 0.510986 24.0944
      vertex 0 0.666656 24.2222
      vertex 0.00433461 0.470522 24.0612
    endloop
  endfacet
  facet normal -0.00627482 -0.634551 0.772856
    outer loop
      vertex 0.00433461 0.470522 24.0612
      vertex 0 0.666656 24.2222
      vertex 0 0.460943 24.0533
    endloop
  endfacet
  facet normal 0.00709328 -0.634547 0.772852
    outer loop
      vertex 90 0.666656 24.2222
      vertex 89.9914 0.479847 24.0689
      vertex 90 0.460943 24.0533
    endloop
  endfacet
  facet normal -0.00267585 -0.634292 0.773089
    outer loop
      vertex 90 0.666656 24.2222
      vertex 89.9774 0.510986 24.0944
      vertex 89.9914 0.479847 24.0689
    endloop
  endfacet
  facet normal -0.000565636 -0.634477 0.772941
    outer loop
      vertex 90 0.666656 24.2222
      vertex 89.9676 0.554242 24.1299
      vertex 89.9774 0.510986 24.0944
    endloop
  endfacet
  facet normal 0.000541364 -0.634668 0.772785
    outer loop
      vertex 90 0.666656 24.2222
      vertex 89.9603 0.586868 24.1567
      vertex 89.9676 0.554242 24.1299
    endloop
  endfacet
  facet normal 0.000604319 -0.634687 0.772769
    outer loop
      vertex 90 0.666656 24.2222
      vertex 89.9592 0.633256 24.1948
      vertex 89.9603 0.586868 24.1567
    endloop
  endfacet
  facet normal 0 -0.634246 0.773132
    outer loop
      vertex 89.9592 0.633256 24.1948
      vertex 90 0.666656 24.2222
      vertex 89.9585 0.666656 24.2222
    endloop
  endfacet
  facet normal 0.0489255 -0.998802 0
    outer loop
      vertex 89.9983 0.0017395 -5.72205e-07
      vertex 89.9631 1.52588e-05 22.7744
      vertex 89.9631 1.52588e-05 -5.72205e-07
    endloop
  endfacet
  facet normal 0.048848 -0.998806 -1.19991e-07
    outer loop
      vertex 89.9631 1.52588e-05 22.7744
      vertex 89.9983 0.0017395 -5.72205e-07
      vertex 89.9816 0.000920022 22.8174
    endloop
  endfacet
  facet normal 0.0490116 -0.998798 0
    outer loop
      vertex 89.9816 0.000920022 22.8174
      vertex 89.9983 0.0017395 -5.72205e-07
      vertex 89.9983 0.0017395 22.8564
    endloop
  endfacet
  facet normal -0.998798 -0.0490074 0
    outer loop
      vertex 0.00172424 0.0017395 22.8564
      vertex 0 0.0368805 23.1764
      vertex 0 0.0368805 -5.72205e-07
    endloop
  endfacet
  facet normal -0.998798 -0.0490073 -5.13867e-09
    outer loop
      vertex 0.000671816 0.0231885 23.0961
      vertex 0 0.0368805 23.1764
      vertex 0.00172424 0.0017395 22.8564
    endloop
  endfacet
  facet normal -0.998798 -0.0490102 4.83769e-07
    outer loop
      vertex 0 0.0368805 23.1764
      vertex 0.000671816 0.0231885 23.0961
      vertex 0.000395311 0.0288239 23.136
    endloop
  endfacet
  facet normal -0.998798 -0.049009 1.42813e-07
    outer loop
      vertex 0.00133429 0.00968702 22.9854
      vertex 0.000671816 0.0231885 23.0961
      vertex 0.00172424 0.0017395 22.8564
    endloop
  endfacet
  facet normal -0.998799 -0.0490037 -5.07181e-07
    outer loop
      vertex 0.000671816 0.0231885 23.0961
      vertex 0.00133429 0.00968702 22.9854
      vertex 0.00117919 0.0128479 23.0228
    endloop
  endfacet
  facet normal -0.998798 -0.0490091 1.79085e-07
    outer loop
      vertex 0.00133429 0.00968702 22.9854
      vertex 0.00169962 0.00224124 22.8742
      vertex 0.00165162 0.0032196 22.9089
    endloop
  endfacet
  facet normal -0.998798 -0.0490074 -0
    outer loop
      vertex 0.00172424 0.0017395 22.8564
      vertex 0 0.0368805 -5.72205e-07
      vertex 0.00172424 0.0017395 -5.72205e-07
    endloop
  endfacet
  facet normal -0.998799 -0.0490036 -1.878e-07
    outer loop
      vertex 0.00133429 0.00968702 22.9854
      vertex 0.00172424 0.0017395 22.8564
      vertex 0.00169962 0.00224124 22.8742
    endloop
  endfacet
  facet normal -0.0490075 -0.998798 0
    outer loop
      vertex 0.00172424 0.0017395 -5.72205e-07
      vertex 0.0368652 1.52588e-05 22.7744
      vertex 0.00172424 0.0017395 22.8564
    endloop
  endfacet
  facet normal -0.0490075 -0.998798 -0
    outer loop
      vertex 0.0368652 1.52588e-05 22.7744
      vertex 0.00172424 0.0017395 -5.72205e-07
      vertex 0.0368652 1.52588e-05 -5.72205e-07
    endloop
  endfacet
  facet normal 0 -1 -0
    outer loop
      vertex 2.60467 1.52588e-05 21.3175
      vertex 2.39999 1.52588e-05 20.3513
      vertex 2.61442 1.52588e-05 21.3124
    endloop
  endfacet
  facet normal 0 -1 0
    outer loop
      vertex 0.584845 1.52588e-05 22.4487
      vertex 2.39999 1.52588e-05 20.3513
      vertex 2.60467 1.52588e-05 21.3175
    endloop
  endfacet
  facet normal 0 -1 0
    outer loop
      vertex 0.575237 1.52588e-05 22.4541
      vertex 2.39999 1.52588e-05 20.3513
      vertex 0.584845 1.52588e-05 22.4487
    endloop
  endfacet
  facet normal 0 -1 0
    outer loop
      vertex 0.0368652 1.52588e-05 22.7744
      vertex 2.39999 1.52588e-05 20.3513
      vertex 0.575237 1.52588e-05 22.4541
    endloop
  endfacet
  facet normal 0 -1 0
    outer loop
      vertex 0.0368652 1.52588e-05 -5.72205e-07
      vertex 2.39999 1.52588e-05 20.3513
      vertex 0.0368652 1.52588e-05 22.7744
    endloop
  endfacet
  facet normal 0 -1 -0
    outer loop
      vertex 2.39999 1.52588e-05 20.3513
      vertex 0.0368652 1.52588e-05 -5.72205e-07
      vertex 2.39999 1.52588e-05 -5.72205e-07
    endloop
  endfacet
  facet normal 0 -1 0
    outer loop
      vertex 2.39999 1.52588e-05 20.3513
      vertex 4.66316 1.52588e-05 20.2345
      vertex 2.61442 1.52588e-05 21.3124
    endloop
  endfacet
  facet normal 0 -1 0
    outer loop
      vertex 4.23165 1.52588e-05 19.3876
      vertex 4.66316 1.52588e-05 20.2345
      vertex 2.39999 1.52588e-05 20.3513
    endloop
  endfacet
  facet normal 0 -1 -0
    outer loop
      vertex 4.66316 1.52588e-05 20.2345
      vertex 4.23165 1.52588e-05 19.3876
      vertex 4.67303 1.52588e-05 20.2296
    endloop
  endfacet
  facet normal 0 -1 0
    outer loop
      vertex 6.3401 1.52588e-05 18.3478
      vertex 4.67303 1.52588e-05 20.2296
      vertex 4.23165 1.52588e-05 19.3876
    endloop
  endfacet
  facet normal 0 -1 0
    outer loop
      vertex 4.67303 1.52588e-05 20.2296
      vertex 6.3401 1.52588e-05 18.3478
      vertex 6.74929 1.52588e-05 19.2057
    endloop
  endfacet
  facet normal 0 -1 -0
    outer loop
      vertex 6.74929 1.52588e-05 19.2057
      vertex 6.3401 1.52588e-05 18.3478
      vertex 6.75929 1.52588e-05 19.2011
    endloop
  endfacet
  facet normal 0 -1 0
    outer loop
      vertex 8.47504 1.52588e-05 17.3636
      vertex 6.75929 1.52588e-05 19.2011
      vertex 6.3401 1.52588e-05 18.3478
    endloop
  endfacet
  facet normal 0 -1 0
    outer loop
      vertex 6.75929 1.52588e-05 19.2011
      vertex 8.47504 1.52588e-05 17.3636
      vertex 8.86164 1.52588e-05 18.2319
    endloop
  endfacet
  facet normal 0 -1 0
    outer loop
      vertex 8.47505 1.52588e-05 17.3636
      vertex 8.86164 1.52588e-05 18.2319
      vertex 8.47504 1.52588e-05 17.3636
    endloop
  endfacet
  facet normal 0 -1 -0
    outer loop
      vertex 8.86164 1.52588e-05 18.2319
      vertex 8.47505 1.52588e-05 17.3636
      vertex 8.87176 1.52588e-05 18.2276
    endloop
  endfacet
  facet normal 0 -1 0
    outer loop
      vertex 10.635 1.52588e-05 16.4356
      vertex 8.87176 1.52588e-05 18.2276
      vertex 8.47505 1.52588e-05 17.3636
    endloop
  endfacet
  facet normal 0 -1 0
    outer loop
      vertex 8.87176 1.52588e-05 18.2276
      vertex 10.635 1.52588e-05 16.4356
      vertex 10.9988 1.52588e-05 17.3137
    endloop
  endfacet
  facet normal 0 -1 -0
    outer loop
      vertex 10.9988 1.52588e-05 17.3137
      vertex 10.635 1.52588e-05 16.4356
      vertex 11.009 1.52588e-05 17.3097
    endloop
  endfacet
  facet normal 0 -1 0
    outer loop
      vertex 12.8186 1.52588e-05 15.5645
      vertex 11.009 1.52588e-05 17.3097
      vertex 10.635 1.52588e-05 16.4356
    endloop
  endfacet
  facet normal 0 -1 0
    outer loop
      vertex 11.009 1.52588e-05 17.3097
      vertex 12.8186 1.52588e-05 15.5645
      vertex 13.1592 1.52588e-05 16.4518
    endloop
  endfacet
  facet normal 0 -1 -0
    outer loop
      vertex 13.1592 1.52588e-05 16.4518
      vertex 12.8186 1.52588e-05 15.5645
      vertex 13.1695 1.52588e-05 16.448
    endloop
  endfacet
  facet normal 0 -1 0
    outer loop
      vertex 15.0241 1.52588e-05 14.7508
      vertex 13.1695 1.52588e-05 16.448
      vertex 12.8186 1.52588e-05 15.5645
    endloop
  endfacet
  facet normal 0 -1 0
    outer loop
      vertex 13.1695 1.52588e-05 16.448
      vertex 15.0241 1.52588e-05 14.7508
      vertex 15.3414 1.52588e-05 15.6468
    endloop
  endfacet
  facet normal 0 -1 -0
    outer loop
      vertex 15.3414 1.52588e-05 15.6468
      vertex 15.0241 1.52588e-05 14.7508
      vertex 15.3518 1.52588e-05 15.6432
    endloop
  endfacet
  facet normal 0 -1 0
    outer loop
      vertex 17.2503 1.52588e-05 13.9951
      vertex 15.3518 1.52588e-05 15.6432
      vertex 15.0241 1.52588e-05 14.7508
    endloop
  endfacet
  facet normal 0 -1 0
    outer loop
      vertex 15.3518 1.52588e-05 15.6432
      vertex 17.2503 1.52588e-05 13.9951
      vertex 17.544 1.52588e-05 14.8991
    endloop
  endfacet
  facet normal 0 -1 -0
    outer loop
      vertex 17.544 1.52588e-05 14.8991
      vertex 17.2503 1.52588e-05 13.9951
      vertex 17.5545 1.52588e-05 14.8958
    endloop
  endfacet
  facet normal 0 -1 0
    outer loop
      vertex 19.4954 1.52588e-05 13.298
      vertex 17.5545 1.52588e-05 14.8958
      vertex 17.2503 1.52588e-05 13.9951
    endloop
  endfacet
  facet normal 0 -1 0
    outer loop
      vertex 17.5545 1.52588e-05 14.8958
      vertex 19.4954 1.52588e-05 13.298
      vertex 19.7654 1.52588e-05 14.2093
    endloop
  endfacet
  facet normal 0 -1 -0
    outer loop
      vertex 19.7654 1.52588e-05 14.2093
      vertex 19.4954 1.52588e-05 13.298
      vertex 19.776 1.52588e-05 14.2063
    endloop
  endfacet
  facet normal 0 -1 0
    outer loop
      vertex 21.758 1.52588e-05 12.6599
      vertex 19.776 1.52588e-05 14.2063
      vertex 19.4954 1.52588e-05 13.298
    endloop
  endfacet
  facet normal 0 -1 0
    outer loop
      vertex 19.776 1.52588e-05 14.2063
      vertex 21.758 1.52588e-05 12.6599
      vertex 22.0041 1.52588e-05 13.5779
    endloop
  endfacet
  facet normal 0 -1 -0
    outer loop
      vertex 22.0041 1.52588e-05 13.5779
      vertex 21.758 1.52588e-05 12.6599
      vertex 22.0147 1.52588e-05 13.5752
    endloop
  endfacet
  facet normal 0 -1 0
    outer loop
      vertex 24.0366 1.52588e-05 12.0812
      vertex 22.0147 1.52588e-05 13.5752
      vertex 21.758 1.52588e-05 12.6599
    endloop
  endfacet
  facet normal 0 -1 0
    outer loop
      vertex 22.0147 1.52588e-05 13.5752
      vertex 24.0366 1.52588e-05 12.0812
      vertex 24.2585 1.52588e-05 13.0054
    endloop
  endfacet
  facet normal 0 -1 -0
    outer loop
      vertex 24.2585 1.52588e-05 13.0054
      vertex 24.0366 1.52588e-05 12.0812
      vertex 24.2692 1.52588e-05 13.003
    endloop
  endfacet
  facet normal 0 -1 0
    outer loop
      vertex 26.3295 1.52588e-05 11.5623
      vertex 24.2692 1.52588e-05 13.003
      vertex 24.0366 1.52588e-05 12.0812
    endloop
  endfacet
  facet normal 0 -1 0
    outer loop
      vertex 24.2692 1.52588e-05 13.003
      vertex 26.3295 1.52588e-05 11.5623
      vertex 26.5271 1.52588e-05 12.492
    endloop
  endfacet
  facet normal 0 -1 -0
    outer loop
      vertex 26.5271 1.52588e-05 12.492
      vertex 26.3295 1.52588e-05 11.5623
      vertex 26.5379 1.52588e-05 12.4899
    endloop
  endfacet
  facet normal 0 -1 0
    outer loop
      vertex 28.6352 1.52588e-05 11.1037
      vertex 26.5379 1.52588e-05 12.4899
      vertex 26.3295 1.52588e-05 11.5623
    endloop
  endfacet
  facet normal 0 -1 0
    outer loop
      vertex 26.5379 1.52588e-05 12.4899
      vertex 28.6352 1.52588e-05 11.1037
      vertex 28.8085 1.52588e-05 12.0383
    endloop
  endfacet
  facet normal 0 -1 0
    outer loop
      vertex 30.9522 1.52588e-05 10.7056
      vertex 28.8193 1.52588e-05 12.0364
      vertex 28.6352 1.52588e-05 11.1037
    endloop
  endfacet
  facet normal 0 -1 0
    outer loop
      vertex 28.8193 1.52588e-05 12.0364
      vertex 30.9522 1.52588e-05 10.7056
      vertex 31.1009 1.52588e-05 11.6444
    endloop
  endfacet
  facet normal 0 -1 -0
    outer loop
      vertex 28.8085 1.52588e-05 12.0383
      vertex 28.6352 1.52588e-05 11.1037
      vertex 28.8193 1.52588e-05 12.0364
    endloop
  endfacet
  facet normal 0 -1 -0
    outer loop
      vertex 31.1009 1.52588e-05 11.6444
      vertex 30.9522 1.52588e-05 10.7056
      vertex 31.1118 1.52588e-05 11.6428
    endloop
  endfacet
  facet normal 0 -1 0
    outer loop
      vertex 33.2787 1.52588e-05 10.3682
      vertex 31.1118 1.52588e-05 11.6428
      vertex 30.9522 1.52588e-05 10.7056
    endloop
  endfacet
  facet normal 0 -1 -0
    outer loop
      vertex 33.4028 1.52588e-05 11.3106
      vertex 33.2787 1.52588e-05 10.3682
      vertex 33.4137 1.52588e-05 11.3093
    endloop
  endfacet
  facet normal 0 -1 0
    outer loop
      vertex 35.6133 1.52588e-05 10.0919
      vertex 33.4137 1.52588e-05 11.3093
      vertex 33.2787 1.52588e-05 10.3682
    endloop
  endfacet
  facet normal 0 -1 0
    outer loop
      vertex 31.1118 1.52588e-05 11.6428
      vertex 33.2787 1.52588e-05 10.3682
      vertex 33.4028 1.52588e-05 11.3106
    endloop
  endfacet
  facet normal 0 -1 -0
    outer loop
      vertex 35.7127 1.52588e-05 11.0372
      vertex 35.6133 1.52588e-05 10.0919
      vertex 35.7237 1.52588e-05 11.0362
    endloop
  endfacet
  facet normal 0 -1 0
    outer loop
      vertex 37.9544 1.52588e-05 9.87681
      vertex 35.7237 1.52588e-05 11.0362
      vertex 35.6133 1.52588e-05 10.0919
    endloop
  endfacet
  facet normal 0 -1 -0
    outer loop
      vertex 38.0289 1.52588e-05 10.8244
      vertex 37.9544 1.52588e-05 9.87681
      vertex 38.0399 1.52588e-05 10.8236
    endloop
  endfacet
  facet normal 0 -1 0
    outer loop
      vertex 40.3002 1.52588e-05 9.72306
      vertex 38.0399 1.52588e-05 10.8236
      vertex 37.9544 1.52588e-05 9.87681
    endloop
  endfacet
  facet normal 0 -1 0
    outer loop
      vertex 33.4137 1.52588e-05 11.3093
      vertex 35.6133 1.52588e-05 10.0919
      vertex 35.7127 1.52588e-05 11.0372
    endloop
  endfacet
  facet normal 0 -1 0
    outer loop
      vertex 85.3466 1.52588e-05 20.2396
      vertex 87.6 1.52588e-05 20.3513
      vertex 87.3953 1.52588e-05 21.3175
    endloop
  endfacet
  facet normal 0 -1 0
    outer loop
      vertex 85.7683 1.52588e-05 19.3876
      vertex 85.3466 1.52588e-05 20.2396
      vertex 85.3368 1.52588e-05 20.2345
    endloop
  endfacet
  facet normal 0 -1 0
    outer loop
      vertex 85.3466 1.52588e-05 20.2396
      vertex 85.7683 1.52588e-05 19.3876
      vertex 87.6 1.52588e-05 20.3513
    endloop
  endfacet
  facet normal 0 -1 0
    outer loop
      vertex 83.2606 1.52588e-05 19.2106
      vertex 85.7683 1.52588e-05 19.3876
      vertex 85.3368 1.52588e-05 20.2345
    endloop
  endfacet
  facet normal 0 -1 0
    outer loop
      vertex 83.6599 1.52588e-05 18.3478
      vertex 83.2606 1.52588e-05 19.2106
      vertex 83.2507 1.52588e-05 19.2057
    endloop
  endfacet
  facet normal 0 -1 0
    outer loop
      vertex 83.2606 1.52588e-05 19.2106
      vertex 83.6599 1.52588e-05 18.3478
      vertex 85.7683 1.52588e-05 19.3876
    endloop
  endfacet
  facet normal 0 -1 0
    outer loop
      vertex 81.1484 1.52588e-05 18.2365
      vertex 83.6599 1.52588e-05 18.3478
      vertex 83.2507 1.52588e-05 19.2057
    endloop
  endfacet
  facet normal 0 -1 0
    outer loop
      vertex 81.5249 1.52588e-05 17.3636
      vertex 81.1484 1.52588e-05 18.2365
      vertex 81.1384 1.52588e-05 18.2319
    endloop
  endfacet
  facet normal 0 -1 0
    outer loop
      vertex 81.1484 1.52588e-05 18.2365
      vertex 81.525 1.52588e-05 17.3636
      vertex 83.6599 1.52588e-05 18.3478
    endloop
  endfacet
  facet normal 0 -1 0
    outer loop
      vertex 81.1484 1.52588e-05 18.2365
      vertex 81.5249 1.52588e-05 17.3636
      vertex 81.525 1.52588e-05 17.3636
    endloop
  endfacet
  facet normal 0 -1 0
    outer loop
      vertex 79.0114 1.52588e-05 17.3181
      vertex 81.5249 1.52588e-05 17.3636
      vertex 81.1384 1.52588e-05 18.2319
    endloop
  endfacet
  facet normal 0 -1 0
    outer loop
      vertex 79.365 1.52588e-05 16.4356
      vertex 79.0114 1.52588e-05 17.3181
      vertex 79.0012 1.52588e-05 17.3137
    endloop
  endfacet
  facet normal 0 -1 0
    outer loop
      vertex 79.365 1.52588e-05 16.4356
      vertex 79.0012 1.52588e-05 17.3137
      vertex 76.8511 1.52588e-05 16.4559
    endloop
  endfacet
  facet normal 0 -1 0
    outer loop
      vertex 77.1814 1.52588e-05 15.5645
      vertex 76.8511 1.52588e-05 16.4559
      vertex 76.8408 1.52588e-05 16.4518
    endloop
  endfacet
  facet normal 0 -1 0
    outer loop
      vertex 79.0114 1.52588e-05 17.3181
      vertex 79.365 1.52588e-05 16.4356
      vertex 81.5249 1.52588e-05 17.3636
    endloop
  endfacet
  facet normal 0 -1 0
    outer loop
      vertex 77.1814 1.52588e-05 15.5645
      vertex 76.8408 1.52588e-05 16.4518
      vertex 74.6689 1.52588e-05 15.6506
    endloop
  endfacet
  facet normal 0 -1 0
    outer loop
      vertex 74.9759 1.52588e-05 14.7508
      vertex 74.6689 1.52588e-05 15.6506
      vertex 74.6586 1.52588e-05 15.6468
    endloop
  endfacet
  facet normal 0 -1 0
    outer loop
      vertex 76.8511 1.52588e-05 16.4559
      vertex 77.1814 1.52588e-05 15.5645
      vertex 79.365 1.52588e-05 16.4356
    endloop
  endfacet
  facet normal 0 -1 0
    outer loop
      vertex 74.6689 1.52588e-05 15.6506
      vertex 74.9759 1.52588e-05 14.7508
      vertex 77.1814 1.52588e-05 15.5645
    endloop
  endfacet
  facet normal 0 -1 0
    outer loop
      vertex 74.9759 1.52588e-05 14.7508
      vertex 74.6586 1.52588e-05 15.6468
      vertex 72.4664 1.52588e-05 14.9026
    endloop
  endfacet
  facet normal 0 -1 0
    outer loop
      vertex 72.7497 1.52588e-05 13.9951
      vertex 72.4664 1.52588e-05 14.9026
      vertex 72.456 1.52588e-05 14.8991
    endloop
  endfacet
  facet normal 0 -1 0
    outer loop
      vertex 72.7497 1.52588e-05 13.9951
      vertex 72.456 1.52588e-05 14.8991
      vertex 70.2451 1.52588e-05 14.2126
    endloop
  endfacet
  facet normal 0 -1 0
    outer loop
      vertex 70.5046 1.52588e-05 13.298
      vertex 70.2451 1.52588e-05 14.2126
      vertex 70.2346 1.52588e-05 14.2093
    endloop
  endfacet
  facet normal 0 -1 0
    outer loop
      vertex 72.4664 1.52588e-05 14.9026
      vertex 72.7497 1.52588e-05 13.9951
      vertex 74.9759 1.52588e-05 14.7508
    endloop
  endfacet
  facet normal 0 -1 0
    outer loop
      vertex 70.2451 1.52588e-05 14.2126
      vertex 70.5046 1.52588e-05 13.298
      vertex 72.7497 1.52588e-05 13.9951
    endloop
  endfacet
  facet normal 0 -1 0
    outer loop
      vertex 70.5046 1.52588e-05 13.298
      vertex 70.2346 1.52588e-05 14.2093
      vertex 68.0065 1.52588e-05 13.5809
    endloop
  endfacet
  facet normal 0 -1 0
    outer loop
      vertex 68.242 1.52588e-05 12.6599
      vertex 68.0065 1.52588e-05 13.5809
      vertex 67.9959 1.52588e-05 13.5779
    endloop
  endfacet
  facet normal 0 -1 0
    outer loop
      vertex 68.242 1.52588e-05 12.6599
      vertex 67.9959 1.52588e-05 13.5779
      vertex 65.7522 1.52588e-05 13.0081
    endloop
  endfacet
  facet normal 0 -1 0
    outer loop
      vertex 65.9634 1.52588e-05 12.0812
      vertex 65.7522 1.52588e-05 13.0081
      vertex 65.7415 1.52588e-05 13.0054
    endloop
  endfacet
  facet normal 0 -1 0
    outer loop
      vertex 68.0065 1.52588e-05 13.5809
      vertex 68.242 1.52588e-05 12.6599
      vertex 70.5046 1.52588e-05 13.298
    endloop
  endfacet
  facet normal 0 -1 0
    outer loop
      vertex 65.9634 1.52588e-05 12.0812
      vertex 65.7415 1.52588e-05 13.0054
      vertex 63.4836 1.52588e-05 12.4945
    endloop
  endfacet
  facet normal 0 -1 0
    outer loop
      vertex 63.6705 1.52588e-05 11.5623
      vertex 63.4836 1.52588e-05 12.4945
      vertex 63.4729 1.52588e-05 12.492
    endloop
  endfacet
  facet normal 0 -1 0
    outer loop
      vertex 65.7522 1.52588e-05 13.0081
      vertex 65.9634 1.52588e-05 12.0812
      vertex 68.242 1.52588e-05 12.6599
    endloop
  endfacet
  facet normal 0 -1 0
    outer loop
      vertex 63.6705 1.52588e-05 11.5623
      vertex 63.4729 1.52588e-05 12.492
      vertex 61.2023 1.52588e-05 12.0404
    endloop
  endfacet
  facet normal 0 -1 0
    outer loop
      vertex 61.3647 1.52588e-05 11.1037
      vertex 61.2023 1.52588e-05 12.0404
      vertex 61.1915 1.52588e-05 12.0383
    endloop
  endfacet
  facet normal 0 -1 0
    outer loop
      vertex 61.3647 1.52588e-05 11.1037
      vertex 61.1915 1.52588e-05 12.0383
      vertex 58.91 1.52588e-05 11.6462
    endloop
  endfacet
  facet normal 0 -1 0
    outer loop
      vertex 59.0478 1.52588e-05 10.7056
      vertex 58.91 1.52588e-05 11.6462
      vertex 58.8991 1.52588e-05 11.6444
    endloop
  endfacet
  facet normal 0 -1 0
    outer loop
      vertex 63.4836 1.52588e-05 12.4945
      vertex 63.6705 1.52588e-05 11.5623
      vertex 65.9634 1.52588e-05 12.0812
    endloop
  endfacet
  facet normal 0 -1 0
    outer loop
      vertex 59.0478 1.52588e-05 10.7056
      vertex 58.8991 1.52588e-05 11.6444
      vertex 56.6081 1.52588e-05 11.3122
    endloop
  endfacet
  facet normal 0 -1 0
    outer loop
      vertex 56.7213 1.52588e-05 10.3682
      vertex 56.6081 1.52588e-05 11.3122
      vertex 56.5972 1.52588e-05 11.3106
    endloop
  endfacet
  facet normal 0 -1 0
    outer loop
      vertex 61.2023 1.52588e-05 12.0404
      vertex 61.3647 1.52588e-05 11.1037
      vertex 63.6705 1.52588e-05 11.5623
    endloop
  endfacet
  facet normal 0 -1 0
    outer loop
      vertex 58.91 1.52588e-05 11.6462
      vertex 59.0478 1.52588e-05 10.7056
      vertex 61.3647 1.52588e-05 11.1037
    endloop
  endfacet
  facet normal 0 -1 0
    outer loop
      vertex 56.7212 1.52588e-05 10.3682
      vertex 56.5972 1.52588e-05 11.3106
      vertex 54.2982 1.52588e-05 11.0385
    endloop
  endfacet
  facet normal 0 -1 0
    outer loop
      vertex 54.3867 1.52588e-05 10.0919
      vertex 54.2982 1.52588e-05 11.0385
      vertex 54.2873 1.52588e-05 11.0372
    endloop
  endfacet
  facet normal 0 -1 0
    outer loop
      vertex 54.3867 1.52588e-05 10.0919
      vertex 54.2873 1.52588e-05 11.0372
      vertex 51.982 1.52588e-05 10.8254
    endloop
  endfacet
  facet normal 0 -1 0
    outer loop
      vertex 52.0456 1.52588e-05 9.87681
      vertex 51.982 1.52588e-05 10.8254
      vertex 51.9711 1.52588e-05 10.8244
    endloop
  endfacet
  facet normal 0 -1 0
    outer loop
      vertex 56.6081 1.52588e-05 11.3122
      vertex 56.7213 1.52588e-05 10.3682
      vertex 59.0478 1.52588e-05 10.7056
    endloop
  endfacet
  facet normal 0 -1 0
    outer loop
      vertex 52.0456 1.52588e-05 9.87681
      vertex 51.9711 1.52588e-05 10.8244
      vertex 49.661 1.52588e-05 10.673
    endloop
  endfacet
  facet normal 0 -1 0
    outer loop
      vertex 49.6998 1.52588e-05 9.72306
      vertex 49.661 1.52588e-05 10.673
      vertex 49.65 1.52588e-05 10.6722
    endloop
  endfacet
  facet normal 0 -1 0
    outer loop
      vertex 49.6998 1.52588e-05 9.72306
      vertex 49.65 1.52588e-05 10.6722
      vertex 47.3368 1.52588e-05 10.5814
    endloop
  endfacet
  facet normal 0 -1 0
    outer loop
      vertex 47.3507 1.52588e-05 9.63076
      vertex 47.3368 1.52588e-05 10.5814
      vertex 47.3258 1.52588e-05 10.5809
    endloop
  endfacet
  facet normal 0 -1 0
    outer loop
      vertex 47.3507 1.52588e-05 9.63076
      vertex 47.3258 1.52588e-05 10.5809
      vertex 45.011 1.52588e-05 10.5506
    endloop
  endfacet
  facet normal 0 -1 0
    outer loop
      vertex 45 1.52588e-05 9.59999
      vertex 45.011 1.52588e-05 10.5506
      vertex 45 1.52588e-05 10.5505
    endloop
  endfacet
  facet normal 0 -1 -0
    outer loop
      vertex 40.35 1.52588e-05 10.6722
      vertex 40.3002 1.52588e-05 9.72306
      vertex 40.361 1.52588e-05 10.6718
    endloop
  endfacet
  facet normal 0 -1 0
    outer loop
      vertex 42.6493 1.52588e-05 9.63076
      vertex 40.361 1.52588e-05 10.6718
      vertex 40.3002 1.52588e-05 9.72306
    endloop
  endfacet
  facet normal 0 -1 0
    outer loop
      vertex 40.361 1.52588e-05 10.6718
      vertex 42.6493 1.52588e-05 9.63076
      vertex 42.6742 1.52588e-05 10.5809
    endloop
  endfacet
  facet normal 0 -1 0
    outer loop
      vertex 35.7237 1.52588e-05 11.0362
      vertex 37.9544 1.52588e-05 9.87681
      vertex 38.0289 1.52588e-05 10.8244
    endloop
  endfacet
  facet normal 0 -1 0
    outer loop
      vertex 54.2982 1.52588e-05 11.0385
      vertex 54.3867 1.52588e-05 10.0919
      vertex 56.7212 1.52588e-05 10.3682
    endloop
  endfacet
  facet normal 0 -1 0
    outer loop
      vertex 56.5972 1.52588e-05 11.3106
      vertex 56.7212 1.52588e-05 10.3682
      vertex 56.7213 1.52588e-05 10.3682
    endloop
  endfacet
  facet normal 0 -1 0
    outer loop
      vertex 38.0399 1.52588e-05 10.8236
      vertex 40.3002 1.52588e-05 9.72306
      vertex 40.35 1.52588e-05 10.6722
    endloop
  endfacet
  facet normal 0 -1 0
    outer loop
      vertex 51.982 1.52588e-05 10.8254
      vertex 52.0456 1.52588e-05 9.87681
      vertex 54.3867 1.52588e-05 10.0919
    endloop
  endfacet
  facet normal 0 -1 -0
    outer loop
      vertex 42.6742 1.52588e-05 10.5809
      vertex 42.6493 1.52588e-05 9.63076
      vertex 42.6852 1.52588e-05 10.5808
    endloop
  endfacet
  facet normal 0 -1 0
    outer loop
      vertex 49.661 1.52588e-05 10.673
      vertex 49.6998 1.52588e-05 9.72306
      vertex 52.0456 1.52588e-05 9.87681
    endloop
  endfacet
  facet normal 0 -1 0
    outer loop
      vertex 42.6852 1.52588e-05 10.5808
      vertex 45 1.52588e-05 9.59999
      vertex 45 1.52588e-05 10.5505
    endloop
  endfacet
  facet normal 0 -1 0
    outer loop
      vertex 45 1.52588e-05 9.59999
      vertex 42.6852 1.52588e-05 10.5808
      vertex 42.6493 1.52588e-05 9.63076
    endloop
  endfacet
  facet normal 0 -1 0
    outer loop
      vertex 47.3368 1.52588e-05 10.5814
      vertex 47.3507 1.52588e-05 9.63076
      vertex 49.6998 1.52588e-05 9.72306
    endloop
  endfacet
  facet normal 0 -1 0
    outer loop
      vertex 87.6 1.52588e-05 20.3513
      vertex 89.4342 1.52588e-05 22.4597
      vertex 89.4248 1.52588e-05 22.4541
    endloop
  endfacet
  facet normal 0 -1 0
    outer loop
      vertex 87.6 1.52588e-05 20.3513
      vertex 87.4049 1.52588e-05 21.3229
      vertex 87.3953 1.52588e-05 21.3175
    endloop
  endfacet
  facet normal 0 -1 0
    outer loop
      vertex 87.4049 1.52588e-05 21.3229
      vertex 87.6 1.52588e-05 20.3513
      vertex 89.4248 1.52588e-05 22.4541
    endloop
  endfacet
  facet normal 0 -1 -0
    outer loop
      vertex 89.4342 1.52588e-05 22.4597
      vertex 87.6 1.52588e-05 20.3513
      vertex 89.9631 1.52588e-05 22.7744
    endloop
  endfacet
  facet normal 0 -1 0
    outer loop
      vertex 89.9631 1.52588e-05 -5.72205e-07
      vertex 87.6 1.52588e-05 20.3513
      vertex 87.6 1.52588e-05 -5.72205e-07
    endloop
  endfacet
  facet normal 0 -1 0
    outer loop
      vertex 87.6 1.52588e-05 20.3513
      vertex 89.9631 1.52588e-05 -5.72205e-07
      vertex 89.9631 1.52588e-05 22.7744
    endloop
  endfacet
  facet normal 0 -1 -0
    outer loop
      vertex 45.011 1.52588e-05 10.5506
      vertex 45 1.52588e-05 9.59999
      vertex 47.3507 1.52588e-05 9.63076
    endloop
  endfacet
  facet normal 0.998542 -0.0539652 0.000875219
    outer loop
      vertex 89.9991 0.0183704 23.0619
      vertex 90 0.0368805 23.1764
      vertex 89.9996 0.0288239 23.136
    endloop
  endfacet
  facet normal 0.998795 -0.049083 8.39853e-05
    outer loop
      vertex 90 0.0368805 23.1764
      vertex 89.9991 0.0183704 23.0619
      vertex 89.9983 0.0017395 22.8564
    endloop
  endfacet
  facet normal 0.99776 -0.0668752 0.00179004
    outer loop
      vertex 89.9985 0.00630023 22.9454
      vertex 89.9991 0.0183704 23.0619
      vertex 89.9988 0.0128479 23.0228
    endloop
  endfacet
  facet normal 0.998467 -0.0553559 0.000592923
    outer loop
      vertex 89.9991 0.0183704 23.0619
      vertex 89.9985 0.00630023 22.9454
      vertex 89.9983 0.0017395 22.8564
    endloop
  endfacet
  facet normal 0.999889 -0.0148531 -0.0014858
    outer loop
      vertex 89.9983 0.0017395 22.8564
      vertex 89.9985 0.00630023 22.9454
      vertex 89.9984 0.0032196 22.9089
    endloop
  endfacet
  facet normal 0.998832 -0.04832 0
    outer loop
      vertex 90 0.0368805 23.1764
      vertex 89.9983 0.0017395 22.8564
      vertex 90 0.0368805 -5.72205e-07
    endloop
  endfacet
  facet normal 0.998832 -0.04832 0
    outer loop
      vertex 90 0.0368805 -5.72205e-07
      vertex 89.9983 0.0017395 22.8564
      vertex 89.9983 0.0017395 -5.72205e-07
    endloop
  endfacet
  facet normal 0.999626 -0.00734007 0.0263325
    outer loop
      vertex 89.9975 19.8561 24.4596
      vertex 90 20.0154 24.4091
      vertex 89.9998 20.0061 24.4141
    endloop
  endfacet
  facet normal 0.99871 0.000424679 0.0507807
    outer loop
      vertex 89.9969 19.7246 24.4725
      vertex 90 20.0154 24.4091
      vertex 89.9975 19.8561 24.4596
    endloop
  endfacet
  facet normal 0.998807 -0 0.0488376
    outer loop
      vertex 89.9969 1.47537 24.4725
      vertex 90 20.0154 24.4091
      vertex 89.9969 19.7246 24.4725
    endloop
  endfacet
  facet normal 0.998833 8.65213e-05 0.0483066
    outer loop
      vertex 90 1.08539 24.4091
      vertex 89.9969 1.47537 24.4725
      vertex 89.9982 1.20737 24.4461
    endloop
  endfacet
  facet normal 0.998807 0 0.0488376
    outer loop
      vertex 89.9969 1.47537 24.4725
      vertex 90 1.08539 24.4091
      vertex 90 20.0154 24.4091
    endloop
  endfacet
  facet normal -0.450372 -0.00111789 0.89284
    outer loop
      vertex 89.9073 19.9615 24.4276
      vertex 89.9969 19.7246 24.4725
      vertex 89.971 19.8561 24.4596
    endloop
  endfacet
  facet normal -0.448012 0 0.894028
    outer loop
      vertex 89.9969 19.7246 24.4725
      vertex 89.9073 19.9615 24.4276
      vertex 89.9969 1.47537 24.4725
    endloop
  endfacet
  facet normal -0.448012 0 0.894028
    outer loop
      vertex 89.9073 1.1463 24.4276
      vertex 89.9969 1.47537 24.4725
      vertex 89.9073 19.9615 24.4276
    endloop
  endfacet
  facet normal -0.448322 0.000105858 0.893872
    outer loop
      vertex 89.9969 1.47537 24.4725
      vertex 89.9073 1.1463 24.4276
      vertex 89.9442 1.20737 24.4461
    endloop
  endfacet
  facet normal -0.511364 -0.00108253 0.859364
    outer loop
      vertex 89.5073 19.9773 24.1896
      vertex 89.9073 19.9615 24.4276
      vertex 89.8992 19.9773 24.4228
    endloop
  endfacet
  facet normal -0.511333 0 0.859383
    outer loop
      vertex 89.9073 19.9615 24.4276
      vertex 89.5073 19.9773 24.1896
      vertex 89.9073 1.1463 24.4276
    endloop
  endfacet
  facet normal -0.511262 2.0276e-06 0.859425
    outer loop
      vertex 88.796 1.11645 23.7665
      vertex 89.9073 1.1463 24.4276
      vertex 89.5073 19.9773 24.1896
    endloop
  endfacet
  facet normal -0.511286 0.00123674 0.85941
    outer loop
      vertex 89.9073 1.1463 24.4276
      vertex 88.796 1.11645 23.7665
      vertex 89.8921 1.11649 24.4186
    endloop
  endfacet
  facet normal -0.511288 3.36381e-06 0.859409
    outer loop
      vertex 88.7341 19.9773 23.7296
      vertex 88.796 1.11645 23.7665
      vertex 89.5073 19.9773 24.1896
    endloop
  endfacet
  facet normal -0.512045 0 0.858959
    outer loop
      vertex 88.796 1.11645 23.7665
      vertex 88.7341 19.9773 23.7296
      vertex 88.7341 1.11645 23.7296
    endloop
  endfacet
  facet normal -0.499941 0 0.866059
    outer loop
      vertex 88.6998 1.11867 23.7098
      vertex 88.7341 19.9773 23.7296
      vertex 88.6998 19.9759 23.7098
    endloop
  endfacet
  facet normal -0.499941 0 0.866059
    outer loop
      vertex 88.7341 19.9773 23.7296
      vertex 88.6998 1.11867 23.7098
      vertex 88.7341 1.11645 23.7296
    endloop
  endfacet
  facet normal -0.498906 0 0.866656
    outer loop
      vertex 88.6661 19.9773 23.6904
      vertex 88.6998 1.11867 23.7098
      vertex 88.6998 19.9759 23.7098
    endloop
  endfacet
  facet normal -0.498906 0 0.866656
    outer loop
      vertex 88.6998 1.11867 23.7098
      vertex 88.6661 19.9773 23.6904
      vertex 88.6661 1.11648 23.6904
    endloop
  endfacet
  facet normal -0.488608 0 0.872503
    outer loop
      vertex 87.5229 19.9773 23.0502
      vertex 88.6661 1.11648 23.6904
      vertex 88.6661 19.9773 23.6904
    endloop
  endfacet
  facet normal -0.48864 -2.58035e-06 0.872485
    outer loop
      vertex 87.5229 19.9773 23.0502
      vertex 86.802 1.11649 22.6464
      vertex 88.6661 1.11648 23.6904
    endloop
  endfacet
  facet normal -0.488641 -2.57192e-06 0.872485
    outer loop
      vertex 86.7378 19.9773 22.6105
      vertex 86.802 1.11649 22.6464
      vertex 87.5229 19.9773 23.0502
    endloop
  endfacet
  facet normal -0.488065 0 0.872807
    outer loop
      vertex 86.802 1.11649 22.6464
      vertex 86.7378 19.9773 22.6105
      vertex 86.7378 1.11649 22.6105
    endloop
  endfacet
  facet normal -0.477599 0 0.878578
    outer loop
      vertex 86.7034 1.11871 22.5918
      vertex 86.7378 19.9773 22.6105
      vertex 86.7034 19.9759 22.5918
    endloop
  endfacet
  facet normal -0.477599 0 0.878578
    outer loop
      vertex 86.7378 19.9773 22.6105
      vertex 86.7034 1.11871 22.5918
      vertex 86.7378 1.11649 22.6105
    endloop
  endfacet
  facet normal -0.476365 0 0.879248
    outer loop
      vertex 86.6687 19.9772 22.573
      vertex 86.7034 1.11871 22.5918
      vertex 86.7034 19.9759 22.5918
    endloop
  endfacet
  facet normal -0.476365 0 0.879248
    outer loop
      vertex 86.7034 1.11871 22.5918
      vertex 86.6687 19.9772 22.573
      vertex 86.6687 1.11652 22.573
    endloop
  endfacet
  facet normal -0.465627 0 0.884981
    outer loop
      vertex 85.5078 19.9772 21.9622
      vertex 86.6687 1.11652 22.573
      vertex 86.6687 19.9772 22.573
    endloop
  endfacet
  facet normal -0.465623 3.33508e-07 0.884983
    outer loop
      vertex 85.5078 19.9772 21.9622
      vertex 84.7806 1.11659 21.5796
      vertex 86.6687 1.11652 22.573
    endloop
  endfacet
  facet normal -0.46565 1.67467e-06 0.884969
    outer loop
      vertex 84.7132 19.9772 21.5441
      vertex 84.7806 1.11659 21.5796
      vertex 85.5078 19.9772 21.9622
    endloop
  endfacet
  facet normal -0.466017 0 0.884776
    outer loop
      vertex 84.7806 1.11659 21.5796
      vertex 84.7132 19.9772 21.5441
      vertex 84.7132 1.1166 21.5441
    endloop
  endfacet
  facet normal -0.452347 0 0.891842
    outer loop
      vertex 84.6785 1.11877 21.5265
      vertex 84.7132 19.9772 21.5441
      vertex 84.6785 19.9758 21.5265
    endloop
  endfacet
  facet normal -0.452347 0 0.891842
    outer loop
      vertex 84.7132 19.9772 21.5441
      vertex 84.6785 1.11877 21.5265
      vertex 84.7132 1.1166 21.5441
    endloop
  endfacet
  facet normal -0.454266 0 0.890866
    outer loop
      vertex 84.6432 19.9772 21.5085
      vertex 84.6785 1.11877 21.5265
      vertex 84.6785 19.9758 21.5265
    endloop
  endfacet
  facet normal -0.454266 0 0.890866
    outer loop
      vertex 84.6785 1.11877 21.5265
      vertex 84.6432 19.9772 21.5085
      vertex 84.6432 1.11654 21.5085
    endloop
  endfacet
  facet normal -0.442323 0 0.896856
    outer loop
      vertex 83.468 19.9772 20.9289
      vertex 84.6432 1.11654 21.5085
      vertex 84.6432 19.9772 21.5085
    endloop
  endfacet
  facet normal -0.442299 1.86534e-06 0.896868
    outer loop
      vertex 83.468 19.9772 20.9289
      vertex 82.7282 1.11652 20.5641
      vertex 84.6432 1.11654 21.5085
    endloop
  endfacet
  facet normal -0.442264 1.87687e-07 0.896885
    outer loop
      vertex 82.6623 19.9772 20.5316
      vertex 82.7282 1.11652 20.5641
      vertex 83.468 19.9772 20.9289
    endloop
  endfacet
  facet normal -0.442307 0 0.896863
    outer loop
      vertex 82.7282 1.11652 20.5641
      vertex 82.6623 19.9772 20.5316
      vertex 82.6623 1.11651 20.5316
    endloop
  endfacet
  facet normal -0.430031 0 0.902814
    outer loop
      vertex 82.6264 1.11873 20.5145
      vertex 82.6623 19.9772 20.5316
      vertex 82.6264 19.9759 20.5145
    endloop
  endfacet
  facet normal -0.430031 0 0.902814
    outer loop
      vertex 82.6623 19.9772 20.5316
      vertex 82.6264 1.11873 20.5145
      vertex 82.6623 1.11651 20.5316
    endloop
  endfacet
  facet normal -0.430634 0 0.902527
    outer loop
      vertex 82.5914 19.9772 20.4978
      vertex 82.6264 1.11873 20.5145
      vertex 82.6264 19.9759 20.5145
    endloop
  endfacet
  facet normal -0.430634 0 0.902527
    outer loop
      vertex 82.6264 1.11873 20.5145
      vertex 82.5914 19.9772 20.4978
      vertex 82.5914 1.11654 20.4978
    endloop
  endfacet
  facet normal -0.418642 0 0.908151
    outer loop
      vertex 81.4009 19.9772 19.949
      vertex 82.5914 1.11654 20.4978
      vertex 82.5914 19.9772 20.4978
    endloop
  endfacet
  facet normal -0.418681 -2.99018e-06 0.908133
    outer loop
      vertex 81.4009 19.9772 19.949
      vertex 80.6512 1.1165 19.6033
      vertex 82.5914 1.11654 20.4978
    endloop
  endfacet
  facet normal -0.418698 -2.15626e-06 0.908125
    outer loop
      vertex 80.5843 19.9773 19.5725
      vertex 80.6512 1.1165 19.6033
      vertex 81.4009 19.9772 19.949
    endloop
  endfacet
  facet normal -0.418197 0 0.908356
    outer loop
      vertex 80.6512 1.1165 19.6033
      vertex 80.5843 19.9773 19.5725
      vertex 80.5843 1.1165 19.5725
    endloop
  endfacet
  facet normal -0.406851 0 0.913495
    outer loop
      vertex 80.5486 1.11869 19.5566
      vertex 80.5843 19.9773 19.5725
      vertex 80.5486 19.9759 19.5566
    endloop
  endfacet
  facet normal -0.406851 0 0.913495
    outer loop
      vertex 80.5843 19.9773 19.5725
      vertex 80.5486 1.11869 19.5566
      vertex 80.5843 1.1165 19.5725
    endloop
  endfacet
  facet normal -0.407312 0 0.913289
    outer loop
      vertex 80.5125 19.9773 19.5405
      vertex 80.5486 1.11869 19.5566
      vertex 80.5486 19.9759 19.5566
    endloop
  endfacet
  facet normal -0.407312 0 0.913289
    outer loop
      vertex 80.5486 1.11869 19.5566
      vertex 80.5125 19.9773 19.5405
      vertex 80.5125 1.11647 19.5405
    endloop
  endfacet
  facet normal -0.39474 0 0.918793
    outer loop
      vertex 79.3096 19.9773 19.0237
      vertex 80.5125 1.11647 19.5405
      vertex 80.5125 19.9773 19.5405
    endloop
  endfacet
  facet normal -0.394727 9.45154e-07 0.918798
    outer loop
      vertex 79.3096 19.9773 19.0237
      vertex 78.5498 1.11648 18.6973
      vertex 80.5125 1.11647 19.5405
    endloop
  endfacet
  facet normal -0.39471 1.29546e-07 0.918806
    outer loop
      vertex 78.4823 19.9773 18.6683
      vertex 78.5498 1.11648 18.6973
      vertex 79.3096 19.9773 19.0237
    endloop
  endfacet
  facet normal -0.394741 0 0.918793
    outer loop
      vertex 78.5498 1.11648 18.6973
      vertex 78.4823 19.9773 18.6683
      vertex 78.4823 1.11648 18.6683
    endloop
  endfacet
  facet normal -0.382427 0 0.923986
    outer loop
      vertex 78.4463 1.11867 18.6534
      vertex 78.4823 19.9773 18.6683
      vertex 78.4463 19.9759 18.6534
    endloop
  endfacet
  facet normal -0.382427 0 0.923986
    outer loop
      vertex 78.4823 19.9773 18.6683
      vertex 78.4463 1.11867 18.6534
      vertex 78.4823 1.11648 18.6683
    endloop
  endfacet
  facet normal -0.384436 0 0.923152
    outer loop
      vertex 78.4098 19.9773 18.6382
      vertex 78.4463 1.11867 18.6534
      vertex 78.4463 19.9759 18.6534
    endloop
  endfacet
  facet normal -0.384436 0 0.923152
    outer loop
      vertex 78.4463 1.11867 18.6534
      vertex 78.4098 19.9773 18.6382
      vertex 78.4098 1.11645 18.6382
    endloop
  endfacet
  facet normal -0.370495 0 0.928835
    outer loop
      vertex 77.1944 19.9773 18.1534
      vertex 78.4098 1.11645 18.6382
      vertex 78.4098 19.9773 18.6382
    endloop
  endfacet
  facet normal -0.370519 -1.82452e-06 0.928825
    outer loop
      vertex 77.1944 19.9773 18.1534
      vertex 76.4254 1.11647 17.8466
      vertex 78.4098 1.11645 18.6382
    endloop
  endfacet
  facet normal -0.370605 2.26467e-06 0.92879
    outer loop
      vertex 76.3581 19.9773 17.8197
      vertex 76.4254 1.11647 17.8466
      vertex 77.1944 19.9773 18.1534
    endloop
  endfacet
  facet normal -0.371153 0 0.928572
    outer loop
      vertex 76.4254 1.11647 17.8466
      vertex 76.3581 19.9773 17.8197
      vertex 76.3581 1.11647 17.8197
    endloop
  endfacet
  facet normal -0.359149 0 0.93328
    outer loop
      vertex 76.3212 1.1187 17.8055
      vertex 76.3581 19.9773 17.8197
      vertex 76.3212 19.9759 17.8055
    endloop
  endfacet
  facet normal -0.359149 0 0.93328
    outer loop
      vertex 76.3581 19.9773 17.8197
      vertex 76.3212 1.1187 17.8055
      vertex 76.3581 1.11647 17.8197
    endloop
  endfacet
  facet normal -0.356742 0 0.934203
    outer loop
      vertex 76.2848 19.9772 17.7916
      vertex 76.3212 1.1187 17.8055
      vertex 76.3212 19.9759 17.8055
    endloop
  endfacet
  facet normal -0.356742 0 0.934203
    outer loop
      vertex 76.3212 1.1187 17.8055
      vertex 76.2848 19.9772 17.7916
      vertex 76.2848 1.11653 17.7916
    endloop
  endfacet
  facet normal -0.346129 0 0.938187
    outer loop
      vertex 75.0545 19.9772 17.3377
      vertex 76.2848 1.11653 17.7916
      vertex 76.2848 19.9772 17.7916
    endloop
  endfacet
  facet normal -0.346135 -4.18642e-07 0.938185
    outer loop
      vertex 75.0545 19.9772 17.3377
      vertex 74.2815 1.11654 17.0525
      vertex 76.2848 1.11653 17.7916
    endloop
  endfacet
  facet normal -0.346118 -1.21555e-06 0.938191
    outer loop
      vertex 74.2115 19.9772 17.0267
      vertex 74.2815 1.11654 17.0525
      vertex 75.0545 19.9772 17.3377
    endloop
  endfacet
  facet normal -0.34583 0 0.938297
    outer loop
      vertex 74.2815 1.11654 17.0525
      vertex 74.2115 19.9772 17.0267
      vertex 74.2115 1.11654 17.0267
    endloop
  endfacet
  facet normal -0.333753 0 0.942661
    outer loop
      vertex 74.1745 1.11874 17.0136
      vertex 74.2115 19.9772 17.0267
      vertex 74.1745 19.9759 17.0136
    endloop
  endfacet
  facet normal -0.333753 0 0.942661
    outer loop
      vertex 74.2115 19.9772 17.0267
      vertex 74.1745 1.11874 17.0136
      vertex 74.2115 1.11654 17.0267
    endloop
  endfacet
  facet normal -0.333753 0 0.942661
    outer loop
      vertex 74.1375 19.9772 17.0005
      vertex 74.1745 1.11874 17.0136
      vertex 74.1745 19.9759 17.0136
    endloop
  endfacet
  facet normal -0.333753 0 0.942661
    outer loop
      vertex 74.1745 1.11874 17.0136
      vertex 74.1375 19.9772 17.0005
      vertex 74.1375 1.11652 17.0005
    endloop
  endfacet
  facet normal -0.321466 0 0.946921
    outer loop
      vertex 72.8968 19.9772 16.5793
      vertex 74.1375 1.11652 17.0005
      vertex 74.1375 19.9772 17.0005
    endloop
  endfacet
  facet normal -0.321462 3.07319e-07 0.946922
    outer loop
      vertex 72.8968 19.9772 16.5793
      vertex 72.115 1.1165 16.3139
      vertex 74.1375 1.11652 17.0005
    endloop
  endfacet
  facet normal -0.32146 2.20491e-07 0.946923
    outer loop
      vertex 72.0452 19.9773 16.2902
      vertex 72.115 1.1165 16.3139
      vertex 72.8968 19.9772 16.5793
    endloop
  endfacet
  facet normal -0.321514 0 0.946905
    outer loop
      vertex 72.115 1.1165 16.3139
      vertex 72.0452 19.9773 16.2902
      vertex 72.0452 1.1165 16.2902
    endloop
  endfacet
  facet normal -0.308567 0 0.951203
    outer loop
      vertex 72.0079 1.11871 16.2781
      vertex 72.0452 19.9773 16.2902
      vertex 72.0079 19.9759 16.2781
    endloop
  endfacet
  facet normal -0.308567 0 0.951203
    outer loop
      vertex 72.0452 19.9773 16.2902
      vertex 72.0079 1.11871 16.2781
      vertex 72.0452 1.1165 16.2902
    endloop
  endfacet
  facet normal -0.30782 0 0.951445
    outer loop
      vertex 71.9705 19.9772 16.266
      vertex 72.0079 1.11871 16.2781
      vertex 72.0079 19.9759 16.2781
    endloop
  endfacet
  facet normal -0.30782 0 0.951445
    outer loop
      vertex 72.0079 1.11871 16.2781
      vertex 71.9705 19.9772 16.266
      vertex 71.9705 1.11652 16.266
    endloop
  endfacet
  facet normal -0.296558 0 0.955015
    outer loop
      vertex 70.7194 19.9773 15.8775
      vertex 71.9705 1.11652 16.266
      vertex 71.9705 19.9772 16.266
    endloop
  endfacet
  facet normal -0.296555 1.73739e-07 0.955016
    outer loop
      vertex 70.7194 19.9773 15.8775
      vertex 69.9304 1.11649 15.6325
      vertex 71.9705 1.11652 16.266
    endloop
  endfacet
  facet normal -0.296539 -5.66152e-07 0.955021
    outer loop
      vertex 69.8608 19.9773 15.6109
      vertex 69.9304 1.11649 15.6325
      vertex 70.7194 19.9773 15.8775
    endloop
  endfacet
  facet normal -0.296399 0 0.955064
    outer loop
      vertex 69.9304 1.11649 15.6325
      vertex 69.8608 19.9773 15.6109
      vertex 69.8608 1.11649 15.6109
    endloop
  endfacet
  facet normal -0.285033 0 0.958518
    outer loop
      vertex 69.8228 1.11868 15.5996
      vertex 69.8608 19.9773 15.6109
      vertex 69.8228 19.9759 15.5996
    endloop
  endfacet
  facet normal -0.285033 0 0.958518
    outer loop
      vertex 69.8608 19.9773 15.6109
      vertex 69.8228 1.11868 15.5996
      vertex 69.8608 1.11649 15.6109
    endloop
  endfacet
  facet normal -0.282862 0 0.959161
    outer loop
      vertex 69.7855 19.9773 15.5886
      vertex 69.8228 1.11868 15.5996
      vertex 69.8228 19.9759 15.5996
    endloop
  endfacet
  facet normal -0.282862 0 0.959161
    outer loop
      vertex 69.8228 1.11868 15.5996
      vertex 69.7855 19.9773 15.5886
      vertex 69.7855 1.11647 15.5886
    endloop
  endfacet
  facet normal -0.271433 0 0.962457
    outer loop
      vertex 68.5246 19.9773 15.233
      vertex 69.7855 1.11647 15.5886
      vertex 69.7855 19.9773 15.5886
    endloop
  endfacet
  facet normal -0.271449 -1.16026e-06 0.962453
    outer loop
      vertex 68.5246 19.9773 15.233
      vertex 67.7294 1.1165 15.0087
      vertex 69.7855 1.11647 15.5886
    endloop
  endfacet
  facet normal -0.271492 7.86868e-07 0.962441
    outer loop
      vertex 67.6582 19.9773 14.9886
      vertex 67.7294 1.1165 15.0087
      vertex 68.5246 19.9773 15.233
    endloop
  endfacet
  facet normal -0.271685 0 0.962386
    outer loop
      vertex 67.7294 1.1165 15.0087
      vertex 67.6582 19.9773 14.9886
      vertex 67.6582 1.1165 14.9886
    endloop
  endfacet
  facet normal -0.257663 0 0.966235
    outer loop
      vertex 67.6207 1.11871 14.9786
      vertex 67.6582 19.9773 14.9886
      vertex 67.6207 19.9759 14.9786
    endloop
  endfacet
  facet normal -0.257663 0 0.966235
    outer loop
      vertex 67.6582 19.9773 14.9886
      vertex 67.6207 1.11871 14.9786
      vertex 67.6582 1.1165 14.9886
    endloop
  endfacet
  facet normal -0.259071 0 0.965858
    outer loop
      vertex 67.5823 19.9772 14.9683
      vertex 67.6207 1.11871 14.9786
      vertex 67.6207 19.9759 14.9786
    endloop
  endfacet
  facet normal -0.259071 0 0.965858
    outer loop
      vertex 67.6207 1.11871 14.9786
      vertex 67.5823 19.9772 14.9683
      vertex 67.5823 1.11652 14.9683
    endloop
  endfacet
  facet normal -0.246145 0 0.969233
    outer loop
      vertex 66.3128 19.9772 14.6459
      vertex 67.5823 1.11652 14.9683
      vertex 67.5823 19.9772 14.9683
    endloop
  endfacet
  facet normal -0.24617 -1.80325e-06 0.969227
    outer loop
      vertex 66.3128 19.9772 14.6459
      vertex 65.5125 1.1165 14.4426
      vertex 67.5823 1.11652 14.9683
    endloop
  endfacet
  facet normal -0.246146 -2.90322e-06 0.969233
    outer loop
      vertex 65.4414 19.9773 14.4246
      vertex 65.5125 1.1165 14.4426
      vertex 66.3128 19.9772 14.6459
    endloop
  endfacet
  facet normal -0.245422 0 0.969416
    outer loop
      vertex 65.5125 1.1165 14.4426
      vertex 65.4414 19.9773 14.4246
      vertex 65.4414 1.1165 14.4246
    endloop
  endfacet
  facet normal -0.23299 0 0.972479
    outer loop
      vertex 65.403 1.1187 14.4154
      vertex 65.4414 19.9773 14.4246
      vertex 65.403 19.9759 14.4154
    endloop
  endfacet
  facet normal -0.23299 0 0.972479
    outer loop
      vertex 65.4414 19.9773 14.4246
      vertex 65.403 1.1187 14.4154
      vertex 65.4414 1.1165 14.4246
    endloop
  endfacet
  facet normal -0.235307 0 0.971921
    outer loop
      vertex 65.365 19.9773 14.4062
      vertex 65.403 1.1187 14.4154
      vertex 65.403 19.9759 14.4154
    endloop
  endfacet
  facet normal -0.235307 0 0.971921
    outer loop
      vertex 65.403 1.1187 14.4154
      vertex 65.365 19.9773 14.4062
      vertex 65.365 1.1165 14.4062
    endloop
  endfacet
  facet normal -0.220694 0 0.975343
    outer loop
      vertex 64.0869 19.9772 14.117
      vertex 65.365 1.1165 14.4062
      vertex 65.365 19.9773 14.4062
    endloop
  endfacet
  facet normal -0.220696 -1.48439e-07 0.975343
    outer loop
      vertex 64.0869 19.9772 14.117
      vertex 63.2817 1.11651 13.9348
      vertex 65.365 1.1165 14.4062
    endloop
  endfacet
  facet normal -0.220626 -3.29822e-06 0.975358
    outer loop
      vertex 63.2098 19.9772 13.9186
      vertex 63.2817 1.11651 13.9348
      vertex 64.0869 19.9772 14.117
    endloop
  endfacet
  facet normal -0.219803 0 0.975544
    outer loop
      vertex 63.2817 1.11651 13.9348
      vertex 63.2098 19.9772 13.9186
      vertex 63.2098 1.11651 13.9186
    endloop
  endfacet
  facet normal -0.208833 0 0.977951
    outer loop
      vertex 63.1714 1.11871 13.9104
      vertex 63.2098 19.9772 13.9186
      vertex 63.1714 19.9759 13.9104
    endloop
  endfacet
  facet normal -0.208833 0 0.977951
    outer loop
      vertex 63.2098 19.9772 13.9186
      vertex 63.1714 1.11871 13.9104
      vertex 63.2098 1.11651 13.9186
    endloop
  endfacet
  facet normal -0.208314 0 0.978062
    outer loop
      vertex 63.1329 19.9772 13.9022
      vertex 63.1714 1.11871 13.9104
      vertex 63.1714 19.9759 13.9104
    endloop
  endfacet
  facet normal -0.208314 0 0.978062
    outer loop
      vertex 63.1714 1.11871 13.9104
      vertex 63.1329 19.9772 13.9022
      vertex 63.1329 1.11651 13.9022
    endloop
  endfacet
  facet normal -0.195059 0 0.980792
    outer loop
      vertex 61.8482 19.9773 13.6467
      vertex 63.1329 1.11651 13.9022
      vertex 63.1329 19.9772 13.9022
    endloop
  endfacet
  facet normal -0.195072 -9.04459e-07 0.980789
    outer loop
      vertex 61.8482 19.9773 13.6467
      vertex 61.0378 1.11649 13.4855
      vertex 63.1329 1.11651 13.9022
    endloop
  endfacet
  facet normal -0.195069 -1.04191e-06 0.98079
    outer loop
      vertex 60.9658 19.9773 13.4712
      vertex 61.0378 1.11649 13.4855
      vertex 61.8482 19.9773 13.6467
    endloop
  endfacet
  facet normal -0.194806 0 0.980842
    outer loop
      vertex 61.0378 1.11649 13.4855
      vertex 60.9658 19.9773 13.4712
      vertex 60.9658 1.11649 13.4712
    endloop
  endfacet
  facet normal -0.183826 0 0.982959
    outer loop
      vertex 60.9273 1.11869 13.464
      vertex 60.9658 19.9773 13.4712
      vertex 60.9273 19.9759 13.464
    endloop
  endfacet
  facet normal -0.183826 0 0.982959
    outer loop
      vertex 60.9658 19.9773 13.4712
      vertex 60.9273 1.11869 13.464
      vertex 60.9658 1.11649 13.4712
    endloop
  endfacet
  facet normal -0.182908 0 0.98313
    outer loop
      vertex 60.8886 19.9773 13.4568
      vertex 60.9273 1.11869 13.464
      vertex 60.9273 19.9759 13.464
    endloop
  endfacet
  facet normal -0.182908 0 0.98313
    outer loop
      vertex 60.9273 1.11869 13.464
      vertex 60.8886 19.9773 13.4568
      vertex 60.8886 1.11649 13.4568
    endloop
  endfacet
  facet normal -0.169275 0 0.985569
    outer loop
      vertex 59.5978 19.9773 13.2351
      vertex 60.8886 1.11649 13.4568
      vertex 60.8886 19.9773 13.4568
    endloop
  endfacet
  facet normal -0.169324 -3.40908e-06 0.98556
    outer loop
      vertex 59.5978 19.9773 13.2351
      vertex 58.7833 1.11649 13.0951
      vertex 60.8886 1.11649 13.4568
    endloop
  endfacet
  facet normal -0.169356 -1.98392e-06 0.985555
    outer loop
      vertex 58.7115 19.9773 13.0828
      vertex 58.7833 1.11649 13.0951
      vertex 59.5978 19.9773 13.2351
    endloop
  endfacet
  facet normal -0.16885 0 0.985642
    outer loop
      vertex 58.7833 1.11649 13.0951
      vertex 58.7115 19.9773 13.0828
      vertex 58.7115 1.11649 13.0828
    endloop
  endfacet
  facet normal -0.158678 0 0.98733
    outer loop
      vertex 58.6723 1.1187 13.0765
      vertex 58.7115 19.9773 13.0828
      vertex 58.6723 19.9759 13.0765
    endloop
  endfacet
  facet normal -0.158678 0 0.98733
    outer loop
      vertex 58.7115 19.9773 13.0828
      vertex 58.6723 1.1187 13.0765
      vertex 58.7115 1.11649 13.0828
    endloop
  endfacet
  facet normal -0.154377 0 0.988012
    outer loop
      vertex 58.6339 19.9773 13.0705
      vertex 58.6723 1.1187 13.0765
      vertex 58.6723 19.9759 13.0765
    endloop
  endfacet
  facet normal -0.154377 0 0.988012
    outer loop
      vertex 58.6723 1.1187 13.0765
      vertex 58.6339 19.9773 13.0705
      vertex 58.6339 1.1165 13.0705
    endloop
  endfacet
  facet normal -0.143534 0 0.989645
    outer loop
      vertex 57.3356 19.9772 12.8822
      vertex 58.6339 1.1165 13.0705
      vertex 58.6339 19.9773 13.0705
    endloop
  endfacet
  facet normal -0.143494 2.84304e-06 0.989651
    outer loop
      vertex 57.3356 19.9772 12.8822
      vertex 56.5214 1.11658 12.7642
      vertex 58.6339 1.1165 13.0705
    endloop
  endfacet
  facet normal -0.143462 1.46228e-06 0.989656
    outer loop
      vertex 56.4464 19.9772 12.7533
      vertex 56.5214 1.11658 12.7642
      vertex 57.3356 19.9772 12.8822
    endloop
  endfacet
  facet normal -0.143822 0 0.989604
    outer loop
      vertex 56.5214 1.11658 12.7642
      vertex 56.4464 19.9772 12.7533
      vertex 56.4464 1.11658 12.7533
    endloop
  endfacet
  facet normal -0.13132 0 0.99134
    outer loop
      vertex 56.4079 1.11877 12.7482
      vertex 56.4464 19.9772 12.7533
      vertex 56.4079 19.9758 12.7482
    endloop
  endfacet
  facet normal -0.13132 0 0.99134
    outer loop
      vertex 56.4464 19.9772 12.7533
      vertex 56.4079 1.11877 12.7482
      vertex 56.4464 1.11658 12.7533
    endloop
  endfacet
  facet normal -0.128692 0 0.991685
    outer loop
      vertex 56.3686 19.9772 12.7431
      vertex 56.4079 1.11877 12.7482
      vertex 56.4079 19.9758 12.7482
    endloop
  endfacet
  facet normal -0.128692 0 0.991685
    outer loop
      vertex 56.4079 1.11877 12.7482
      vertex 56.3686 19.9772 12.7431
      vertex 56.3686 1.11656 12.7431
    endloop
  endfacet
  facet normal -0.117532 0 0.993069
    outer loop
      vertex 55.0674 19.9772 12.5891
      vertex 56.3686 1.11656 12.7431
      vertex 56.3686 19.9772 12.7431
    endloop
  endfacet
  facet normal -0.117567 -2.41592e-06 0.993065
    outer loop
      vertex 55.0674 19.9772 12.5891
      vertex 54.2476 1.11649 12.492
      vertex 56.3686 1.11656 12.7431
    endloop
  endfacet
  facet normal -0.117596 -1.09717e-06 0.993061
    outer loop
      vertex 54.1748 19.9773 12.4834
      vertex 54.2476 1.11649 12.492
      vertex 55.0674 19.9772 12.5891
    endloop
  endfacet
  facet normal -0.117316 0 0.993095
    outer loop
      vertex 54.2476 1.11649 12.492
      vertex 54.1748 19.9773 12.4834
      vertex 54.1748 1.11649 12.4834
    endloop
  endfacet
  facet normal -0.104288 0 0.994547
    outer loop
      vertex 54.1357 1.1187 12.4793
      vertex 54.1748 19.9773 12.4834
      vertex 54.1357 19.9759 12.4793
    endloop
  endfacet
  facet normal -0.104288 0 0.994547
    outer loop
      vertex 54.1748 19.9773 12.4834
      vertex 54.1357 1.1187 12.4793
      vertex 54.1748 1.11649 12.4834
    endloop
  endfacet
  facet normal -0.104288 0 0.994547
    outer loop
      vertex 54.0966 19.9773 12.4752
      vertex 54.1357 1.1187 12.4793
      vertex 54.1357 19.9759 12.4793
    endloop
  endfacet
  facet normal -0.104288 0 0.994547
    outer loop
      vertex 54.1357 1.1187 12.4793
      vertex 54.0966 19.9773 12.4752
      vertex 54.0966 1.11649 12.4752
    endloop
  endfacet
  facet normal -0.0915407 0 0.995801
    outer loop
      vertex 52.7923 19.9773 12.3553
      vertex 54.0966 1.11649 12.4752
      vertex 54.0966 19.9773 12.4752
    endloop
  endfacet
  facet normal -0.0915192 1.50485e-06 0.995803
    outer loop
      vertex 52.7923 19.9773 12.3553
      vertex 51.9694 1.11649 12.2797
      vertex 54.0966 1.11649 12.4752
    endloop
  endfacet
  facet normal -0.0914879 1.29077e-07 0.995806
    outer loop
      vertex 51.8965 19.9773 12.273
      vertex 51.9694 1.11649 12.2797
      vertex 52.7923 19.9773 12.3553
    endloop
  endfacet
  facet normal -0.091521 0 0.995803
    outer loop
      vertex 51.9694 1.11649 12.2797
      vertex 51.8965 19.9773 12.273
      vertex 51.8965 1.11649 12.273
    endloop
  endfacet
  facet normal -0.0788355 0 0.996888
    outer loop
      vertex 51.8573 1.11869 12.2699
      vertex 51.8965 19.9773 12.273
      vertex 51.8573 19.9759 12.2699
    endloop
  endfacet
  facet normal -0.0788355 0 0.996888
    outer loop
      vertex 51.8965 19.9773 12.273
      vertex 51.8573 1.11869 12.2699
      vertex 51.8965 1.11649 12.273
    endloop
  endfacet
  facet normal -0.0765015 0 0.997069
    outer loop
      vertex 51.8182 19.9773 12.2669
      vertex 51.8573 1.11869 12.2699
      vertex 51.8573 19.9759 12.2699
    endloop
  endfacet
  facet normal -0.0765015 0 0.997069
    outer loop
      vertex 51.8573 1.11869 12.2699
      vertex 51.8182 19.9773 12.2669
      vertex 51.8182 1.11649 12.2669
    endloop
  endfacet
  facet normal -0.0654295 0 0.997857
    outer loop
      vertex 50.5112 19.9773 12.1812
      vertex 51.8182 1.11649 12.2669
      vertex 51.8182 19.9773 12.2669
    endloop
  endfacet
  facet normal -0.0654378 -5.79245e-07 0.997857
    outer loop
      vertex 50.5112 19.9773 12.1812
      vertex 49.6864 1.11649 12.1271
      vertex 51.8182 1.11649 12.2669
    endloop
  endfacet
  facet normal -0.0654423 -3.82321e-07 0.997856
    outer loop
      vertex 49.6131 19.9773 12.1223
      vertex 49.6864 1.11649 12.1271
      vertex 50.5112 19.9773 12.1812
    endloop
  endfacet
  facet normal -0.0653444 0 0.997863
    outer loop
      vertex 49.6864 1.11649 12.1271
      vertex 49.6131 19.9773 12.1223
      vertex 49.6131 1.11649 12.1223
    endloop
  endfacet
  facet normal -0.0512148 0 0.998688
    outer loop
      vertex 49.5741 1.11869 12.1203
      vertex 49.6131 19.9773 12.1223
      vertex 49.5741 19.9759 12.1203
    endloop
  endfacet
  facet normal -0.0512148 0 0.998688
    outer loop
      vertex 49.6131 19.9773 12.1223
      vertex 49.5741 1.11869 12.1203
      vertex 49.6131 1.11649 12.1223
    endloop
  endfacet
  facet normal -0.0532239 0 0.998583
    outer loop
      vertex 49.5347 19.9773 12.1182
      vertex 49.5741 1.11869 12.1203
      vertex 49.5741 19.9759 12.1203
    endloop
  endfacet
  facet normal -0.0532239 0 0.998583
    outer loop
      vertex 49.5741 1.11869 12.1203
      vertex 49.5347 19.9773 12.1182
      vertex 49.5347 1.11649 12.1182
    endloop
  endfacet
  facet normal -0.0392513 0 0.999229
    outer loop
      vertex 48.2262 19.9773 12.0668
      vertex 49.5347 1.11649 12.1182
      vertex 49.5347 19.9773 12.1182
    endloop
  endfacet
  facet normal -0.0392296 1.51404e-06 0.99923
    outer loop
      vertex 48.2262 19.9773 12.0668
      vertex 47.4002 1.11648 12.0344
      vertex 49.5347 1.11649 12.1182
    endloop
  endfacet
  facet normal -0.03924 1.97088e-06 0.99923
    outer loop
      vertex 47.3273 19.9773 12.0315
      vertex 47.4002 1.11648 12.0344
      vertex 48.2262 19.9773 12.0668
    endloop
  endfacet
  facet normal -0.0397491 0 0.99921
    outer loop
      vertex 47.4002 1.11648 12.0344
      vertex 47.3273 19.9773 12.0315
      vertex 47.3273 1.11648 12.0315
    endloop
  endfacet
  facet normal -0.0253725 0 0.999678
    outer loop
      vertex 47.2879 1.11869 12.0305
      vertex 47.3273 19.9773 12.0315
      vertex 47.2879 19.9759 12.0305
    endloop
  endfacet
  facet normal -0.0253725 0 0.999678
    outer loop
      vertex 47.3273 19.9773 12.0315
      vertex 47.2879 1.11869 12.0305
      vertex 47.3273 1.11648 12.0315
    endloop
  endfacet
  facet normal -0.0280502 0 0.999607
    outer loop
      vertex 47.2487 19.9773 12.0294
      vertex 47.2879 1.11869 12.0305
      vertex 47.2879 19.9759 12.0305
    endloop
  endfacet
  facet normal -0.0280502 0 0.999607
    outer loop
      vertex 47.2879 1.11869 12.0305
      vertex 47.2487 19.9773 12.0294
      vertex 47.2487 1.11648 12.0294
    endloop
  endfacet
  facet normal -0.0130503 0 0.999915
    outer loop
      vertex 45.9385 19.9772 12.0123
      vertex 47.2487 1.11648 12.0294
      vertex 47.2487 19.9773 12.0294
    endloop
  endfacet
  facet normal -0.0130637 -9.31717e-07 0.999915
    outer loop
      vertex 45.9385 19.9772 12.0123
      vertex 45.1132 1.11652 12.0015
      vertex 47.2487 1.11648 12.0294
    endloop
  endfacet
  facet normal -0.0131216 1.6025e-06 0.999914
    outer loop
      vertex 45.0393 19.9772 12.0005
      vertex 45.1132 1.11652 12.0015
      vertex 45.9385 19.9772 12.0123
    endloop
  endfacet
  facet normal -0.0135306 0 0.999908
    outer loop
      vertex 45.1132 1.11652 12.0015
      vertex 45.0393 19.9772 12.0005
      vertex 45.0393 1.11652 12.0005
    endloop
  endfacet
  facet normal 0 0 1
    outer loop
      vertex 45 1.11872 12.0005
      vertex 45.0393 19.9772 12.0005
      vertex 45 19.9759 12.0005
    endloop
  endfacet
  facet normal 0 0 1
    outer loop
      vertex 45.0393 19.9772 12.0005
      vertex 45 1.11872 12.0005
      vertex 45.0393 1.11652 12.0005
    endloop
  endfacet
  facet normal 0 0 1
    outer loop
      vertex 44.9607 19.9772 12.0005
      vertex 45 1.11872 12.0005
      vertex 45 19.9759 12.0005
    endloop
  endfacet
  facet normal 0 0 1
    outer loop
      vertex 45 1.11872 12.0005
      vertex 44.9607 19.9772 12.0005
      vertex 44.9607 1.11652 12.0005
    endloop
  endfacet
  facet normal 0.0131296 0 0.999914
    outer loop
      vertex 43.6508 19.9773 12.0177
      vertex 44.9607 1.11652 12.0005
      vertex 44.9607 19.9772 12.0005
    endloop
  endfacet
  facet normal 0.0131063 -1.62407e-06 0.999914
    outer loop
      vertex 43.6508 19.9773 12.0177
      vertex 42.8245 1.11648 12.0285
      vertex 44.9607 1.11652 12.0005
    endloop
  endfacet
  facet normal 0.0130061 2.76364e-06 0.999915
    outer loop
      vertex 42.7513 19.9773 12.0294
      vertex 42.8245 1.11648 12.0285
      vertex 43.6508 19.9773 12.0177
    endloop
  endfacet
  facet normal 0.0122942 0 0.999924
    outer loop
      vertex 42.8245 1.11648 12.0285
      vertex 42.7513 19.9773 12.0294
      vertex 42.7513 1.11648 12.0294
    endloop
  endfacet
  facet normal 0.0280502 -0 0.999607
    outer loop
      vertex 42.7121 1.11868 12.0305
      vertex 42.7513 19.9773 12.0294
      vertex 42.7121 19.9759 12.0305
    endloop
  endfacet
  facet normal 0.0280502 0 0.999607
    outer loop
      vertex 42.7513 19.9773 12.0294
      vertex 42.7121 1.11868 12.0305
      vertex 42.7513 1.11648 12.0294
    endloop
  endfacet
  facet normal 0.0253725 0 0.999678
    outer loop
      vertex 42.6727 19.9773 12.0315
      vertex 42.7121 1.11868 12.0305
      vertex 42.7121 19.9759 12.0305
    endloop
  endfacet
  facet normal 0.0253725 0 0.999678
    outer loop
      vertex 42.7121 1.11868 12.0305
      vertex 42.6727 19.9773 12.0315
      vertex 42.6727 1.11648 12.0315
    endloop
  endfacet
  facet normal 0.0392543 0 0.999229
    outer loop
      vertex 41.3643 19.9773 12.0829
      vertex 42.6727 1.11648 12.0315
      vertex 42.6727 19.9773 12.0315
    endloop
  endfacet
  facet normal 0.0392763 1.52546e-06 0.999228
    outer loop
      vertex 41.3643 19.9773 12.0829
      vertex 40.5382 1.11648 12.1154
      vertex 42.6727 1.11648 12.0315
    endloop
  endfacet
  facet normal 0.0392356 3.31016e-06 0.99923
    outer loop
      vertex 40.4653 19.9773 12.1182
      vertex 40.5382 1.11648 12.1154
      vertex 41.3643 19.9773 12.0829
    endloop
  endfacet
  facet normal 0.0383805 0 0.999263
    outer loop
      vertex 40.5382 1.11648 12.1154
      vertex 40.4653 19.9773 12.1182
      vertex 40.4653 1.11648 12.1182
    endloop
  endfacet
  facet normal 0.0532239 0 0.998583
    outer loop
      vertex 40.4653 19.9773 12.1182
      vertex 40.4259 1.11869 12.1203
      vertex 40.4653 1.11648 12.1182
    endloop
  endfacet
  facet normal 0.0532239 0 0.998583
    outer loop
      vertex 40.4259 19.9759 12.1203
      vertex 40.4259 1.11869 12.1203
      vertex 40.4653 19.9773 12.1182
    endloop
  endfacet
  facet normal 0.0512148 0 0.998688
    outer loop
      vertex 40.3869 19.9773 12.1223
      vertex 40.4259 1.11869 12.1203
      vertex 40.4259 19.9759 12.1203
    endloop
  endfacet
  facet normal 0.0512148 0 0.998688
    outer loop
      vertex 40.4259 1.11869 12.1203
      vertex 40.3869 19.9773 12.1223
      vertex 40.3869 1.11648 12.1223
    endloop
  endfacet
  facet normal 0.0654245 0 0.997858
    outer loop
      vertex 39.0798 19.9773 12.208
      vertex 40.3869 1.11648 12.1223
      vertex 40.3869 19.9773 12.1223
    endloop
  endfacet
  facet normal 0.0654317 5.00774e-07 0.997857
    outer loop
      vertex 39.0798 19.9773 12.208
      vertex 38.2549 1.11648 12.2621
      vertex 40.3869 1.11648 12.1223
    endloop
  endfacet
  facet normal 0.0654423 3.53455e-08 0.997856
    outer loop
      vertex 38.1817 19.9773 12.2669
      vertex 38.2549 1.11648 12.2621
      vertex 39.0798 19.9773 12.208
    endloop
  endfacet
  facet normal 0.0654332 0 0.997857
    outer loop
      vertex 38.2549 1.11648 12.2621
      vertex 38.1817 19.9773 12.2669
      vertex 38.1817 1.11648 12.2669
    endloop
  endfacet
  facet normal 0.0766965 -0 0.997054
    outer loop
      vertex 38.1427 1.11869 12.2699
      vertex 38.1817 19.9773 12.2669
      vertex 38.1427 19.9759 12.2699
    endloop
  endfacet
  facet normal 0.0766965 0 0.997054
    outer loop
      vertex 38.1817 19.9773 12.2669
      vertex 38.1427 1.11869 12.2699
      vertex 38.1817 1.11648 12.2669
    endloop
  endfacet
  facet normal 0.0788355 0 0.996888
    outer loop
      vertex 38.1035 19.9773 12.273
      vertex 38.1427 1.11869 12.2699
      vertex 38.1427 19.9759 12.2699
    endloop
  endfacet
  facet normal 0.0788355 0 0.996888
    outer loop
      vertex 38.1427 1.11869 12.2699
      vertex 38.1035 19.9773 12.273
      vertex 38.1035 1.11648 12.273
    endloop
  endfacet
  facet normal 0.091472 0 0.995808
    outer loop
      vertex 36.7993 19.9773 12.3928
      vertex 38.1035 1.11648 12.273
      vertex 38.1035 19.9773 12.273
    endloop
  endfacet
  facet normal 0.0915192 3.28967e-06 0.995803
    outer loop
      vertex 36.7993 19.9773 12.3928
      vertex 35.9763 1.11649 12.4685
      vertex 38.1035 1.11648 12.273
    endloop
  endfacet
  facet normal 0.0915778 7.07105e-07 0.995798
    outer loop
      vertex 35.9033 19.9773 12.4752
      vertex 35.9763 1.11649 12.4685
      vertex 36.7993 19.9773 12.3928
    endloop
  endfacet
  facet normal 0.0913967 0 0.995815
    outer loop
      vertex 35.9763 1.11649 12.4685
      vertex 35.9033 19.9773 12.4752
      vertex 35.9033 1.11649 12.4752
    endloop
  endfacet
  facet normal 0.104552 -0 0.994519
    outer loop
      vertex 35.8643 1.11869 12.4793
      vertex 35.9033 19.9773 12.4752
      vertex 35.8643 19.9759 12.4793
    endloop
  endfacet
  facet normal 0.104552 0 0.994519
    outer loop
      vertex 35.9033 19.9773 12.4752
      vertex 35.8643 1.11869 12.4793
      vertex 35.9033 1.11649 12.4752
    endloop
  endfacet
  facet normal 0.104288 0 0.994547
    outer loop
      vertex 35.8252 19.9773 12.4834
      vertex 35.8643 1.11869 12.4793
      vertex 35.8643 19.9759 12.4793
    endloop
  endfacet
  facet normal 0.104288 0 0.994547
    outer loop
      vertex 35.8643 1.11869 12.4793
      vertex 35.8252 19.9773 12.4834
      vertex 35.8252 1.11648 12.4834
    endloop
  endfacet
  facet normal 0.117563 0 0.993065
    outer loop
      vertex 34.5235 19.9772 12.6375
      vertex 35.8252 1.11648 12.4834
      vertex 35.8252 19.9773 12.4834
    endloop
  endfacet
  facet normal 0.117529 -2.37112e-06 0.993069
    outer loop
      vertex 34.5235 19.9772 12.6375
      vertex 33.7052 1.11655 12.7343
      vertex 35.8252 1.11648 12.4834
    endloop
  endfacet
  facet normal 0.117552 -3.37601e-06 0.993067
    outer loop
      vertex 33.6314 19.9772 12.7431
      vertex 33.7052 1.11655 12.7343
      vertex 34.5235 19.9772 12.6375
    endloop
  endfacet
  facet normal 0.118402 0 0.992966
    outer loop
      vertex 33.7052 1.11655 12.7343
      vertex 33.6314 19.9772 12.7431
      vertex 33.6314 1.11655 12.7431
    endloop
  endfacet
  facet normal 0.128692 -0 0.991685
    outer loop
      vertex 33.5921 1.11876 12.7482
      vertex 33.6314 19.9772 12.7431
      vertex 33.5921 19.9758 12.7482
    endloop
  endfacet
  facet normal 0.128692 0 0.991685
    outer loop
      vertex 33.6314 19.9772 12.7431
      vertex 33.5921 1.11876 12.7482
      vertex 33.6314 1.11655 12.7431
    endloop
  endfacet
  facet normal 0.13132 0 0.99134
    outer loop
      vertex 33.5536 19.9772 12.7533
      vertex 33.5921 1.11876 12.7482
      vertex 33.5921 19.9758 12.7482
    endloop
  endfacet
  facet normal 0.13132 0 0.99134
    outer loop
      vertex 33.5921 1.11876 12.7482
      vertex 33.5536 19.9772 12.7533
      vertex 33.5536 1.11657 12.7533
    endloop
  endfacet
  facet normal 0.14346 0 0.989656
    outer loop
      vertex 32.256 19.9772 12.9414
      vertex 33.5536 1.11657 12.7533
      vertex 33.5536 19.9772 12.7533
    endloop
  endfacet
  facet normal 0.143498 2.64802e-06 0.989651
    outer loop
      vertex 32.256 19.9772 12.9414
      vertex 31.4391 1.11649 13.0599
      vertex 33.5536 1.11657 12.7533
    endloop
  endfacet
  facet normal 0.14357 -5.09436e-07 0.98964
    outer loop
      vertex 31.3661 19.9773 13.0705
      vertex 31.4391 1.11649 13.0599
      vertex 32.256 19.9772 12.9414
    endloop
  endfacet
  facet normal 0.143698 0 0.989622
    outer loop
      vertex 31.4391 1.11649 13.0599
      vertex 31.3661 19.9773 13.0705
      vertex 31.3661 1.11649 13.0705
    endloop
  endfacet
  facet normal 0.154377 -0 0.988012
    outer loop
      vertex 31.3277 1.11869 13.0765
      vertex 31.3661 19.9773 13.0705
      vertex 31.3277 19.9759 13.0765
    endloop
  endfacet
  facet normal 0.154377 0 0.988012
    outer loop
      vertex 31.3661 19.9773 13.0705
      vertex 31.3277 1.11869 13.0765
      vertex 31.3661 1.11649 13.0705
    endloop
  endfacet
  facet normal 0.158678 0 0.98733
    outer loop
      vertex 31.2885 19.9773 13.0828
      vertex 31.3277 1.11869 13.0765
      vertex 31.3277 19.9759 13.0765
    endloop
  endfacet
  facet normal 0.158678 0 0.98733
    outer loop
      vertex 31.3277 1.11869 13.0765
      vertex 31.2885 19.9773 13.0828
      vertex 31.2885 1.11648 13.0828
    endloop
  endfacet
  facet normal 0.16929 0 0.985566
    outer loop
      vertex 29.9984 19.9773 13.3044
      vertex 31.2885 1.11648 13.0828
      vertex 31.2885 19.9773 13.0828
    endloop
  endfacet
  facet normal 0.169332 2.9004e-06 0.985559
    outer loop
      vertex 29.9984 19.9773 13.3044
      vertex 29.1833 1.11648 13.4445
      vertex 31.2885 1.11648 13.0828
    endloop
  endfacet
  facet normal 0.169334 2.79593e-06 0.985559
    outer loop
      vertex 29.1114 19.9773 13.4568
      vertex 29.1833 1.11648 13.4445
      vertex 29.9984 19.9773 13.3044
    endloop
  endfacet
  facet normal 0.168621 0 0.985681
    outer loop
      vertex 29.1833 1.11648 13.4445
      vertex 29.1114 19.9773 13.4568
      vertex 29.1114 1.11648 13.4568
    endloop
  endfacet
  facet normal 0.182908 -0 0.98313
    outer loop
      vertex 29.0727 1.11868 13.464
      vertex 29.1114 19.9773 13.4568
      vertex 29.0727 19.9759 13.464
    endloop
  endfacet
  facet normal 0.182908 0 0.98313
    outer loop
      vertex 29.1114 19.9773 13.4568
      vertex 29.0727 1.11868 13.464
      vertex 29.1114 1.11648 13.4568
    endloop
  endfacet
  facet normal 0.183826 0 0.982959
    outer loop
      vertex 29.0342 19.9773 13.4712
      vertex 29.0727 1.11868 13.464
      vertex 29.0727 19.9759 13.464
    endloop
  endfacet
  facet normal 0.183826 0 0.982959
    outer loop
      vertex 29.0727 1.11868 13.464
      vertex 29.0342 19.9773 13.4712
      vertex 29.0342 1.11648 13.4712
    endloop
  endfacet
  facet normal 0.195059 0 0.980792
    outer loop
      vertex 27.7495 19.9773 13.7267
      vertex 29.0342 1.11648 13.4712
      vertex 29.0342 19.9773 13.4712
    endloop
  endfacet
  facet normal 0.195063 2.70283e-07 0.980791
    outer loop
      vertex 27.7495 19.9773 13.7267
      vertex 26.939 1.11649 13.8879
      vertex 29.0342 1.11648 13.4712
    endloop
  endfacet
  facet normal 0.195047 9.57538e-07 0.980794
    outer loop
      vertex 26.867 19.9773 13.9022
      vertex 26.939 1.11649 13.8879
      vertex 27.7495 19.9773 13.7267
    endloop
  endfacet
  facet normal 0.194806 0 0.980842
    outer loop
      vertex 26.939 1.11649 13.8879
      vertex 26.867 19.9773 13.9022
      vertex 26.867 1.11649 13.9022
    endloop
  endfacet
  facet normal 0.208833 -0 0.977951
    outer loop
      vertex 26.8286 1.1187 13.9104
      vertex 26.867 19.9773 13.9022
      vertex 26.8286 19.9759 13.9104
    endloop
  endfacet
  facet normal 0.208833 0 0.977951
    outer loop
      vertex 26.867 19.9773 13.9022
      vertex 26.8286 1.1187 13.9104
      vertex 26.867 1.11649 13.9022
    endloop
  endfacet
  facet normal 0.208833 0 0.977951
    outer loop
      vertex 26.7902 19.9773 13.9186
      vertex 26.8286 1.1187 13.9104
      vertex 26.8286 19.9759 13.9104
    endloop
  endfacet
  facet normal 0.208833 0 0.977951
    outer loop
      vertex 26.8286 1.1187 13.9104
      vertex 26.7902 19.9773 13.9186
      vertex 26.7902 1.11649 13.9186
    endloop
  endfacet
  facet normal 0.220664 0 0.97535
    outer loop
      vertex 25.5128 19.9773 14.2076
      vertex 26.7902 1.11649 13.9186
      vertex 26.7902 19.9773 13.9186
    endloop
  endfacet
  facet normal 0.220666 1.47922e-07 0.975349
    outer loop
      vertex 25.5128 19.9773 14.2076
      vertex 24.7066 1.11649 14.39
      vertex 26.7902 1.11649 13.9186
    endloop
  endfacet
  facet normal 0.220646 1.0391e-06 0.975354
    outer loop
      vertex 24.6349 19.9773 14.4062
      vertex 24.7066 1.11649 14.39
      vertex 25.5128 19.9773 14.2076
    endloop
  endfacet
  facet normal 0.220386 0 0.975413
    outer loop
      vertex 24.7066 1.11649 14.39
      vertex 24.6349 19.9773 14.4062
      vertex 24.6349 1.11648 14.4062
    endloop
  endfacet
  facet normal 0.235894 -0 0.971779
    outer loop
      vertex 24.597 1.11869 14.4154
      vertex 24.6349 19.9773 14.4062
      vertex 24.597 19.9759 14.4154
    endloop
  endfacet
  facet normal 0.235894 0 0.971779
    outer loop
      vertex 24.6349 19.9773 14.4062
      vertex 24.597 1.11869 14.4154
      vertex 24.6349 1.11648 14.4062
    endloop
  endfacet
  facet normal 0.23299 0 0.972479
    outer loop
      vertex 24.5586 19.9773 14.4246
      vertex 24.597 1.11869 14.4154
      vertex 24.597 19.9759 14.4154
    endloop
  endfacet
  facet normal 0.23299 0 0.972479
    outer loop
      vertex 24.597 1.11869 14.4154
      vertex 24.5586 19.9773 14.4246
      vertex 24.5586 1.11648 14.4246
    endloop
  endfacet
  facet normal 0.246163 0 0.969228
    outer loop
      vertex 23.2892 19.9773 14.747
      vertex 24.5586 1.11648 14.4246
      vertex 24.5586 19.9773 14.4246
    endloop
  endfacet
  facet normal 0.246148 -1.10275e-06 0.969232
    outer loop
      vertex 23.2892 19.9773 14.747
      vertex 22.4886 1.1165 14.9503
      vertex 24.5586 1.11648 14.4246
    endloop
  endfacet
  facet normal 0.246092 1.38556e-06 0.969246
    outer loop
      vertex 22.4176 19.9773 14.9683
      vertex 22.4886 1.1165 14.9503
      vertex 23.2892 19.9773 14.747
    endloop
  endfacet
  facet normal 0.245747 0 0.969334
    outer loop
      vertex 22.4886 1.1165 14.9503
      vertex 22.4176 19.9773 14.9683
      vertex 22.4176 1.1165 14.9683
    endloop
  endfacet
  facet normal 0.259702 -0 0.965689
    outer loop
      vertex 22.3793 1.1187 14.9786
      vertex 22.4176 19.9773 14.9683
      vertex 22.3793 19.9759 14.9786
    endloop
  endfacet
  facet normal 0.259702 0 0.965689
    outer loop
      vertex 22.4176 19.9773 14.9683
      vertex 22.3793 1.1187 14.9786
      vertex 22.4176 1.1165 14.9683
    endloop
  endfacet
  facet normal 0.257663 0 0.966235
    outer loop
      vertex 22.3418 19.9773 14.9886
      vertex 22.3793 1.1187 14.9786
      vertex 22.3793 19.9759 14.9786
    endloop
  endfacet
  facet normal 0.257663 0 0.966235
    outer loop
      vertex 22.3793 1.1187 14.9786
      vertex 22.3418 19.9773 14.9886
      vertex 22.3418 1.11649 14.9886
    endloop
  endfacet
  facet normal 0.271482 0 0.962444
    outer loop
      vertex 21.0815 19.9773 15.3441
      vertex 22.3418 1.11649 14.9886
      vertex 22.3418 19.9773 14.9886
    endloop
  endfacet
  facet normal 0.271445 -2.69236e-06 0.962454
    outer loop
      vertex 21.0815 19.9773 15.3441
      vertex 20.2846 1.11645 15.5688
      vertex 22.3418 1.11649 14.9886
    endloop
  endfacet
  facet normal 0.271421 -1.59798e-06 0.962461
    outer loop
      vertex 20.2145 19.9773 15.5886
      vertex 20.2846 1.11645 15.5688
      vertex 21.0815 19.9773 15.3441
    endloop
  endfacet
  facet normal 0.271819 0 0.962348
    outer loop
      vertex 20.2846 1.11645 15.5688
      vertex 20.2145 19.9773 15.5886
      vertex 20.2145 1.11645 15.5886
    endloop
  endfacet
  facet normal 0.282862 -0 0.959161
    outer loop
      vertex 20.1772 1.11866 15.5996
      vertex 20.2145 19.9773 15.5886
      vertex 20.1772 19.9759 15.5996
    endloop
  endfacet
  facet normal 0.282862 0 0.959161
    outer loop
      vertex 20.2145 19.9773 15.5886
      vertex 20.1772 1.11866 15.5996
      vertex 20.2145 1.11645 15.5886
    endloop
  endfacet
  facet normal 0.285033 0 0.958518
    outer loop
      vertex 20.1392 19.9773 15.6109
      vertex 20.1772 1.11866 15.5996
      vertex 20.1772 19.9759 15.5996
    endloop
  endfacet
  facet normal 0.285033 0 0.958518
    outer loop
      vertex 20.1772 1.11866 15.5996
      vertex 20.1392 19.9773 15.6109
      vertex 20.1392 1.11647 15.6109
    endloop
  endfacet
  facet normal 0.29657 0 0.955011
    outer loop
      vertex 18.8888 19.9773 15.9992
      vertex 20.1392 1.11647 15.6109
      vertex 20.1392 19.9773 15.6109
    endloop
  endfacet
  facet normal 0.296549 -1.47796e-06 0.955018
    outer loop
      vertex 18.8888 19.9773 15.9992
      vertex 18.0997 1.1165 16.2442
      vertex 20.1392 1.11647 15.6109
    endloop
  endfacet
  facet normal 0.296522 -1.99171e-07 0.955026
    outer loop
      vertex 18.0295 19.9773 16.266
      vertex 18.0997 1.1165 16.2442
      vertex 18.8888 19.9773 15.9992
    endloop
  endfacet
  facet normal 0.29657 0 0.955011
    outer loop
      vertex 18.0997 1.1165 16.2442
      vertex 18.0295 19.9773 16.266
      vertex 18.0295 1.1165 16.266
    endloop
  endfacet
  facet normal 0.30782 -0 0.951445
    outer loop
      vertex 17.9921 1.1187 16.2781
      vertex 18.0295 19.9773 16.266
      vertex 17.9921 19.9759 16.2781
    endloop
  endfacet
  facet normal 0.30782 0 0.951445
    outer loop
      vertex 18.0295 19.9773 16.266
      vertex 17.9921 1.1187 16.2781
      vertex 18.0295 1.1165 16.266
    endloop
  endfacet
  facet normal 0.308567 0 0.951203
    outer loop
      vertex 17.9548 19.9773 16.2902
      vertex 17.9921 1.1187 16.2781
      vertex 17.9921 19.9759 16.2781
    endloop
  endfacet
  facet normal 0.308567 0 0.951203
    outer loop
      vertex 17.9921 1.1187 16.2781
      vertex 17.9548 19.9773 16.2902
      vertex 17.9548 1.11648 16.2902
    endloop
  endfacet
  facet normal 0.321467 0 0.946921
    outer loop
      vertex 16.7144 19.9773 16.7113
      vertex 17.9548 1.11648 16.2902
      vertex 17.9548 19.9773 16.2902
    endloop
  endfacet
  facet normal 0.321476 5.88508e-07 0.946918
    outer loop
      vertex 16.7144 19.9773 16.7113
      vertex 15.9321 1.1165 16.9769
      vertex 17.9548 1.11648 16.2902
    endloop
  endfacet
  facet normal 0.321458 1.38377e-06 0.946924
    outer loop
      vertex 15.8625 19.9773 17.0005
      vertex 15.9321 1.1165 16.9769
      vertex 16.7144 19.9773 16.7113
    endloop
  endfacet
  facet normal 0.321122 0 0.947038
    outer loop
      vertex 15.9321 1.1165 16.9769
      vertex 15.8625 19.9773 17.0005
      vertex 15.8625 1.1165 17.0005
    endloop
  endfacet
  facet normal 0.332953 -0 0.942943
    outer loop
      vertex 15.8254 1.11871 17.0136
      vertex 15.8625 19.9773 17.0005
      vertex 15.8254 19.9759 17.0136
    endloop
  endfacet
  facet normal 0.332953 0 0.942943
    outer loop
      vertex 15.8625 19.9773 17.0005
      vertex 15.8254 1.11871 17.0136
      vertex 15.8625 1.1165 17.0005
    endloop
  endfacet
  facet normal 0.334556 0 0.942376
    outer loop
      vertex 15.7885 19.9772 17.0267
      vertex 15.8254 1.11871 17.0136
      vertex 15.8254 19.9759 17.0136
    endloop
  endfacet
  facet normal 0.334556 0 0.942376
    outer loop
      vertex 15.8254 1.11871 17.0136
      vertex 15.7885 19.9772 17.0267
      vertex 15.7885 1.11652 17.0267
    endloop
  endfacet
  facet normal 0.346126 0 0.938188
    outer loop
      vertex 14.559 19.9772 17.4803
      vertex 15.7885 1.11652 17.0267
      vertex 15.7885 19.9772 17.0267
    endloop
  endfacet
  facet normal 0.346126 7.69517e-09 0.938188
    outer loop
      vertex 14.559 19.9772 17.4803
      vertex 13.7846 1.11651 17.766
      vertex 15.7885 1.11652 17.0267
    endloop
  endfacet
  facet normal 0.346123 1.73316e-07 0.938189
    outer loop
      vertex 13.7152 19.9773 17.7916
      vertex 13.7846 1.11651 17.766
      vertex 14.559 19.9772 17.4803
    endloop
  endfacet
  facet normal 0.346081 0 0.938205
    outer loop
      vertex 13.7846 1.11651 17.766
      vertex 13.7152 19.9773 17.7916
      vertex 13.7152 1.1165 17.7916
    endloop
  endfacet
  facet normal 0.356742 -0 0.934203
    outer loop
      vertex 13.6788 1.11868 17.8055
      vertex 13.7152 19.9773 17.7916
      vertex 13.6788 19.9759 17.8055
    endloop
  endfacet
  facet normal 0.356742 0 0.934203
    outer loop
      vertex 13.7152 19.9773 17.7916
      vertex 13.6788 1.11868 17.8055
      vertex 13.7152 1.1165 17.7916
    endloop
  endfacet
  facet normal 0.359149 0 0.93328
    outer loop
      vertex 13.6419 19.9773 17.8197
      vertex 13.6788 1.11868 17.8055
      vertex 13.6788 19.9759 17.8055
    endloop
  endfacet
  facet normal 0.359149 0 0.93328
    outer loop
      vertex 13.6788 1.11868 17.8055
      vertex 13.6419 19.9773 17.8197
      vertex 13.6419 1.11644 17.8197
    endloop
  endfacet
  facet normal 0.370547 0 0.928814
    outer loop
      vertex 12.4272 19.9773 18.3043
      vertex 13.6419 1.11644 17.8197
      vertex 13.6419 19.9773 17.8197
    endloop
  endfacet
  facet normal 0.370576 2.17017e-06 0.928802
    outer loop
      vertex 12.4272 19.9773 18.3043
      vertex 11.6566 1.11643 18.6118
      vertex 13.6419 1.11644 17.8197
    endloop
  endfacet
  facet normal 0.37053 4.36329e-06 0.928821
    outer loop
      vertex 11.5902 19.9773 18.6382
      vertex 11.6566 1.11643 18.6118
      vertex 12.4272 19.9773 18.3043
    endloop
  endfacet
  facet normal 0.36946 0 0.929247
    outer loop
      vertex 11.6566 1.11643 18.6118
      vertex 11.5902 19.9773 18.6382
      vertex 11.5902 1.11643 18.6382
    endloop
  endfacet
  facet normal 0.384436 -0 0.923152
    outer loop
      vertex 11.5537 1.11865 18.6534
      vertex 11.5902 19.9773 18.6382
      vertex 11.5537 19.9759 18.6534
    endloop
  endfacet
  facet normal 0.384436 0 0.923152
    outer loop
      vertex 11.5902 19.9773 18.6382
      vertex 11.5537 1.11865 18.6534
      vertex 11.5902 1.11643 18.6382
    endloop
  endfacet
  facet normal 0.382427 0 0.923986
    outer loop
      vertex 11.5177 19.9773 18.6683
      vertex 11.5537 1.11865 18.6534
      vertex 11.5537 19.9759 18.6534
    endloop
  endfacet
  facet normal 0.382427 0 0.923986
    outer loop
      vertex 11.5537 1.11865 18.6534
      vertex 11.5177 19.9773 18.6683
      vertex 11.5177 1.11646 18.6683
    endloop
  endfacet
  facet normal 0.394731 0 0.918797
    outer loop
      vertex 10.315 19.9773 19.185
      vertex 11.5177 1.11646 18.6683
      vertex 11.5177 19.9773 18.6683
    endloop
  endfacet
  facet normal 0.394742 8.50585e-07 0.918792
    outer loop
      vertex 10.315 19.9773 19.185
      vertex 9.55369 1.11645 19.5121
      vertex 11.5177 1.11646 18.6683
    endloop
  endfacet
  facet normal 0.394707 2.50945e-06 0.918807
    outer loop
      vertex 9.48746 19.9773 19.5405
      vertex 9.55369 1.11645 19.5121
      vertex 10.315 19.9773 19.185
    endloop
  endfacet
  facet normal 0.394104 0 0.919066
    outer loop
      vertex 9.55369 1.11645 19.5121
      vertex 9.48746 19.9773 19.5405
      vertex 9.48746 1.11645 19.5405
    endloop
  endfacet
  facet normal 0.407877 0 0.913037
    outer loop
      vertex 9.48746 19.9773 19.5405
      vertex 9.45142 1.11866 19.5566
      vertex 9.48746 1.11645 19.5405
    endloop
  endfacet
  facet normal 0.407877 0 0.913037
    outer loop
      vertex 9.45142 19.9759 19.5566
      vertex 9.45142 1.11866 19.5566
      vertex 9.48746 19.9773 19.5405
    endloop
  endfacet
  facet normal 0.40666 0 0.913579
    outer loop
      vertex 9.4157 19.9773 19.5725
      vertex 9.45142 1.11866 19.5566
      vertex 9.45142 19.9759 19.5566
    endloop
  endfacet
  facet normal 0.40666 0 0.913579
    outer loop
      vertex 9.45142 1.11866 19.5566
      vertex 9.4157 19.9773 19.5725
      vertex 9.4157 1.11647 19.5725
    endloop
  endfacet
  facet normal 0.418653 0 0.908146
    outer loop
      vertex 8.22589 19.9773 20.121
      vertex 9.4157 1.11647 19.5725
      vertex 9.4157 19.9773 19.5725
    endloop
  endfacet
  facet normal 0.418674 1.56362e-06 0.908137
    outer loop
      vertex 8.22589 19.9773 20.121
      vertex 7.47611 1.11651 20.4667
      vertex 9.4157 1.11647 19.5725
    endloop
  endfacet
  facet normal 0.418657 2.403e-06 0.908145
    outer loop
      vertex 7.40854 19.9772 20.4978
      vertex 7.47611 1.11651 20.4667
      vertex 8.22589 19.9773 20.121
    endloop
  endfacet
  facet normal 0.418103 0 0.9084
    outer loop
      vertex 7.47611 1.11651 20.4667
      vertex 7.40854 19.9772 20.4978
      vertex 7.40854 1.11652 20.4978
    endloop
  endfacet
  facet normal 0.430734 -0 0.902479
    outer loop
      vertex 7.37355 1.11871 20.5145
      vertex 7.40854 19.9772 20.4978
      vertex 7.37355 19.9759 20.5145
    endloop
  endfacet
  facet normal 0.430734 0 0.902479
    outer loop
      vertex 7.40854 19.9772 20.4978
      vertex 7.37355 1.11871 20.5145
      vertex 7.40854 1.11652 20.4978
    endloop
  endfacet
  facet normal 0.430129 0 0.902768
    outer loop
      vertex 7.33766 19.9773 20.5316
      vertex 7.37355 1.11871 20.5145
      vertex 7.37355 19.9759 20.5145
    endloop
  endfacet
  facet normal 0.430129 0 0.902768
    outer loop
      vertex 7.37355 1.11871 20.5145
      vertex 7.33766 19.9773 20.5316
      vertex 7.33766 1.11649 20.5316
    endloop
  endfacet
  facet normal 0.442283 0 0.896876
    outer loop
      vertex 6.16314 19.9773 21.1108
      vertex 7.33766 1.11649 20.5316
      vertex 7.33766 19.9773 20.5316
    endloop
  endfacet
  facet normal 0.442282 -8.54165e-08 0.896876
    outer loop
      vertex 6.16314 19.9773 21.1108
      vertex 5.42257 1.11651 21.476
      vertex 7.33766 1.11649 20.5316
    endloop
  endfacet
  facet normal 0.442318 -1.83162e-06 0.896858
    outer loop
      vertex 5.35675 19.9772 21.5085
      vertex 5.42257 1.11651 21.476
      vertex 6.16314 19.9773 21.1108
    endloop
  endfacet
  facet normal 0.44274 0 0.89665
    outer loop
      vertex 5.42257 1.11651 21.476
      vertex 5.35675 19.9772 21.5085
      vertex 5.35675 1.11651 21.5085
    endloop
  endfacet
  facet normal 0.454368 0 0.890814
    outer loop
      vertex 5.35675 19.9772 21.5085
      vertex 5.32146 1.11874 21.5265
      vertex 5.35675 1.11651 21.5085
    endloop
  endfacet
  facet normal 0.454368 0 0.890814
    outer loop
      vertex 5.32146 19.9759 21.5265
      vertex 5.32146 1.11874 21.5265
      vertex 5.35675 19.9772 21.5085
    endloop
  endfacet
  facet normal 0.452762 0 0.891632
    outer loop
      vertex 5.2868 19.9772 21.5441
      vertex 5.32146 1.11874 21.5265
      vertex 5.32146 19.9759 21.5265
    endloop
  endfacet
  facet normal 0.452762 0 0.891632
    outer loop
      vertex 5.32146 1.11874 21.5265
      vertex 5.2868 19.9772 21.5441
      vertex 5.2868 1.11657 21.5441
    endloop
  endfacet
  facet normal 0.465662 0 0.884963
    outer loop
      vertex 4.12639 19.9772 22.1547
      vertex 5.2868 1.11657 21.5441
      vertex 5.2868 19.9772 21.5441
    endloop
  endfacet
  facet normal 0.465633 -2.27468e-06 0.884978
    outer loop
      vertex 4.12639 19.9772 22.1547
      vertex 3.39609 1.1165 22.5389
      vertex 5.2868 1.11657 21.5441
    endloop
  endfacet
  facet normal 0.465572 7.16404e-07 0.88501
    outer loop
      vertex 3.33124 19.9773 22.573
      vertex 3.39609 1.1165 22.5389
      vertex 4.12639 19.9772 22.1547
    endloop
  endfacet
  facet normal 0.465409 0 0.885096
    outer loop
      vertex 3.39609 1.1165 22.5389
      vertex 3.33124 19.9773 22.573
      vertex 3.33124 1.11649 22.573
    endloop
  endfacet
  facet normal 0.476683 0 0.879075
    outer loop
      vertex 3.33124 19.9773 22.573
      vertex 3.29657 1.11871 22.5918
      vertex 3.33124 1.11649 22.573
    endloop
  endfacet
  facet normal 0.476683 0 0.879075
    outer loop
      vertex 3.29657 19.9759 22.5918
      vertex 3.29657 1.11871 22.5918
      vertex 3.33124 19.9773 22.573
    endloop
  endfacet
  facet normal 0.477813 0 0.878461
    outer loop
      vertex 3.26219 19.9772 22.6105
      vertex 3.29657 1.11871 22.5918
      vertex 3.29657 19.9759 22.5918
    endloop
  endfacet
  facet normal 0.477813 0 0.878461
    outer loop
      vertex 3.29657 1.11871 22.5918
      vertex 3.26219 19.9772 22.6105
      vertex 3.26219 1.11652 22.6105
    endloop
  endfacet
  facet normal 0.488638 0 0.872487
    outer loop
      vertex 2.11819 19.9772 23.2512
      vertex 3.26219 1.11652 22.6105
      vertex 3.26219 19.9772 22.6105
    endloop
  endfacet
  facet normal 0.488622 -1.25296e-06 0.872495
    outer loop
      vertex 2.11819 19.9772 23.2512
      vertex 1.39925 1.11654 23.6538
      vertex 3.26219 1.11652 22.6105
    endloop
  endfacet
  facet normal 0.488565 1.63838e-06 0.872528
    outer loop
      vertex 1.33418 19.9772 23.6902
      vertex 1.39925 1.11654 23.6538
      vertex 2.11819 19.9772 23.2512
    endloop
  endfacet
  facet normal 0.488203 0 0.87273
    outer loop
      vertex 1.39925 1.11654 23.6538
      vertex 1.33418 19.9772 23.6902
      vertex 1.33418 1.11654 23.6902
    endloop
  endfacet
  facet normal 0.500201 -0 0.865909
    outer loop
      vertex 1.30025 1.11872 23.7098
      vertex 1.33418 19.9772 23.6902
      vertex 1.30025 19.9759 23.7098
    endloop
  endfacet
  facet normal 0.500201 0 0.865909
    outer loop
      vertex 1.33418 19.9772 23.6902
      vertex 1.30025 1.11872 23.7098
      vertex 1.33418 1.11654 23.6902
    endloop
  endfacet
  facet normal 0.500345 0 0.865826
    outer loop
      vertex 1.26616 19.9773 23.7295
      vertex 1.30025 1.11872 23.7098
      vertex 1.30025 19.9759 23.7098
    endloop
  endfacet
  facet normal 0.500345 0 0.865826
    outer loop
      vertex 1.30025 1.11872 23.7098
      vertex 1.26616 19.9773 23.7295
      vertex 1.26616 1.11648 23.7295
    endloop
  endfacet
  facet normal 0.511274 0.00101998 0.859417
    outer loop
      vertex 0.0632629 19.9037 24.4452
      vertex 1.26616 19.9773 23.7295
      vertex 0.140439 19.9773 24.3992
    endloop
  endfacet
  facet normal 0.51132 -0 0.85939
    outer loop
      vertex 0.0632629 1.2041 24.4452
      vertex 1.26616 19.9773 23.7295
      vertex 0.0632629 19.9037 24.4452
    endloop
  endfacet
  facet normal 0.511341 0.00092498 0.859378
    outer loop
      vertex 0.0632629 19.9037 24.4452
      vertex 0.140439 19.9773 24.3992
      vertex 0.100776 19.9773 24.4228
    endloop
  endfacet
  facet normal 0.51132 0 0.85939
    outer loop
      vertex 1.26616 19.9773 23.7295
      vertex 0.0632629 1.2041 24.4452
      vertex 1.26616 1.11648 23.7295
    endloop
  endfacet
  facet normal 0.511306 -0.000256233 0.859398
    outer loop
      vertex 1.26616 1.11648 23.7295
      vertex 0.0632629 1.2041 24.4452
      vertex 0.107928 1.1165 24.4186
    endloop
  endfacet
  facet normal 0.468343 0 0.883547
    outer loop
      vertex 0.00723267 1.49907 24.4749
      vertex 0.0632629 1.2041 24.4452
      vertex 0.0632629 19.9037 24.4452
    endloop
  endfacet
  facet normal 0.467209 0.000400901 0.884147
    outer loop
      vertex 0.00723267 19.7009 24.4749
      vertex 0.0632629 19.9037 24.4452
      vertex 0.0360532 19.8561 24.4596
    endloop
  endfacet
  facet normal 0.468343 -0 0.883547
    outer loop
      vertex 0.00723267 1.49907 24.4749
      vertex 0.0632629 19.9037 24.4452
      vertex 0.00723267 19.7009 24.4749
    endloop
  endfacet
  facet normal 0.415743 -0.012594 0.909395
    outer loop
      vertex 0.0632629 1.2041 24.4452
      vertex 0.00723267 1.49907 24.4749
      vertex 0.0613933 1.20737 24.4461
    endloop
  endfacet
  facet normal -0.997431 -0.000109719 0.0716368
    outer loop
      vertex 0 20.0799 24.3746
      vertex 0.00612943 19.8561 24.4596
      vertex 0.00284506 20.0061 24.4141
    endloop
  endfacet
  facet normal -0.99741 4.98202e-07 0.0719255
    outer loop
      vertex 0 20.0799 24.3746
      vertex 0.00723267 19.7009 24.4749
      vertex 0.00612943 19.8561 24.4596
    endloop
  endfacet
  facet normal -0.99741 0 0.0719236
    outer loop
      vertex 0 20.0799 24.3746
      vertex 0.00723267 1.49907 24.4749
      vertex 0.00723267 19.7009 24.4749
    endloop
  endfacet
  facet normal -0.99741 0 0.0719236
    outer loop
      vertex 0 0.971654 24.3746
      vertex 0.00723267 1.49907 24.4749
      vertex 0 20.0799 24.3746
    endloop
  endfacet
  facet normal -0.997401 -2.51637e-05 0.0720552
    outer loop
      vertex 0.00723267 1.49907 24.4749
      vertex 0 0.971654 24.3746
      vertex 0.00515943 1.20737 24.4461
    endloop
  endfacet
  facet normal 1 0 0
    outer loop
      vertex 2.39999 1.52588e-05 -5.72205e-07
      vertex 2.39999 11.5474 2.02623
      vertex 2.39999 10.4584 3.71882
    endloop
  endfacet
  facet normal 1 0 0
    outer loop
      vertex 2.39999 1.52588e-05 -5.72205e-07
      vertex 2.39999 5.06779 12.2218
      vertex 2.39999 2.82505 15.7928
    endloop
  endfacet
  facet normal 1 0 0
    outer loop
      vertex 2.39999 11.5474 2.02623
      vertex 2.39999 1.52588e-05 -5.72205e-07
      vertex 2.39999 12.8511 -5.72205e-07
    endloop
  endfacet
  facet normal 1 0 0
    outer loop
      vertex 2.39999 8.14818 7.35152
      vertex 2.39999 1.52588e-05 -5.72205e-07
      vertex 2.39999 10.4584 3.71882
    endloop
  endfacet
  facet normal 1 0 0
    outer loop
      vertex 2.39999 6.40843 10.0872
      vertex 2.39999 1.52588e-05 -5.72205e-07
      vertex 2.39999 8.14818 7.35152
    endloop
  endfacet
  facet normal 1 0 0
    outer loop
      vertex 2.39999 5.06779 12.2218
      vertex 2.39999 1.52588e-05 -5.72205e-07
      vertex 2.39999 6.40843 10.0872
    endloop
  endfacet
  facet normal 1 0 0
    outer loop
      vertex 2.39999 2.26451 16.6973
      vertex 2.39999 1.52588e-05 -5.72205e-07
      vertex 2.39999 2.82505 15.7928
    endloop
  endfacet
  facet normal 1 0 0
    outer loop
      vertex 2.39999 1.52588e-05 -5.72205e-07
      vertex 2.39999 2.26451 16.6973
      vertex 2.39999 1.52588e-05 20.3513
    endloop
  endfacet
  facet normal -1 0 0
    outer loop
      vertex 87.6 1.52588e-05 -5.72205e-07
      vertex 87.6 10.4584 3.71885
      vertex 87.6 12.8511 -5.72205e-07
    endloop
  endfacet
  facet normal -1 0 0
    outer loop
      vertex 87.6 1.52588e-05 -5.72205e-07
      vertex 87.6 8.75304 6.4004
      vertex 87.6 10.4584 3.71885
    endloop
  endfacet
  facet normal -1 0 0
    outer loop
      vertex 87.6 1.52588e-05 -5.72205e-07
      vertex 87.6 6.4084 10.0873
      vertex 87.6 8.75304 6.4004
    endloop
  endfacet
  facet normal -1 0 0
    outer loop
      vertex 87.6 1.52588e-05 -5.72205e-07
      vertex 87.6 3.77102 14.2866
      vertex 87.6 6.4084 10.0873
    endloop
  endfacet
  facet normal -1 0 0
    outer loop
      vertex 87.6 1.52588e-05 -5.72205e-07
      vertex 87.6 2.82503 15.7928
      vertex 87.6 3.77102 14.2866
    endloop
  endfacet
  facet normal -1 -0 0
    outer loop
      vertex 87.6 2.82503 15.7928
      vertex 87.6 1.52588e-05 -5.72205e-07
      vertex 87.6 1.52588e-05 20.3513
    endloop
  endfacet
  facet normal 0.267079 -0.819131 -0.507635
    outer loop
      vertex 87.6 1.52588e-05 20.3513
      vertex 85.7683 1.52588e-05 19.3876
      vertex 87.6 2.82503 15.7928
    endloop
  endfacet
  facet normal 0.253673 -0.81913 -0.514466
    outer loop
      vertex 87.6 2.82503 15.7928
      vertex 85.7683 1.52588e-05 19.3876
      vertex 87.6 3.77102 14.2866
    endloop
  endfacet
  facet normal 0.253712 -0.819128 -0.514451
    outer loop
      vertex 83.6599 1.52588e-05 18.3478
      vertex 87.6 3.77102 14.2866
      vertex 85.7683 1.52588e-05 19.3876
    endloop
  endfacet
  facet normal 0.253707 -0.819127 -0.514455
    outer loop
      vertex 87.6 3.77102 14.2866
      vertex 83.6599 1.52588e-05 18.3478
      vertex 87.6 6.4084 10.0873
    endloop
  endfacet
  facet normal 0.240164 -0.819127 -0.520914
    outer loop
      vertex 83.6599 1.52588e-05 18.3478
      vertex 87.6 8.75304 6.4004
      vertex 87.6 6.4084 10.0873
    endloop
  endfacet
  facet normal 0.240147 -0.819128 -0.520921
    outer loop
      vertex 81.525 1.52588e-05 17.3636
      vertex 87.6 8.75304 6.4004
      vertex 83.6599 1.52588e-05 18.3478
    endloop
  endfacet
  facet normal 0.240124 -0.819127 -0.520933
    outer loop
      vertex 87.6 8.75304 6.4004
      vertex 81.525 1.52588e-05 17.3636
      vertex 87.6 10.4584 3.71885
    endloop
  endfacet
  facet normal 0 -0.793679 -0.608337
    outer loop
      vertex 81.5249 1.52588e-05 17.3636
      vertex 87.6 10.4584 3.71885
      vertex 81.525 1.52588e-05 17.3636
    endloop
  endfacet
  facet normal 0.226442 -0.819128 -0.527023
    outer loop
      vertex 86.7514 12.6165 -5.72205e-07
      vertex 87.6 10.4584 3.71885
      vertex 81.5249 1.52588e-05 17.3636
    endloop
  endfacet
  facet normal 0.226452 -0.819125 -0.527023
    outer loop
      vertex 87.6 10.4584 3.71885
      vertex 86.7514 12.6165 -5.72205e-07
      vertex 87.6 12.8511 -5.72205e-07
    endloop
  endfacet
  facet normal 0.226437 -0.819127 -0.527026
    outer loop
      vertex 86.1728 12.4566 -5.72205e-07
      vertex 81.5249 1.52588e-05 17.3636
      vertex 79.365 1.52588e-05 16.4356
    endloop
  endfacet
  facet normal 0.226373 -0.819132 -0.527047
    outer loop
      vertex 81.5249 1.52588e-05 17.3636
      vertex 86.1728 12.4566 -5.72205e-07
      vertex 86.7514 12.6165 -5.72205e-07
    endloop
  endfacet
  facet normal 0.212563 -0.819128 -0.532773
    outer loop
      vertex 79.365 1.52588e-05 16.4356
      vertex 83.8464 11.8529 -5.72205e-07
      vertex 86.1728 12.4566 -5.72205e-07
    endloop
  endfacet
  facet normal 0.21254 -0.819131 -0.532777
    outer loop
      vertex 83.1561 11.6737 -5.72205e-07
      vertex 79.365 1.52588e-05 16.4356
      vertex 77.1814 1.52588e-05 15.5645
    endloop
  endfacet
  facet normal 0.212642 -0.819123 -0.532748
    outer loop
      vertex 79.365 1.52588e-05 16.4356
      vertex 83.1561 11.6737 -5.72205e-07
      vertex 83.8464 11.8529 -5.72205e-07
    endloop
  endfacet
  facet normal 0.198513 -0.81913 -0.538162
    outer loop
      vertex 83.1561 11.6737 -5.72205e-07
      vertex 77.1814 1.52588e-05 15.5645
      vertex 80.9906 11.1489 -5.72205e-07
    endloop
  endfacet
  facet normal 0.198546 -0.819129 -0.538151
    outer loop
      vertex 80.1994 10.9571 -5.72205e-07
      vertex 77.1814 1.52588e-05 15.5645
      vertex 74.9759 1.52588e-05 14.7508
    endloop
  endfacet
  facet normal 0.19857 -0.819127 -0.538145
    outer loop
      vertex 77.1814 1.52588e-05 15.5645
      vertex 80.1994 10.9571 -5.72205e-07
      vertex 80.9906 11.1489 -5.72205e-07
    endloop
  endfacet
  facet normal 0.184398 -0.819129 -0.543161
    outer loop
      vertex 74.9759 1.52588e-05 14.7508
      vertex 78.1791 10.5023 -5.72205e-07
      vertex 80.1994 10.9571 -5.72205e-07
    endloop
  endfacet
  facet normal 0.184382 -0.819129 -0.543168
    outer loop
      vertex 77.297 10.3038 -5.72205e-07
      vertex 74.9759 1.52588e-05 14.7508
      vertex 72.7497 1.52588e-05 13.9951
    endloop
  endfacet
  facet normal 0.18433 -0.819133 -0.543179
    outer loop
      vertex 74.9759 1.52588e-05 14.7508
      vertex 77.297 10.3038 -5.72205e-07
      vertex 78.1791 10.5023 -5.72205e-07
    endloop
  endfacet
  facet normal 0.170093 -0.819129 -0.54781
    outer loop
      vertex 77.297 10.3038 -5.72205e-07
      vertex 72.7497 1.52588e-05 13.9951
      vertex 75.4072 9.91138 -5.72205e-07
    endloop
  endfacet
  facet normal 0.170094 -0.819129 -0.54781
    outer loop
      vertex 74.4436 9.71128 -5.72205e-07
      vertex 72.7497 1.52588e-05 13.9951
      vertex 70.5046 1.52588e-05 13.298
    endloop
  endfacet
  facet normal 0.170099 -0.819129 -0.547809
    outer loop
      vertex 72.7497 1.52588e-05 13.9951
      vertex 74.4436 9.71128 -5.72205e-07
      vertex 75.4072 9.91138 -5.72205e-07
    endloop
  endfacet
  facet normal 0.155703 -0.819129 -0.552073
    outer loop
      vertex 70.5046 1.52588e-05 13.298
      vertex 72.6707 9.37428 -5.72205e-07
      vertex 74.4436 9.71128 -5.72205e-07
    endloop
  endfacet
  facet normal 0.155696 -0.819129 -0.552074
    outer loop
      vertex 71.6341 9.17725 -5.72205e-07
      vertex 70.5046 1.52588e-05 13.298
      vertex 68.242 1.52588e-05 12.6599
    endloop
  endfacet
  facet normal 0.155695 -0.819129 -0.552074
    outer loop
      vertex 70.5046 1.52588e-05 13.298
      vertex 71.6341 9.17725 -5.72205e-07
      vertex 72.6707 9.37428 -5.72205e-07
    endloop
  endfacet
  facet normal 0.141203 -0.819129 -0.555958
    outer loop
      vertex 68.242 1.52588e-05 12.6599
      vertex 69.9653 8.88958 -5.72205e-07
      vertex 71.6341 9.17725 -5.72205e-07
    endloop
  endfacet
  facet normal 0.141198 -0.819129 -0.555959
    outer loop
      vertex 68.8638 8.69972 -5.72205e-07
      vertex 68.242 1.52588e-05 12.6599
      vertex 65.9634 1.52588e-05 12.0812
    endloop
  endfacet
  facet normal 0.141189 -0.81913 -0.55596
    outer loop
      vertex 68.242 1.52588e-05 12.6599
      vertex 68.8638 8.69972 -5.72205e-07
      vertex 69.9653 8.88958 -5.72205e-07
    endloop
  endfacet
  facet normal 0.126596 -0.819129 -0.559464
    outer loop
      vertex 65.9634 1.52588e-05 12.0812
      vertex 67.2869 8.45601 -5.72205e-07
      vertex 68.8638 8.69972 -5.72205e-07
    endloop
  endfacet
  facet normal 0.126611 -0.819128 -0.559463
    outer loop
      vertex 66.1281 8.27692 -5.72205e-07
      vertex 65.9634 1.52588e-05 12.0812
      vertex 63.6705 1.52588e-05 11.5623
    endloop
  endfacet
  facet normal 0.126595 -0.819129 -0.559465
    outer loop
      vertex 65.9634 1.52588e-05 12.0812
      vertex 66.1281 8.27692 -5.72205e-07
      vertex 67.2869 8.45601 -5.72205e-07
    endloop
  endfacet
  facet normal 0.111903 -0.819128 -0.56259
    outer loop
      vertex 63.6705 1.52588e-05 11.5623
      vertex 64.6316 8.07248 -5.72205e-07
      vertex 66.1281 8.27692 -5.72205e-07
    endloop
  endfacet
  facet normal 0.111893 -0.819129 -0.56259
    outer loop
      vertex 63.4227 7.90732 -5.72205e-07
      vertex 63.6705 1.52588e-05 11.5623
      vertex 61.3647 1.52588e-05 11.1037
    endloop
  endfacet
  facet normal 0.111909 -0.819128 -0.562589
    outer loop
      vertex 63.6705 1.52588e-05 11.5623
      vertex 63.4227 7.90732 -5.72205e-07
      vertex 64.6316 8.07248 -5.72205e-07
    endloop
  endfacet
  facet normal 0.0971406 -0.819129 -0.565324
    outer loop
      vertex 63.4227 7.90732 -5.72205e-07
      vertex 61.3647 1.52588e-05 11.1037
      vertex 61.9956 7.73808 -5.72205e-07
    endloop
  endfacet
  facet normal 0.0971365 -0.81913 -0.565324
    outer loop
      vertex 60.7434 7.58958 -5.72205e-07
      vertex 61.3647 1.52588e-05 11.1037
      vertex 59.0478 1.52588e-05 10.7056
    endloop
  endfacet
  facet normal 0.0971416 -0.819129 -0.565324
    outer loop
      vertex 61.3647 1.52588e-05 11.1037
      vertex 60.7434 7.58958 -5.72205e-07
      vertex 61.9956 7.73808 -5.72205e-07
    endloop
  endfacet
  facet normal 0.0823021 -0.81913 -0.567673
    outer loop
      vertex 60.7434 7.58958 -5.72205e-07
      vertex 59.0478 1.52588e-05 10.7056
      vertex 59.3752 7.45211 -5.72205e-07
    endloop
  endfacet
  facet normal 0.0823265 -0.819128 -0.567672
    outer loop
      vertex 58.0863 7.32258 -5.72205e-07
      vertex 59.0478 1.52588e-05 10.7056
      vertex 56.7213 1.52588e-05 10.3682
    endloop
  endfacet
  facet normal 0.0823196 -0.819129 -0.567672
    outer loop
      vertex 59.0478 1.52588e-05 10.7056
      vertex 58.0863 7.32258 -5.72205e-07
      vertex 59.3752 7.45211 -5.72205e-07
    endloop
  endfacet
  facet normal 0.0674175 -0.819128 -0.569635
    outer loop
      vertex 58.0863 7.32258 -5.72205e-07
      vertex 56.7212 1.52588e-05 10.3682
      vertex 56.7668 7.21398 -5.72205e-07
    endloop
  endfacet
  facet normal 0 -0.816825 -0.576885
    outer loop
      vertex 56.7212 1.52588e-05 10.3682
      vertex 58.0863 7.32258 -5.72205e-07
      vertex 56.7213 1.52588e-05 10.3682
    endloop
  endfacet
  facet normal 0.0674191 -0.819128 -0.569634
    outer loop
      vertex 55.4474 7.10538 -5.72205e-07
      vertex 56.7212 1.52588e-05 10.3682
      vertex 54.3867 1.52588e-05 10.0919
    endloop
  endfacet
  facet normal 0.0674225 -0.819128 -0.569635
    outer loop
      vertex 56.7212 1.52588e-05 10.3682
      vertex 55.4474 7.10538 -5.72205e-07
      vertex 56.7668 7.21398 -5.72205e-07
    endloop
  endfacet
  facet normal 0.0524828 -0.819128 -0.571204
    outer loop
      vertex 55.4474 7.10538 -5.72205e-07
      vertex 54.3867 1.52588e-05 10.0919
      vertex 54.1668 7.02333 -5.72205e-07
    endloop
  endfacet
  facet normal 0.0524854 -0.819129 -0.571203
    outer loop
      vertex 54.1668 7.02333 -5.72205e-07
      vertex 52.0456 1.52588e-05 9.87681
      vertex 52.8229 6.93722 -5.72205e-07
    endloop
  endfacet
  facet normal 0.0524797 -0.819128 -0.571204
    outer loop
      vertex 52.0456 1.52588e-05 9.87681
      vertex 54.1668 7.02333 -5.72205e-07
      vertex 54.3867 1.52588e-05 10.0919
    endloop
  endfacet
  facet normal 0.0375134 -0.819129 -0.572382
    outer loop
      vertex 52.8229 6.93722 -5.72205e-07
      vertex 52.0456 1.52588e-05 9.87681
      vertex 51.5715 6.87991 -5.72205e-07
    endloop
  endfacet
  facet normal 0.0375168 -0.819129 -0.572381
    outer loop
      vertex 51.5715 6.87991 -5.72205e-07
      vertex 49.6998 1.52588e-05 9.72306
      vertex 50.2093 6.81752 -5.72205e-07
    endloop
  endfacet
  facet normal 0.0375154 -0.819129 -0.572382
    outer loop
      vertex 49.6998 1.52588e-05 9.72306
      vertex 51.5715 6.87991 -5.72205e-07
      vertex 52.0456 1.52588e-05 9.87681
    endloop
  endfacet
  facet normal 0.0225231 -0.819129 -0.573167
    outer loop
      vertex 50.2093 6.81752 -5.72205e-07
      vertex 49.6998 1.52588e-05 9.72306
      vertex 48.9775 6.78365 -5.72205e-07
    endloop
  endfacet
  facet normal 0.0225192 -0.819129 -0.573167
    outer loop
      vertex 48.9775 6.78365 -5.72205e-07
      vertex 47.3507 1.52588e-05 9.63076
      vertex 47.6029 6.74586 -5.72205e-07
    endloop
  endfacet
  facet normal 0.0225207 -0.819129 -0.573167
    outer loop
      vertex 47.3507 1.52588e-05 9.63076
      vertex 48.9775 6.78365 -5.72205e-07
      vertex 49.6998 1.52588e-05 9.72306
    endloop
  endfacet
  facet normal 0.00750941 -0.819129 -0.57356
    outer loop
      vertex 47.6029 6.74586 -5.72205e-07
      vertex 47.3507 1.52588e-05 9.63076
      vertex 46.3812 6.73466 -5.72205e-07
    endloop
  endfacet
  facet normal 0.00750809 -0.819129 -0.57356
    outer loop
      vertex 46.3812 6.73466 -5.72205e-07
      vertex 45 1.52588e-05 9.59999
      vertex 45 6.722 -5.72205e-07
    endloop
  endfacet
  facet normal 0.00750774 -0.819129 -0.57356
    outer loop
      vertex 45 1.52588e-05 9.59999
      vertex 46.3812 6.73466 -5.72205e-07
      vertex 47.3507 1.52588e-05 9.63076
    endloop
  endfacet
  facet normal -0.00751371 -0.819129 -0.57356
    outer loop
      vertex 45 6.722 -5.72205e-07
      vertex 45 1.52588e-05 9.59999
      vertex 43.779 6.7332 -5.72205e-07
    endloop
  endfacet
  facet normal -0.00750428 -0.819129 -0.57356
    outer loop
      vertex 43.779 6.7332 -5.72205e-07
      vertex 42.6493 1.52588e-05 9.63076
      vertex 42.3971 6.74586 -5.72205e-07
    endloop
  endfacet
  facet normal -0.00750775 -0.819129 -0.573561
    outer loop
      vertex 42.6493 1.52588e-05 9.63076
      vertex 43.779 6.7332 -5.72205e-07
      vertex 45 1.52588e-05 9.59999
    endloop
  endfacet
  facet normal -0.0225197 -0.819129 -0.573167
    outer loop
      vertex 42.3971 6.74586 -5.72205e-07
      vertex 42.6493 1.52588e-05 9.63076
      vertex 41.1673 6.77967 -5.72205e-07
    endloop
  endfacet
  facet normal -0.0225222 -0.819129 -0.573167
    outer loop
      vertex 41.1673 6.77967 -5.72205e-07
      vertex 40.3002 1.52588e-05 9.72306
      vertex 39.7907 6.81752 -5.72205e-07
    endloop
  endfacet
  facet normal -0.0225207 -0.819129 -0.573167
    outer loop
      vertex 40.3002 1.52588e-05 9.72306
      vertex 41.1673 6.77967 -5.72205e-07
      vertex 42.6493 1.52588e-05 9.63076
    endloop
  endfacet
  facet normal -0.0375117 -0.819129 -0.572382
    outer loop
      vertex 40.3002 1.52588e-05 9.72306
      vertex 38.5423 6.87469 -5.72205e-07
      vertex 39.7907 6.81752 -5.72205e-07
    endloop
  endfacet
  facet normal -0.0375157 -0.819129 -0.572381
    outer loop
      vertex 38.5423 6.87469 -5.72205e-07
      vertex 37.9544 1.52588e-05 9.87681
      vertex 37.177 6.93722 -5.72205e-07
    endloop
  endfacet
  facet normal -0.0375154 -0.819129 -0.572381
    outer loop
      vertex 37.9544 1.52588e-05 9.87681
      vertex 38.5423 6.87469 -5.72205e-07
      vertex 40.3002 1.52588e-05 9.72306
    endloop
  endfacet
  facet normal -0.0524892 -0.819129 -0.571203
    outer loop
      vertex 37.177 6.93722 -5.72205e-07
      vertex 37.9544 1.52588e-05 9.87681
      vertex 35.9003 7.01903 -5.72205e-07
    endloop
  endfacet
  facet normal -0.0524833 -0.819128 -0.571204
    outer loop
      vertex 35.9003 7.01903 -5.72205e-07
      vertex 35.6133 1.52588e-05 10.0919
      vertex 34.5526 7.10538 -5.72205e-07
    endloop
  endfacet
  facet normal -0.0524797 -0.819129 -0.571204
    outer loop
      vertex 35.6133 1.52588e-05 10.0919
      vertex 35.9003 7.01903 -5.72205e-07
      vertex 37.9544 1.52588e-05 9.87681
    endloop
  endfacet
  facet normal -0.067421 -0.819128 -0.569634
    outer loop
      vertex 34.5526 7.10538 -5.72205e-07
      vertex 35.6133 1.52588e-05 10.0919
      vertex 33.2373 7.21364 -5.72205e-07
    endloop
  endfacet
  facet normal -0.067419 -0.819128 -0.569635
    outer loop
      vertex 33.2373 7.21364 -5.72205e-07
      vertex 33.2787 1.52588e-05 10.3682
      vertex 31.9137 7.32258 -5.72205e-07
    endloop
  endfacet
  facet normal -0.0674163 -0.819128 -0.569635
    outer loop
      vertex 33.2787 1.52588e-05 10.3682
      vertex 33.2373 7.21364 -5.72205e-07
      vertex 35.6133 1.52588e-05 10.0919
    endloop
  endfacet
  facet normal -0.0823151 -0.819128 -0.567674
    outer loop
      vertex 31.9137 7.32258 -5.72205e-07
      vertex 33.2787 1.52588e-05 10.3682
      vertex 30.5494 7.45968 -5.72205e-07
    endloop
  endfacet
  facet normal -0.0823058 -0.81913 -0.567673
    outer loop
      vertex 30.5494 7.45968 -5.72205e-07
      vertex 30.9522 1.52588e-05 10.7056
      vertex 29.2566 7.58958 -5.72205e-07
    endloop
  endfacet
  facet normal -0.0823264 -0.819129 -0.567671
    outer loop
      vertex 30.9522 1.52588e-05 10.7056
      vertex 30.5494 7.45968 -5.72205e-07
      vertex 33.2787 1.52588e-05 10.3682
    endloop
  endfacet
  facet normal -0.0971466 -0.81913 -0.565322
    outer loop
      vertex 29.2566 7.58958 -5.72205e-07
      vertex 30.9522 1.52588e-05 10.7056
      vertex 27.8322 7.75851 -5.72205e-07
    endloop
  endfacet
  facet normal -0.0971349 -0.819129 -0.565326
    outer loop
      vertex 27.8322 7.75851 -5.72205e-07
      vertex 28.6352 1.52588e-05 11.1037
      vertex 26.5773 7.90732 -5.72205e-07
    endloop
  endfacet
  facet normal -0.0971326 -0.819129 -0.565326
    outer loop
      vertex 28.6352 1.52588e-05 11.1037
      vertex 27.8322 7.75851 -5.72205e-07
      vertex 30.9522 1.52588e-05 10.7056
    endloop
  endfacet
  facet normal -0.111907 -0.819129 -0.562588
    outer loop
      vertex 26.5773 7.90732 -5.72205e-07
      vertex 28.6352 1.52588e-05 11.1037
      vertex 25.0813 8.1117 -5.72205e-07
    endloop
  endfacet
  facet normal -0.111904 -0.819128 -0.56259
    outer loop
      vertex 25.0813 8.1117 -5.72205e-07
      vertex 26.3295 1.52588e-05 11.5623
      vertex 23.8719 8.27692 -5.72205e-07
    endloop
  endfacet
  facet normal -0.111898 -0.819128 -0.56259
    outer loop
      vertex 26.3295 1.52588e-05 11.5623
      vertex 25.0813 8.1117 -5.72205e-07
      vertex 28.6352 1.52588e-05 11.1037
    endloop
  endfacet
  facet normal -0.126595 -0.819128 -0.559467
    outer loop
      vertex 23.8719 8.27692 -5.72205e-07
      vertex 26.3295 1.52588e-05 11.5623
      vertex 22.2922 8.52106 -5.72205e-07
    endloop
  endfacet
  facet normal -0.126597 -0.819129 -0.559464
    outer loop
      vertex 22.2922 8.52106 -5.72205e-07
      vertex 24.0366 1.52588e-05 12.0812
      vertex 21.1362 8.69972 -5.72205e-07
    endloop
  endfacet
  facet normal -0.12661 -0.819129 -0.559462
    outer loop
      vertex 24.0366 1.52588e-05 12.0812
      vertex 22.2922 8.52106 -5.72205e-07
      vertex 26.3295 1.52588e-05 11.5623
    endloop
  endfacet
  facet normal -0.141191 -0.819129 -0.555961
    outer loop
      vertex 21.1362 8.69972 -5.72205e-07
      vertex 24.0366 1.52588e-05 12.0812
      vertex 19.4599 8.98866 -5.72205e-07
    endloop
  endfacet
  facet normal -0.141206 -0.819129 -0.555957
    outer loop
      vertex 19.4599 8.98866 -5.72205e-07
      vertex 21.758 1.52588e-05 12.6599
      vertex 18.3659 9.17725 -5.72205e-07
    endloop
  endfacet
  facet normal -0.141198 -0.81913 -0.555958
    outer loop
      vertex 21.758 1.52588e-05 12.6599
      vertex 19.4599 8.98866 -5.72205e-07
      vertex 24.0366 1.52588e-05 12.0812
    endloop
  endfacet
  facet normal -0.155693 -0.819129 -0.552075
    outer loop
      vertex 18.3659 9.17725 -5.72205e-07
      vertex 21.758 1.52588e-05 12.6599
      vertex 16.5792 9.51685 -5.72205e-07
    endloop
  endfacet
  facet normal -0.155713 -0.819129 -0.55207
    outer loop
      vertex 16.5792 9.51685 -5.72205e-07
      vertex 19.4954 1.52588e-05 13.298
      vertex 15.5564 9.71128 -5.72205e-07
    endloop
  endfacet
  facet normal -0.155696 -0.819129 -0.552074
    outer loop
      vertex 19.4954 1.52588e-05 13.298
      vertex 16.5792 9.51685 -5.72205e-07
      vertex 21.758 1.52588e-05 12.6599
    endloop
  endfacet
  facet normal -0.170116 -0.819129 -0.547803
    outer loop
      vertex 15.5564 9.71128 -5.72205e-07
      vertex 19.4954 1.52588e-05 13.298
      vertex 13.6447 10.1083 -5.72205e-07
    endloop
  endfacet
  facet normal -0.170054 -0.819129 -0.547823
    outer loop
      vertex 13.6447 10.1083 -5.72205e-07
      vertex 17.2503 1.52588e-05 13.9951
      vertex 12.703 10.3038 -5.72205e-07
    endloop
  endfacet
  facet normal -0.170095 -0.819128 -0.547812
    outer loop
      vertex 17.2503 1.52588e-05 13.9951
      vertex 13.6447 10.1083 -5.72205e-07
      vertex 19.4954 1.52588e-05 13.298
    endloop
  endfacet
  facet normal -0.184401 -0.819129 -0.543162
    outer loop
      vertex 12.703 10.3038 -5.72205e-07
      vertex 17.2503 1.52588e-05 13.9951
      vertex 10.6503 10.7659 -5.72205e-07
    endloop
  endfacet
  facet normal -0.184323 -0.819129 -0.543188
    outer loop
      vertex 10.6503 10.7659 -5.72205e-07
      vertex 15.0241 1.52588e-05 14.7508
      vertex 9.80061 10.9571 -5.72205e-07
    endloop
  endfacet
  facet normal -0.184383 -0.819128 -0.543169
    outer loop
      vertex 15.0241 1.52588e-05 14.7508
      vertex 10.6503 10.7659 -5.72205e-07
      vertex 17.2503 1.52588e-05 13.9951
    endloop
  endfacet
  facet normal -0.19855 -0.819129 -0.53815
    outer loop
      vertex 9.80061 10.9571 -5.72205e-07
      vertex 15.0241 1.52588e-05 14.7508
      vertex 7.58972 11.493 -5.72205e-07
    endloop
  endfacet
  facet normal -0.198465 -0.81913 -0.53818
    outer loop
      vertex 7.58972 11.493 -5.72205e-07
      vertex 12.8186 1.52588e-05 15.5645
      vertex 6.84391 11.6737 -5.72205e-07
    endloop
  endfacet
  facet normal -0.198546 -0.819129 -0.538152
    outer loop
      vertex 12.8186 1.52588e-05 15.5645
      vertex 7.58972 11.493 -5.72205e-07
      vertex 15.0241 1.52588e-05 14.7508
    endloop
  endfacet
  facet normal -0.212586 -0.81913 -0.532759
    outer loop
      vertex 6.84391 11.6737 -5.72205e-07
      vertex 12.8186 1.52588e-05 15.5645
      vertex 4.4561 12.2934 -5.72205e-07
    endloop
  endfacet
  facet normal -0.212554 -0.819128 -0.532776
    outer loop
      vertex 4.4561 12.2934 -5.72205e-07
      vertex 10.635 1.52588e-05 16.4356
      vertex 3.82717 12.4566 -5.72205e-07
    endloop
  endfacet
  facet normal -0.212542 -0.819128 -0.532781
    outer loop
      vertex 10.635 1.52588e-05 16.4356
      vertex 4.4561 12.2934 -5.72205e-07
      vertex 12.8186 1.52588e-05 15.5645
    endloop
  endfacet
  facet normal -0.226422 -0.819126 -0.527035
    outer loop
      vertex 3.82717 12.4566 -5.72205e-07
      vertex 2.39999 11.5474 2.02623
      vertex 2.39999 12.8511 -5.72205e-07
    endloop
  endfacet
  facet normal -0.226419 -0.819128 -0.527034
    outer loop
      vertex 2.39999 11.5474 2.02623
      vertex 3.82717 12.4566 -5.72205e-07
      vertex 10.635 1.52588e-05 16.4356
    endloop
  endfacet
  facet normal -0.226432 -0.819128 -0.527027
    outer loop
      vertex 2.39999 10.4584 3.71882
      vertex 10.635 1.52588e-05 16.4356
      vertex 8.47505 1.52588e-05 17.3636
    endloop
  endfacet
  facet normal -0.226442 -0.819129 -0.527022
    outer loop
      vertex 10.635 1.52588e-05 16.4356
      vertex 2.39999 10.4584 3.71882
      vertex 2.39999 11.5474 2.02623
    endloop
  endfacet
  facet normal 0 -0.775608 -0.631215
    outer loop
      vertex 2.39999 8.14818 7.35152
      vertex 8.47505 1.52588e-05 17.3636
      vertex 8.47504 1.52588e-05 17.3636
    endloop
  endfacet
  facet normal -0.240136 -0.819128 -0.520926
    outer loop
      vertex 8.47505 1.52588e-05 17.3636
      vertex 2.39999 8.14818 7.35152
      vertex 2.39999 10.4584 3.71882
    endloop
  endfacet
  facet normal -0.240143 -0.819129 -0.520922
    outer loop
      vertex 2.39999 6.40843 10.0872
      vertex 8.47504 1.52588e-05 17.3636
      vertex 6.3401 1.52588e-05 18.3478
    endloop
  endfacet
  facet normal -0.240141 -0.819128 -0.520923
    outer loop
      vertex 8.47504 1.52588e-05 17.3636
      vertex 2.39999 6.40843 10.0872
      vertex 2.39999 8.14818 7.35152
    endloop
  endfacet
  facet normal -0.2537 -0.819129 -0.514456
    outer loop
      vertex 6.3401 1.52588e-05 18.3478
      vertex 2.39999 5.06779 12.2218
      vertex 2.39999 6.40843 10.0872
    endloop
  endfacet
  facet normal -0.253707 -0.819128 -0.514454
    outer loop
      vertex 2.39999 2.82505 15.7928
      vertex 6.3401 1.52588e-05 18.3478
      vertex 4.23165 1.52588e-05 19.3876
    endloop
  endfacet
  facet normal -0.253712 -0.81913 -0.514448
    outer loop
      vertex 6.3401 1.52588e-05 18.3478
      vertex 2.39999 2.82505 15.7928
      vertex 2.39999 5.06779 12.2218
    endloop
  endfacet
  facet normal -0.267094 -0.819127 -0.507633
    outer loop
      vertex 4.23165 1.52588e-05 19.3876
      vertex 2.39999 2.26451 16.6973
      vertex 2.39999 2.82505 15.7928
    endloop
  endfacet
  facet normal -0.267086 -0.819127 -0.507638
    outer loop
      vertex 2.39999 1.52588e-05 20.3513
      vertex 2.39999 2.26451 16.6973
      vertex 4.23165 1.52588e-05 19.3876
    endloop
  endfacet
  facet normal -0.0164602 0.999482 0.0276673
    outer loop
      vertex 90 20.4991 23.6422
      vertex 89.0488 20.4983 23.1052
      vertex 90 20.4983 23.6711
    endloop
  endfacet
  facet normal -0.0167101 0.999465 0.02811
    outer loop
      vertex 90 20.5 23.6102
      vertex 89.0488 20.4983 23.1052
      vertex 90 20.4991 23.6422
    endloop
  endfacet
  facet normal -0.0166018 0.999473 0.0279059
    outer loop
      vertex 89.0488 20.4983 23.1052
      vertex 90 20.5 23.6102
      vertex 89.075 20.5 23.0599
    endloop
  endfacet
  facet normal -0.0501774 0.995173 0.0843367
    outer loop
      vertex 90 20.4957 23.7022
      vertex 89.0228 20.4932 23.1503
      vertex 90 20.4932 23.7317
    endloop
  endfacet
  facet normal -0.0495405 0.9953 0.0832084
    outer loop
      vertex 90 20.4983 23.6711
      vertex 89.0228 20.4932 23.1503
      vertex 90 20.4957 23.7022
    endloop
  endfacet
  facet normal -0.0498561 0.995235 0.0838013
    outer loop
      vertex 89.0228 20.4932 23.1503
      vertex 90 20.4983 23.6711
      vertex 89.0488 20.4983 23.1052
    endloop
  endfacet
  facet normal -0.0838515 0.986463 0.140923
    outer loop
      vertex 90 20.4889 23.7617
      vertex 88.997 20.4846 23.195
      vertex 90 20.4846 23.7918
    endloop
  endfacet
  facet normal -0.0841094 0.986376 0.141381
    outer loop
      vertex 90 20.4932 23.7317
      vertex 88.997 20.4846 23.195
      vertex 90 20.4889 23.7617
    endloop
  endfacet
  facet normal -0.0840482 0.986397 0.141266
    outer loop
      vertex 88.997 20.4846 23.195
      vertex 90 20.4932 23.7317
      vertex 89.0228 20.4932 23.1503
    endloop
  endfacet
  facet normal -0.116253 0.973809 0.195402
    outer loop
      vertex 90 20.4788 23.8207
      vertex 88.9715 20.4727 23.2392
      vertex 90 20.4727 23.8511
    endloop
  endfacet
  facet normal -0.116271 0.9738 0.195434
    outer loop
      vertex 90 20.4846 23.7918
      vertex 88.9715 20.4727 23.2392
      vertex 90 20.4788 23.8207
    endloop
  endfacet
  facet normal -0.116141 0.973865 0.19519
    outer loop
      vertex 88.9715 20.4727 23.2392
      vertex 90 20.4846 23.7918
      vertex 88.997 20.4846 23.195
    endloop
  endfacet
  facet normal -0.146655 0.957978 0.246516
    outer loop
      vertex 90 20.4655 23.8787
      vertex 88.9464 20.4576 23.2826
      vertex 90 20.4576 23.9094
    endloop
  endfacet
  facet normal -0.148407 0.956902 0.249627
    outer loop
      vertex 90 20.4727 23.8511
      vertex 88.9464 20.4576 23.2826
      vertex 90 20.4655 23.8787
    endloop
  endfacet
  facet normal -0.147462 0.957508 0.247859
    outer loop
      vertex 88.9464 20.4576 23.2826
      vertex 90 20.4727 23.8511
      vertex 88.9715 20.4727 23.2392
    endloop
  endfacet
  facet normal -0.179623 0.936258 0.30192
    outer loop
      vertex 90 20.449 23.9357
      vertex 88.9219 20.4391 23.325
      vertex 90 20.4391 23.9664
    endloop
  endfacet
  facet normal -0.181708 0.934652 0.305628
    outer loop
      vertex 90 20.4576 23.9094
      vertex 88.9219 20.4391 23.325
      vertex 90 20.449 23.9357
    endloop
  endfacet
  facet normal -0.180702 0.93546 0.303746
    outer loop
      vertex 88.9219 20.4391 23.325
      vertex 90 20.4576 23.9094
      vertex 88.9464 20.4576 23.2826
    endloop
  endfacet
  facet normal -0.226664 0.907689 0.353162
    outer loop
      vertex 90 20.4294 23.9913
      vertex 89.9994 20.4175 24.0215
      vertex 90 20.418 24.0206
    endloop
  endfacet
  facet normal -0.211033 0.910846 0.354717
    outer loop
      vertex 89.9994 20.4175 24.0215
      vertex 90 20.4294 23.9913
      vertex 88.8981 20.4175 23.3663
    endloop
  endfacet
  facet normal -0.211085 0.910798 0.354809
    outer loop
      vertex 90 20.4391 23.9664
      vertex 88.8981 20.4175 23.3663
      vertex 90 20.4294 23.9913
    endloop
  endfacet
  facet normal -0.21105 0.910831 0.354745
    outer loop
      vertex 88.8981 20.4175 23.3663
      vertex 90 20.4391 23.9664
      vertex 88.9219 20.4391 23.325
    endloop
  endfacet
  facet normal -0.241116 0.881808 0.405311
    outer loop
      vertex 89.9939 20.4066 24.0419
      vertex 88.875 20.3928 23.4063
      vertex 89.9868 20.3928 24.0677
    endloop
  endfacet
  facet normal -0.241436 0.881458 0.405882
    outer loop
      vertex 89.9994 20.4175 24.0215
      vertex 88.875 20.3928 23.4063
      vertex 89.9939 20.4066 24.0419
    endloop
  endfacet
  facet normal -0.241115 0.881822 0.405281
    outer loop
      vertex 88.875 20.3928 23.4063
      vertex 89.9994 20.4175 24.0215
      vertex 88.8981 20.4175 23.3663
    endloop
  endfacet
  facet normal -0.27012 0.849053 0.454031
    outer loop
      vertex 89.9868 20.3809 24.0901
      vertex 88.8528 20.3652 23.4448
      vertex 89.9867 20.3652 24.1194
    endloop
  endfacet
  facet normal -0.268914 0.850586 0.451874
    outer loop
      vertex 89.9868 20.3928 24.0677
      vertex 88.8528 20.3652 23.4448
      vertex 89.9868 20.3809 24.0901
    endloop
  endfacet
  facet normal -0.269748 0.849487 0.45344
    outer loop
      vertex 88.8528 20.3652 23.4448
      vertex 89.9868 20.3928 24.0677
      vertex 88.875 20.3928 23.4063
    endloop
  endfacet
  facet normal -0.297393 0.81346 0.49984
    outer loop
      vertex 89.9779 20.3522 24.1352
      vertex 88.8315 20.3347 23.4816
      vertex 89.966 20.3347 24.1566
    endloop
  endfacet
  facet normal -0.298467 0.811879 0.501767
    outer loop
      vertex 89.9867 20.3652 24.1194
      vertex 88.8315 20.3347 23.4816
      vertex 89.9779 20.3522 24.1352
    endloop
  endfacet
  facet normal -0.29803 0.812548 0.500943
    outer loop
      vertex 88.8315 20.3347 23.4816
      vertex 89.9867 20.3652 24.1194
      vertex 88.8528 20.3652 23.4448
    endloop
  endfacet
  facet normal -0.32374 0.774 0.544167
    outer loop
      vertex 89.9613 20.3206 24.1737
      vertex 88.8113 20.3015 23.5167
      vertex 89.9548 20.3015 24.197
    endloop
  endfacet
  facet normal -0.3252 0.771532 0.546793
    outer loop
      vertex 89.966 20.3347 24.1566
      vertex 88.8113 20.3015 23.5167
      vertex 89.9613 20.3206 24.1737
    endloop
  endfacet
  facet normal -0.32419 0.77331 0.544879
    outer loop
      vertex 88.8113 20.3015 23.5167
      vertex 89.966 20.3347 24.1566
      vertex 88.8315 20.3347 23.4816
    endloop
  endfacet
  facet normal -0.349039 0.730777 0.586632
    outer loop
      vertex 89.9543 20.2866 24.2152
      vertex 88.7922 20.2657 23.5498
      vertex 89.9534 20.2657 24.2407
    endloop
  endfacet
  facet normal -0.34964 0.729616 0.587718
    outer loop
      vertex 89.9548 20.3015 24.197
      vertex 88.7922 20.2657 23.5498
      vertex 89.9543 20.2866 24.2152
    endloop
  endfacet
  facet normal -0.349566 0.729764 0.587578
    outer loop
      vertex 88.7922 20.2657 23.5498
      vertex 89.9548 20.3015 24.197
      vertex 88.8113 20.3015 23.5167
    endloop
  endfacet
  facet normal -0.373238 0.683412 0.627409
    outer loop
      vertex 89.9463 20.25 24.2535
      vertex 88.7743 20.2275 23.5808
      vertex 89.9362 20.2275 24.272
    endloop
  endfacet
  facet normal -0.373986 0.681753 0.628767
    outer loop
      vertex 89.9534 20.2657 24.2407
      vertex 88.7743 20.2275 23.5808
      vertex 89.9463 20.25 24.2535
    endloop
  endfacet
  facet normal -0.373122 0.68375 0.627109
    outer loop
      vertex 88.7743 20.2275 23.5808
      vertex 89.9534 20.2657 24.2407
      vertex 88.7922 20.2657 23.5498
    endloop
  endfacet
  facet normal -0.395325 0.634219 0.664443
    outer loop
      vertex 89.9324 20.2109 24.2856
      vertex 88.7577 20.187 23.6095
      vertex 89.927 20.187 24.3052
    endloop
  endfacet
  facet normal -0.39512 0.634608 0.664193
    outer loop
      vertex 88.7743 20.2275 23.5808
      vertex 89.9324 20.2109 24.2856
      vertex 89.9362 20.2275 24.272
    endloop
  endfacet
  facet normal -0.395639 0.633422 0.665017
    outer loop
      vertex 89.9324 20.2109 24.2856
      vertex 88.7743 20.2275 23.5808
      vertex 88.7577 20.187 23.6095
    endloop
  endfacet
  facet normal -0.416132 0.580997 0.699483
    outer loop
      vertex 89.9266 20.1699 24.3193
      vertex 88.7424 20.1445 23.6359
      vertex 89.9261 20.1445 24.3401
    endloop
  endfacet
  facet normal -0.414835 0.584616 0.697235
    outer loop
      vertex 88.7577 20.187 23.6095
      vertex 89.9266 20.1699 24.3193
      vertex 89.927 20.187 24.3052
    endloop
  endfacet
  facet normal -0.415384 0.583185 0.698105
    outer loop
      vertex 89.9266 20.1699 24.3193
      vertex 88.7577 20.187 23.6095
      vertex 88.7424 20.1445 23.6359
    endloop
  endfacet
  facet normal -0.433933 0.52881 0.729426
    outer loop
      vertex 89.9205 20.1267 24.3496
      vertex 88.7286 20.1 23.6599
      vertex 89.912 20.1 24.3639
    endloop
  endfacet
  facet normal -0.434629 0.52665 0.730574
    outer loop
      vertex 88.7424 20.1445 23.6359
      vertex 89.9205 20.1267 24.3496
      vertex 89.9261 20.1445 24.3401
    endloop
  endfacet
  facet normal -0.434112 0.528202 0.72976
    outer loop
      vertex 89.9205 20.1267 24.3496
      vertex 88.7424 20.1445 23.6359
      vertex 88.7286 20.1 23.6599
    endloop
  endfacet
  facet normal -0.451006 0.471115 0.758053
    outer loop
      vertex 89.9093 20.0817 24.3737
      vertex 88.7162 20.0538 23.6812
      vertex 89.9052 20.0538 24.3886
    endloop
  endfacet
  facet normal -0.45068 0.472191 0.757577
    outer loop
      vertex 88.7286 20.1 23.6599
      vertex 89.9093 20.0817 24.3737
      vertex 89.912 20.1 24.3639
    endloop
  endfacet
  facet normal -0.451118 0.470668 0.758264
    outer loop
      vertex 89.9093 20.0817 24.3737
      vertex 88.7286 20.1 23.6599
      vertex 88.7162 20.0538 23.6812
    endloop
  endfacet
  facet normal -0.465879 0.412091 0.783031
    outer loop
      vertex 89.9054 20.0351 24.3986
      vertex 88.7054 20.0061 23.6999
      vertex 89.9058 20.0061 24.4141
    endloop
  endfacet
  facet normal -0.465551 0.41347 0.782499
    outer loop
      vertex 88.7162 20.0538 23.6812
      vertex 89.9054 20.0351 24.3986
      vertex 89.9052 20.0538 24.3886
    endloop
  endfacet
  facet normal -0.465815 0.412394 0.782909
    outer loop
      vertex 89.9054 20.0351 24.3986
      vertex 88.7162 20.0538 23.6812
      vertex 88.7054 20.0061 23.6999
    endloop
  endfacet
  facet normal -0.479135 0.3494 0.805201
    outer loop
      vertex 89.9014 19.987 24.4199
      vertex 89.5073 19.9773 24.1896
      vertex 89.8992 19.9773 24.4228
    endloop
  endfacet
  facet normal -0.478311 0.354209 0.803589
    outer loop
      vertex 89.9058 20.0061 24.4141
      vertex 89.5073 19.9773 24.1896
      vertex 89.9014 19.987 24.4199
    endloop
  endfacet
  facet normal -0.478626 0.351807 0.804456
    outer loop
      vertex 88.7054 20.0061 23.6999
      vertex 89.5073 19.9773 24.1896
      vertex 89.9058 20.0061 24.4141
    endloop
  endfacet
  facet normal -0.478458 0.352561 0.804226
    outer loop
      vertex 89.5073 19.9773 24.1896
      vertex 88.7054 20.0061 23.6999
      vertex 88.7341 19.9773 23.7296
    endloop
  endfacet
  facet normal -0.47862 0.352382 0.804208
    outer loop
      vertex 88.7341 19.9773 23.7296
      vertex 88.7054 20.0061 23.6999
      vertex 88.6998 19.9759 23.7098
    endloop
  endfacet
  facet normal -0.496976 -0.234886 0.83537
    outer loop
      vertex 88.796 1.11645 23.7665
      vertex 89.8918 1.11179 24.4171
      vertex 89.8921 1.11649 24.4186
    endloop
  endfacet
  facet normal -0.496321 -0.240266 0.834229
    outer loop
      vertex 89.8918 1.11179 24.4171
      vertex 88.796 1.11645 23.7665
      vertex 88.7006 1.11179 23.7084
    endloop
  endfacet
  facet normal -0.499373 -0.22109 0.837702
    outer loop
      vertex 88.7341 1.11645 23.7296
      vertex 88.7006 1.11179 23.7084
      vertex 88.796 1.11645 23.7665
    endloop
  endfacet
  facet normal -0.497789 -0.228152 0.836751
    outer loop
      vertex 88.7006 1.11179 23.7084
      vertex 88.7341 1.11645 23.7296
      vertex 88.6998 1.11867 23.7098
    endloop
  endfacet
  facet normal -0.489439 -0.289628 0.822536
    outer loop
      vertex 89.8949 1.07464 24.4059
      vertex 88.7148 1.01785 23.6837
      vertex 89.8996 1.01785 24.3887
    endloop
  endfacet
  facet normal -0.489583 -0.288885 0.822712
    outer loop
      vertex 89.8918 1.11179 24.4171
      vertex 88.7148 1.01785 23.6837
      vertex 89.8949 1.07464 24.4059
    endloop
  endfacet
  facet normal -0.489295 -0.290204 0.822419
    outer loop
      vertex 88.7148 1.01785 23.6837
      vertex 89.8918 1.11179 24.4171
      vertex 88.7006 1.11179 23.7084
    endloop
  endfacet
  facet normal -0.478607 -0.351904 0.804425
    outer loop
      vertex 89.9079 0.981384 24.3776
      vertex 88.7321 0.92598 23.6538
      vertex 89.9204 0.92598 24.3608
    endloop
  endfacet
  facet normal -0.478223 -0.353558 0.803928
    outer loop
      vertex 89.8996 1.01785 24.3887
      vertex 88.7321 0.92598 23.6538
      vertex 89.9079 0.981384 24.3776
    endloop
  endfacet
  facet normal -0.478643 -0.35193 0.804392
    outer loop
      vertex 88.7321 0.92598 23.6538
      vertex 89.8996 1.01785 24.3887
      vertex 88.7148 1.01785 23.6837
    endloop
  endfacet
  facet normal -0.465934 -0.411793 0.783155
    outer loop
      vertex 89.92 0.890178 24.3416
      vertex 88.7523 0.836578 23.6187
      vertex 89.9193 0.836578 24.313
    endloop
  endfacet
  facet normal -0.46525 -0.414303 0.782237
    outer loop
      vertex 89.9204 0.92598 24.3608
      vertex 88.7523 0.836578 23.6187
      vertex 89.92 0.890178 24.3416
    endloop
  endfacet
  facet normal -0.465764 -0.412587 0.782839
    outer loop
      vertex 88.7523 0.836578 23.6187
      vertex 89.9204 0.92598 24.3608
      vertex 88.7321 0.92598 23.6538
    endloop
  endfacet
  facet normal -0.450708 -0.472094 0.757621
    outer loop
      vertex 89.9245 0.801132 24.2941
      vertex 88.7755 0.75 23.5787
      vertex 89.932 0.75 24.2667
    endloop
  endfacet
  facet normal -0.451202 -0.470524 0.758303
    outer loop
      vertex 89.9193 0.836578 24.313
      vertex 88.7755 0.75 23.5787
      vertex 89.9245 0.801132 24.2941
    endloop
  endfacet
  facet normal -0.451008 -0.47109 0.758067
    outer loop
      vertex 88.7755 0.75 23.5787
      vertex 89.9193 0.836578 24.313
      vertex 88.7523 0.836578 23.6187
    endloop
  endfacet
  facet normal -0.434307 -0.527701 0.730006
    outer loop
      vertex 89.9429 0.715601 24.2483
      vertex 88.8014 0.666656 23.5338
      vertex 89.9585 0.666656 24.2222
    endloop
  endfacet
  facet normal -0.434203 -0.527988 0.729861
    outer loop
      vertex 89.932 0.75 24.2667
      vertex 88.8014 0.666656 23.5338
      vertex 89.9429 0.715601 24.2483
    endloop
  endfacet
  facet normal -0.434163 -0.528092 0.72981
    outer loop
      vertex 88.8014 0.666656 23.5338
      vertex 89.932 0.75 24.2667
      vertex 88.7755 0.75 23.5787
    endloop
  endfacet
  facet normal -0.41535 -0.583219 0.698097
    outer loop
      vertex 89.9592 0.633256 24.1948
      vertex 88.83 0.586868 23.4842
      vertex 89.9603 0.586868 24.1567
    endloop
  endfacet
  facet normal -0.415854 -0.581997 0.698817
    outer loop
      vertex 89.9585 0.666656 24.2222
      vertex 88.83 0.586868 23.4842
      vertex 89.9592 0.633256 24.1948
    endloop
  endfacet
  facet normal -0.415419 -0.582977 0.698258
    outer loop
      vertex 88.83 0.586868 23.4842
      vertex 89.9585 0.666656 24.2222
      vertex 88.8014 0.666656 23.5338
    endloop
  endfacet
  facet normal -0.39513 -0.634612 0.664183
    outer loop
      vertex 89.9676 0.554242 24.1299
      vertex 88.8611 0.510986 23.4303
      vertex 89.9774 0.510986 24.0944
    endloop
  endfacet
  facet normal -0.395305 -0.634238 0.664437
    outer loop
      vertex 89.9603 0.586868 24.1567
      vertex 88.8611 0.510986 23.4303
      vertex 89.9676 0.554242 24.1299
    endloop
  endfacet
  facet normal -0.395385 -0.634079 0.664541
    outer loop
      vertex 88.8611 0.510986 23.4303
      vertex 89.9603 0.586868 24.1567
      vertex 88.83 0.586868 23.4842
    endloop
  endfacet
  facet normal -0.364175 -0.685729 0.6302
    outer loop
      vertex 89.9914 0.479847 24.0689
      vertex 90 0.439346 24.0298
      vertex 90 0.460943 24.0533
    endloop
  endfacet
  facet normal -0.372876 -0.684229 0.626733
    outer loop
      vertex 90 0.439346 24.0298
      vertex 89.9914 0.479847 24.0689
      vertex 88.8947 0.439346 23.3722
    endloop
  endfacet
  facet normal -0.373712 -0.682443 0.628181
    outer loop
      vertex 88.8611 0.510986 23.4303
      vertex 89.9914 0.479847 24.0689
      vertex 89.9774 0.510986 24.0944
    endloop
  endfacet
  facet normal -0.373177 -0.683661 0.627173
    outer loop
      vertex 89.9914 0.479847 24.0689
      vertex 88.8611 0.510986 23.4303
      vertex 88.8947 0.439346 23.3722
    endloop
  endfacet
  facet normal -0.3498 -0.729354 0.587948
    outer loop
      vertex 90 0.409254 23.9924
      vertex 88.9305 0.372253 23.3102
      vertex 90 0.372253 23.9465
    endloop
  endfacet
  facet normal -0.349449 -0.729999 0.587356
    outer loop
      vertex 88.8947 0.439346 23.3722
      vertex 90 0.409254 23.9924
      vertex 90 0.439346 24.0298
    endloop
  endfacet
  facet normal -0.349629 -0.72964 0.587694
    outer loop
      vertex 90 0.409254 23.9924
      vertex 88.8947 0.439346 23.3722
      vertex 88.9305 0.372253 23.3102
    endloop
  endfacet
  facet normal -0.324663 -0.772502 0.545742
    outer loop
      vertex 90 0.343115 23.9051
      vertex 88.9684 0.309982 23.2445
      vertex 90 0.309982 23.8582
    endloop
  endfacet
  facet normal -0.32396 -0.773662 0.544516
    outer loop
      vertex 88.9305 0.372253 23.3102
      vertex 90 0.343115 23.9051
      vertex 90 0.372253 23.9465
    endloop
  endfacet
  facet normal -0.324418 -0.772861 0.545379
    outer loop
      vertex 90 0.343115 23.9051
      vertex 88.9305 0.372253 23.3102
      vertex 88.9684 0.309982 23.2445
    endloop
  endfacet
  facet normal -0.298202 -0.812307 0.501231
    outer loop
      vertex 90 0.282056 23.8128
      vertex 89.0083 0.252808 23.1754
      vertex 90 0.252808 23.7654
    endloop
  endfacet
  facet normal -0.297566 -0.813179 0.500195
    outer loop
      vertex 88.9684 0.309982 23.2445
      vertex 90 0.282056 23.8128
      vertex 90 0.309982 23.8582
    endloop
  endfacet
  facet normal -0.297785 -0.812845 0.500607
    outer loop
      vertex 90 0.282056 23.8128
      vertex 88.9684 0.309982 23.2445
      vertex 89.0083 0.252808 23.1754
    endloop
  endfacet
  facet normal -0.270127 -0.849048 0.454035
    outer loop
      vertex 90 0.226375 23.7159
      vertex 89.05 0.200974 23.1032
      vertex 90 0.200974 23.6684
    endloop
  endfacet
  facet normal -0.269847 -0.849385 0.453572
    outer loop
      vertex 89.0083 0.252808 23.1754
      vertex 90 0.226375 23.7159
      vertex 90 0.252808 23.7654
    endloop
  endfacet
  facet normal -0.269954 -0.849243 0.453775
    outer loop
      vertex 90 0.226375 23.7159
      vertex 89.0083 0.252808 23.1754
      vertex 89.05 0.200974 23.1032
    endloop
  endfacet
  facet normal -0.24107 -0.88186 0.405225
    outer loop
      vertex 90 0.176337 23.6147
      vertex 89.0933 0.154694 23.0282
      vertex 90 0.154694 23.5676
    endloop
  endfacet
  facet normal -0.240792 -0.882165 0.404728
    outer loop
      vertex 89.05 0.200974 23.1032
      vertex 90 0.176337 23.6147
      vertex 90 0.200974 23.6684
    endloop
  endfacet
  facet normal -0.240982 -0.881946 0.405092
    outer loop
      vertex 90 0.176337 23.6147
      vertex 89.05 0.200974 23.1032
      vertex 89.0933 0.154694 23.0282
    endloop
  endfacet
  facet normal -0.210778 -0.911063 0.354311
    outer loop
      vertex 90 0.132188 23.5099
      vertex 89.138 0.114182 22.9508
      vertex 90 0.114182 23.4636
    endloop
  endfacet
  facet normal -0.2113 -0.910603 0.355183
    outer loop
      vertex 89.0933 0.154694 23.0282
      vertex 90 0.132188 23.5099
      vertex 90 0.154694 23.5676
    endloop
  endfacet
  facet normal -0.211103 -0.910796 0.354804
    outer loop
      vertex 90 0.132188 23.5099
      vertex 89.0933 0.154694 23.0282
      vertex 89.138 0.114182 22.9508
    endloop
  endfacet
  facet normal -0.179966 -0.936001 0.302513
    outer loop
      vertex 90 0.094149 23.4017
      vertex 89.1839 0.0796051 22.8712
      vertex 90 0.0796051 23.3567
    endloop
  endfacet
  facet normal -0.180177 -0.935844 0.302872
    outer loop
      vertex 89.138 0.114182 22.9508
      vertex 90 0.094149 23.4017
      vertex 90 0.114182 23.4636
    endloop
  endfacet
  facet normal -0.180089 -0.935917 0.302701
    outer loop
      vertex 90 0.094149 23.4017
      vertex 89.138 0.114182 22.9508
      vertex 89.1839 0.0796051 22.8712
    endloop
  endfacet
  facet normal -0.14839 -0.956949 0.249457
    outer loop
      vertex 90 0.0624043 23.2907
      vertex 89.2309 0.0511169 22.7899
      vertex 90 0.0511169 23.2474
    endloop
  endfacet
  facet normal -0.14837 -0.956966 0.249403
    outer loop
      vertex 89.1839 0.0796051 22.8712
      vertex 90 0.0624043 23.2907
      vertex 90 0.0796051 23.3567
    endloop
  endfacet
  facet normal -0.148425 -0.95693 0.249511
    outer loop
      vertex 90 0.0624043 23.2907
      vertex 89.1839 0.0796051 22.8712
      vertex 89.2309 0.0511169 22.7899
    endloop
  endfacet
  facet normal -0.116793 -0.973579 0.196221
    outer loop
      vertex 89.2787 0.0288239 22.7071
      vertex 90 0.0368805 23.1764
      vertex 90 0.0371022 23.1775
    endloop
  endfacet
  facet normal -0.116224 -0.973822 0.195351
    outer loop
      vertex 90 0.0368805 23.1764
      vertex 89.2787 0.0288239 22.7071
      vertex 89.9996 0.0288239 23.136
    endloop
  endfacet
  facet normal -0.116147 -0.973851 0.195254
    outer loop
      vertex 89.2309 0.0511169 22.7899
      vertex 90 0.0371022 23.1775
      vertex 90 0.0511169 23.2474
    endloop
  endfacet
  facet normal -0.116108 -0.973871 0.195176
    outer loop
      vertex 90 0.0371022 23.1775
      vertex 89.2309 0.0511169 22.7899
      vertex 89.2787 0.0288239 22.7071
    endloop
  endfacet
  facet normal -0.083283 -0.986644 0.139993
    outer loop
      vertex 89.9991 0.0183704 23.0619
      vertex 89.3271 0.0128479 22.6232
      vertex 89.9988 0.0128479 23.0228
    endloop
  endfacet
  facet normal -0.083148 -0.986689 0.139756
    outer loop
      vertex 89.2787 0.0288239 22.7071
      vertex 89.9991 0.0183704 23.0619
      vertex 89.9996 0.0288239 23.136
    endloop
  endfacet
  facet normal -0.0832076 -0.986666 0.139878
    outer loop
      vertex 89.9991 0.0183704 23.0619
      vertex 89.2787 0.0288239 22.7071
      vertex 89.3271 0.0128479 22.6232
    endloop
  endfacet
  facet normal -0.050047 -0.995197 0.0841326
    outer loop
      vertex 89.9985 0.00630023 22.9454
      vertex 89.3759 0.0032196 22.5386
      vertex 89.9984 0.0032196 22.9089
    endloop
  endfacet
  facet normal -0.050199 -0.995168 0.084381
    outer loop
      vertex 89.3271 0.0128479 22.6232
      vertex 89.9985 0.00630023 22.9454
      vertex 89.9988 0.0128479 23.0228
    endloop
  endfacet
  facet normal -0.0501701 -0.995175 0.0843208
    outer loop
      vertex 89.9985 0.00630023 22.9454
      vertex 89.3271 0.0128479 22.6232
      vertex 89.3759 0.0032196 22.5386
    endloop
  endfacet
  facet normal -0.0168181 -0.999459 0.0282653
    outer loop
      vertex 89.9816 0.000920022 22.8174
      vertex 89.4342 1.52588e-05 22.4597
      vertex 89.9631 1.52588e-05 22.7744
    endloop
  endfacet
  facet normal -0.0168338 -0.99946 0.0282092
    outer loop
      vertex 89.9984 0.0032196 22.9089
      vertex 89.9816 0.000920022 22.8174
      vertex 89.9983 0.0017395 22.8564
    endloop
  endfacet
  facet normal -0.016774 -0.999462 0.0281983
    outer loop
      vertex 89.3759 0.0032196 22.5386
      vertex 89.9816 0.000920022 22.8174
      vertex 89.9984 0.0032196 22.9089
    endloop
  endfacet
  facet normal -0.0167733 -0.999462 0.0281968
    outer loop
      vertex 89.3759 0.0032196 22.5386
      vertex 89.4342 1.52588e-05 22.4597
      vertex 89.9816 0.000920022 22.8174
    endloop
  endfacet
  facet normal -0.0167905 -0.999462 0.0281841
    outer loop
      vertex 89.4342 1.52588e-05 22.4597
      vertex 89.3759 0.0032196 22.5386
      vertex 89.4248 1.52588e-05 22.4541
    endloop
  endfacet
  facet normal -0.0158664 0.999473 0.0283312
    outer loop
      vertex 89.075 20.5 23.0599
      vertex 87.0366 20.4983 21.9783
      vertex 89.0488 20.4983 23.1052
    endloop
  endfacet
  facet normal -0.0158735 0.999472 0.0283446
    outer loop
      vertex 87.0615 20.5 21.9323
      vertex 87.0366 20.4983 21.9783
      vertex 89.075 20.5 23.0599
    endloop
  endfacet
  facet normal -0.0476458 0.995235 0.0850755
    outer loop
      vertex 89.0488 20.4983 23.1052
      vertex 87.0117 20.4932 22.024
      vertex 89.0228 20.4932 23.1503
    endloop
  endfacet
  facet normal -0.047658 0.995232 0.0850985
    outer loop
      vertex 87.0366 20.4983 21.9783
      vertex 87.0117 20.4932 22.024
      vertex 89.0488 20.4983 23.1052
    endloop
  endfacet
  facet normal -0.0803183 0.986398 0.143418
    outer loop
      vertex 89.0228 20.4932 23.1503
      vertex 86.9871 20.4846 22.0694
      vertex 88.997 20.4846 23.195
    endloop
  endfacet
  facet normal -0.0802829 0.98641 0.143352
    outer loop
      vertex 87.0117 20.4932 22.024
      vertex 86.9871 20.4846 22.0694
      vertex 89.0228 20.4932 23.1503
    endloop
  endfacet
  facet normal -0.110981 0.973865 0.198167
    outer loop
      vertex 88.997 20.4846 23.195
      vertex 86.9627 20.4727 22.1142
      vertex 88.9715 20.4727 23.2392
    endloop
  endfacet
  facet normal -0.111008 0.973851 0.198219
    outer loop
      vertex 86.9871 20.4846 22.0694
      vertex 86.9627 20.4727 22.1142
      vertex 88.997 20.4846 23.195
    endloop
  endfacet
  facet normal -0.140924 0.957506 0.25164
    outer loop
      vertex 88.9715 20.4727 23.2392
      vertex 86.9388 20.4576 22.1583
      vertex 88.9464 20.4576 23.2826
    endloop
  endfacet
  facet normal -0.140863 0.957545 0.251526
    outer loop
      vertex 86.9627 20.4727 22.1142
      vertex 86.9388 20.4576 22.1583
      vertex 88.9715 20.4727 23.2392
    endloop
  endfacet
  facet normal -0.172703 0.935459 0.308367
    outer loop
      vertex 88.9464 20.4576 23.2826
      vertex 86.9155 20.4391 22.2013
      vertex 88.9219 20.4391 23.325
    endloop
  endfacet
  facet normal -0.172889 0.935309 0.308718
    outer loop
      vertex 86.9388 20.4576 22.1583
      vertex 86.9155 20.4391 22.2013
      vertex 88.9464 20.4576 23.2826
    endloop
  endfacet
  facet normal -0.201692 0.910835 0.36014
    outer loop
      vertex 88.9219 20.4391 23.325
      vertex 86.8927 20.4175 22.2432
      vertex 88.8981 20.4175 23.3663
    endloop
  endfacet
  facet normal -0.201575 0.910948 0.359918
    outer loop
      vertex 86.9155 20.4391 22.2013
      vertex 86.8927 20.4175 22.2432
      vertex 88.9219 20.4391 23.325
    endloop
  endfacet
  facet normal -0.230431 0.881822 0.411451
    outer loop
      vertex 88.8981 20.4175 23.3663
      vertex 86.8707 20.3928 22.2838
      vertex 88.875 20.3928 23.4063
    endloop
  endfacet
  facet normal -0.230483 0.881762 0.411549
    outer loop
      vertex 86.8927 20.4175 22.2432
      vertex 86.8707 20.3928 22.2838
      vertex 88.8981 20.4175 23.3663
    endloop
  endfacet
  facet normal -0.257798 0.84949 0.460333
    outer loop
      vertex 88.875 20.3928 23.4063
      vertex 86.8495 20.3652 22.3229
      vertex 88.8528 20.3652 23.4448
    endloop
  endfacet
  facet normal -0.257659 0.849676 0.460068
    outer loop
      vertex 86.8707 20.3928 22.2838
      vertex 86.8495 20.3652 22.3229
      vertex 88.875 20.3928 23.4063
    endloop
  endfacet
  facet normal -0.284812 0.81254 0.508587
    outer loop
      vertex 88.8528 20.3652 23.4448
      vertex 86.8292 20.3347 22.3603
      vertex 88.8315 20.3347 23.4816
    endloop
  endfacet
  facet normal -0.284665 0.812767 0.508307
    outer loop
      vertex 86.8495 20.3652 22.3229
      vertex 86.8292 20.3347 22.3603
      vertex 88.8528 20.3652 23.4448
    endloop
  endfacet
  facet normal -0.309794 0.773321 0.553174
    outer loop
      vertex 88.8315 20.3347 23.4816
      vertex 86.8098 20.3015 22.3958
      vertex 88.8113 20.3015 23.5167
    endloop
  endfacet
  facet normal -0.309976 0.772999 0.553522
    outer loop
      vertex 86.8292 20.3347 22.3603
      vertex 86.8098 20.3015 22.3958
      vertex 88.8315 20.3347 23.4816
    endloop
  endfacet
  facet normal -0.334071 0.729766 0.596522
    outer loop
      vertex 88.8113 20.3015 23.5167
      vertex 86.7916 20.2657 22.4294
      vertex 88.7922 20.2657 23.5498
    endloop
  endfacet
  facet normal -0.334087 0.729735 0.596551
    outer loop
      vertex 86.8098 20.3015 22.3958
      vertex 86.7916 20.2657 22.4294
      vertex 88.8113 20.3015 23.5167
    endloop
  endfacet
  facet normal -0.356545 0.68375 0.63668
    outer loop
      vertex 88.7922 20.2657 23.5498
      vertex 86.7745 20.2275 22.4609
      vertex 88.7743 20.2275 23.5808
    endloop
  endfacet
  facet normal -0.356346 0.684211 0.636296
    outer loop
      vertex 86.7916 20.2657 22.4294
      vertex 86.7745 20.2275 22.4609
      vertex 88.7922 20.2657 23.5498
    endloop
  endfacet
  facet normal -0.378078 0.633414 0.675163
    outer loop
      vertex 88.7743 20.2275 23.5808
      vertex 86.7587 20.187 22.4901
      vertex 88.7577 20.187 23.6095
    endloop
  endfacet
  facet normal -0.377883 0.633932 0.674784
    outer loop
      vertex 86.7745 20.2275 22.4609
      vertex 86.7587 20.187 22.4901
      vertex 88.7743 20.2275 23.5808
    endloop
  endfacet
  facet normal -0.396932 0.583169 0.708773
    outer loop
      vertex 88.7577 20.187 23.6095
      vertex 86.7441 20.1445 22.5168
      vertex 88.7424 20.1445 23.6359
    endloop
  endfacet
  facet normal -0.397262 0.582155 0.709422
    outer loop
      vertex 86.7587 20.187 22.4901
      vertex 86.7441 20.1445 22.5168
      vertex 88.7577 20.187 23.6095
    endloop
  endfacet
  facet normal -0.414918 0.528219 0.740829
    outer loop
      vertex 88.7424 20.1445 23.6359
      vertex 86.731 20.1 22.5411
      vertex 88.7286 20.1 23.6599
    endloop
  endfacet
  facet normal -0.415227 0.527113 0.741443
    outer loop
      vertex 86.7441 20.1445 22.5168
      vertex 86.731 20.1 22.5411
      vertex 88.7424 20.1445 23.6359
    endloop
  endfacet
  facet normal -0.431132 0.470634 0.769824
    outer loop
      vertex 88.7286 20.1 23.6599
      vertex 86.7192 20.0538 22.5628
      vertex 88.7162 20.0538 23.6812
    endloop
  endfacet
  facet normal -0.430935 0.471463 0.769427
    outer loop
      vertex 86.731 20.1 22.5411
      vertex 86.7192 20.0538 22.5628
      vertex 88.7286 20.1 23.6599
    endloop
  endfacet
  facet normal -0.445139 0.412393 0.794848
    outer loop
      vertex 88.7162 20.0538 23.6812
      vertex 86.7089 20.0061 22.5818
      vertex 88.7054 20.0061 23.6999
    endloop
  endfacet
  facet normal -0.445084 0.412669 0.794735
    outer loop
      vertex 86.7192 20.0538 22.5628
      vertex 86.7089 20.0061 22.5818
      vertex 88.7162 20.0538 23.6812
    endloop
  endfacet
  facet normal -0.455851 0.352451 0.817299
    outer loop
      vertex 88.7054 20.0061 23.6999
      vertex 88.6661 19.9773 23.6904
      vertex 88.6998 19.9759 23.7098
    endloop
  endfacet
  facet normal -0.456903 0.354353 0.815888
    outer loop
      vertex 88.6661 19.9773 23.6904
      vertex 88.7054 20.0061 23.6999
      vertex 87.5229 19.9773 23.0502
    endloop
  endfacet
  facet normal -0.456793 0.355025 0.815658
    outer loop
      vertex 86.7089 20.0061 22.5818
      vertex 87.5229 19.9773 23.0502
      vertex 88.7054 20.0061 23.6999
    endloop
  endfacet
  facet normal -0.456907 0.354497 0.815823
    outer loop
      vertex 87.5229 19.9773 23.0502
      vertex 86.7089 20.0061 22.5818
      vertex 86.7378 19.9773 22.6105
    endloop
  endfacet
  facet normal -0.457828 0.353493 0.815743
    outer loop
      vertex 86.7378 19.9773 22.6105
      vertex 86.7089 20.0061 22.5818
      vertex 86.7034 19.9759 22.5918
    endloop
  endfacet
  facet normal -0.474566 -0.228174 0.850132
    outer loop
      vertex 88.6661 1.11648 23.6904
      vertex 88.7006 1.11179 23.7084
      vertex 88.6998 1.11867 23.7098
    endloop
  endfacet
  facet normal -0.474503 -0.238813 0.84724
    outer loop
      vertex 86.802 1.11649 22.6464
      vertex 88.7006 1.11179 23.7084
      vertex 88.6661 1.11648 23.6904
    endloop
  endfacet
  facet normal -0.476325 -0.222816 0.850569
    outer loop
      vertex 88.7006 1.11179 23.7084
      vertex 86.802 1.11649 22.6464
      vertex 86.7042 1.11179 22.5904
    endloop
  endfacet
  facet normal -0.474209 -0.236585 0.848029
    outer loop
      vertex 86.7378 1.11649 22.6105
      vertex 86.7042 1.11179 22.5904
      vertex 86.802 1.11649 22.6464
    endloop
  endfacet
  facet normal -0.476403 -0.226927 0.849438
    outer loop
      vertex 86.7042 1.11179 22.5904
      vertex 86.7378 1.11649 22.6105
      vertex 86.7034 1.11871 22.5918
    endloop
  endfacet
  facet normal -0.467568 -0.290216 0.834958
    outer loop
      vertex 88.7006 1.11179 23.7084
      vertex 86.7178 1.01785 22.5654
      vertex 88.7148 1.01785 23.6837
    endloop
  endfacet
  facet normal -0.467623 -0.289923 0.835029
    outer loop
      vertex 88.7006 1.11179 23.7084
      vertex 86.7042 1.11179 22.5904
      vertex 86.7178 1.01785 22.5654
    endloop
  endfacet
  facet normal -0.457357 -0.351923 0.816685
    outer loop
      vertex 88.7148 1.01785 23.6837
      vertex 86.7343 0.92598 22.535
      vertex 88.7321 0.92598 23.6538
    endloop
  endfacet
  facet normal -0.457266 -0.352328 0.816561
    outer loop
      vertex 88.7148 1.01785 23.6837
      vertex 86.7178 1.01785 22.5654
      vertex 86.7343 0.92598 22.535
    endloop
  endfacet
  facet normal -0.445083 -0.412599 0.794772
    outer loop
      vertex 88.7321 0.92598 23.6538
      vertex 86.7536 0.836578 22.4994
      vertex 88.7523 0.836578 23.6187
    endloop
  endfacet
  facet normal -0.445091 -0.41257 0.794783
    outer loop
      vertex 88.7321 0.92598 23.6538
      vertex 86.7343 0.92598 22.535
      vertex 86.7536 0.836578 22.4994
    endloop
  endfacet
  facet normal -0.431027 -0.471072 0.769615
    outer loop
      vertex 88.7523 0.836578 23.6187
      vertex 86.7757 0.75 22.4587
      vertex 88.7755 0.75 23.5787
    endloop
  endfacet
  facet normal -0.430851 -0.471652 0.769358
    outer loop
      vertex 88.7523 0.836578 23.6187
      vertex 86.7536 0.836578 22.4994
      vertex 86.7757 0.75 22.4587
    endloop
  endfacet
  facet normal -0.414926 -0.528095 0.740913
    outer loop
      vertex 88.7755 0.75 23.5787
      vertex 86.8004 0.666656 22.4132
      vertex 88.8014 0.666656 23.5338
    endloop
  endfacet
  facet normal -0.415087 -0.527633 0.741152
    outer loop
      vertex 88.7755 0.75 23.5787
      vertex 86.7757 0.75 22.4587
      vertex 86.8004 0.666656 22.4132
    endloop
  endfacet
  facet normal -0.396986 -0.582983 0.708896
    outer loop
      vertex 88.8014 0.666656 23.5338
      vertex 86.8277 0.586868 22.3629
      vertex 88.83 0.586868 23.4842
    endloop
  endfacet
  facet normal -0.397051 -0.582818 0.708994
    outer loop
      vertex 88.8014 0.666656 23.5338
      vertex 86.8004 0.666656 22.4132
      vertex 86.8277 0.586868 22.3629
    endloop
  endfacet
  facet normal -0.377827 -0.634082 0.674675
    outer loop
      vertex 88.83 0.586868 23.4842
      vertex 86.8574 0.510986 22.3082
      vertex 88.8611 0.510986 23.4303
    endloop
  endfacet
  facet normal -0.377789 -0.634167 0.674616
    outer loop
      vertex 88.83 0.586868 23.4842
      vertex 86.8277 0.586868 22.3629
      vertex 86.8574 0.510986 22.3082
    endloop
  endfacet
  facet normal -0.356607 -0.683655 0.636748
    outer loop
      vertex 88.8611 0.510986 23.4303
      vertex 86.8895 0.439346 22.2492
      vertex 88.8947 0.439346 23.3722
    endloop
  endfacet
  facet normal -0.356462 -0.683938 0.636524
    outer loop
      vertex 88.8611 0.510986 23.4303
      vertex 86.8574 0.510986 22.3082
      vertex 86.8895 0.439346 22.2492
    endloop
  endfacet
  facet normal -0.334131 -0.72964 0.596643
    outer loop
      vertex 88.8947 0.439346 23.3722
      vertex 86.9236 0.372253 22.1863
      vertex 88.9305 0.372253 23.3102
    endloop
  endfacet
  facet normal -0.334255 -0.729423 0.596838
    outer loop
      vertex 88.8947 0.439346 23.3722
      vertex 86.8895 0.439346 22.2492
      vertex 86.9236 0.372253 22.1863
    endloop
  endfacet
  facet normal -0.310071 -0.772864 0.553658
    outer loop
      vertex 88.9305 0.372253 23.3102
      vertex 86.9598 0.309982 22.1196
      vertex 88.9684 0.309982 23.2445
    endloop
  endfacet
  facet normal -0.309959 -0.773036 0.553481
    outer loop
      vertex 88.9305 0.372253 23.3102
      vertex 86.9236 0.372253 22.1863
      vertex 86.9598 0.309982 22.1196
    endloop
  endfacet
  facet normal -0.284617 -0.812844 0.50821
    outer loop
      vertex 88.9684 0.309982 23.2445
      vertex 86.9979 0.252808 22.0495
      vertex 89.0083 0.252808 23.1754
    endloop
  endfacet
  facet normal -0.284635 -0.81282 0.508239
    outer loop
      vertex 88.9684 0.309982 23.2445
      vertex 86.9598 0.309982 22.1196
      vertex 86.9979 0.252808 22.0495
    endloop
  endfacet
  facet normal -0.258004 -0.849242 0.460676
    outer loop
      vertex 89.0083 0.252808 23.1754
      vertex 87.0377 0.200974 21.9762
      vertex 89.05 0.200974 23.1032
    endloop
  endfacet
  facet normal -0.257928 -0.849331 0.460555
    outer loop
      vertex 89.0083 0.252808 23.1754
      vertex 86.9979 0.252808 22.0495
      vertex 87.0377 0.200974 21.9762
    endloop
  endfacet
  facet normal -0.230318 -0.881946 0.411249
    outer loop
      vertex 89.05 0.200974 23.1032
      vertex 87.079 0.154694 21.9001
      vertex 89.0933 0.154694 23.0282
    endloop
  endfacet
  facet normal -0.230358 -0.881906 0.411312
    outer loop
      vertex 89.05 0.200974 23.1032
      vertex 87.0377 0.200974 21.9762
      vertex 87.079 0.154694 21.9001
    endloop
  endfacet
  facet normal -0.201733 -0.910796 0.360215
    outer loop
      vertex 89.0933 0.154694 23.0282
      vertex 87.1217 0.114182 21.8216
      vertex 89.138 0.114182 22.9508
    endloop
  endfacet
  facet normal -0.201769 -0.910765 0.360272
    outer loop
      vertex 89.0933 0.154694 23.0282
      vertex 87.079 0.154694 21.9001
      vertex 87.1217 0.114182 21.8216
    endloop
  endfacet
  facet normal -0.172106 -0.935918 0.307305
    outer loop
      vertex 89.138 0.114182 22.9508
      vertex 87.1655 0.0796051 21.7408
      vertex 89.1839 0.0796051 22.8712
    endloop
  endfacet
  facet normal -0.172069 -0.935945 0.307246
    outer loop
      vertex 89.138 0.114182 22.9508
      vertex 87.1217 0.114182 21.8216
      vertex 87.1655 0.0796051 21.7408
    endloop
  endfacet
  facet normal -0.141859 -0.956928 0.253306
    outer loop
      vertex 89.1839 0.0796051 22.8712
      vertex 87.2103 0.0511169 21.6583
      vertex 89.2309 0.0511169 22.7899
    endloop
  endfacet
  facet normal -0.141901 -0.956904 0.253373
    outer loop
      vertex 89.1839 0.0796051 22.8712
      vertex 87.1655 0.0796051 21.7408
      vertex 87.2103 0.0511169 21.6583
    endloop
  endfacet
  facet normal -0.110964 -0.973871 0.198145
    outer loop
      vertex 89.2309 0.0511169 22.7899
      vertex 87.2559 0.0288239 21.5743
      vertex 89.2787 0.0288239 22.7071
    endloop
  endfacet
  facet normal -0.110998 -0.973857 0.198199
    outer loop
      vertex 89.2309 0.0511169 22.7899
      vertex 87.2103 0.0511169 21.6583
      vertex 87.2559 0.0288239 21.5743
    endloop
  endfacet
  facet normal -0.0795221 -0.986667 0.142004
    outer loop
      vertex 89.2787 0.0288239 22.7071
      vertex 87.3021 0.0128479 21.4892
      vertex 89.3271 0.0128479 22.6232
    endloop
  endfacet
  facet normal -0.0795462 -0.986659 0.142043
    outer loop
      vertex 89.2787 0.0288239 22.7071
      vertex 87.2559 0.0288239 21.5743
      vertex 87.3021 0.0128479 21.4892
    endloop
  endfacet
  facet normal -0.0479422 -0.995175 0.0856059
    outer loop
      vertex 89.3271 0.0128479 22.6232
      vertex 87.3487 0.0032196 21.4033
      vertex 89.3759 0.0032196 22.5386
    endloop
  endfacet
  facet normal -0.0479112 -0.995181 0.0855557
    outer loop
      vertex 89.3271 0.0128479 22.6232
      vertex 87.3021 0.0128479 21.4892
      vertex 87.3487 0.0032196 21.4033
    endloop
  endfacet
  facet normal -0.0160303 -0.999462 0.0286241
    outer loop
      vertex 89.3759 0.0032196 22.5386
      vertex 87.4049 1.52588e-05 21.3229
      vertex 89.4248 1.52588e-05 22.4541
    endloop
  endfacet
  facet normal -0.0160321 -0.999462 0.028627
    outer loop
      vertex 87.3487 0.0032196 21.4033
      vertex 87.4049 1.52588e-05 21.3229
      vertex 89.3759 0.0032196 22.5386
    endloop
  endfacet
  facet normal -0.0160828 -0.999462 0.0285916
    outer loop
      vertex 87.4049 1.52588e-05 21.3229
      vertex 87.3487 0.0032196 21.4033
      vertex 87.3953 1.52588e-05 21.3175
    endloop
  endfacet
  facet normal -0.0151261 0.999472 0.0287492
    outer loop
      vertex 87.0615 20.5 21.9323
      vertex 84.9955 20.4983 20.9044
      vertex 87.0366 20.4983 21.9783
    endloop
  endfacet
  facet normal -0.0151209 0.999473 0.0287388
    outer loop
      vertex 85.0193 20.5 20.8578
      vertex 84.9955 20.4983 20.9044
      vertex 87.0615 20.5 21.9323
    endloop
  endfacet
  facet normal -0.0454156 0.995232 0.0863202
    outer loop
      vertex 87.0366 20.4983 21.9783
      vertex 84.9719 20.4932 20.9508
      vertex 87.0117 20.4932 22.024
    endloop
  endfacet
  facet normal -0.0454039 0.995234 0.0862966
    outer loop
      vertex 84.9955 20.4983 20.9044
      vertex 84.9719 20.4932 20.9508
      vertex 87.0366 20.4983 21.9783
    endloop
  endfacet
  facet normal -0.0764989 0.986411 0.145402
    outer loop
      vertex 87.0117 20.4932 22.024
      vertex 84.9484 20.4846 20.9968
      vertex 86.9871 20.4846 22.0694
    endloop
  endfacet
  facet normal -0.076473 0.98642 0.14535
    outer loop
      vertex 84.9719 20.4932 20.9508
      vertex 84.9484 20.4846 20.9968
      vertex 87.0117 20.4932 22.024
    endloop
  endfacet
  facet normal -0.105783 0.97385 0.201065
    outer loop
      vertex 86.9871 20.4846 22.0694
      vertex 84.9253 20.4727 21.0423
      vertex 86.9627 20.4727 22.1142
    endloop
  endfacet
  facet normal -0.105756 0.973864 0.201011
    outer loop
      vertex 84.9484 20.4846 20.9968
      vertex 84.9253 20.4727 21.0423
      vertex 86.9871 20.4846 22.0694
    endloop
  endfacet
  facet normal -0.134232 0.957547 0.25512
    outer loop
      vertex 86.9627 20.4727 22.1142
      vertex 84.9025 20.4576 21.0869
      vertex 86.9388 20.4576 22.1583
    endloop
  endfacet
  facet normal -0.134395 0.957436 0.25545
    outer loop
      vertex 84.9253 20.4727 21.0423
      vertex 84.9025 20.4576 21.0869
      vertex 86.9627 20.4727 22.1142
    endloop
  endfacet
  facet normal -0.164738 0.935311 0.313136
    outer loop
      vertex 86.9388 20.4576 22.1583
      vertex 84.8803 20.4391 21.1306
      vertex 86.9155 20.4391 22.2013
    endloop
  endfacet
  facet normal -0.164437 0.935567 0.312529
    outer loop
      vertex 84.9025 20.4576 21.0869
      vertex 84.8803 20.4391 21.1306
      vertex 86.9388 20.4576 22.1583
    endloop
  endfacet
  facet normal -0.192081 0.910944 0.365083
    outer loop
      vertex 86.9155 20.4391 22.2013
      vertex 84.8586 20.4175 21.173
      vertex 86.8927 20.4175 22.2432
    endloop
  endfacet
  facet normal -0.192303 0.910718 0.365531
    outer loop
      vertex 84.8803 20.4391 21.1306
      vertex 84.8586 20.4175 21.173
      vertex 86.9155 20.4391 22.2013
    endloop
  endfacet
  facet normal -0.219622 0.881767 0.417437
    outer loop
      vertex 86.8927 20.4175 22.2432
      vertex 84.8377 20.3928 21.2142
      vertex 86.8707 20.3928 22.2838
    endloop
  endfacet
  facet normal -0.219556 0.881847 0.417303
    outer loop
      vertex 84.8586 20.4175 21.173
      vertex 84.8377 20.3928 21.2142
      vertex 86.8927 20.4175 22.2432
    endloop
  endfacet
  facet normal -0.245521 0.849679 0.466652
    outer loop
      vertex 86.8707 20.3928 22.2838
      vertex 84.8175 20.3652 21.2538
      vertex 86.8495 20.3652 22.3229
    endloop
  endfacet
  facet normal -0.245608 0.849556 0.46683
    outer loop
      vertex 84.8377 20.3928 21.2142
      vertex 84.8175 20.3652 21.2538
      vertex 86.8707 20.3928 22.2838
    endloop
  endfacet
  facet normal -0.271269 0.812768 0.515579
    outer loop
      vertex 86.8495 20.3652 22.3229
      vertex 84.7982 20.3347 21.2917
      vertex 86.8292 20.3347 22.3603
    endloop
  endfacet
  facet normal -0.271361 0.812618 0.515767
    outer loop
      vertex 84.8175 20.3652 21.2538
      vertex 84.7982 20.3347 21.2917
      vertex 86.8495 20.3652 22.3229
    endloop
  endfacet
  facet normal -0.295394 0.772977 0.56147
    outer loop
      vertex 86.8292 20.3347 22.3603
      vertex 84.7798 20.3015 21.3278
      vertex 86.8098 20.3015 22.3958
    endloop
  endfacet
  facet normal -0.295125 0.773479 0.56092
    outer loop
      vertex 84.7982 20.3347 21.2917
      vertex 84.7798 20.3015 21.3278
      vertex 86.8292 20.3347 22.3603
    endloop
  endfacet
  facet normal -0.318347 0.729744 0.605086
    outer loop
      vertex 86.8098 20.3015 22.3958
      vertex 84.7624 20.2657 21.3618
      vertex 86.7916 20.2657 22.4294
    endloop
  endfacet
  facet normal -0.318424 0.729578 0.605245
    outer loop
      vertex 84.7798 20.3015 21.3278
      vertex 84.7624 20.2657 21.3618
      vertex 86.8098 20.3015 22.3958
    endloop
  endfacet
  facet normal -0.33958 0.684212 0.645399
    outer loop
      vertex 86.7916 20.2657 22.4294
      vertex 84.7462 20.2275 21.3937
      vertex 86.7745 20.2275 22.4609
    endloop
  endfacet
  facet normal -0.33985 0.68355 0.645957
    outer loop
      vertex 84.7624 20.2657 21.3618
      vertex 84.7462 20.2275 21.3937
      vertex 86.7916 20.2657 22.4294
    endloop
  endfacet
  facet normal -0.360103 0.633947 0.684425
    outer loop
      vertex 86.7745 20.2275 22.4609
      vertex 84.7311 20.187 21.4233
      vertex 86.7587 20.187 22.4901
    endloop
  endfacet
  facet normal -0.359989 0.634267 0.684188
    outer loop
      vertex 84.7462 20.2275 21.3937
      vertex 84.7311 20.187 21.4233
      vertex 86.7745 20.2275 22.4609
    endloop
  endfacet
  facet normal -0.378577 0.582124 0.719591
    outer loop
      vertex 86.7587 20.187 22.4901
      vertex 84.7173 20.1445 21.4505
      vertex 86.7441 20.1445 22.5168
    endloop
  endfacet
  facet normal -0.378304 0.583009 0.719018
    outer loop
      vertex 84.7311 20.187 21.4233
      vertex 84.7173 20.1445 21.4505
      vertex 86.7587 20.187 22.4901
    endloop
  endfacet
  facet normal -0.395643 0.527143 0.752055
    outer loop
      vertex 86.7441 20.1445 22.5168
      vertex 84.7047 20.1 21.4751
      vertex 86.731 20.1 22.5411
    endloop
  endfacet
  facet normal -0.395523 0.527594 0.751802
    outer loop
      vertex 84.7173 20.1445 21.4505
      vertex 84.7047 20.1 21.4751
      vertex 86.7441 20.1445 22.5168
    endloop
  endfacet
  facet normal -0.410599 0.471457 0.780472
    outer loop
      vertex 86.731 20.1 22.5411
      vertex 84.6935 20.0538 21.4971
      vertex 86.7192 20.0538 22.5628
    endloop
  endfacet
  facet normal -0.410645 0.471251 0.780572
    outer loop
      vertex 84.7047 20.1 21.4751
      vertex 84.6935 20.0538 21.4971
      vertex 86.731 20.1 22.5411
    endloop
  endfacet
  facet normal -0.424115 0.412675 0.806117
    outer loop
      vertex 86.7192 20.0538 22.5628
      vertex 84.6837 20.0061 21.5163
      vertex 86.7089 20.0061 22.5818
    endloop
  endfacet
  facet normal -0.424282 0.411791 0.806482
    outer loop
      vertex 84.6935 20.0538 21.4971
      vertex 84.6837 20.0061 21.5163
      vertex 86.7192 20.0538 22.5628
    endloop
  endfacet
  facet normal -0.435346 0.35345 0.827978
    outer loop
      vertex 86.7089 20.0061 22.5818
      vertex 86.6687 19.9772 22.573
      vertex 86.7034 19.9759 22.5918
    endloop
  endfacet
  facet normal -0.435518 0.353757 0.827756
    outer loop
      vertex 86.6687 19.9772 22.573
      vertex 86.7089 20.0061 22.5818
      vertex 85.5078 19.9772 21.9622
    endloop
  endfacet
  facet normal -0.435623 0.353079 0.82799
    outer loop
      vertex 84.6837 20.0061 21.5163
      vertex 85.5078 19.9772 21.9622
      vertex 86.7089 20.0061 22.5818
    endloop
  endfacet
  facet normal -0.435863 0.351917 0.828358
    outer loop
      vertex 85.5078 19.9772 21.9622
      vertex 84.6837 20.0061 21.5163
      vertex 84.7132 19.9772 21.5441
    endloop
  endfacet
  facet normal -0.434453 0.353444 0.828449
    outer loop
      vertex 84.7132 19.9772 21.5441
      vertex 84.6837 20.0061 21.5163
      vertex 84.6785 19.9758 21.5265
    endloop
  endfacet
  facet normal -0.452847 -0.226798 0.86226
    outer loop
      vertex 86.6687 1.11652 22.573
      vertex 86.7042 1.11179 22.5904
      vertex 86.7034 1.11871 22.5918
    endloop
  endfacet
  facet normal -0.452859 -0.232597 0.860707
    outer loop
      vertex 84.7806 1.11659 21.5796
      vertex 86.7042 1.11179 22.5904
      vertex 86.6687 1.11652 22.573
    endloop
  endfacet
  facet normal -0.452786 -0.23326 0.860566
    outer loop
      vertex 86.7042 1.11179 22.5904
      vertex 84.7806 1.11659 21.5796
      vertex 84.6793 1.11179 21.525
    endloop
  endfacet
  facet normal -0.454313 -0.22295 0.862492
    outer loop
      vertex 84.7132 1.1166 21.5441
      vertex 84.6793 1.11179 21.525
      vertex 84.7806 1.11659 21.5796
    endloop
  endfacet
  facet normal -0.451229 -0.23663 0.860464
    outer loop
      vertex 84.6793 1.11179 21.525
      vertex 84.7132 1.1166 21.5441
      vertex 84.6785 1.11877 21.5265
    endloop
  endfacet
  facet normal -0.445611 -0.289918 0.846982
    outer loop
      vertex 86.7042 1.11179 22.5904
      vertex 84.6922 1.01785 21.4997
      vertex 86.7178 1.01785 22.5654
    endloop
  endfacet
  facet normal -0.445713 -0.289353 0.847122
    outer loop
      vertex 86.7042 1.11179 22.5904
      vertex 84.6793 1.11179 21.525
      vertex 84.6922 1.01785 21.4997
    endloop
  endfacet
  facet normal -0.435745 -0.352329 0.828246
    outer loop
      vertex 86.7178 1.01785 22.5654
      vertex 84.7079 0.92598 21.4689
      vertex 86.7343 0.92598 22.535
    endloop
  endfacet
  facet normal -0.43578 -0.352164 0.828297
    outer loop
      vertex 86.7178 1.01785 22.5654
      vertex 84.6922 1.01785 21.4997
      vertex 84.7079 0.92598 21.4689
    endloop
  endfacet
  facet normal -0.424135 -0.412575 0.806158
    outer loop
      vertex 86.7343 0.92598 22.535
      vertex 84.7263 0.836578 21.4328
      vertex 86.7536 0.836578 22.4994
    endloop
  endfacet
  facet normal -0.424085 -0.412773 0.806083
    outer loop
      vertex 86.7343 0.92598 22.535
      vertex 84.7079 0.92598 21.4689
      vertex 84.7263 0.836578 21.4328
    endloop
  endfacet
  facet normal -0.410574 -0.471652 0.780368
    outer loop
      vertex 86.7536 0.836578 22.4994
      vertex 84.7473 0.75 21.3915
      vertex 86.7757 0.75 22.4587
    endloop
  endfacet
  facet normal -0.410531 -0.471801 0.780301
    outer loop
      vertex 86.7536 0.836578 22.4994
      vertex 84.7263 0.836578 21.4328
      vertex 84.7473 0.75 21.3915
    endloop
  endfacet
  facet normal -0.395548 -0.527634 0.75176
    outer loop
      vertex 86.7757 0.75 22.4587
      vertex 84.7708 0.666656 21.3453
      vertex 86.8004 0.666656 22.4132
    endloop
  endfacet
  facet normal -0.395399 -0.528081 0.751525
    outer loop
      vertex 86.7757 0.75 22.4587
      vertex 84.7473 0.75 21.3915
      vertex 84.7708 0.666656 21.3453
    endloop
  endfacet
  facet normal -0.378357 -0.58282 0.719143
    outer loop
      vertex 86.8004 0.666656 22.4132
      vertex 84.7968 0.586868 21.2944
      vertex 86.8277 0.586868 22.3629
    endloop
  endfacet
  facet normal -0.378547 -0.58232 0.719448
    outer loop
      vertex 86.8004 0.666656 22.4132
      vertex 84.7708 0.666656 21.3453
      vertex 84.7968 0.586868 21.2944
    endloop
  endfacet
  facet normal -0.360026 -0.634167 0.684261
    outer loop
      vertex 86.8277 0.586868 22.3629
      vertex 84.8251 0.510986 21.2389
      vertex 86.8574 0.510986 22.3082
    endloop
  endfacet
  facet normal -0.359879 -0.634509 0.684022
    outer loop
      vertex 86.8277 0.586868 22.3629
      vertex 84.7968 0.586868 21.2944
      vertex 84.8251 0.510986 21.2389
    endloop
  endfacet
  facet normal -0.339678 -0.68393 0.645646
    outer loop
      vertex 86.8574 0.510986 22.3082
      vertex 84.8555 0.439346 21.1791
      vertex 86.8895 0.439346 22.2492
    endloop
  endfacet
  facet normal -0.339899 -0.683477 0.646009
    outer loop
      vertex 86.8574 0.510986 22.3082
      vertex 84.8251 0.510986 21.2389
      vertex 84.8555 0.439346 21.1791
    endloop
  endfacet
  facet normal -0.318511 -0.729429 0.605379
    outer loop
      vertex 86.8895 0.439346 22.2492
      vertex 84.888 0.372253 21.1153
      vertex 86.9236 0.372253 22.1863
    endloop
  endfacet
  facet normal -0.318376 -0.729675 0.605154
    outer loop
      vertex 86.8895 0.439346 22.2492
      vertex 84.8555 0.439346 21.1791
      vertex 84.888 0.372253 21.1153
    endloop
  endfacet
  facet normal -0.295373 -0.773037 0.561399
    outer loop
      vertex 86.9236 0.372253 22.1863
      vertex 84.9225 0.309982 21.0477
      vertex 86.9598 0.309982 22.1196
    endloop
  endfacet
  facet normal -0.29536 -0.773057 0.561378
    outer loop
      vertex 86.9236 0.372253 22.1863
      vertex 84.888 0.372253 21.1153
      vertex 84.9225 0.309982 21.0477
    endloop
  endfacet
  facet normal -0.271234 -0.812817 0.51552
    outer loop
      vertex 86.9598 0.309982 22.1196
      vertex 84.9587 0.252808 20.9766
      vertex 86.9979 0.252808 22.0495
    endloop
  endfacet
  facet normal -0.271234 -0.812818 0.515519
    outer loop
      vertex 86.9598 0.309982 22.1196
      vertex 84.9225 0.309982 21.0477
      vertex 84.9587 0.252808 20.9766
    endloop
  endfacet
  facet normal -0.245784 -0.849331 0.467148
    outer loop
      vertex 86.9979 0.252808 22.0495
      vertex 84.9966 0.200974 20.9023
      vertex 87.0377 0.200974 21.9762
    endloop
  endfacet
  facet normal -0.245784 -0.849331 0.467147
    outer loop
      vertex 86.9979 0.252808 22.0495
      vertex 84.9587 0.252808 20.9766
      vertex 84.9966 0.200974 20.9023
    endloop
  endfacet
  facet normal -0.219497 -0.881907 0.417206
    outer loop
      vertex 87.0377 0.200974 21.9762
      vertex 85.0359 0.154694 20.8252
      vertex 87.079 0.154694 21.9001
    endloop
  endfacet
  facet normal -0.219597 -0.881802 0.417375
    outer loop
      vertex 87.0377 0.200974 21.9762
      vertex 84.9966 0.200974 20.9023
      vertex 85.0359 0.154694 20.8252
    endloop
  endfacet
  facet normal -0.192276 -0.910762 0.365434
    outer loop
      vertex 87.079 0.154694 21.9001
      vertex 85.0765 0.114182 20.7455
      vertex 87.1217 0.114182 21.8216
    endloop
  endfacet
  facet normal -0.192113 -0.910908 0.365156
    outer loop
      vertex 87.079 0.154694 21.9001
      vertex 85.0359 0.154694 20.8252
      vertex 85.0765 0.114182 20.7455
    endloop
  endfacet
  facet normal -0.163958 -0.935947 0.311643
    outer loop
      vertex 87.1217 0.114182 21.8216
      vertex 85.1182 0.0796051 20.6637
      vertex 87.1655 0.0796051 21.7408
    endloop
  endfacet
  facet normal -0.164116 -0.935829 0.311913
    outer loop
      vertex 87.1217 0.114182 21.8216
      vertex 85.0765 0.114182 20.7455
      vertex 85.1182 0.0796051 20.6637
    endloop
  endfacet
  facet normal -0.135217 -0.956904 0.257003
    outer loop
      vertex 87.1655 0.0796051 21.7408
      vertex 85.1608 0.0511169 20.58
      vertex 87.2103 0.0511169 21.6583
    endloop
  endfacet
  facet normal -0.135163 -0.956937 0.256911
    outer loop
      vertex 87.1655 0.0796051 21.7408
      vertex 85.1182 0.0796051 20.6637
      vertex 85.1608 0.0511169 20.58
    endloop
  endfacet
  facet normal -0.105774 -0.973857 0.201034
    outer loop
      vertex 87.2103 0.0511169 21.6583
      vertex 85.2042 0.0288239 20.4948
      vertex 87.2559 0.0288239 21.5743
    endloop
  endfacet
  facet normal -0.105731 -0.973877 0.200961
    outer loop
      vertex 87.2103 0.0511169 21.6583
      vertex 85.1608 0.0511169 20.58
      vertex 85.2042 0.0288239 20.4948
    endloop
  endfacet
  facet normal -0.0758067 -0.986659 0.144073
    outer loop
      vertex 87.2559 0.0288239 21.5743
      vertex 85.2482 0.0128479 20.4085
      vertex 87.3021 0.0128479 21.4892
    endloop
  endfacet
  facet normal -0.0757758 -0.986669 0.14402
    outer loop
      vertex 87.2559 0.0288239 21.5743
      vertex 85.2042 0.0288239 20.4948
      vertex 85.2482 0.0128479 20.4085
    endloop
  endfacet
  facet normal -0.0456559 -0.995181 0.0867792
    outer loop
      vertex 87.3021 0.0128479 21.4892
      vertex 85.2925 0.0032196 20.3215
      vertex 87.3487 0.0032196 21.4033
    endloop
  endfacet
  facet normal -0.0457047 -0.995171 0.0868631
    outer loop
      vertex 87.3021 0.0128479 21.4892
      vertex 85.2482 0.0128479 20.4085
      vertex 85.2925 0.0032196 20.3215
    endloop
  endfacet
  facet normal -0.0152742 -0.999462 0.0290308
    outer loop
      vertex 87.3487 0.0032196 21.4033
      vertex 85.3466 1.52588e-05 20.2396
      vertex 87.3953 1.52588e-05 21.3175
    endloop
  endfacet
  facet normal -0.0152674 -0.999462 0.029019
    outer loop
      vertex 85.2925 0.0032196 20.3215
      vertex 85.3466 1.52588e-05 20.2396
      vertex 87.3487 0.0032196 21.4033
    endloop
  endfacet
  facet normal -0.0151441 -0.999462 0.0291004
    outer loop
      vertex 85.3466 1.52588e-05 20.2396
      vertex 85.2925 0.0032196 20.3215
      vertex 85.3368 1.52588e-05 20.2345
    endloop
  endfacet
  facet normal -0.0143635 0.999473 0.0291256
    outer loop
      vertex 85.0193 20.5 20.8578
      vertex 82.927 20.4983 19.8843
      vertex 84.9955 20.4983 20.9044
    endloop
  endfacet
  facet normal -0.0143732 0.999472 0.0291463
    outer loop
      vertex 82.9495 20.5 19.8371
      vertex 82.927 20.4983 19.8843
      vertex 85.0193 20.5 20.8578
    endloop
  endfacet
  facet normal -0.043125 0.995235 0.0874557
    outer loop
      vertex 84.9955 20.4983 20.9044
      vertex 82.9046 20.4932 19.9314
      vertex 84.9719 20.4932 20.9508
    endloop
  endfacet
  facet normal -0.0430492 0.995252 0.0872927
    outer loop
      vertex 82.927 20.4983 19.8843
      vertex 82.9046 20.4932 19.9314
      vertex 84.9955 20.4983 20.9044
    endloop
  endfacet
  facet normal -0.0726412 0.98642 0.147307
    outer loop
      vertex 84.9719 20.4932 20.9508
      vertex 82.8824 20.4846 19.978
      vertex 84.9484 20.4846 20.9968
    endloop
  endfacet
  facet normal -0.0726893 0.986401 0.147411
    outer loop
      vertex 82.9046 20.4932 19.9314
      vertex 82.8824 20.4846 19.978
      vertex 84.9719 20.4932 20.9508
    endloop
  endfacet
  facet normal -0.100455 0.973865 0.203703
    outer loop
      vertex 84.9484 20.4846 20.9968
      vertex 82.8604 20.4727 20.024
      vertex 84.9253 20.4727 21.0423
    endloop
  endfacet
  facet normal -0.100523 0.973828 0.203849
    outer loop
      vertex 82.8824 20.4846 19.978
      vertex 82.8604 20.4727 20.024
      vertex 84.9484 20.4846 20.9968
    endloop
  endfacet
  facet normal -0.127669 0.957433 0.258888
    outer loop
      vertex 84.9253 20.4727 21.0423
      vertex 82.8388 20.4576 20.0692
      vertex 84.9025 20.4576 21.0869
    endloop
  endfacet
  facet normal -0.127652 0.957445 0.258852
    outer loop
      vertex 82.8604 20.4727 20.024
      vertex 82.8388 20.4576 20.0692
      vertex 84.9253 20.4727 21.0423
    endloop
  endfacet
  facet normal -0.156194 0.935571 0.316718
    outer loop
      vertex 84.9025 20.4576 21.0869
      vertex 82.8177 20.4391 20.1134
      vertex 84.8803 20.4391 21.1306
    endloop
  endfacet
  facet normal -0.156295 0.93548 0.316936
    outer loop
      vertex 82.8388 20.4576 20.0692
      vertex 82.8177 20.4391 20.1134
      vertex 84.9025 20.4576 21.0869
    endloop
  endfacet
  facet normal -0.182675 0.91071 0.370455
    outer loop
      vertex 84.8803 20.4391 21.1306
      vertex 82.7972 20.4175 20.1565
      vertex 84.8586 20.4175 21.173
    endloop
  endfacet
  facet normal -0.182383 0.911026 0.369822
    outer loop
      vertex 82.8177 20.4391 20.1134
      vertex 82.7972 20.4175 20.1565
      vertex 84.8803 20.4391 21.1306
    endloop
  endfacet
  facet normal -0.20856 0.881856 0.422887
    outer loop
      vertex 84.8586 20.4175 21.173
      vertex 82.7774 20.3928 20.1981
      vertex 84.8377 20.3928 21.2142
    endloop
  endfacet
  facet normal -0.208985 0.881312 0.42381
    outer loop
      vertex 82.7972 20.4175 20.1565
      vertex 82.7774 20.3928 20.1981
      vertex 84.8586 20.4175 21.173
    endloop
  endfacet
  facet normal -0.233302 0.849554 0.473106
    outer loop
      vertex 84.8377 20.3928 21.2142
      vertex 82.7582 20.3652 20.2383
      vertex 84.8175 20.3652 21.2538
    endloop
  endfacet
  facet normal -0.232959 0.850062 0.472361
    outer loop
      vertex 82.7774 20.3928 20.1981
      vertex 82.7582 20.3652 20.2383
      vertex 84.8377 20.3928 21.2142
    endloop
  endfacet
  facet normal -0.257755 0.812619 0.522697
    outer loop
      vertex 84.8175 20.3652 21.2538
      vertex 82.7399 20.3347 20.2767
      vertex 84.7982 20.3347 21.2917
    endloop
  endfacet
  facet normal -0.257732 0.812659 0.522646
    outer loop
      vertex 82.7582 20.3652 20.2383
      vertex 82.7399 20.3347 20.2767
      vertex 84.8175 20.3652 21.2538
    endloop
  endfacet
  facet normal -0.280344 0.773478 0.568453
    outer loop
      vertex 84.7982 20.3347 21.2917
      vertex 82.7225 20.3015 20.3132
      vertex 84.7798 20.3015 21.3278
    endloop
  endfacet
  facet normal -0.28067 0.772836 0.569165
    outer loop
      vertex 82.7399 20.3347 20.2767
      vertex 82.7225 20.3015 20.3132
      vertex 84.7982 20.3347 21.2917
    endloop
  endfacet
  facet normal -0.302486 0.729562 0.613384
    outer loop
      vertex 84.7798 20.3015 21.3278
      vertex 82.706 20.2657 20.3477
      vertex 84.7624 20.2657 21.3618
    endloop
  endfacet
  facet normal -0.302288 0.730012 0.612947
    outer loop
      vertex 82.7225 20.3015 20.3132
      vertex 82.706 20.2657 20.3477
      vertex 84.7798 20.3015 21.3278
    endloop
  endfacet
  facet normal -0.32282 0.683563 0.654621
    outer loop
      vertex 84.7624 20.2657 21.3618
      vertex 82.6906 20.2275 20.38
      vertex 84.7462 20.2275 21.3937
    endloop
  endfacet
  facet normal -0.322801 0.683613 0.654578
    outer loop
      vertex 82.706 20.2657 20.3477
      vertex 82.6906 20.2275 20.38
      vertex 84.7624 20.2657 21.3618
    endloop
  endfacet
  facet normal -0.341937 0.634262 0.693391
    outer loop
      vertex 84.7462 20.2275 21.3937
      vertex 82.6763 20.187 20.41
      vertex 84.7311 20.187 21.4233
    endloop
  endfacet
  facet normal -0.341918 0.634318 0.693349
    outer loop
      vertex 82.6906 20.2275 20.38
      vertex 82.6763 20.187 20.41
      vertex 84.7462 20.2275 21.3937
    endloop
  endfacet
  facet normal -0.359347 0.583026 0.728663
    outer loop
      vertex 84.7311 20.187 21.4233
      vertex 82.6632 20.1445 20.4375
      vertex 84.7173 20.1445 21.4505
    endloop
  endfacet
  facet normal -0.359497 0.582515 0.728998
    outer loop
      vertex 82.6763 20.187 20.41
      vertex 82.6632 20.1445 20.4375
      vertex 84.7311 20.187 21.4233
    endloop
  endfacet
  facet normal -0.375751 0.527573 0.761891
    outer loop
      vertex 84.7173 20.1445 21.4505
      vertex 82.6513 20.1 20.4624
      vertex 84.7047 20.1 21.4751
    endloop
  endfacet
  facet normal -0.375891 0.527014 0.762209
    outer loop
      vertex 82.6632 20.1445 20.4375
      vertex 82.6513 20.1 20.4624
      vertex 84.7173 20.1445 21.4505
    endloop
  endfacet
  facet normal -0.390119 0.471255 0.791028
    outer loop
      vertex 84.7047 20.1 21.4751
      vertex 82.6407 20.0538 20.4847
      vertex 84.6935 20.0538 21.4971
    endloop
  endfacet
  facet normal -0.390108 0.471309 0.791002
    outer loop
      vertex 82.6513 20.1 20.4624
      vertex 82.6407 20.0538 20.4847
      vertex 84.7047 20.1 21.4751
    endloop
  endfacet
  facet normal -0.403055 0.411784 0.817301
    outer loop
      vertex 84.6935 20.0538 21.4971
      vertex 82.6314 20.0061 20.5042
      vertex 84.6837 20.0061 21.5163
    endloop
  endfacet
  facet normal -0.40292 0.412544 0.816984
    outer loop
      vertex 82.6407 20.0538 20.4847
      vertex 82.6314 20.0061 20.5042
      vertex 84.6935 20.0538 21.4971
    endloop
  endfacet
  facet normal -0.413784 0.353437 0.838967
    outer loop
      vertex 84.6837 20.0061 21.5163
      vertex 84.6432 19.9772 21.5085
      vertex 84.6785 19.9758 21.5265
    endloop
  endfacet
  facet normal -0.413777 0.353424 0.838976
    outer loop
      vertex 84.6432 19.9772 21.5085
      vertex 84.6837 20.0061 21.5163
      vertex 83.468 19.9772 20.9289
    endloop
  endfacet
  facet normal -0.413949 0.352235 0.839391
    outer loop
      vertex 82.6314 20.0061 20.5042
      vertex 83.468 19.9772 20.9289
      vertex 84.6837 20.0061 21.5163
    endloop
  endfacet
  facet normal -0.413769 0.353143 0.839098
    outer loop
      vertex 83.468 19.9772 20.9289
      vertex 82.6314 20.0061 20.5042
      vertex 82.6623 19.9772 20.5316
    endloop
  endfacet
  facet normal -0.412536 0.354496 0.839135
    outer loop
      vertex 82.6623 19.9772 20.5316
      vertex 82.6314 20.0061 20.5042
      vertex 82.6264 19.9759 20.5145
    endloop
  endfacet
  facet normal -0.429477 -0.236521 0.871555
    outer loop
      vertex 84.6432 1.11654 21.5085
      vertex 84.6793 1.11179 21.525
      vertex 84.6785 1.11877 21.5265
    endloop
  endfacet
  facet normal -0.42949 -0.238892 0.870901
    outer loop
      vertex 82.7282 1.11652 20.5641
      vertex 84.6793 1.11179 21.525
      vertex 84.6432 1.11654 21.5085
    endloop
  endfacet
  facet normal -0.430452 -0.22969 0.872899
    outer loop
      vertex 84.6793 1.11179 21.525
      vertex 82.7282 1.11652 20.5641
      vertex 82.6271 1.11179 20.513
    endloop
  endfacet
  facet normal -0.430458 -0.22965 0.872907
    outer loop
      vertex 82.6623 1.11651 20.5316
      vertex 82.6271 1.11179 20.513
      vertex 82.7282 1.11652 20.5641
    endloop
  endfacet
  facet normal -0.429957 -0.231958 0.872544
    outer loop
      vertex 82.6271 1.11179 20.513
      vertex 82.6623 1.11651 20.5316
      vertex 82.6264 1.11873 20.5145
    endloop
  endfacet
  facet normal -0.423393 -0.289352 0.858495
    outer loop
      vertex 84.6793 1.11179 21.525
      vertex 82.6394 1.01785 20.4873
      vertex 84.6922 1.01785 21.4997
    endloop
  endfacet
  facet normal -0.423241 -0.290223 0.858276
    outer loop
      vertex 84.6793 1.11179 21.525
      vertex 82.6271 1.11179 20.513
      vertex 82.6394 1.01785 20.4873
    endloop
  endfacet
  facet normal -0.41398 -0.352163 0.839406
    outer loop
      vertex 84.6922 1.01785 21.4997
      vertex 82.6543 0.92598 20.4561
      vertex 84.7079 0.92598 21.4689
    endloop
  endfacet
  facet normal -0.413971 -0.352206 0.839392
    outer loop
      vertex 84.6922 1.01785 21.4997
      vertex 82.6394 1.01785 20.4873
      vertex 82.6543 0.92598 20.4561
    endloop
  endfacet
  facet normal -0.402846 -0.412772 0.816905
    outer loop
      vertex 84.7079 0.92598 21.4689
      vertex 82.6717 0.836578 20.4196
      vertex 84.7263 0.836578 21.4328
    endloop
  endfacet
  facet normal -0.403018 -0.412065 0.817177
    outer loop
      vertex 84.7079 0.92598 21.4689
      vertex 82.6543 0.92598 20.4561
      vertex 82.6717 0.836578 20.4196
    endloop
  endfacet
  facet normal -0.389963 -0.471809 0.790775
    outer loop
      vertex 84.7263 0.836578 21.4328
      vertex 82.6917 0.75 20.3778
      vertex 84.7473 0.75 21.3915
    endloop
  endfacet
  facet normal -0.38995 -0.471857 0.790753
    outer loop
      vertex 84.7263 0.836578 21.4328
      vertex 82.6717 0.836578 20.4196
      vertex 82.6917 0.75 20.3778
    endloop
  endfacet
  facet normal -0.375587 -0.528088 0.761616
    outer loop
      vertex 84.7473 0.75 21.3915
      vertex 82.714 0.666656 20.331
      vertex 84.7708 0.666656 21.3453
    endloop
  endfacet
  facet normal -0.375569 -0.528142 0.761587
    outer loop
      vertex 84.7473 0.75 21.3915
      vertex 82.6917 0.75 20.3778
      vertex 82.714 0.666656 20.331
    endloop
  endfacet
  facet normal -0.359568 -0.58231 0.729127
    outer loop
      vertex 84.7708 0.666656 21.3453
      vertex 82.7386 0.586868 20.2794
      vertex 84.7968 0.586868 21.2944
    endloop
  endfacet
  facet normal -0.359547 -0.582368 0.729091
    outer loop
      vertex 84.7708 0.666656 21.3453
      vertex 82.714 0.666656 20.331
      vertex 82.7386 0.586868 20.2794
    endloop
  endfacet
  facet normal -0.341844 -0.634506 0.693214
    outer loop
      vertex 84.7968 0.586868 21.2944
      vertex 82.7654 0.510986 20.2232
      vertex 84.8251 0.510986 21.2389
    endloop
  endfacet
  facet normal -0.341934 -0.634289 0.693368
    outer loop
      vertex 84.7968 0.586868 21.2944
      vertex 82.7386 0.586868 20.2794
      vertex 82.7654 0.510986 20.2232
    endloop
  endfacet
  facet normal -0.322862 -0.683486 0.654681
    outer loop
      vertex 84.8251 0.510986 21.2389
      vertex 82.7943 0.439346 20.1626
      vertex 84.8555 0.439346 21.1791
    endloop
  endfacet
  facet normal -0.322725 -0.683779 0.654442
    outer loop
      vertex 84.8251 0.510986 21.2389
      vertex 82.7654 0.510986 20.2232
      vertex 82.7943 0.439346 20.1626
    endloop
  endfacet
  facet normal -0.302432 -0.729675 0.613277
    outer loop
      vertex 84.8555 0.439346 21.1791
      vertex 82.8251 0.372253 20.098
      vertex 84.888 0.372253 21.1153
    endloop
  endfacet
  facet normal -0.302518 -0.729511 0.613429
    outer loop
      vertex 84.8555 0.439346 21.1791
      vertex 82.7943 0.439346 20.1626
      vertex 82.8251 0.372253 20.098
    endloop
  endfacet
  facet normal -0.280563 -0.773052 0.568924
    outer loop
      vertex 84.888 0.372253 21.1153
      vertex 82.8578 0.309982 20.0295
      vertex 84.9225 0.309982 21.0477
    endloop
  endfacet
  facet normal -0.280536 -0.773097 0.568876
    outer loop
      vertex 84.888 0.372253 21.1153
      vertex 82.8251 0.372253 20.098
      vertex 82.8578 0.309982 20.0295
    endloop
  endfacet
  facet normal -0.257633 -0.81282 0.522445
    outer loop
      vertex 84.9225 0.309982 21.0477
      vertex 82.8921 0.252808 19.9575
      vertex 84.9587 0.252808 20.9766
    endloop
  endfacet
  facet normal -0.257711 -0.812705 0.522585
    outer loop
      vertex 84.9225 0.309982 21.0477
      vertex 82.8578 0.309982 20.0295
      vertex 82.8921 0.252808 19.9575
    endloop
  endfacet
  facet normal -0.233465 -0.849329 0.473429
    outer loop
      vertex 84.9587 0.252808 20.9766
      vertex 82.928 0.200974 19.8822
      vertex 84.9966 0.200974 20.9023
    endloop
  endfacet
  facet normal -0.233437 -0.849364 0.47338
    outer loop
      vertex 84.9587 0.252808 20.9766
      vertex 82.8921 0.252808 19.9575
      vertex 82.928 0.200974 19.8822
    endloop
  endfacet
  facet normal -0.208592 -0.881801 0.422985
    outer loop
      vertex 84.9966 0.200974 20.9023
      vertex 82.9653 0.154694 19.8041
      vertex 85.0359 0.154694 20.8252
    endloop
  endfacet
  facet normal -0.208566 -0.881829 0.422939
    outer loop
      vertex 84.9966 0.200974 20.9023
      vertex 82.928 0.200974 19.8822
      vertex 82.9653 0.154694 19.8041
    endloop
  endfacet
  facet normal -0.182486 -0.910909 0.37006
    outer loop
      vertex 85.0359 0.154694 20.8252
      vertex 83.0038 0.114182 19.7234
      vertex 85.0765 0.114182 20.7455
    endloop
  endfacet
  facet normal -0.182545 -0.910853 0.370167
    outer loop
      vertex 85.0359 0.154694 20.8252
      vertex 82.9653 0.154694 19.8041
      vertex 83.0038 0.114182 19.7234
    endloop
  endfacet
  facet normal -0.155884 -0.935829 0.316109
    outer loop
      vertex 85.0765 0.114182 20.7455
      vertex 83.0433 0.0796051 19.6405
      vertex 85.1182 0.0796051 20.6637
    endloop
  endfacet
  facet normal -0.155862 -0.935846 0.316069
    outer loop
      vertex 85.0765 0.114182 20.7455
      vertex 83.0038 0.114182 19.7234
      vertex 83.0433 0.0796051 19.6405
    endloop
  endfacet
  facet normal -0.128397 -0.956938 0.260355
    outer loop
      vertex 85.1182 0.0796051 20.6637
      vertex 83.0838 0.0511169 19.5557
      vertex 85.1608 0.0511169 20.58
    endloop
  endfacet
  facet normal -0.128319 -0.956987 0.260211
    outer loop
      vertex 85.1182 0.0796051 20.6637
      vertex 83.0433 0.0796051 19.6405
      vertex 83.0838 0.0511169 19.5557
    endloop
  endfacet
  facet normal -0.100434 -0.973877 0.20366
    outer loop
      vertex 85.1608 0.0511169 20.58
      vertex 83.1249 0.0288239 19.4694
      vertex 85.2042 0.0288239 20.4948
    endloop
  endfacet
  facet normal -0.100467 -0.973861 0.20372
    outer loop
      vertex 85.1608 0.0511169 20.58
      vertex 83.0838 0.0511169 19.5557
      vertex 83.1249 0.0288239 19.4694
    endloop
  endfacet
  facet normal -0.0719758 -0.986669 0.145957
    outer loop
      vertex 85.2042 0.0288239 20.4948
      vertex 83.1666 0.0128479 19.382
      vertex 85.2482 0.0128479 20.4085
    endloop
  endfacet
  facet normal -0.072 -0.986661 0.146001
    outer loop
      vertex 85.2042 0.0288239 20.4948
      vertex 83.1249 0.0288239 19.4694
      vertex 83.1666 0.0128479 19.382
    endloop
  endfacet
  facet normal -0.0434147 -0.995171 0.0880292
    outer loop
      vertex 85.2482 0.0128479 20.4085
      vertex 83.2087 0.0032196 19.2938
      vertex 85.2925 0.0032196 20.3215
    endloop
  endfacet
  facet normal -0.0433654 -0.995181 0.087939
    outer loop
      vertex 85.2482 0.0128479 20.4085
      vertex 83.1666 0.0128479 19.382
      vertex 83.2087 0.0032196 19.2938
    endloop
  endfacet
  facet normal -0.0145103 -0.999462 0.0294231
    outer loop
      vertex 85.2925 0.0032196 20.3215
      vertex 83.2606 1.52588e-05 19.2106
      vertex 85.3368 1.52588e-05 20.2345
    endloop
  endfacet
  facet normal -0.0145178 -0.999461 0.0294368
    outer loop
      vertex 83.2087 0.0032196 19.2938
      vertex 83.2606 1.52588e-05 19.2106
      vertex 85.2925 0.0032196 20.3215
    endloop
  endfacet
  facet normal -0.0145575 -0.999461 0.029412
    outer loop
      vertex 83.2606 1.52588e-05 19.2106
      vertex 83.2087 0.0032196 19.2938
      vertex 83.2507 1.52588e-05 19.2057
    endloop
  endfacet
  facet normal -0.013605 0.999472 0.0295125
    outer loop
      vertex 82.9495 20.5 19.8371
      vertex 80.8326 20.4983 18.9188
      vertex 82.927 20.4983 19.8843
    endloop
  endfacet
  facet normal -0.0136048 0.999472 0.0295121
    outer loop
      vertex 80.8538 20.5 18.871
      vertex 80.8326 20.4983 18.9188
      vertex 82.9495 20.5 19.8371
    endloop
  endfacet
  facet normal -0.0407479 0.995252 0.0883871
    outer loop
      vertex 82.927 20.4983 19.8843
      vertex 80.8114 20.4932 18.9664
      vertex 82.9046 20.4932 19.9314
    endloop
  endfacet
  facet normal -0.0407835 0.995244 0.0884692
    outer loop
      vertex 80.8326 20.4983 18.9188
      vertex 80.8114 20.4932 18.9664
      vertex 82.927 20.4983 19.8843
    endloop
  endfacet
  facet normal -0.0688138 0.986401 0.149257
    outer loop
      vertex 82.9046 20.4932 19.9314
      vertex 80.7904 20.4846 19.0135
      vertex 82.8824 20.4846 19.978
    endloop
  endfacet
  facet normal -0.0688735 0.986376 0.149395
    outer loop
      vertex 80.8114 20.4932 18.9664
      vertex 80.7904 20.4846 19.0135
      vertex 82.9046 20.4932 19.9314
    endloop
  endfacet
  facet normal -0.0951605 0.973827 0.206413
    outer loop
      vertex 82.8824 20.4846 19.978
      vertex 80.7696 20.4727 19.0601
      vertex 82.8604 20.4727 20.024
    endloop
  endfacet
  facet normal -0.0950892 0.973868 0.206248
    outer loop
      vertex 80.7904 20.4846 19.0135
      vertex 80.7696 20.4727 19.0601
      vertex 82.8824 20.4846 19.978
    endloop
  endfacet
  facet normal -0.120832 0.957443 0.262111
    outer loop
      vertex 82.8604 20.4727 20.024
      vertex 80.7492 20.4576 19.1059
      vertex 82.8388 20.4576 20.0692
    endloop
  endfacet
  facet normal -0.120743 0.957511 0.261905
    outer loop
      vertex 80.7696 20.4727 19.0601
      vertex 80.7492 20.4576 19.1059
      vertex 82.8604 20.4727 20.024
    endloop
  endfacet
  facet normal -0.147938 0.935479 0.320925
    outer loop
      vertex 82.8388 20.4576 20.0692
      vertex 80.7293 20.4391 19.1507
      vertex 82.8177 20.4391 20.1134
    endloop
  endfacet
  facet normal -0.147832 0.935581 0.320678
    outer loop
      vertex 80.7492 20.4576 19.1059
      vertex 80.7293 20.4391 19.1507
      vertex 82.8388 20.4576 20.0692
    endloop
  endfacet
  facet normal -0.172636 0.911031 0.37446
    outer loop
      vertex 82.8177 20.4391 20.1134
      vertex 80.7099 20.4175 19.1942
      vertex 82.7972 20.4175 20.1565
    endloop
  endfacet
  facet normal -0.172912 0.910714 0.375102
    outer loop
      vertex 80.7293 20.4391 19.1507
      vertex 80.7099 20.4175 19.1942
      vertex 82.8177 20.4391 20.1134
    endloop
  endfacet
  facet normal -0.197812 0.881316 0.42913
    outer loop
      vertex 82.7972 20.4175 20.1565
      vertex 80.6911 20.3928 19.2364
      vertex 82.7774 20.3928 20.1981
    endloop
  endfacet
  facet normal -0.197415 0.881853 0.428208
    outer loop
      vertex 80.7099 20.4175 19.1942
      vertex 80.6911 20.3928 19.2364
      vertex 82.7972 20.4175 20.1565
    endloop
  endfacet
  facet normal -0.220513 0.850059 0.478303
    outer loop
      vertex 82.7774 20.3928 20.1981
      vertex 80.6731 20.3652 19.277
      vertex 82.7582 20.3652 20.2383
    endloop
  endfacet
  facet normal -0.220983 0.84932 0.479398
    outer loop
      vertex 80.6911 20.3928 19.2364
      vertex 80.6731 20.3652 19.277
      vertex 82.7774 20.3928 20.1981
    endloop
  endfacet
  facet normal -0.243962 0.812662 0.52921
    outer loop
      vertex 82.7582 20.3652 20.2383
      vertex 80.6557 20.3347 19.3159
      vertex 82.7399 20.3347 20.2767
    endloop
  endfacet
  facet normal -0.243687 0.813162 0.528568
    outer loop
      vertex 80.6731 20.3652 19.277
      vertex 80.6557 20.3347 19.3159
      vertex 82.7582 20.3652 20.2383
    endloop
  endfacet
  facet normal -0.265667 0.772838 0.576318
    outer loop
      vertex 82.7399 20.3347 20.2767
      vertex 80.6393 20.3015 19.3529
      vertex 82.7225 20.3015 20.3132
    endloop
  endfacet
  facet normal -0.265537 0.77311 0.576012
    outer loop
      vertex 80.6557 20.3347 19.3159
      vertex 80.6393 20.3015 19.3529
      vertex 82.7399 20.3347 20.2767
    endloop
  endfacet
  facet normal -0.286117 0.730003 0.620671
    outer loop
      vertex 82.7225 20.3015 20.3132
      vertex 80.6237 20.2657 19.3878
      vertex 82.706 20.2657 20.3477
    endloop
  endfacet
  facet normal -0.286168 0.729882 0.62079
    outer loop
      vertex 80.6393 20.3015 19.3529
      vertex 80.6237 20.2657 19.3878
      vertex 82.7225 20.3015 20.3132
    endloop
  endfacet
  facet normal -0.305572 0.683615 0.662795
    outer loop
      vertex 82.706 20.2657 20.3477
      vertex 80.6092 20.2275 19.4204
      vertex 82.6906 20.2275 20.38
    endloop
  endfacet
  facet normal -0.305959 0.68255 0.663712
    outer loop
      vertex 80.6237 20.2657 19.3878
      vertex 80.6092 20.2275 19.4204
      vertex 82.706 20.2657 20.3477
    endloop
  endfacet
  facet normal -0.323662 0.634321 0.702054
    outer loop
      vertex 82.6906 20.2275 20.38
      vertex 80.5957 20.187 19.4508
      vertex 82.6763 20.187 20.41
    endloop
  endfacet
  facet normal -0.323559 0.634644 0.70181
    outer loop
      vertex 80.6092 20.2275 19.4204
      vertex 80.5957 20.187 19.4508
      vertex 82.6906 20.2275 20.38
    endloop
  endfacet
  facet normal -0.340309 0.58252 0.738147
    outer loop
      vertex 82.6763 20.187 20.41
      vertex 80.5833 20.1445 19.4786
      vertex 82.6632 20.1445 20.4375
    endloop
  endfacet
  facet normal -0.340381 0.582259 0.738319
    outer loop
      vertex 80.5957 20.187 19.4508
      vertex 80.5833 20.1445 19.4786
      vertex 82.6763 20.187 20.41
    endloop
  endfacet
  facet normal -0.355781 0.527006 0.771806
    outer loop
      vertex 82.6632 20.1445 20.4375
      vertex 80.572 20.1 19.5039
      vertex 82.6513 20.1 20.4624
    endloop
  endfacet
  facet normal -0.355418 0.528549 0.770918
    outer loop
      vertex 80.5833 20.1445 19.4786
      vertex 80.572 20.1 19.5039
      vertex 82.6632 20.1445 20.4375
    endloop
  endfacet
  facet normal -0.369244 0.471322 0.800946
    outer loop
      vertex 82.6513 20.1 20.4624
      vertex 80.562 20.0538 19.5264
      vertex 82.6407 20.0538 20.4847
    endloop
  endfacet
  facet normal -0.36945 0.470288 0.801458
    outer loop
      vertex 80.572 20.1 19.5039
      vertex 80.562 20.0538 19.5264
      vertex 82.6513 20.1 20.4624
    endloop
  endfacet
  facet normal -0.381352 0.412544 0.827271
    outer loop
      vertex 82.6407 20.0538 20.4847
      vertex 80.5532 20.0061 19.5462
      vertex 82.6314 20.0061 20.5042
    endloop
  endfacet
  facet normal -0.381185 0.413544 0.826849
    outer loop
      vertex 80.562 20.0538 19.5264
      vertex 80.5532 20.0061 19.5462
      vertex 82.6407 20.0538 20.4847
    endloop
  endfacet
  facet normal -0.391921 0.354441 0.848982
    outer loop
      vertex 82.6314 20.0061 20.5042
      vertex 82.5914 19.9772 20.4978
      vertex 82.6264 19.9759 20.5145
    endloop
  endfacet
  facet normal -0.391557 0.353846 0.849397
    outer loop
      vertex 82.5914 19.9772 20.4978
      vertex 82.6314 20.0061 20.5042
      vertex 81.4009 19.9772 19.949
    endloop
  endfacet
  facet normal -0.391587 0.353628 0.849475
    outer loop
      vertex 80.5532 20.0061 19.5462
      vertex 81.4009 19.9772 19.949
      vertex 82.6314 20.0061 20.5042
    endloop
  endfacet
  facet normal -0.391718 0.352941 0.8497
    outer loop
      vertex 81.4009 19.9772 19.949
      vertex 80.5532 20.0061 19.5462
      vertex 80.5843 19.9773 19.5725
    endloop
  endfacet
  facet normal -0.392253 0.352357 0.849695
    outer loop
      vertex 80.5843 19.9773 19.5725
      vertex 80.5532 20.0061 19.5462
      vertex 80.5486 19.9759 19.5566
    endloop
  endfacet
  facet normal -0.407021 -0.232004 0.883463
    outer loop
      vertex 82.5914 1.11654 20.4978
      vertex 82.6271 1.11179 20.513
      vertex 82.6264 1.11873 20.5145
    endloop
  endfacet
  facet normal -0.407056 -0.233976 0.882927
    outer loop
      vertex 80.6512 1.1165 19.6033
      vertex 82.6271 1.11179 20.513
      vertex 82.5914 1.11654 20.4978
    endloop
  endfacet
  facet normal -0.408242 -0.221596 0.885569
    outer loop
      vertex 82.6271 1.11179 20.513
      vertex 80.6512 1.1165 19.6033
      vertex 80.5492 1.11179 19.5551
    endloop
  endfacet
  facet normal -0.406722 -0.232648 0.883432
    outer loop
      vertex 80.5843 1.1165 19.5725
      vertex 80.5492 1.11179 19.5551
      vertex 80.6512 1.1165 19.6033
    endloop
  endfacet
  facet normal -0.407786 -0.227685 0.884234
    outer loop
      vertex 80.5492 1.11179 19.5551
      vertex 80.5843 1.1165 19.5725
      vertex 80.5486 1.11869 19.5566
    endloop
  endfacet
  facet normal -0.400625 -0.290214 0.869066
    outer loop
      vertex 82.6271 1.11179 20.513
      vertex 80.5608 1.01785 19.5291
      vertex 82.6394 1.01785 20.4873
    endloop
  endfacet
  facet normal -0.400657 -0.290022 0.869115
    outer loop
      vertex 82.6271 1.11179 20.513
      vertex 80.5492 1.11179 19.5551
      vertex 80.5608 1.01785 19.5291
    endloop
  endfacet
  facet normal -0.391828 -0.352203 0.849955
    outer loop
      vertex 82.6394 1.01785 20.4873
      vertex 80.5749 0.92598 19.4975
      vertex 82.6543 0.92598 20.4561
    endloop
  endfacet
  facet normal -0.391778 -0.352455 0.849874
    outer loop
      vertex 82.6394 1.01785 20.4873
      vertex 80.5608 1.01785 19.5291
      vertex 80.5749 0.92598 19.4975
    endloop
  endfacet
  facet normal -0.381486 -0.412068 0.827447
    outer loop
      vertex 82.6543 0.92598 20.4561
      vertex 80.5914 0.836578 19.4605
      vertex 82.6717 0.836578 20.4196
    endloop
  endfacet
  facet normal -0.381334 -0.412721 0.827191
    outer loop
      vertex 82.6543 0.92598 20.4561
      vertex 80.5749 0.92598 19.4975
      vertex 80.5914 0.836578 19.4605
    endloop
  endfacet
  facet normal -0.369129 -0.471846 0.800691
    outer loop
      vertex 82.6717 0.836578 20.4196
      vertex 80.6102 0.75 19.4182
      vertex 82.6917 0.75 20.3778
    endloop
  endfacet
  facet normal -0.369232 -0.471463 0.800869
    outer loop
      vertex 82.6717 0.836578 20.4196
      vertex 80.5914 0.836578 19.4605
      vertex 80.6102 0.75 19.4182
    endloop
  endfacet
  facet normal -0.355495 -0.528146 0.771159
    outer loop
      vertex 82.6917 0.75 20.3778
      vertex 80.6313 0.666656 19.3709
      vertex 82.714 0.666656 20.331
    endloop
  endfacet
  facet normal -0.355604 -0.52779 0.771352
    outer loop
      vertex 82.6917 0.75 20.3778
      vertex 80.6102 0.75 19.4182
      vertex 80.6313 0.666656 19.3709
    endloop
  endfacet
  facet normal -0.340343 -0.58237 0.738249
    outer loop
      vertex 82.714 0.666656 20.331
      vertex 80.6545 0.586868 19.3186
      vertex 82.7386 0.586868 20.2794
    endloop
  endfacet
  facet normal -0.340227 -0.582703 0.738039
    outer loop
      vertex 82.714 0.666656 20.331
      vertex 80.6313 0.666656 19.3709
      vertex 80.6545 0.586868 19.3186
    endloop
  endfacet
  facet normal -0.323643 -0.63429 0.702091
    outer loop
      vertex 82.7386 0.586868 20.2794
      vertex 80.6798 0.510986 19.2618
      vertex 82.7654 0.510986 20.2232
    endloop
  endfacet
  facet normal -0.323842 -0.633783 0.702456
    outer loop
      vertex 82.7386 0.586868 20.2794
      vertex 80.6545 0.586868 19.3186
      vertex 80.6798 0.510986 19.2618
    endloop
  endfacet
  facet normal -0.305488 -0.68378 0.662663
    outer loop
      vertex 82.7654 0.510986 20.2232
      vertex 80.7071 0.439346 19.2004
      vertex 82.7943 0.439346 20.1626
    endloop
  endfacet
  facet normal -0.305351 -0.684087 0.662409
    outer loop
      vertex 82.7654 0.510986 20.2232
      vertex 80.6798 0.510986 19.2618
      vertex 80.7071 0.439346 19.2004
    endloop
  endfacet
  facet normal -0.286362 -0.729513 0.621134
    outer loop
      vertex 82.7943 0.439346 20.1626
      vertex 80.7363 0.372253 19.135
      vertex 82.8251 0.372253 20.098
    endloop
  endfacet
  facet normal -0.286226 -0.729783 0.62088
    outer loop
      vertex 82.7943 0.439346 20.1626
      vertex 80.7071 0.439346 19.2004
      vertex 80.7363 0.372253 19.135
    endloop
  endfacet
  facet normal -0.265546 -0.773095 0.576029
    outer loop
      vertex 82.8251 0.372253 20.098
      vertex 80.7671 0.309982 19.0657
      vertex 82.8578 0.309982 20.0295
    endloop
  endfacet
  facet normal -0.265708 -0.772812 0.576334
    outer loop
      vertex 82.8251 0.372253 20.098
      vertex 80.7363 0.372253 19.135
      vertex 80.7671 0.309982 19.0657
    endloop
  endfacet
  facet normal -0.24395 -0.812709 0.529144
    outer loop
      vertex 82.8578 0.309982 20.0295
      vertex 80.7996 0.252808 18.9928
      vertex 82.8921 0.252808 19.9575
    endloop
  endfacet
  facet normal -0.243806 -0.812929 0.528871
    outer loop
      vertex 82.8578 0.309982 20.0295
      vertex 80.7671 0.309982 19.0657
      vertex 80.7996 0.252808 18.9928
    endloop
  endfacet
  facet normal -0.220957 -0.849365 0.479331
    outer loop
      vertex 82.8921 0.252808 19.9575
      vertex 80.8335 0.200974 18.9167
      vertex 82.928 0.200974 19.8822
    endloop
  endfacet
  facet normal -0.221192 -0.84905 0.47978
    outer loop
      vertex 82.8921 0.252808 19.9575
      vertex 80.7996 0.252808 18.9928
      vertex 80.8335 0.200974 18.9167
    endloop
  endfacet
  facet normal -0.197421 -0.881827 0.42826
    outer loop
      vertex 82.928 0.200974 19.8822
      vertex 80.8687 0.154694 18.8376
      vertex 82.9653 0.154694 19.8041
    endloop
  endfacet
  facet normal -0.197364 -0.881892 0.428151
    outer loop
      vertex 82.928 0.200974 19.8822
      vertex 80.8335 0.200974 18.9167
      vertex 80.8687 0.154694 18.8376
    endloop
  endfacet
  facet normal -0.172792 -0.910853 0.37482
    outer loop
      vertex 82.9653 0.154694 19.8041
      vertex 80.9051 0.114182 18.7559
      vertex 83.0038 0.114182 19.7234
    endloop
  endfacet
  facet normal -0.172741 -0.910903 0.374721
    outer loop
      vertex 82.9653 0.154694 19.8041
      vertex 80.8687 0.154694 18.8376
      vertex 80.9051 0.114182 18.7559
    endloop
  endfacet
  facet normal -0.147535 -0.935847 0.320037
    outer loop
      vertex 83.0038 0.114182 19.7234
      vertex 80.9424 0.0796051 18.672
      vertex 83.0433 0.0796051 19.6405
    endloop
  endfacet
  facet normal -0.147555 -0.935831 0.320076
    outer loop
      vertex 83.0038 0.114182 19.7234
      vertex 80.9051 0.114182 18.7559
      vertex 80.9424 0.0796051 18.672
    endloop
  endfacet
  facet normal -0.121458 -0.956986 0.263488
    outer loop
      vertex 83.0433 0.0796051 19.6405
      vertex 80.9806 0.0511169 18.5862
      vertex 83.0838 0.0511169 19.5557
    endloop
  endfacet
  facet normal -0.121529 -0.956939 0.263625
    outer loop
      vertex 83.0433 0.0796051 19.6405
      vertex 80.9424 0.0796051 18.672
      vertex 80.9806 0.0511169 18.5862
    endloop
  endfacet
  facet normal -0.0950956 -0.973861 0.206279
    outer loop
      vertex 83.0838 0.0511169 19.5557
      vertex 81.0195 0.0288239 18.4988
      vertex 83.1249 0.0288239 19.4694
    endloop
  endfacet
  facet normal -0.0950151 -0.973902 0.206123
    outer loop
      vertex 83.0838 0.0511169 19.5557
      vertex 80.9806 0.0511169 18.5862
      vertex 81.0195 0.0288239 18.4988
    endloop
  endfacet
  facet normal -0.0681498 -0.986661 0.147838
    outer loop
      vertex 83.1249 0.0288239 19.4694
      vertex 81.0589 0.0128479 18.4104
      vertex 83.1666 0.0128479 19.382
    endloop
  endfacet
  facet normal -0.0681909 -0.986646 0.147918
    outer loop
      vertex 83.1249 0.0288239 19.4694
      vertex 81.0195 0.0288239 18.4988
      vertex 81.0589 0.0128479 18.4104
    endloop
  endfacet
  facet normal -0.0410476 -0.995181 0.0890454
    outer loop
      vertex 83.1666 0.0128479 19.382
      vertex 81.0986 0.0032196 18.3211
      vertex 83.2087 0.0032196 19.2938
    endloop
  endfacet
  facet normal -0.0410502 -0.995181 0.0890505
    outer loop
      vertex 83.1666 0.0128479 19.382
      vertex 81.0589 0.0128479 18.4104
      vertex 81.0986 0.0032196 18.3211
    endloop
  endfacet
  facet normal -0.0137393 -0.999461 0.0298021
    outer loop
      vertex 83.2087 0.0032196 19.2938
      vertex 81.1484 1.52588e-05 18.2365
      vertex 83.2507 1.52588e-05 19.2057
    endloop
  endfacet
  facet normal -0.013726 -0.999462 0.0297762
    outer loop
      vertex 81.0986 0.0032196 18.3211
      vertex 81.1484 1.52588e-05 18.2365
      vertex 83.2087 0.0032196 19.2938
    endloop
  endfacet
  facet normal -0.0137032 -0.999462 0.0297896
    outer loop
      vertex 81.1484 1.52588e-05 18.2365
      vertex 81.0986 0.0032196 18.3211
      vertex 81.1384 1.52588e-05 18.2319
    endloop
  endfacet
  facet normal -0.0128271 0.999472 0.0298571
    outer loop
      vertex 80.8538 20.5 18.871
      vertex 78.7135 20.4983 18.0084
      vertex 80.8326 20.4983 18.9188
    endloop
  endfacet
  facet normal -0.0128091 0.999473 0.0298125
    outer loop
      vertex 78.7335 20.5 17.96
      vertex 78.7135 20.4983 18.0084
      vertex 80.8538 20.5 18.871
    endloop
  endfacet
  facet normal -0.0384557 0.995244 0.0895059
    outer loop
      vertex 80.8326 20.4983 18.9188
      vertex 78.6936 20.4932 18.0565
      vertex 80.8114 20.4932 18.9664
    endloop
  endfacet
  facet normal -0.0384929 0.995234 0.0895984
    outer loop
      vertex 78.7135 20.4983 18.0084
      vertex 78.6936 20.4932 18.0565
      vertex 80.8326 20.4983 18.9188
    endloop
  endfacet
  facet normal -0.0649349 0.986376 0.151151
    outer loop
      vertex 80.8114 20.4932 18.9664
      vertex 78.6738 20.4846 18.1042
      vertex 80.7904 20.4846 19.0135
    endloop
  endfacet
  facet normal -0.0648451 0.986416 0.150928
    outer loop
      vertex 78.6936 20.4932 18.0565
      vertex 78.6738 20.4846 18.1042
      vertex 80.8114 20.4932 18.9664
    endloop
  endfacet
  facet normal -0.0896532 0.973867 0.208675
    outer loop
      vertex 80.7904 20.4846 19.0135
      vertex 78.6543 20.4727 18.1513
      vertex 80.7696 20.4727 19.0601
    endloop
  endfacet
  facet normal -0.089738 0.973814 0.208885
    outer loop
      vertex 78.6738 20.4846 18.1042
      vertex 78.6543 20.4727 18.1513
      vertex 80.7904 20.4846 19.0135
    endloop
  endfacet
  facet normal -0.113845 0.95751 0.264978
    outer loop
      vertex 80.7696 20.4727 19.0601
      vertex 78.6351 20.4576 18.1976
      vertex 80.7492 20.4576 19.1059
    endloop
  endfacet
  facet normal -0.113873 0.957488 0.265048
    outer loop
      vertex 78.6543 20.4727 18.1513
      vertex 78.6351 20.4576 18.1976
      vertex 80.7696 20.4727 19.0601
    endloop
  endfacet
  facet normal -0.13939 0.935583 0.324429
    outer loop
      vertex 80.7492 20.4576 19.1059
      vertex 78.6164 20.4391 18.2429
      vertex 80.7293 20.4391 19.1507
    endloop
  endfacet
  facet normal -0.139423 0.935549 0.324513
    outer loop
      vertex 78.6351 20.4576 18.1976
      vertex 78.6164 20.4391 18.2429
      vertex 80.7492 20.4576 19.1059
    endloop
  endfacet
  facet normal -0.163046 0.910711 0.379501
    outer loop
      vertex 80.7293 20.4391 19.1507
      vertex 78.5981 20.4175 18.2869
      vertex 80.7099 20.4175 19.1942
    endloop
  endfacet
  facet normal -0.162979 0.910794 0.379332
    outer loop
      vertex 78.6164 20.4391 18.2429
      vertex 78.5981 20.4175 18.2869
      vertex 80.7293 20.4391 19.1507
    endloop
  endfacet
  facet normal -0.186134 0.881852 0.433233
    outer loop
      vertex 80.7099 20.4175 19.1942
      vertex 78.5805 20.3928 18.3296
      vertex 80.6911 20.3928 19.2364
    endloop
  endfacet
  facet normal -0.186177 0.881792 0.433338
    outer loop
      vertex 78.5981 20.4175 18.2869
      vertex 78.5805 20.3928 18.3296
      vertex 80.7099 20.4175 19.1942
    endloop
  endfacet
  facet normal -0.208379 0.84933 0.484992
    outer loop
      vertex 80.6911 20.3928 19.2364
      vertex 78.5635 20.3652 18.3706
      vertex 80.6731 20.3652 19.277
    endloop
  endfacet
  facet normal -0.208466 0.849184 0.485209
    outer loop
      vertex 78.5805 20.3928 18.3296
      vertex 78.5635 20.3652 18.3706
      vertex 80.6911 20.3928 19.2364
    endloop
  endfacet
  facet normal -0.229766 0.81315 0.534785
    outer loop
      vertex 80.6731 20.3652 19.277
      vertex 78.5472 20.3347 18.41
      vertex 80.6557 20.3347 19.3159
    endloop
  endfacet
  facet normal -0.229682 0.813312 0.534574
    outer loop
      vertex 78.5635 20.3652 18.3706
      vertex 78.5472 20.3347 18.41
      vertex 80.6731 20.3652 19.277
    endloop
  endfacet
  facet normal -0.250369 0.773124 0.582748
    outer loop
      vertex 80.6557 20.3347 19.3159
      vertex 78.5317 20.3015 18.4474
      vertex 80.6393 20.3015 19.3529
    endloop
  endfacet
  facet normal -0.250327 0.773218 0.582641
    outer loop
      vertex 78.5472 20.3347 18.41
      vertex 78.5317 20.3015 18.4474
      vertex 80.6557 20.3347 19.3159
    endloop
  endfacet
  facet normal -0.26985 0.729869 0.62807
    outer loop
      vertex 80.6393 20.3015 19.3529
      vertex 78.5171 20.2657 18.4827
      vertex 80.6237 20.2657 19.3878
    endloop
  endfacet
  facet normal -0.269945 0.729626 0.628312
    outer loop
      vertex 78.5317 20.3015 18.4474
      vertex 78.5171 20.2657 18.4827
      vertex 80.6393 20.3015 19.3529
    endloop
  endfacet
  facet normal -0.288487 0.682554 0.671488
    outer loop
      vertex 80.6237 20.2657 19.3878
      vertex 78.5034 20.2275 18.5157
      vertex 80.6092 20.2275 19.4204
    endloop
  endfacet
  facet normal -0.288307 0.683082 0.671028
    outer loop
      vertex 78.5171 20.2657 18.4827
      vertex 78.5034 20.2275 18.5157
      vertex 80.6237 20.2657 19.3878
    endloop
  endfacet
  facet normal -0.305063 0.634653 0.710037
    outer loop
      vertex 80.6092 20.2275 19.4204
      vertex 78.4907 20.187 18.5464
      vertex 80.5957 20.187 19.4508
    endloop
  endfacet
  facet normal -0.305199 0.634195 0.710387
    outer loop
      vertex 78.5034 20.2275 18.5157
      vertex 78.4907 20.187 18.5464
      vertex 80.6092 20.2275 19.4204
    endloop
  endfacet
  facet normal -0.320907 0.582252 0.746995
    outer loop
      vertex 80.5957 20.187 19.4508
      vertex 78.479 20.1445 18.5746
      vertex 80.5833 20.1445 19.4786
    endloop
  endfacet
  facet normal -0.32061 0.583403 0.746224
    outer loop
      vertex 78.4907 20.187 18.5464
      vertex 78.479 20.1445 18.5746
      vertex 80.5957 20.187 19.4508
    endloop
  endfacet
  facet normal -0.335109 0.528538 0.779968
    outer loop
      vertex 80.5833 20.1445 19.4786
      vertex 78.4684 20.1 18.6001
      vertex 80.572 20.1 19.5039
    endloop
  endfacet
  facet normal -0.33539 0.527263 0.780709
    outer loop
      vertex 78.479 20.1445 18.5746
      vertex 78.4684 20.1 18.6001
      vertex 80.5833 20.1445 19.4786
    endloop
  endfacet
  facet normal -0.348359 0.470294 0.810845
    outer loop
      vertex 80.572 20.1 19.5039
      vertex 78.459 20.0538 18.6229
      vertex 80.562 20.0538 19.5264
    endloop
  endfacet
  facet normal -0.348251 0.470871 0.810556
    outer loop
      vertex 78.4684 20.1 18.6001
      vertex 78.459 20.0538 18.6229
      vertex 80.572 20.1 19.5039
    endloop
  endfacet
  facet normal -0.359405 0.41355 0.836543
    outer loop
      vertex 80.562 20.0538 19.5264
      vertex 78.4507 20.0061 18.6429
      vertex 80.5532 20.0061 19.5462
    endloop
  endfacet
  facet normal -0.359439 0.413334 0.836635
    outer loop
      vertex 78.459 20.0538 18.6229
      vertex 78.4507 20.0061 18.6429
      vertex 80.562 20.0538 19.5264
    endloop
  endfacet
  facet normal -0.369753 0.352381 0.859715
    outer loop
      vertex 80.5532 20.0061 19.5462
      vertex 80.5125 19.9773 19.5405
      vertex 80.5486 19.9759 19.5566
    endloop
  endfacet
  facet normal -0.369485 0.351943 0.86001
    outer loop
      vertex 80.5125 19.9773 19.5405
      vertex 80.5532 20.0061 19.5462
      vertex 79.3096 19.9773 19.0237
    endloop
  endfacet
  facet normal -0.369472 0.35204 0.859975
    outer loop
      vertex 78.4507 20.0061 18.6429
      vertex 79.3096 19.9773 19.0237
      vertex 80.5532 20.0061 19.5462
    endloop
  endfacet
  facet normal -0.369304 0.352969 0.859667
    outer loop
      vertex 79.3096 19.9773 19.0237
      vertex 78.4507 20.0061 18.6429
      vertex 78.4823 19.9773 18.6683
    endloop
  endfacet
  facet normal -0.369525 0.35273 0.85967
    outer loop
      vertex 78.4823 19.9773 18.6683
      vertex 78.4507 20.0061 18.6429
      vertex 78.4463 19.9759 18.6534
    endloop
  endfacet
  facet normal -0.384869 -0.2279 0.894392
    outer loop
      vertex 80.5125 1.11647 19.5405
      vertex 80.5492 1.11179 19.5551
      vertex 80.5486 1.11869 19.5566
    endloop
  endfacet
  facet normal -0.384762 -0.223291 0.8956
    outer loop
      vertex 78.5498 1.11648 18.6973
      vertex 80.5492 1.11179 19.5551
      vertex 80.5125 1.11647 19.5405
    endloop
  endfacet
  facet normal -0.383726 -0.234703 0.893123
    outer loop
      vertex 80.5492 1.11179 19.5551
      vertex 78.5498 1.11648 18.6973
      vertex 78.447 1.11179 18.6519
    endloop
  endfacet
  facet normal -0.383687 -0.234991 0.893064
    outer loop
      vertex 78.4823 1.11648 18.6683
      vertex 78.447 1.11179 18.6519
      vertex 78.5498 1.11648 18.6973
    endloop
  endfacet
  facet normal -0.383936 -0.233816 0.893265
    outer loop
      vertex 78.447 1.11179 18.6519
      vertex 78.4823 1.11648 18.6683
      vertex 78.4463 1.11867 18.6534
    endloop
  endfacet
  facet normal -0.377787 -0.290016 0.8793
    outer loop
      vertex 80.5492 1.11179 19.5551
      vertex 78.4579 1.01785 18.6256
      vertex 80.5608 1.01785 19.5291
    endloop
  endfacet
  facet normal -0.377788 -0.29001 0.879301
    outer loop
      vertex 80.5492 1.11179 19.5551
      vertex 78.447 1.11179 18.6519
      vertex 78.4579 1.01785 18.6256
    endloop
  endfacet
  facet normal -0.369426 -0.352449 0.859828
    outer loop
      vertex 80.5608 1.01785 19.5291
      vertex 78.4711 0.92598 18.5936
      vertex 80.5749 0.92598 19.4975
    endloop
  endfacet
  facet normal -0.369405 -0.352558 0.859792
    outer loop
      vertex 80.5608 1.01785 19.5291
      vertex 78.4579 1.01785 18.6256
      vertex 78.4711 0.92598 18.5936
    endloop
  endfacet
  facet normal -0.359559 -0.412716 0.836889
    outer loop
      vertex 80.5749 0.92598 19.4975
      vertex 78.4866 0.836578 18.5562
      vertex 80.5914 0.836578 19.4605
    endloop
  endfacet
  facet normal -0.35961 -0.412485 0.836981
    outer loop
      vertex 80.5749 0.92598 19.4975
      vertex 78.4711 0.92598 18.5936
      vertex 78.4866 0.836578 18.5562
    endloop
  endfacet
  facet normal -0.348096 -0.471469 0.810275
    outer loop
      vertex 80.5914 0.836578 19.4605
      vertex 78.5043 0.75 18.5135
      vertex 80.6102 0.75 19.4182
    endloop
  endfacet
  facet normal -0.348231 -0.470941 0.810524
    outer loop
      vertex 80.5914 0.836578 19.4605
      vertex 78.4866 0.836578 18.5562
      vertex 78.5043 0.75 18.5135
    endloop
  endfacet
  facet normal -0.335279 -0.527783 0.780405
    outer loop
      vertex 80.6102 0.75 19.4182
      vertex 78.5241 0.666656 18.4656
      vertex 80.6313 0.666656 19.3709
    endloop
  endfacet
  facet normal -0.335198 -0.528064 0.780251
    outer loop
      vertex 80.6102 0.75 19.4182
      vertex 78.5043 0.75 18.5135
      vertex 78.5241 0.666656 18.4656
    endloop
  endfacet
  facet normal -0.320774 -0.582717 0.74669
    outer loop
      vertex 80.6313 0.666656 19.3709
      vertex 78.546 0.586868 18.4128
      vertex 80.6545 0.586868 19.3186
    endloop
  endfacet
  facet normal -0.320894 -0.582355 0.74692
    outer loop
      vertex 80.6313 0.666656 19.3709
      vertex 78.5241 0.666656 18.4656
      vertex 78.546 0.586868 18.4128
    endloop
  endfacet
  facet normal -0.30536 -0.633782 0.710687
    outer loop
      vertex 80.6545 0.586868 19.3186
      vertex 78.5698 0.510986 18.3552
      vertex 80.6798 0.510986 19.2618
    endloop
  endfacet
  facet normal -0.305034 -0.634652 0.71005
    outer loop
      vertex 80.6545 0.586868 19.3186
      vertex 78.546 0.586868 18.4128
      vertex 78.5698 0.510986 18.3552
    endloop
  endfacet
  facet normal -0.287921 -0.684092 0.670164
    outer loop
      vertex 80.6798 0.510986 19.2618
      vertex 78.5955 0.439346 18.2932
      vertex 80.7071 0.439346 19.2004
    endloop
  endfacet
  facet normal -0.288105 -0.683656 0.670529
    outer loop
      vertex 80.6798 0.510986 19.2618
      vertex 78.5698 0.510986 18.3552
      vertex 78.5955 0.439346 18.2932
    endloop
  endfacet
  facet normal -0.269885 -0.729774 0.628166
    outer loop
      vertex 80.7071 0.439346 19.2004
      vertex 78.6229 0.372253 18.227
      vertex 80.7363 0.372253 19.135
    endloop
  endfacet
  facet normal -0.269829 -0.72989 0.628055
    outer loop
      vertex 80.7071 0.439346 19.2004
      vertex 78.5955 0.439346 18.2932
      vertex 78.6229 0.372253 18.227
    endloop
  endfacet
  facet normal -0.250535 -0.772817 0.583083
    outer loop
      vertex 80.7363 0.372253 19.135
      vertex 78.652 0.309982 18.1569
      vertex 80.7671 0.309982 19.0657
    endloop
  endfacet
  facet normal -0.250392 -0.77308 0.582796
    outer loop
      vertex 80.7363 0.372253 19.135
      vertex 78.6229 0.372253 18.227
      vertex 78.652 0.309982 18.1569
    endloop
  endfacet
  facet normal -0.229891 -0.812926 0.535072
    outer loop
      vertex 80.7671 0.309982 19.0657
      vertex 78.6825 0.252808 18.0832
      vertex 80.7996 0.252808 18.9928
    endloop
  endfacet
  facet normal -0.230007 -0.812737 0.535308
    outer loop
      vertex 80.7671 0.309982 19.0657
      vertex 78.652 0.309982 18.1569
      vertex 78.6825 0.252808 18.0832
    endloop
  endfacet
  facet normal -0.208561 -0.849049 0.485406
    outer loop
      vertex 80.7996 0.252808 18.9928
      vertex 78.7144 0.200974 18.0062
      vertex 80.8335 0.200974 18.9167
    endloop
  endfacet
  facet normal -0.208486 -0.849155 0.485252
    outer loop
      vertex 80.7996 0.252808 18.9928
      vertex 78.6825 0.252808 18.0832
      vertex 78.7144 0.200974 18.0062
    endloop
  endfacet
  facet normal -0.186112 -0.881893 0.433159
    outer loop
      vertex 80.8335 0.200974 18.9167
      vertex 78.7475 0.154694 17.9262
      vertex 80.8687 0.154694 18.8376
    endloop
  endfacet
  facet normal -0.186116 -0.881888 0.433167
    outer loop
      vertex 80.8335 0.200974 18.9167
      vertex 78.7144 0.200974 18.0062
      vertex 78.7475 0.154694 17.9262
    endloop
  endfacet
  facet normal -0.162889 -0.910902 0.37911
    outer loop
      vertex 80.8687 0.154694 18.8376
      vertex 78.7818 0.114182 17.8436
      vertex 80.9051 0.114182 18.7559
    endloop
  endfacet
  facet normal -0.162893 -0.910898 0.379117
    outer loop
      vertex 80.8687 0.154694 18.8376
      vertex 78.7475 0.154694 17.9262
      vertex 78.7818 0.114182 17.8436
    endloop
  endfacet
  facet normal -0.139127 -0.935832 0.323823
    outer loop
      vertex 80.9051 0.114182 18.7559
      vertex 78.8169 0.0796051 17.7588
      vertex 80.9424 0.0796051 18.672
    endloop
  endfacet
  facet normal -0.139188 -0.93578 0.323949
    outer loop
      vertex 80.9051 0.114182 18.7559
      vertex 78.7818 0.114182 17.8436
      vertex 78.8169 0.0796051 17.7588
    endloop
  endfacet
  facet normal -0.114597 -0.956939 0.266712
    outer loop
      vertex 80.9424 0.0796051 18.672
      vertex 78.8529 0.0511169 17.672
      vertex 80.9806 0.0511169 18.5862
    endloop
  endfacet
  facet normal -0.114535 -0.956982 0.266583
    outer loop
      vertex 80.9424 0.0796051 18.672
      vertex 78.8169 0.0796051 17.7588
      vertex 78.8529 0.0511169 17.672
    endloop
  endfacet
  facet normal -0.0895887 -0.973902 0.208538
    outer loop
      vertex 80.9806 0.0511169 18.5862
      vertex 78.8894 0.0288239 17.5837
      vertex 81.0195 0.0288239 18.4988
    endloop
  endfacet
  facet normal -0.0897067 -0.973839 0.208783
    outer loop
      vertex 80.9806 0.0511169 18.5862
      vertex 78.8529 0.0511169 17.672
      vertex 78.8894 0.0288239 17.5837
    endloop
  endfacet
  facet normal -0.0642991 -0.986646 0.149652
    outer loop
      vertex 81.0195 0.0288239 18.4988
      vertex 78.9265 0.0128479 17.4942
      vertex 81.0589 0.0128479 18.4104
    endloop
  endfacet
  facet normal -0.0642261 -0.986673 0.149501
    outer loop
      vertex 81.0195 0.0288239 18.4988
      vertex 78.8894 0.0288239 17.5837
      vertex 78.9265 0.0128479 17.4942
    endloop
  endfacet
  facet normal -0.0387089 -0.995181 0.0900914
    outer loop
      vertex 81.0589 0.0128479 18.4104
      vertex 78.9639 0.0032196 17.4039
      vertex 81.0986 0.0032196 18.3211
    endloop
  endfacet
  facet normal -0.0387042 -0.995182 0.0900817
    outer loop
      vertex 81.0589 0.0128479 18.4104
      vertex 78.9265 0.0128479 17.4942
      vertex 78.9639 0.0032196 17.4039
    endloop
  endfacet
  facet normal -0.0129438 -0.999462 0.0301284
    outer loop
      vertex 81.0986 0.0032196 18.3211
      vertex 79.0114 1.52588e-05 17.3181
      vertex 81.1384 1.52588e-05 18.2319
    endloop
  endfacet
  facet normal -0.012956 -0.999461 0.0301539
    outer loop
      vertex 78.9639 0.0032196 17.4039
      vertex 79.0114 1.52588e-05 17.3181
      vertex 81.0986 0.0032196 18.3211
    endloop
  endfacet
  facet normal -0.0129976 -0.999461 0.0301309
    outer loop
      vertex 79.0114 1.52588e-05 17.3181
      vertex 78.9639 0.0032196 17.4039
      vertex 79.0012 1.52588e-05 17.3137
    endloop
  endfacet
  facet normal -0.0120246 0.999473 0.0301366
    outer loop
      vertex 78.7335 20.5 17.96
      vertex 76.5714 20.4983 17.1537
      vertex 78.7135 20.4983 18.0084
    endloop
  endfacet
  facet normal -0.0120484 0.999471 0.0302007
    outer loop
      vertex 76.5901 20.5 17.1049
      vertex 76.5714 20.4983 17.1537
      vertex 78.7335 20.5 17.96
    endloop
  endfacet
  facet normal -0.0361341 0.995234 0.0905743
    outer loop
      vertex 78.7135 20.4983 18.0084
      vertex 76.5527 20.4932 17.2024
      vertex 78.6936 20.4932 18.0565
    endloop
  endfacet
  facet normal -0.0360613 0.995254 0.0903789
    outer loop
      vertex 76.5714 20.4983 17.1537
      vertex 76.5527 20.4932 17.2024
      vertex 78.7135 20.4983 18.0084
    endloop
  endfacet
  facet normal -0.0608711 0.986415 0.152577
    outer loop
      vertex 78.6936 20.4932 18.0565
      vertex 76.5342 20.4846 17.2506
      vertex 78.6738 20.4846 18.1042
    endloop
  endfacet
  facet normal -0.0608898 0.986406 0.152627
    outer loop
      vertex 76.5527 20.4932 17.2024
      vertex 76.5342 20.4846 17.2506
      vertex 78.6936 20.4932 18.0565
    endloop
  endfacet
  facet normal -0.0842413 0.973814 0.211161
    outer loop
      vertex 78.6738 20.4846 18.1042
      vertex 76.5159 20.4727 17.2982
      vertex 78.6543 20.4727 18.1513
    endloop
  endfacet
  facet normal -0.0842121 0.973834 0.211083
    outer loop
      vertex 76.5342 20.4846 17.2506
      vertex 76.5159 20.4727 17.2982
      vertex 78.6738 20.4846 18.1042
    endloop
  endfacet
  facet normal -0.106895 0.957487 0.267941
    outer loop
      vertex 78.6543 20.4727 18.1513
      vertex 76.498 20.4576 17.345
      vertex 78.6351 20.4576 18.1976
    endloop
  endfacet
  facet normal -0.106927 0.957459 0.268026
    outer loop
      vertex 76.5159 20.4727 17.2982
      vertex 76.498 20.4576 17.345
      vertex 78.6543 20.4727 18.1513
    endloop
  endfacet
  facet normal -0.130879 0.935553 0.328042
    outer loop
      vertex 78.6351 20.4576 18.1976
      vertex 76.4804 20.4391 17.3907
      vertex 78.6164 20.4391 18.2429
    endloop
  endfacet
  facet normal -0.130958 0.935467 0.328255
    outer loop
      vertex 76.498 20.4576 17.345
      vertex 76.4804 20.4391 17.3907
      vertex 78.6351 20.4576 18.1976
    endloop
  endfacet
  facet normal -0.152994 0.910788 0.383482
    outer loop
      vertex 78.6164 20.4391 18.2429
      vertex 76.4633 20.4175 17.4352
      vertex 78.5981 20.4175 18.2869
    endloop
  endfacet
  facet normal -0.152945 0.910852 0.383349
    outer loop
      vertex 76.4804 20.4391 17.3907
      vertex 76.4633 20.4175 17.4352
      vertex 78.6164 20.4391 18.2429
    endloop
  endfacet
  facet normal -0.17477 0.8818 0.438045
    outer loop
      vertex 78.5981 20.4175 18.2869
      vertex 76.4468 20.3928 17.4783
      vertex 78.5805 20.3928 18.3296
    endloop
  endfacet
  facet normal -0.17487 0.881647 0.438314
    outer loop
      vertex 76.4633 20.4175 17.4352
      vertex 76.4468 20.3928 17.4783
      vertex 78.5981 20.4175 18.2869
    endloop
  endfacet
  facet normal -0.195687 0.849182 0.490506
    outer loop
      vertex 78.5805 20.3928 18.3296
      vertex 76.4309 20.3652 17.5198
      vertex 78.5635 20.3652 18.3706
    endloop
  endfacet
  facet normal -0.195519 0.849485 0.490049
    outer loop
      vertex 76.4468 20.3928 17.4783
      vertex 76.4309 20.3652 17.5198
      vertex 78.5805 20.3928 18.3296
    endloop
  endfacet
  facet normal -0.215594 0.813316 0.540405
    outer loop
      vertex 78.5635 20.3652 18.3706
      vertex 76.4156 20.3347 17.5596
      vertex 78.5472 20.3347 18.41
    endloop
  endfacet
  facet normal -0.215591 0.813322 0.540396
    outer loop
      vertex 76.4309 20.3652 17.5198
      vertex 76.4156 20.3347 17.5596
      vertex 78.5635 20.3652 18.3706
    endloop
  endfacet
  facet normal -0.235004 0.773217 0.58899
    outer loop
      vertex 78.5472 20.3347 18.41
      vertex 76.4011 20.3015 17.5973
      vertex 78.5317 20.3015 18.4474
    endloop
  endfacet
  facet normal -0.2353 0.772509 0.5898
    outer loop
      vertex 76.4156 20.3347 17.5596
      vertex 76.4011 20.3015 17.5973
      vertex 78.5472 20.3347 18.41
    endloop
  endfacet
  facet normal -0.253412 0.729631 0.635155
    outer loop
      vertex 78.5317 20.3015 18.4474
      vertex 76.3874 20.2657 17.633
      vertex 78.5171 20.2657 18.4827
    endloop
  endfacet
  facet normal -0.253288 0.72997 0.634814
    outer loop
      vertex 76.4011 20.3015 17.5973
      vertex 76.3874 20.2657 17.633
      vertex 78.5317 20.3015 18.4474
    endloop
  endfacet
  facet normal -0.270635 0.683074 0.678356
    outer loop
      vertex 78.5171 20.2657 18.4827
      vertex 76.3746 20.2275 17.6664
      vertex 78.5034 20.2275 18.5157
    endloop
  endfacet
  facet normal -0.270512 0.683462 0.678014
    outer loop
      vertex 76.3874 20.2657 17.633
      vertex 76.3746 20.2275 17.6664
      vertex 78.5171 20.2657 18.4827
    endloop
  endfacet
  facet normal -0.286508 0.6342 0.718125
    outer loop
      vertex 78.5034 20.2275 18.5157
      vertex 76.3627 20.187 17.6974
      vertex 78.4907 20.187 18.5464
    endloop
  endfacet
  facet normal -0.286564 0.633997 0.718282
    outer loop
      vertex 76.3746 20.2275 17.6664
      vertex 76.3627 20.187 17.6974
      vertex 78.5034 20.2275 18.5157
    endloop
  endfacet
  facet normal -0.300972 0.583398 0.754363
    outer loop
      vertex 78.4907 20.187 18.5464
      vertex 76.3518 20.1445 17.7259
      vertex 78.479 20.1445 18.5746
    endloop
  endfacet
  facet normal -0.301026 0.583173 0.754515
    outer loop
      vertex 76.3627 20.187 17.6974
      vertex 76.3518 20.1445 17.7259
      vertex 78.4907 20.187 18.5464
    endloop
  endfacet
  facet normal -0.314858 0.527251 0.789222
    outer loop
      vertex 78.479 20.1445 18.5746
      vertex 76.3418 20.1 17.7517
      vertex 78.4684 20.1 18.6001
    endloop
  endfacet
  facet normal -0.314698 0.528026 0.788767
    outer loop
      vertex 76.3518 20.1445 17.7259
      vertex 76.3418 20.1 17.7517
      vertex 78.479 20.1445 18.5746
    endloop
  endfacet
  facet normal -0.326907 0.470887 0.819388
    outer loop
      vertex 78.4684 20.1 18.6001
      vertex 76.333 20.0538 17.7747
      vertex 78.459 20.0538 18.6229
    endloop
  endfacet
  facet normal -0.327002 0.470343 0.819663
    outer loop
      vertex 76.3418 20.1 17.7517
      vertex 76.333 20.0538 17.7747
      vertex 78.4684 20.1 18.6001
    endloop
  endfacet
  facet normal -0.337441 0.413328 0.84575
    outer loop
      vertex 78.459 20.0538 18.6229
      vertex 76.3253 20.0061 17.7949
      vertex 78.4507 20.0061 18.6429
    endloop
  endfacet
  facet normal -0.337524 0.412749 0.846
    outer loop
      vertex 76.333 20.0538 17.7747
      vertex 76.3253 20.0061 17.7949
      vertex 78.459 20.0538 18.6229
    endloop
  endfacet
  facet normal -0.348169 0.352706 0.868549
    outer loop
      vertex 78.4507 20.0061 18.6429
      vertex 78.4098 19.9773 18.6382
      vertex 78.4463 19.9759 18.6534
    endloop
  endfacet
  facet normal -0.346954 0.350773 0.869817
    outer loop
      vertex 78.4098 19.9773 18.6382
      vertex 78.4507 20.0061 18.6429
      vertex 77.1944 19.9773 18.1534
    endloop
  endfacet
  facet normal -0.346556 0.354172 0.868597
    outer loop
      vertex 76.3253 20.0061 17.7949
      vertex 77.1944 19.9773 18.1534
      vertex 78.4507 20.0061 18.6429
    endloop
  endfacet
  facet normal -0.346698 0.353348 0.868876
    outer loop
      vertex 77.1944 19.9773 18.1534
      vertex 76.3253 20.0061 17.7949
      vertex 76.3581 19.9773 17.8197
    endloop
  endfacet
  facet normal -0.347745 0.352197 0.868925
    outer loop
      vertex 76.3581 19.9773 17.8197
      vertex 76.3253 20.0061 17.7949
      vertex 76.3212 19.9759 17.8055
    endloop
  endfacet
  facet normal -0.36166 -0.233579 0.902575
    outer loop
      vertex 78.4098 1.11645 18.6382
      vertex 78.447 1.11179 18.6519
      vertex 78.4463 1.11867 18.6534
    endloop
  endfacet
  facet normal -0.361317 -0.221501 0.905752
    outer loop
      vertex 76.4254 1.11647 17.8466
      vertex 78.447 1.11179 18.6519
      vertex 78.4098 1.11645 18.6382
    endloop
  endfacet
  facet normal -0.359394 -0.243729 0.900795
    outer loop
      vertex 78.447 1.11179 18.6519
      vertex 76.4254 1.11647 17.8466
      vertex 76.3218 1.11179 17.804
    endloop
  endfacet
  facet normal -0.361208 -0.229937 0.903691
    outer loop
      vertex 76.3581 1.11647 17.8197
      vertex 76.3218 1.11179 17.804
      vertex 76.4254 1.11647 17.8466
    endloop
  endfacet
  facet normal -0.361671 -0.227659 0.904083
    outer loop
      vertex 76.3218 1.11179 17.804
      vertex 76.3581 1.11647 17.8197
      vertex 76.3212 1.1187 17.8055
    endloop
  endfacet
  facet normal -0.354651 -0.290008 0.888886
    outer loop
      vertex 78.447 1.11179 18.6519
      vertex 76.332 1.01785 17.7774
      vertex 78.4579 1.01785 18.6256
    endloop
  endfacet
  facet normal -0.354623 -0.290188 0.888838
    outer loop
      vertex 78.447 1.11179 18.6519
      vertex 76.3218 1.11179 17.804
      vertex 76.332 1.01785 17.7774
    endloop
  endfacet
  facet normal -0.346739 -0.35257 0.869176
    outer loop
      vertex 78.4579 1.01785 18.6256
      vertex 76.3444 0.92598 17.7452
      vertex 78.4711 0.92598 18.5936
    endloop
  endfacet
  facet normal -0.346918 -0.351582 0.869504
    outer loop
      vertex 78.4579 1.01785 18.6256
      vertex 76.332 1.01785 17.7774
      vertex 76.3444 0.92598 17.7452
    endloop
  endfacet
  facet normal -0.337576 -0.412484 0.846108
    outer loop
      vertex 78.4711 0.92598 18.5936
      vertex 76.3589 0.836578 17.7073
      vertex 78.4866 0.836578 18.5562
    endloop
  endfacet
  facet normal -0.337409 -0.413277 0.845788
    outer loop
      vertex 78.4711 0.92598 18.5936
      vertex 76.3444 0.92598 17.7452
      vertex 76.3589 0.836578 17.7073
    endloop
  endfacet
  facet normal -0.326925 -0.470938 0.819352
    outer loop
      vertex 78.4866 0.836578 18.5562
      vertex 76.3755 0.75 17.6641
      vertex 78.5043 0.75 18.5135
    endloop
  endfacet
  facet normal -0.326815 -0.471388 0.819137
    outer loop
      vertex 78.4866 0.836578 18.5562
      vertex 76.3589 0.836578 17.7073
      vertex 76.3755 0.75 17.6641
    endloop
  endfacet
  facet normal -0.31467 -0.528071 0.788749
    outer loop
      vertex 78.5043 0.75 18.5135
      vertex 76.394 0.666656 17.6158
      vertex 78.5241 0.666656 18.4656
    endloop
  endfacet
  facet normal -0.314894 -0.52726 0.789201
    outer loop
      vertex 78.5043 0.75 18.5135
      vertex 76.3755 0.75 17.6641
      vertex 76.394 0.666656 17.6158
    endloop
  endfacet
  facet normal -0.301246 -0.58235 0.755062
    outer loop
      vertex 78.5241 0.666656 18.4656
      vertex 76.4145 0.586868 17.5624
      vertex 78.546 0.586868 18.4128
    endloop
  endfacet
  facet normal -0.301164 -0.58261 0.754895
    outer loop
      vertex 78.5241 0.666656 18.4656
      vertex 76.394 0.666656 17.6158
      vertex 76.4145 0.586868 17.5624
    endloop
  endfacet
  facet normal -0.286369 -0.634661 0.717773
    outer loop
      vertex 78.546 0.586868 18.4128
      vertex 76.4368 0.510986 17.5042
      vertex 78.5698 0.510986 18.3552
    endloop
  endfacet
  facet normal -0.286366 -0.634669 0.717767
    outer loop
      vertex 78.546 0.586868 18.4128
      vertex 76.4145 0.586868 17.5624
      vertex 76.4368 0.510986 17.5042
    endloop
  endfacet
  facet normal -0.27043 -0.683654 0.677853
    outer loop
      vertex 78.5698 0.510986 18.3552
      vertex 76.4609 0.439346 17.4416
      vertex 78.5955 0.439346 18.2932
    endloop
  endfacet
  facet normal -0.270508 -0.683461 0.678017
    outer loop
      vertex 78.5698 0.510986 18.3552
      vertex 76.4368 0.510986 17.5042
      vertex 76.4609 0.439346 17.4416
    endloop
  endfacet
  facet normal -0.2533 -0.729893 0.634898
    outer loop
      vertex 78.5955 0.439346 18.2932
      vertex 76.4866 0.372253 17.3747
      vertex 78.6229 0.372253 18.227
    endloop
  endfacet
  facet normal -0.253256 -0.729989 0.634805
    outer loop
      vertex 78.5955 0.439346 18.2932
      vertex 76.4609 0.439346 17.4416
      vertex 76.4866 0.372253 17.3747
    endloop
  endfacet
  facet normal -0.235028 -0.773073 0.589169
    outer loop
      vertex 78.6229 0.372253 18.227
      vertex 76.5137 0.309982 17.3039
      vertex 78.652 0.309982 18.1569
    endloop
  endfacet
  facet normal -0.23522 -0.7727 0.589581
    outer loop
      vertex 78.6229 0.372253 18.227
      vertex 76.4866 0.372253 17.3747
      vertex 76.5137 0.309982 17.3039
    endloop
  endfacet
  facet normal -0.215885 -0.81274 0.541154
    outer loop
      vertex 78.652 0.309982 18.1569
      vertex 76.5423 0.252808 17.2294
      vertex 78.6825 0.252808 18.0832
    endloop
  endfacet
  facet normal -0.215806 -0.812875 0.540983
    outer loop
      vertex 78.652 0.309982 18.1569
      vertex 76.5137 0.309982 17.3039
      vertex 76.5423 0.252808 17.2294
    endloop
  endfacet
  facet normal -0.195698 -0.849155 0.49055
    outer loop
      vertex 78.6825 0.252808 18.0832
      vertex 76.5722 0.200974 17.1516
      vertex 78.7144 0.200974 18.0062
    endloop
  endfacet
  facet normal -0.195694 -0.84916 0.490541
    outer loop
      vertex 78.6825 0.252808 18.0832
      vertex 76.5423 0.252808 17.2294
      vertex 76.5722 0.200974 17.1516
    endloop
  endfacet
  facet normal -0.174685 -0.88189 0.437898
    outer loop
      vertex 78.7144 0.200974 18.0062
      vertex 76.6032 0.154694 17.0708
      vertex 78.7475 0.154694 17.9262
    endloop
  endfacet
  facet normal -0.174747 -0.881811 0.438033
    outer loop
      vertex 78.7144 0.200974 18.0062
      vertex 76.5722 0.200974 17.1516
      vertex 76.6032 0.154694 17.0708
    endloop
  endfacet
  facet normal -0.152896 -0.910895 0.383267
    outer loop
      vertex 78.7475 0.154694 17.9262
      vertex 76.6353 0.114182 16.9873
      vertex 78.7818 0.114182 17.8436
    endloop
  endfacet
  facet normal -0.152863 -0.910931 0.383194
    outer loop
      vertex 78.7475 0.154694 17.9262
      vertex 76.6032 0.154694 17.0708
      vertex 76.6353 0.114182 16.9873
    endloop
  endfacet
  facet normal -0.130659 -0.935781 0.327479
    outer loop
      vertex 78.7818 0.114182 17.8436
      vertex 76.6682 0.0796051 16.9015
      vertex 78.8169 0.0796051 17.7588
    endloop
  endfacet
  facet normal -0.130502 -0.935924 0.327131
    outer loop
      vertex 78.7818 0.114182 17.8436
      vertex 76.6353 0.114182 16.9873
      vertex 76.6682 0.0796051 16.9015
    endloop
  endfacet
  facet normal -0.107521 -0.956981 0.269492
    outer loop
      vertex 78.8169 0.0796051 17.7588
      vertex 76.7019 0.0511169 16.8138
      vertex 78.8529 0.0511169 17.672
    endloop
  endfacet
  facet normal -0.10754 -0.956967 0.269534
    outer loop
      vertex 78.8169 0.0796051 17.7588
      vertex 76.6682 0.0796051 16.9015
      vertex 76.7019 0.0511169 16.8138
    endloop
  endfacet
  facet normal -0.0842052 -0.97384 0.211057
    outer loop
      vertex 78.8529 0.0511169 17.672
      vertex 76.7361 0.0288239 16.7246
      vertex 78.8894 0.0288239 17.5837
    endloop
  endfacet
  facet normal -0.0842204 -0.973831 0.211091
    outer loop
      vertex 78.8529 0.0511169 17.672
      vertex 76.7019 0.0511169 16.8138
      vertex 76.7361 0.0288239 16.7246
    endloop
  endfacet
  facet normal -0.0602926 -0.986673 0.151131
    outer loop
      vertex 78.8894 0.0288239 17.5837
      vertex 76.7708 0.0128479 16.6342
      vertex 78.9265 0.0128479 17.4942
    endloop
  endfacet
  facet normal -0.0603285 -0.986659 0.151211
    outer loop
      vertex 78.8894 0.0288239 17.5837
      vertex 76.7361 0.0288239 16.7246
      vertex 76.7708 0.0128479 16.6342
    endloop
  endfacet
  facet normal -0.0363276 -0.995182 0.091066
    outer loop
      vertex 78.9265 0.0128479 17.4942
      vertex 76.8058 0.0032196 16.543
      vertex 78.9639 0.0032196 17.4039
    endloop
  endfacet
  facet normal -0.0363494 -0.995177 0.0911144
    outer loop
      vertex 78.9265 0.0128479 17.4942
      vertex 76.7708 0.0128479 16.6342
      vertex 76.8058 0.0032196 16.543
    endloop
  endfacet
  facet normal -0.0121593 -0.999461 0.0304775
    outer loop
      vertex 78.9639 0.0032196 17.4039
      vertex 76.8511 1.52588e-05 16.4559
      vertex 79.0012 1.52588e-05 17.3137
    endloop
  endfacet
  facet normal -0.0121476 -0.999462 0.0304516
    outer loop
      vertex 76.8058 0.0032196 16.543
      vertex 76.8511 1.52588e-05 16.4559
      vertex 78.9639 0.0032196 17.4039
    endloop
  endfacet
  facet normal -0.012126 -0.999462 0.0304628
    outer loop
      vertex 76.8511 1.52588e-05 16.4559
      vertex 76.8058 0.0032196 16.543
      vertex 76.8408 1.52588e-05 16.4518
    endloop
  endfacet
  facet normal -0.0112531 0.999471 0.0305055
    outer loop
      vertex 76.5901 20.5 17.1049
      vertex 74.4076 20.4983 16.3555
      vertex 76.5714 20.4983 17.1537
    endloop
  endfacet
  facet normal -0.0112423 0.999472 0.0304739
    outer loop
      vertex 74.4251 20.5 16.3062
      vertex 74.4076 20.4983 16.3555
      vertex 76.5901 20.5 17.1049
    endloop
  endfacet
  facet normal -0.0336803 0.995254 0.0912931
    outer loop
      vertex 76.5714 20.4983 17.1537
      vertex 74.3902 20.4932 16.4046
      vertex 76.5527 20.4932 17.2024
    endloop
  endfacet
  facet normal -0.0337252 0.995241 0.0914238
    outer loop
      vertex 74.4076 20.4983 16.3555
      vertex 74.3902 20.4932 16.4046
      vertex 76.5714 20.4983 17.1537
    endloop
  endfacet
  facet normal -0.056875 0.986406 0.154168
    outer loop
      vertex 76.5527 20.4932 17.2024
      vertex 74.373 20.4846 16.4533
      vertex 76.5342 20.4846 17.2506
    endloop
  endfacet
  facet normal -0.0568558 0.986416 0.154112
    outer loop
      vertex 74.3902 20.4932 16.4046
      vertex 74.373 20.4846 16.4533
      vertex 76.5527 20.4932 17.2024
    endloop
  endfacet
  facet normal -0.0786661 0.973833 0.213215
    outer loop
      vertex 76.5342 20.4846 17.2506
      vertex 74.356 20.4727 16.5013
      vertex 76.5159 20.4727 17.2982
    endloop
  endfacet
  facet normal -0.0787686 0.973759 0.213514
    outer loop
      vertex 74.373 20.4846 16.4533
      vertex 74.356 20.4727 16.5013
      vertex 76.5342 20.4846 17.2506
    endloop
  endfacet
  facet normal -0.0998729 0.957462 0.270725
    outer loop
      vertex 76.5159 20.4727 17.2982
      vertex 74.3392 20.4576 16.5486
      vertex 76.498 20.4576 17.345
    endloop
  endfacet
  facet normal -0.0997221 0.957602 0.270285
    outer loop
      vertex 74.356 20.4727 16.5013
      vertex 74.3392 20.4576 16.5486
      vertex 76.5159 20.4727 17.2982
    endloop
  endfacet
  facet normal -0.122333 0.935464 0.331576
    outer loop
      vertex 76.498 20.4576 17.345
      vertex 74.3229 20.4391 16.5947
      vertex 76.4804 20.4391 17.3907
    endloop
  endfacet
  facet normal -0.122486 0.935285 0.332023
    outer loop
      vertex 74.3392 20.4576 16.5486
      vertex 74.3229 20.4391 16.5947
      vertex 76.498 20.4576 17.345
    endloop
  endfacet
  facet normal -0.142855 0.91085 0.387226
    outer loop
      vertex 76.4804 20.4391 17.3907
      vertex 74.307 20.4175 16.6397
      vertex 76.4633 20.4175 17.4352
    endloop
  endfacet
  facet normal -0.142731 0.911025 0.386861
    outer loop
      vertex 74.3229 20.4391 16.5947
      vertex 74.307 20.4175 16.6397
      vertex 76.4804 20.4391 17.3907
    endloop
  endfacet
  facet normal -0.163327 0.881652 0.442735
    outer loop
      vertex 76.4633 20.4175 17.4352
      vertex 74.2915 20.3928 16.6832
      vertex 76.4468 20.3928 17.4783
    endloop
  endfacet
  facet normal -0.163253 0.881776 0.442516
    outer loop
      vertex 74.307 20.4175 16.6397
      vertex 74.2915 20.3928 16.6832
      vertex 76.4633 20.4175 17.4352
    endloop
  endfacet
  facet normal -0.182608 0.849489 0.494998
    outer loop
      vertex 76.4468 20.3928 17.4783
      vertex 74.2767 20.3652 16.7251
      vertex 76.4309 20.3652 17.5198
    endloop
  endfacet
  facet normal -0.182623 0.84946 0.495042
    outer loop
      vertex 74.2915 20.3928 16.6832
      vertex 74.2767 20.3652 16.7251
      vertex 76.4468 20.3928 17.4783
    endloop
  endfacet
  facet normal -0.201395 0.813318 0.545851
    outer loop
      vertex 76.4309 20.3652 17.5198
      vertex 74.2625 20.3347 16.7652
      vertex 76.4156 20.3347 17.5596
    endloop
  endfacet
  facet normal -0.201682 0.812676 0.546701
    outer loop
      vertex 74.2767 20.3652 16.7251
      vertex 74.2625 20.3347 16.7652
      vertex 76.4309 20.3652 17.5198
    endloop
  endfacet
  facet normal -0.219775 0.772504 0.595766
    outer loop
      vertex 76.4156 20.3347 17.5596
      vertex 74.249 20.3015 16.8034
      vertex 76.4011 20.3015 17.5973
    endloop
  endfacet
  facet normal -0.219408 0.773449 0.594673
    outer loop
      vertex 74.2625 20.3347 16.7652
      vertex 74.249 20.3015 16.8034
      vertex 76.4156 20.3347 17.5596
    endloop
  endfacet
  facet normal -0.236558 0.729971 0.641235
    outer loop
      vertex 76.4011 20.3015 17.5973
      vertex 74.2362 20.2657 16.8394
      vertex 76.3874 20.2657 17.633
    endloop
  endfacet
  facet normal -0.236649 0.729703 0.641507
    outer loop
      vertex 74.249 20.3015 16.8034
      vertex 74.2362 20.2657 16.8394
      vertex 76.4011 20.3015 17.5973
    endloop
  endfacet
  facet normal -0.252663 0.683467 0.684861
    outer loop
      vertex 76.3874 20.2657 17.633
      vertex 74.2243 20.2275 16.8731
      vertex 76.3746 20.2275 17.6664
    endloop
  endfacet
  facet normal -0.252753 0.683161 0.685133
    outer loop
      vertex 74.2362 20.2657 16.8394
      vertex 74.2243 20.2275 16.8731
      vertex 76.3874 20.2657 17.633
    endloop
  endfacet
  facet normal -0.267667 0.633997 0.725536
    outer loop
      vertex 76.3746 20.2275 17.6664
      vertex 74.2132 20.187 16.9044
      vertex 76.3627 20.187 17.6974
    endloop
  endfacet
  facet normal -0.267654 0.634049 0.725496
    outer loop
      vertex 74.2243 20.2275 16.8731
      vertex 74.2132 20.187 16.9044
      vertex 76.3746 20.2275 17.6664
    endloop
  endfacet
  facet normal -0.281154 0.583185 0.762133
    outer loop
      vertex 76.3627 20.187 17.6974
      vertex 74.203 20.1445 16.9332
      vertex 76.3518 20.1445 17.7259
    endloop
  endfacet
  facet normal -0.281044 0.583679 0.761796
    outer loop
      vertex 74.2132 20.187 16.9044
      vertex 74.203 20.1445 16.9332
      vertex 76.3627 20.187 17.6974
    endloop
  endfacet
  facet normal -0.293959 0.527994 0.79675
    outer loop
      vertex 76.3518 20.1445 17.7259
      vertex 74.1938 20.1 16.9592
      vertex 76.3418 20.1 17.7517
    endloop
  endfacet
  facet normal -0.294192 0.526764 0.797478
    outer loop
      vertex 74.203 20.1445 16.9332
      vertex 74.1938 20.1 16.9592
      vertex 76.3518 20.1445 17.7259
    endloop
  endfacet
  facet normal -0.305435 0.470354 0.827935
    outer loop
      vertex 76.3418 20.1 17.7517
      vertex 74.1856 20.0538 16.9825
      vertex 76.333 20.0538 17.7747
    endloop
  endfacet
  facet normal -0.305259 0.47145 0.827377
    outer loop
      vertex 74.1938 20.1 16.9592
      vertex 74.1856 20.0538 16.9825
      vertex 76.3418 20.1 17.7517
    endloop
  endfacet
  facet normal -0.315244 0.41277 0.854542
    outer loop
      vertex 76.333 20.0538 17.7747
      vertex 74.1784 20.0061 17.0029
      vertex 76.3253 20.0061 17.7949
    endloop
  endfacet
  facet normal -0.315213 0.413001 0.854442
    outer loop
      vertex 74.1856 20.0538 16.9825
      vertex 74.1784 20.0061 17.0029
      vertex 76.333 20.0538 17.7747
    endloop
  endfacet
  facet normal -0.322884 0.352174 0.878475
    outer loop
      vertex 76.3253 20.0061 17.7949
      vertex 76.2848 19.9772 17.7916
      vertex 76.3212 19.9759 17.8055
    endloop
  endfacet
  facet normal -0.323778 0.353526 0.877603
    outer loop
      vertex 76.2848 19.9772 17.7916
      vertex 76.3253 20.0061 17.7949
      vertex 75.0545 19.9772 17.3377
    endloop
  endfacet
  facet normal -0.323888 0.352502 0.877974
    outer loop
      vertex 74.1784 20.0061 17.0029
      vertex 75.0545 19.9772 17.3377
      vertex 76.3253 20.0061 17.7949
    endloop
  endfacet
  facet normal -0.323951 0.352115 0.878106
    outer loop
      vertex 75.0545 19.9772 17.3377
      vertex 74.1784 20.0061 17.0029
      vertex 74.2115 19.9772 17.0267
    endloop
  endfacet
  facet normal -0.323278 0.352849 0.87806
    outer loop
      vertex 74.2115 19.9772 17.0267
      vertex 74.1784 20.0061 17.0029
      vertex 74.1745 19.9759 17.0136
    endloop
  endfacet
  facet normal -0.335512 -0.22757 0.914135
    outer loop
      vertex 76.2848 1.11653 17.7916
      vertex 76.3218 1.11179 17.804
      vertex 76.3212 1.1187 17.8055
    endloop
  endfacet
  facet normal -0.335991 -0.240328 0.910688
    outer loop
      vertex 74.2815 1.11654 17.0525
      vertex 76.3218 1.11179 17.804
      vertex 76.2848 1.11653 17.7916
    endloop
  endfacet
  facet normal -0.337499 -0.221485 0.914898
    outer loop
      vertex 76.3218 1.11179 17.804
      vertex 74.2815 1.11654 17.0525
      vertex 74.1751 1.11179 17.0121
    endloop
  endfacet
  facet normal -0.336742 -0.227737 0.913641
    outer loop
      vertex 74.2115 1.11654 17.0267
      vertex 74.1751 1.11179 17.0121
      vertex 74.2815 1.11654 17.0525
    endloop
  endfacet
  facet normal -0.337023 -0.226337 0.913886
    outer loop
      vertex 74.1751 1.11179 17.0121
      vertex 74.2115 1.11654 17.0267
      vertex 74.1745 1.11874 17.0136
    endloop
  endfacet
  facet normal -0.331217 -0.29019 0.897822
    outer loop
      vertex 76.3218 1.11179 17.804
      vertex 74.1846 1.01785 16.9852
      vertex 76.332 1.01785 17.7774
    endloop
  endfacet
  facet normal -0.331163 -0.290556 0.897724
    outer loop
      vertex 76.3218 1.11179 17.804
      vertex 74.1751 1.11179 17.0121
      vertex 74.1846 1.01785 16.9852
    endloop
  endfacet
  facet normal -0.324039 -0.351573 0.878291
    outer loop
      vertex 76.332 1.01785 17.7774
      vertex 74.1961 0.92598 16.9526
      vertex 76.3444 0.92598 17.7452
    endloop
  endfacet
  facet normal -0.323941 -0.352143 0.878099
    outer loop
      vertex 76.332 1.01785 17.7774
      vertex 74.1846 1.01785 16.9852
      vertex 74.1961 0.92598 16.9526
    endloop
  endfacet
  facet normal -0.315146 -0.413287 0.854328
    outer loop
      vertex 76.3444 0.92598 17.7452
      vertex 74.2097 0.836578 16.9145
      vertex 76.3589 0.836578 17.7073
    endloop
  endfacet
  facet normal -0.315356 -0.41224 0.854757
    outer loop
      vertex 76.3444 0.92598 17.7452
      vertex 74.1961 0.92598 16.9526
      vertex 74.2097 0.836578 16.9145
    endloop
  endfacet
  facet normal -0.305242 -0.471385 0.82742
    outer loop
      vertex 76.3589 0.836578 17.7073
      vertex 74.2251 0.75 16.8708
      vertex 76.3755 0.75 17.6641
    endloop
  endfacet
  facet normal -0.305144 -0.471811 0.827213
    outer loop
      vertex 76.3589 0.836578 17.7073
      vertex 74.2097 0.836578 16.9145
      vertex 74.2251 0.75 16.8708
    endloop
  endfacet
  facet normal -0.294106 -0.527268 0.797177
    outer loop
      vertex 76.3755 0.75 17.6641
      vertex 74.2424 0.666656 16.822
      vertex 76.394 0.666656 17.6158
    endloop
  endfacet
  facet normal -0.294002 -0.527663 0.796953
    outer loop
      vertex 76.3755 0.75 17.6641
      vertex 74.2251 0.75 16.8708
      vertex 74.2424 0.666656 16.822
    endloop
  endfacet
  facet normal -0.281313 -0.582609 0.762515
    outer loop
      vertex 76.394 0.666656 17.6158
      vertex 74.2615 0.586868 16.7681
      vertex 76.4145 0.586868 17.5624
    endloop
  endfacet
  facet normal -0.281344 -0.582505 0.762584
    outer loop
      vertex 76.394 0.666656 17.6158
      vertex 74.2424 0.666656 16.822
      vertex 74.2615 0.586868 16.7681
    endloop
  endfacet
  facet normal -0.267461 -0.634676 0.725018
    outer loop
      vertex 76.4145 0.586868 17.5624
      vertex 74.2823 0.510986 16.7094
      vertex 76.4368 0.510986 17.5042
    endloop
  endfacet
  facet normal -0.267563 -0.634371 0.725247
    outer loop
      vertex 76.4145 0.586868 17.5624
      vertex 74.2615 0.586868 16.7681
      vertex 74.2823 0.510986 16.7094
    endloop
  endfacet
  facet normal -0.252674 -0.683451 0.684872
    outer loop
      vertex 76.4368 0.510986 17.5042
      vertex 74.3047 0.439346 16.6461
      vertex 76.4609 0.439346 17.4416
    endloop
  endfacet
  facet normal -0.252534 -0.683822 0.684554
    outer loop
      vertex 76.4368 0.510986 17.5042
      vertex 74.2823 0.510986 16.7094
      vertex 74.3047 0.439346 16.6461
    endloop
  endfacet
  facet normal -0.23655 -0.729987 0.64122
    outer loop
      vertex 76.4609 0.439346 17.4416
      vertex 74.3286 0.372253 16.5786
      vertex 76.4866 0.372253 17.3747
    endloop
  endfacet
  facet normal -0.236673 -0.7297 0.641501
    outer loop
      vertex 76.4609 0.439346 17.4416
      vertex 74.3047 0.439346 16.6461
      vertex 74.3286 0.372253 16.5786
    endloop
  endfacet
  facet normal -0.219704 -0.772708 0.595527
    outer loop
      vertex 76.4866 0.372253 17.3747
      vertex 74.3539 0.309982 16.5071
      vertex 76.5137 0.309982 17.3039
    endloop
  endfacet
  facet normal -0.219637 -0.772846 0.595372
    outer loop
      vertex 76.4866 0.372253 17.3747
      vertex 74.3286 0.372253 16.5786
      vertex 74.3539 0.309982 16.5071
    endloop
  endfacet
  facet normal -0.201594 -0.812874 0.546439
    outer loop
      vertex 76.5137 0.309982 17.3039
      vertex 74.3806 0.252808 16.4319
      vertex 76.5423 0.252808 17.2294
    endloop
  endfacet
  facet normal -0.201595 -0.812871 0.546443
    outer loop
      vertex 76.5137 0.309982 17.3039
      vertex 74.3539 0.309982 16.5071
      vertex 74.3806 0.252808 16.4319
    endloop
  endfacet
  facet normal -0.182804 -0.849158 0.495493
    outer loop
      vertex 76.5423 0.252808 17.2294
      vertex 74.4084 0.200974 16.3533
      vertex 76.5722 0.200974 17.1516
    endloop
  endfacet
  facet normal -0.182762 -0.849225 0.495394
    outer loop
      vertex 76.5423 0.252808 17.2294
      vertex 74.3806 0.252808 16.4319
      vertex 74.4084 0.200974 16.3533
    endloop
  endfacet
  facet normal -0.16324 -0.881812 0.442448
    outer loop
      vertex 76.5722 0.200974 17.1516
      vertex 74.4373 0.154694 16.2717
      vertex 76.6032 0.154694 17.0708
    endloop
  endfacet
  facet normal -0.1632 -0.881866 0.442356
    outer loop
      vertex 76.5722 0.200974 17.1516
      vertex 74.4084 0.200974 16.3533
      vertex 74.4373 0.154694 16.2717
    endloop
  endfacet
  facet normal -0.142797 -0.910929 0.387063
    outer loop
      vertex 76.6032 0.154694 17.0708
      vertex 74.4671 0.114182 16.1874
      vertex 76.6353 0.114182 16.9873
    endloop
  endfacet
  facet normal -0.142865 -0.91085 0.387224
    outer loop
      vertex 76.6032 0.154694 17.0708
      vertex 74.4373 0.154694 16.2717
      vertex 74.4671 0.114182 16.1874
    endloop
  endfacet
  facet normal -0.121901 -0.935925 0.330429
    outer loop
      vertex 76.6353 0.114182 16.9873
      vertex 74.4978 0.0796051 16.1008
      vertex 76.6682 0.0796051 16.9015
    endloop
  endfacet
  facet normal -0.121916 -0.935912 0.330463
    outer loop
      vertex 76.6353 0.114182 16.9873
      vertex 74.4671 0.114182 16.1874
      vertex 74.4978 0.0796051 16.1008
    endloop
  endfacet
  facet normal -0.100433 -0.956966 0.272265
    outer loop
      vertex 76.6682 0.0796051 16.9015
      vertex 74.5291 0.0511169 16.0123
      vertex 76.7019 0.0511169 16.8138
    endloop
  endfacet
  facet normal -0.100521 -0.956898 0.272474
    outer loop
      vertex 76.6682 0.0796051 16.9015
      vertex 74.4978 0.0796051 16.1008
      vertex 74.5291 0.0511169 16.0123
    endloop
  endfacet
  facet normal -0.0786618 -0.973832 0.213222
    outer loop
      vertex 76.7019 0.0511169 16.8138
      vertex 74.5611 0.0288239 15.9222
      vertex 76.7361 0.0288239 16.7246
    endloop
  endfacet
  facet normal -0.0785894 -0.973876 0.213049
    outer loop
      vertex 76.7019 0.0511169 16.8138
      vertex 74.5291 0.0511169 16.0123
      vertex 74.5611 0.0288239 15.9222
    endloop
  endfacet
  facet normal -0.0563492 -0.986659 0.152738
    outer loop
      vertex 76.7361 0.0288239 16.7246
      vertex 74.5934 0.0128479 15.8309
      vertex 76.7708 0.0128479 16.6342
    endloop
  endfacet
  facet normal -0.0563405 -0.986663 0.152718
    outer loop
      vertex 76.7361 0.0288239 16.7246
      vertex 74.5611 0.0288239 15.9222
      vertex 74.5934 0.0128479 15.8309
    endloop
  endfacet
  facet normal -0.0339542 -0.995177 0.0920336
    outer loop
      vertex 76.7708 0.0128479 16.6342
      vertex 74.626 0.0032196 15.7388
      vertex 76.8058 0.0032196 16.543
    endloop
  endfacet
  facet normal -0.033949 -0.995178 0.092021
    outer loop
      vertex 76.7708 0.0128479 16.6342
      vertex 74.5934 0.0128479 15.8309
      vertex 74.626 0.0032196 15.7388
    endloop
  endfacet
  facet normal -0.0113477 -0.999462 0.0307615
    outer loop
      vertex 76.8058 0.0032196 16.543
      vertex 74.6689 1.52588e-05 15.6506
      vertex 76.8408 1.52588e-05 16.4518
    endloop
  endfacet
  facet normal -0.0113581 -0.999461 0.0307863
    outer loop
      vertex 74.626 0.0032196 15.7388
      vertex 74.6689 1.52588e-05 15.6506
      vertex 76.8058 0.0032196 16.543
    endloop
  endfacet
  facet normal -0.0113581 -0.999461 0.0307863
    outer loop
      vertex 74.6689 1.52588e-05 15.6506
      vertex 74.626 0.0032196 15.7388
      vertex 74.6586 1.52588e-05 15.6468
    endloop
  endfacet
  facet normal -0.0104419 0.999472 0.030758
    outer loop
      vertex 74.4251 20.5 16.3062
      vertex 72.2237 20.4983 15.6141
      vertex 74.4076 20.4983 16.3555
    endloop
  endfacet
  facet normal -0.0104551 0.999471 0.0308003
    outer loop
      vertex 72.2398 20.5 15.5644
      vertex 72.2237 20.4983 15.6141
      vertex 74.4251 20.5 16.3062
    endloop
  endfacet
  facet normal -0.0313234 0.995241 0.092275
    outer loop
      vertex 74.4076 20.4983 16.3555
      vertex 72.2076 20.4932 15.6637
      vertex 74.3902 20.4932 16.4046
    endloop
  endfacet
  facet normal -0.0312926 0.995251 0.0921768
    outer loop
      vertex 72.2237 20.4983 15.6141
      vertex 72.2076 20.4932 15.6637
      vertex 74.4076 20.4983 16.3555
    endloop
  endfacet
  facet normal -0.0528012 0.986417 0.155544
    outer loop
      vertex 74.3902 20.4932 16.4046
      vertex 72.1916 20.4846 15.7128
      vertex 74.373 20.4846 16.4533
    endloop
  endfacet
  facet normal -0.0528076 0.986413 0.155565
    outer loop
      vertex 72.2076 20.4932 15.6637
      vertex 72.1916 20.4846 15.7128
      vertex 74.3902 20.4932 16.4046
    endloop
  endfacet
  facet normal -0.0731494 0.973759 0.215504
    outer loop
      vertex 74.373 20.4846 16.4533
      vertex 72.1759 20.4727 15.7613
      vertex 74.356 20.4727 16.5013
    endloop
  endfacet
  facet normal -0.0730789 0.973814 0.215279
    outer loop
      vertex 72.1916 20.4846 15.7128
      vertex 72.1759 20.4727 15.7613
      vertex 74.373 20.4846 16.4533
    endloop
  endfacet
  facet normal -0.0926177 0.9576 0.272807
    outer loop
      vertex 74.356 20.4727 16.5013
      vertex 72.1604 20.4576 15.8089
      vertex 74.3392 20.4576 16.5486
    endloop
  endfacet
  facet normal -0.0928288 0.957388 0.273481
    outer loop
      vertex 72.1759 20.4727 15.7613
      vertex 72.1604 20.4576 15.8089
      vertex 74.356 20.4727 16.5013
    endloop
  endfacet
  facet normal -0.113751 0.935286 0.335112
    outer loop
      vertex 74.3392 20.4576 16.5486
      vertex 72.1452 20.4391 15.8555
      vertex 74.3229 20.4391 16.5947
    endloop
  endfacet
  facet normal -0.113525 0.935573 0.334389
    outer loop
      vertex 72.1604 20.4576 15.8089
      vertex 72.1452 20.4391 15.8555
      vertex 74.3392 20.4576 16.5486
    endloop
  endfacet
  facet normal -0.13254 0.911028 0.390463
    outer loop
      vertex 74.3229 20.4391 16.5947
      vertex 72.1305 20.4175 15.9009
      vertex 74.307 20.4175 16.6397
    endloop
  endfacet
  facet normal -0.132555 0.911005 0.39051
    outer loop
      vertex 72.1452 20.4391 15.8555
      vertex 72.1305 20.4175 15.9009
      vertex 74.3229 20.4391 16.5947
    endloop
  endfacet
  facet normal -0.151616 0.881766 0.446656
    outer loop
      vertex 74.307 20.4175 16.6397
      vertex 72.1162 20.3928 15.9448
      vertex 74.2915 20.3928 16.6832
    endloop
  endfacet
  facet normal -0.151633 0.881736 0.446709
    outer loop
      vertex 72.1305 20.4175 15.9009
      vertex 72.1162 20.3928 15.9448
      vertex 74.307 20.4175 16.6397
    endloop
  endfacet
  facet normal -0.169598 0.849465 0.499646
    outer loop
      vertex 74.2915 20.3928 16.6832
      vertex 72.1025 20.3652 15.9871
      vertex 74.2767 20.3652 16.7251
    endloop
  endfacet
  facet normal -0.169534 0.849599 0.49944
    outer loop
      vertex 72.1162 20.3928 15.9448
      vertex 72.1025 20.3652 15.9871
      vertex 74.2915 20.3928 16.6832
    endloop
  endfacet
  facet normal -0.187285 0.812676 0.5518
    outer loop
      vertex 74.2767 20.3652 16.7251
      vertex 72.0893 20.3347 16.0276
      vertex 74.2625 20.3347 16.7652
    endloop
  endfacet
  facet normal -0.187132 0.813047 0.551304
    outer loop
      vertex 72.1025 20.3652 15.9871
      vertex 72.0893 20.3347 16.0276
      vertex 74.2767 20.3652 16.7251
    endloop
  endfacet
  facet normal -0.203754 0.773455 0.60021
    outer loop
      vertex 74.2625 20.3347 16.7652
      vertex 72.0768 20.3015 16.066
      vertex 74.249 20.3015 16.8034
    endloop
  endfacet
  facet normal -0.204117 0.772439 0.601393
    outer loop
      vertex 72.0893 20.3347 16.0276
      vertex 72.0768 20.3015 16.066
      vertex 74.2625 20.3347 16.7652
    endloop
  endfacet
  facet normal -0.219787 0.729691 0.647491
    outer loop
      vertex 74.249 20.3015 16.8034
      vertex 72.065 20.2657 16.1024
      vertex 74.2362 20.2657 16.8394
    endloop
  endfacet
  facet normal -0.219627 0.730203 0.646968
    outer loop
      vertex 72.0768 20.3015 16.066
      vertex 72.065 20.2657 16.1024
      vertex 74.249 20.3015 16.8034
    endloop
  endfacet
  facet normal -0.234729 0.683169 0.691507
    outer loop
      vertex 74.2362 20.2657 16.8394
      vertex 72.054 20.2275 16.1364
      vertex 74.2243 20.2275 16.8731
    endloop
  endfacet
  facet normal -0.234744 0.683116 0.691555
    outer loop
      vertex 72.065 20.2657 16.1024
      vertex 72.054 20.2275 16.1364
      vertex 74.2362 20.2657 16.8394
    endloop
  endfacet
  facet normal -0.248554 0.634044 0.732263
    outer loop
      vertex 74.2243 20.2275 16.8731
      vertex 72.0437 20.187 16.168
      vertex 74.2132 20.187 16.9044
    endloop
  endfacet
  facet normal -0.248482 0.634351 0.732021
    outer loop
      vertex 72.054 20.2275 16.1364
      vertex 72.0437 20.187 16.168
      vertex 74.2243 20.2275 16.8731
    endloop
  endfacet
  facet normal -0.261012 0.583679 0.76889
    outer loop
      vertex 74.2132 20.187 16.9044
      vertex 72.0343 20.1445 16.197
      vertex 74.203 20.1445 16.9332
    endloop
  endfacet
  facet normal -0.261186 0.582824 0.769479
    outer loop
      vertex 72.0437 20.187 16.168
      vertex 72.0343 20.1445 16.197
      vertex 74.2132 20.187 16.9044
    endloop
  endfacet
  facet normal -0.273203 0.526766 0.804908
    outer loop
      vertex 74.203 20.1445 16.9332
      vertex 72.0257 20.1 16.2233
      vertex 74.1938 20.1 16.9592
    endloop
  endfacet
  facet normal -0.272985 0.528023 0.804159
    outer loop
      vertex 72.0343 20.1445 16.197
      vertex 72.0257 20.1 16.2233
      vertex 74.203 20.1445 16.9332
    endloop
  endfacet
  facet normal -0.283449 0.471469 0.835089
    outer loop
      vertex 74.1938 20.1 16.9592
      vertex 72.0181 20.0538 16.2468
      vertex 74.1856 20.0538 16.9825
    endloop
  endfacet
  facet normal -0.283456 0.471417 0.835116
    outer loop
      vertex 72.0257 20.1 16.2233
      vertex 72.0181 20.0538 16.2468
      vertex 74.1938 20.1 16.9592
    endloop
  endfacet
  facet normal -0.292756 0.41301 0.86239
    outer loop
      vertex 74.1856 20.0538 16.9825
      vertex 72.0115 20.0061 16.2673
      vertex 74.1784 20.0061 17.0029
    endloop
  endfacet
  facet normal -0.292946 0.411454 0.863069
    outer loop
      vertex 72.0181 20.0538 16.2468
      vertex 72.0115 20.0061 16.2673
      vertex 74.1856 20.0538 16.9825
    endloop
  endfacet
  facet normal -0.301256 0.352777 0.885885
    outer loop
      vertex 74.1784 20.0061 17.0029
      vertex 74.1375 19.9772 17.0005
      vertex 74.1745 19.9759 17.0136
    endloop
  endfacet
  facet normal -0.300868 0.352198 0.886248
    outer loop
      vertex 74.1375 19.9772 17.0005
      vertex 74.1784 20.0061 17.0029
      vertex 72.8968 19.9772 16.5793
    endloop
  endfacet
  facet normal -0.300918 0.351695 0.886431
    outer loop
      vertex 72.0115 20.0061 16.2673
      vertex 72.8968 19.9772 16.5793
      vertex 74.1784 20.0061 17.0029
    endloop
  endfacet
  facet normal -0.300773 0.352632 0.886107
    outer loop
      vertex 72.8968 19.9772 16.5793
      vertex 72.0115 20.0061 16.2673
      vertex 72.0452 19.9773 16.2902
    endloop
  endfacet
  facet normal -0.300687 0.352727 0.886099
    outer loop
      vertex 72.0452 19.9773 16.2902
      vertex 72.0115 20.0061 16.2673
      vertex 72.0079 19.9759 16.2781
    endloop
  endfacet
  facet normal -0.313026 -0.226111 0.922436
    outer loop
      vertex 74.1375 1.11652 17.0005
      vertex 74.1751 1.11179 17.0121
      vertex 74.1745 1.11874 17.0136
    endloop
  endfacet
  facet normal -0.313067 -0.227019 0.922199
    outer loop
      vertex 72.115 1.1165 16.3139
      vertex 74.1751 1.11179 17.0121
      vertex 74.1375 1.11652 17.0005
    endloop
  endfacet
  facet normal -0.313671 -0.218544 0.92404
    outer loop
      vertex 74.1751 1.11179 17.0121
      vertex 72.115 1.1165 16.3139
      vertex 72.0084 1.11179 16.2766
    endloop
  endfacet
  facet normal -0.313864 -0.21684 0.924375
    outer loop
      vertex 72.0452 1.1165 16.2902
      vertex 72.0084 1.11179 16.2766
      vertex 72.115 1.1165 16.3139
    endloop
  endfacet
  facet normal -0.312731 -0.222745 0.923355
    outer loop
      vertex 72.0084 1.11179 16.2766
      vertex 72.0452 1.1165 16.2902
      vertex 72.0079 1.11871 16.2781
    endloop
  endfacet
  facet normal -0.307559 -0.290562 0.90608
    outer loop
      vertex 74.1751 1.11179 17.0121
      vertex 72.0172 1.01785 16.2495
      vertex 74.1846 1.01785 16.9852
    endloop
  endfacet
  facet normal -0.307605 -0.29023 0.906171
    outer loop
      vertex 74.1751 1.11179 17.0121
      vertex 72.0084 1.11179 16.2766
      vertex 72.0172 1.01785 16.2495
    endloop
  endfacet
  facet normal -0.300847 -0.352152 0.886273
    outer loop
      vertex 74.1846 1.01785 16.9852
      vertex 72.0279 0.92598 16.2166
      vertex 74.1961 0.92598 16.9526
    endloop
  endfacet
  facet normal -0.300808 -0.352393 0.886191
    outer loop
      vertex 74.1846 1.01785 16.9852
      vertex 72.0172 1.01785 16.2495
      vertex 72.0279 0.92598 16.2166
    endloop
  endfacet
  facet normal -0.292867 -0.412217 0.862732
    outer loop
      vertex 74.1961 0.92598 16.9526
      vertex 72.0404 0.836578 16.1781
      vertex 74.2097 0.836578 16.9145
    endloop
  endfacet
  facet normal -0.292826 -0.41243 0.862644
    outer loop
      vertex 74.1961 0.92598 16.9526
      vertex 72.0279 0.92598 16.2166
      vertex 72.0404 0.836578 16.1781
    endloop
  endfacet
  facet normal -0.283393 -0.471825 0.834907
    outer loop
      vertex 74.2097 0.836578 16.9145
      vertex 72.0547 0.75 16.1341
      vertex 74.2251 0.75 16.8708
    endloop
  endfacet
  facet normal -0.283513 -0.471275 0.835177
    outer loop
      vertex 74.2097 0.836578 16.9145
      vertex 72.0404 0.836578 16.1781
      vertex 72.0547 0.75 16.1341
    endloop
  endfacet
  facet normal -0.273051 -0.52766 0.804375
    outer loop
      vertex 74.2251 0.75 16.8708
      vertex 72.0707 0.666656 16.0848
      vertex 74.2424 0.666656 16.822
    endloop
  endfacet
  facet normal -0.27295 -0.528068 0.804141
    outer loop
      vertex 74.2251 0.75 16.8708
      vertex 72.0547 0.75 16.1341
      vertex 72.0707 0.666656 16.0848
    endloop
  endfacet
  facet normal -0.261285 -0.582503 0.769688
    outer loop
      vertex 74.2424 0.666656 16.822
      vertex 72.0884 0.586868 16.0304
      vertex 74.2615 0.586868 16.7681
    endloop
  endfacet
  facet normal -0.261241 -0.582661 0.769584
    outer loop
      vertex 74.2424 0.666656 16.822
      vertex 72.0707 0.666656 16.0848
      vertex 72.0884 0.586868 16.0304
    endloop
  endfacet
  facet normal -0.248489 -0.634369 0.732003
    outer loop
      vertex 74.2615 0.586868 16.7681
      vertex 72.1077 0.510986 15.9712
      vertex 74.2823 0.510986 16.7094
    endloop
  endfacet
  facet normal -0.248506 -0.634316 0.732044
    outer loop
      vertex 74.2615 0.586868 16.7681
      vertex 72.0884 0.586868 16.0304
      vertex 72.1077 0.510986 15.9712
    endloop
  endfacet
  facet normal -0.234522 -0.683824 0.69093
    outer loop
      vertex 74.2823 0.510986 16.7094
      vertex 72.1284 0.439346 15.9074
      vertex 74.3047 0.439346 16.6461
    endloop
  endfacet
  facet normal -0.234663 -0.683428 0.691274
    outer loop
      vertex 74.2823 0.510986 16.7094
      vertex 72.1077 0.510986 15.9712
      vertex 72.1284 0.439346 15.9074
    endloop
  endfacet
  facet normal -0.219799 -0.729701 0.647476
    outer loop
      vertex 74.3047 0.439346 16.6461
      vertex 72.1505 0.372253 15.8392
      vertex 74.3286 0.372253 16.5786
    endloop
  endfacet
  facet normal -0.219637 -0.730102 0.647078
    outer loop
      vertex 74.3047 0.439346 16.6461
      vertex 72.1284 0.439346 15.9074
      vertex 72.1505 0.372253 15.8392
    endloop
  endfacet
  facet normal -0.203988 -0.772848 0.600911
    outer loop
      vertex 74.3286 0.372253 16.5786
      vertex 72.174 0.309982 15.7671
      vertex 74.3539 0.309982 16.5071
    endloop
  endfacet
  facet normal -0.204008 -0.772806 0.60096
    outer loop
      vertex 74.3286 0.372253 16.5786
      vertex 72.1505 0.372253 15.8392
      vertex 72.174 0.309982 15.7671
    endloop
  endfacet
  facet normal -0.187225 -0.812865 0.55154
    outer loop
      vertex 74.3539 0.309982 16.5071
      vertex 72.1986 0.252808 15.6912
      vertex 74.3806 0.252808 16.4319
    endloop
  endfacet
  facet normal -0.187247 -0.812823 0.551595
    outer loop
      vertex 74.3539 0.309982 16.5071
      vertex 72.174 0.309982 15.7671
      vertex 72.1986 0.252808 15.6912
    endloop
  endfacet
  facet normal -0.169735 -0.849227 0.500003
    outer loop
      vertex 74.3806 0.252808 16.4319
      vertex 72.2244 0.200974 15.6119
      vertex 74.4084 0.200974 16.3533
    endloop
  endfacet
  facet normal -0.169702 -0.849284 0.499918
    outer loop
      vertex 74.3806 0.252808 16.4319
      vertex 72.1986 0.252808 15.6912
      vertex 72.2244 0.200974 15.6119
    endloop
  endfacet
  facet normal -0.151556 -0.881865 0.44648
    outer loop
      vertex 74.4084 0.200974 16.3533
      vertex 72.2511 0.154694 15.5296
      vertex 74.4373 0.154694 16.2717
    endloop
  endfacet
  facet normal -0.151625 -0.881765 0.446655
    outer loop
      vertex 74.4084 0.200974 16.3533
      vertex 72.2244 0.200974 15.6119
      vertex 72.2511 0.154694 15.5296
    endloop
  endfacet
  facet normal -0.132664 -0.910852 0.390831
    outer loop
      vertex 74.4373 0.154694 16.2717
      vertex 72.2788 0.114182 15.4446
      vertex 74.4671 0.114182 16.1874
    endloop
  endfacet
  facet normal -0.132681 -0.910831 0.390874
    outer loop
      vertex 74.4373 0.154694 16.2717
      vertex 72.2511 0.154694 15.5296
      vertex 72.2788 0.114182 15.4446
    endloop
  endfacet
  facet normal -0.113222 -0.935911 0.333545
    outer loop
      vertex 74.4671 0.114182 16.1874
      vertex 72.3072 0.0796051 15.3572
      vertex 74.4978 0.0796051 16.1008
    endloop
  endfacet
  facet normal -0.1132 -0.935934 0.333488
    outer loop
      vertex 74.4671 0.114182 16.1874
      vertex 72.2788 0.114182 15.4446
      vertex 72.3072 0.0796051 15.3572
    endloop
  endfacet
  facet normal -0.0933544 -0.956899 0.275009
    outer loop
      vertex 74.4978 0.0796051 16.1008
      vertex 72.3362 0.0511169 15.2679
      vertex 74.5291 0.0511169 16.0123
    endloop
  endfacet
  facet normal -0.0933357 -0.956914 0.274961
    outer loop
      vertex 74.4978 0.0796051 16.1008
      vertex 72.3072 0.0796051 15.3572
      vertex 72.3362 0.0511169 15.2679
    endloop
  endfacet
  facet normal -0.0730003 -0.973874 0.215034
    outer loop
      vertex 74.5291 0.0511169 16.0123
      vertex 72.3657 0.0288239 15.1769
      vertex 74.5611 0.0288239 15.9222
    endloop
  endfacet
  facet normal -0.0729606 -0.9739 0.214932
    outer loop
      vertex 74.5291 0.0511169 16.0123
      vertex 72.3362 0.0511169 15.2679
      vertex 72.3657 0.0288239 15.1769
    endloop
  endfacet
  facet normal -0.0523282 -0.986663 0.154137
    outer loop
      vertex 74.5611 0.0288239 15.9222
      vertex 72.3957 0.0128479 15.0848
      vertex 74.5934 0.0128479 15.8309
    endloop
  endfacet
  facet normal -0.0523175 -0.986668 0.154109
    outer loop
      vertex 74.5611 0.0288239 15.9222
      vertex 72.3657 0.0288239 15.1769
      vertex 72.3957 0.0128479 15.0848
    endloop
  endfacet
  facet normal -0.0315291 -0.995178 0.0928776
    outer loop
      vertex 74.5934 0.0128479 15.8309
      vertex 72.4258 0.0032196 14.9919
      vertex 74.626 0.0032196 15.7388
    endloop
  endfacet
  facet normal -0.0315457 -0.995174 0.0929204
    outer loop
      vertex 74.5934 0.0128479 15.8309
      vertex 72.3957 0.0128479 15.0848
      vertex 72.4258 0.0032196 14.9919
    endloop
  endfacet
  facet normal -0.0105486 -0.999461 0.0310732
    outer loop
      vertex 74.626 0.0032196 15.7388
      vertex 72.4664 1.52588e-05 14.9026
      vertex 74.6586 1.52588e-05 15.6468
    endloop
  endfacet
  facet normal -0.0105468 -0.999462 0.0310685
    outer loop
      vertex 72.4258 0.0032196 14.9919
      vertex 72.4664 1.52588e-05 14.9026
      vertex 74.626 0.0032196 15.7388
    endloop
  endfacet
  facet normal -0.0104678 -0.999461 0.0311044
    outer loop
      vertex 72.4664 1.52588e-05 14.9026
      vertex 72.4258 0.0032196 14.9919
      vertex 72.456 1.52588e-05 14.8991
    endloop
  endfacet
  facet normal -0.00964488 0.999471 0.0310627
    outer loop
      vertex 72.2398 20.5 15.5644
      vertex 70.0211 20.4983 14.9302
      vertex 72.2237 20.4983 15.6141
    endloop
  endfacet
  facet normal -0.00962918 0.999473 0.0310078
    outer loop
      vertex 70.0359 20.5 14.88
      vertex 70.0211 20.4983 14.9302
      vertex 72.2398 20.5 15.5644
    endloop
  endfacet
  facet normal -0.0288654 0.995251 0.0929647
    outer loop
      vertex 72.2237 20.4983 15.6141
      vertex 70.0063 20.4932 14.9802
      vertex 72.2076 20.4932 15.6637
    endloop
  endfacet
  facet normal -0.0288671 0.99525 0.0929709
    outer loop
      vertex 70.0211 20.4983 14.9302
      vertex 70.0063 20.4932 14.9802
      vertex 72.2237 20.4983 15.6141
    endloop
  endfacet
  facet normal -0.0487168 0.986413 0.156898
    outer loop
      vertex 72.2076 20.4932 15.6637
      vertex 69.9916 20.4846 15.0297
      vertex 72.1916 20.4846 15.7128
    endloop
  endfacet
  facet normal -0.0487197 0.986411 0.156908
    outer loop
      vertex 70.0063 20.4932 14.9802
      vertex 69.9916 20.4846 15.0297
      vertex 72.2076 20.4932 15.6637
    endloop
  endfacet
  facet normal -0.0674113 0.973816 0.217114
    outer loop
      vertex 72.1916 20.4846 15.7128
      vertex 69.9771 20.4727 15.0786
      vertex 72.1759 20.4727 15.7613
    endloop
  endfacet
  facet normal -0.067381 0.973842 0.217008
    outer loop
      vertex 69.9916 20.4846 15.0297
      vertex 69.9771 20.4727 15.0786
      vertex 72.1916 20.4846 15.7128
    endloop
  endfacet
  facet normal -0.0856397 0.957386 0.275822
    outer loop
      vertex 72.1759 20.4727 15.7613
      vertex 69.9629 20.4576 15.1266
      vertex 72.1604 20.4576 15.8089
    endloop
  endfacet
  facet normal -0.0856447 0.957381 0.275839
    outer loop
      vertex 69.9771 20.4727 15.0786
      vertex 69.9629 20.4576 15.1266
      vertex 72.1759 20.4727 15.7613
    endloop
  endfacet
  facet normal -0.104716 0.935569 0.337261
    outer loop
      vertex 72.1604 20.4576 15.8089
      vertex 69.949 20.4391 15.1736
      vertex 72.1452 20.4391 15.8555
    endloop
  endfacet
  facet normal -0.104722 0.935561 0.337282
    outer loop
      vertex 69.9629 20.4576 15.1266
      vertex 69.949 20.4391 15.1736
      vertex 72.1604 20.4576 15.8089
    endloop
  endfacet
  facet normal -0.122295 0.91101 0.393834
    outer loop
      vertex 72.1452 20.4391 15.8555
      vertex 69.9355 20.4175 15.2193
      vertex 72.1305 20.4175 15.9009
    endloop
  endfacet
  facet normal -0.122431 0.910784 0.394313
    outer loop
      vertex 69.949 20.4391 15.1736
      vertex 69.9355 20.4175 15.2193
      vertex 72.1452 20.4391 15.8555
    endloop
  endfacet
  facet normal -0.139889 0.881732 0.450532
    outer loop
      vertex 72.1305 20.4175 15.9009
      vertex 69.9223 20.3928 15.2636
      vertex 72.1162 20.3928 15.9448
    endloop
  endfacet
  facet normal -0.139769 0.881969 0.450106
    outer loop
      vertex 69.9355 20.4175 15.2193
      vertex 69.9223 20.3928 15.2636
      vertex 72.1305 20.4175 15.9009
    endloop
  endfacet
  facet normal -0.156406 0.849605 0.503696
    outer loop
      vertex 72.1162 20.3928 15.9448
      vertex 69.9097 20.3652 15.3062
      vertex 72.1025 20.3652 15.9871
    endloop
  endfacet
  facet normal -0.156498 0.849393 0.504023
    outer loop
      vertex 69.9223 20.3928 15.2636
      vertex 69.9097 20.3652 15.3062
      vertex 72.1162 20.3928 15.9448
    endloop
  endfacet
  facet normal -0.172662 0.813041 0.556015
    outer loop
      vertex 72.1025 20.3652 15.9871
      vertex 69.8976 20.3347 15.347
      vertex 72.0893 20.3347 16.0276
    endloop
  endfacet
  facet normal -0.172759 0.812784 0.556361
    outer loop
      vertex 69.9097 20.3652 15.3062
      vertex 69.8976 20.3347 15.347
      vertex 72.1025 20.3652 15.9871
    endloop
  endfacet
  facet normal -0.188324 0.772434 0.60653
    outer loop
      vertex 72.0893 20.3347 16.0276
      vertex 69.8861 20.3015 15.3858
      vertex 72.0768 20.3015 16.066
    endloop
  endfacet
  facet normal -0.188109 0.773093 0.605758
    outer loop
      vertex 69.8976 20.3347 15.347
      vertex 69.8861 20.3015 15.3858
      vertex 72.0893 20.3347 16.0276
    endloop
  endfacet
  facet normal -0.202626 0.730209 0.652486
    outer loop
      vertex 72.0768 20.3015 16.066
      vertex 69.8753 20.2657 15.4224
      vertex 72.065 20.2657 16.1024
    endloop
  endfacet
  facet normal -0.202894 0.729266 0.653456
    outer loop
      vertex 69.8861 20.3015 15.3858
      vertex 69.8753 20.2657 15.4224
      vertex 72.0768 20.3015 16.066
    endloop
  endfacet
  facet normal -0.216572 0.683128 0.697447
    outer loop
      vertex 72.065 20.2657 16.1024
      vertex 69.8651 20.2275 15.4567
      vertex 72.054 20.2275 16.1364
    endloop
  endfacet
  facet normal -0.216448 0.68363 0.696994
    outer loop
      vertex 69.8753 20.2657 15.4224
      vertex 69.8651 20.2275 15.4567
      vertex 72.065 20.2657 16.1024
    endloop
  endfacet
  facet normal -0.229245 0.634342 0.73828
    outer loop
      vertex 72.054 20.2275 16.1364
      vertex 69.8557 20.187 15.4886
      vertex 72.0437 20.187 16.168
    endloop
  endfacet
  facet normal -0.229197 0.634566 0.738102
    outer loop
      vertex 69.8651 20.2275 15.4567
      vertex 69.8557 20.187 15.4886
      vertex 72.054 20.2275 16.1364
    endloop
  endfacet
  facet normal -0.240976 0.582831 0.77604
    outer loop
      vertex 72.0437 20.187 16.168
      vertex 69.847 20.1445 15.5178
      vertex 72.0343 20.1445 16.197
    endloop
  endfacet
  facet normal -0.241015 0.582622 0.776185
    outer loop
      vertex 69.8557 20.187 15.4886
      vertex 69.847 20.1445 15.5178
      vertex 72.0437 20.187 16.168
    endloop
  endfacet
  facet normal -0.25186 0.528005 0.811035
    outer loop
      vertex 72.0343 20.1445 16.197
      vertex 69.8392 20.1 15.5443
      vertex 72.0257 20.1 16.2233
    endloop
  endfacet
  facet normal -0.251961 0.527368 0.811418
    outer loop
      vertex 69.847 20.1445 15.5178
      vertex 69.8392 20.1 15.5443
      vertex 72.0343 20.1445 16.197
    endloop
  endfacet
  facet normal -0.261542 0.471431 0.842229
    outer loop
      vertex 72.0257 20.1 16.2233
      vertex 69.8322 20.0538 15.568
      vertex 72.0181 20.0538 16.2468
    endloop
  endfacet
  facet normal -0.261516 0.471624 0.842128
    outer loop
      vertex 69.8392 20.1 15.5443
      vertex 69.8322 20.0538 15.568
      vertex 72.0257 20.1 16.2233
    endloop
  endfacet
  facet normal -0.270268 0.411478 0.870426
    outer loop
      vertex 72.0181 20.0538 16.2468
      vertex 69.826 20.0061 15.5887
      vertex 72.0115 20.0061 16.2673
    endloop
  endfacet
  facet normal -0.270142 0.412626 0.869921
    outer loop
      vertex 69.8322 20.0538 15.568
      vertex 69.826 20.0061 15.5887
      vertex 72.0181 20.0538 16.2468
    endloop
  endfacet
  facet normal -0.276924 0.352661 0.893836
    outer loop
      vertex 72.0115 20.0061 16.2673
      vertex 71.9705 19.9772 16.266
      vertex 72.0079 19.9759 16.2781
    endloop
  endfacet
  facet normal -0.277401 0.353356 0.893414
    outer loop
      vertex 71.9705 19.9772 16.266
      vertex 72.0115 20.0061 16.2673
      vertex 70.7194 19.9773 15.8775
    endloop
  endfacet
  facet normal -0.277382 0.353563 0.893338
    outer loop
      vertex 69.826 20.0061 15.5887
      vertex 70.7194 19.9773 15.8775
      vertex 72.0115 20.0061 16.2673
    endloop
  endfacet
  facet normal -0.277398 0.353454 0.893376
    outer loop
      vertex 70.7194 19.9773 15.8775
      vertex 69.826 20.0061 15.5887
      vertex 69.8608 19.9773 15.6109
    endloop
  endfacet
  facet normal -0.27868 0.352031 0.893539
    outer loop
      vertex 69.8608 19.9773 15.6109
      vertex 69.826 20.0061 15.5887
      vertex 69.8228 19.9759 15.5996
    endloop
  endfacet
  facet normal -0.288261 -0.222698 0.931295
    outer loop
      vertex 71.9705 1.11652 16.266
      vertex 72.0084 1.11179 16.2766
      vertex 72.0079 1.11871 16.2781
    endloop
  endfacet
  facet normal -0.288625 -0.229665 0.929489
    outer loop
      vertex 69.9304 1.11649 15.6325
      vertex 72.0084 1.11179 16.2766
      vertex 71.9705 1.11652 16.266
    endloop
  endfacet
  facet normal -0.288842 -0.226448 0.930211
    outer loop
      vertex 72.0084 1.11179 16.2766
      vertex 69.9304 1.11649 15.6325
      vertex 69.8233 1.11179 15.5981
    endloop
  endfacet
  facet normal -0.288466 -0.229818 0.929501
    outer loop
      vertex 69.8608 1.11649 15.6109
      vertex 69.8233 1.11179 15.5981
      vertex 69.9304 1.11649 15.6325
    endloop
  endfacet
  facet normal -0.289633 -0.223627 0.930647
    outer loop
      vertex 69.8233 1.11179 15.5981
      vertex 69.8608 1.11649 15.6109
      vertex 69.8228 1.11868 15.5996
    endloop
  endfacet
  facet normal -0.283762 -0.290231 0.913917
    outer loop
      vertex 72.0084 1.11179 16.2766
      vertex 69.8313 1.01785 15.5708
      vertex 72.0172 1.01785 16.2495
    endloop
  endfacet
  facet normal -0.283819 -0.289799 0.914037
    outer loop
      vertex 72.0084 1.11179 16.2766
      vertex 69.8233 1.11179 15.5981
      vertex 69.8313 1.01785 15.5708
    endloop
  endfacet
  facet normal -0.277524 -0.35239 0.893757
    outer loop
      vertex 72.0172 1.01785 16.2495
      vertex 69.8412 0.92598 15.5376
      vertex 72.0279 0.92598 16.2166
    endloop
  endfacet
  facet normal -0.277455 -0.35283 0.893605
    outer loop
      vertex 72.0172 1.01785 16.2495
      vertex 69.8313 1.01785 15.5708
      vertex 69.8412 0.92598 15.5376
    endloop
  endfacet
  facet normal -0.270146 -0.412432 0.870012
    outer loop
      vertex 72.0279 0.92598 16.2166
      vertex 69.8527 0.836578 15.4988
      vertex 72.0404 0.836578 16.1781
    endloop
  endfacet
  facet normal -0.270161 -0.412348 0.870047
    outer loop
      vertex 72.0279 0.92598 16.2166
      vertex 69.8412 0.92598 15.5376
      vertex 69.8527 0.836578 15.4988
    endloop
  endfacet
  facet normal -0.261556 -0.471274 0.842312
    outer loop
      vertex 72.0404 0.836578 16.1781
      vertex 69.8658 0.75 15.4544
      vertex 72.0547 0.75 16.1341
    endloop
  endfacet
  facet normal -0.261513 -0.471481 0.842209
    outer loop
      vertex 72.0404 0.836578 16.1781
      vertex 69.8527 0.836578 15.4988
      vertex 69.8658 0.75 15.4544
    endloop
  endfacet
  facet normal -0.251831 -0.528072 0.811
    outer loop
      vertex 72.0547 0.75 16.1341
      vertex 69.8805 0.666656 15.4047
      vertex 72.0707 0.666656 16.0848
    endloop
  endfacet
  facet normal -0.251837 -0.528046 0.811015
    outer loop
      vertex 72.0547 0.75 16.1341
      vertex 69.8658 0.75 15.4544
      vertex 69.8805 0.666656 15.4047
    endloop
  endfacet
  facet normal -0.241002 -0.582657 0.776163
    outer loop
      vertex 72.0707 0.666656 16.0848
      vertex 69.8968 0.586868 15.3499
      vertex 72.0884 0.586868 16.0304
    endloop
  endfacet
  facet normal -0.24106 -0.582434 0.776313
    outer loop
      vertex 72.0707 0.666656 16.0848
      vertex 69.8805 0.666656 15.4047
      vertex 69.8968 0.586868 15.3499
    endloop
  endfacet
  facet normal -0.229249 -0.634306 0.738309
    outer loop
      vertex 72.0884 0.586868 16.0304
      vertex 69.9145 0.510986 15.2902
      vertex 72.1077 0.510986 15.9712
    endloop
  endfacet
  facet normal -0.229243 -0.634325 0.738295
    outer loop
      vertex 72.0884 0.586868 16.0304
      vertex 69.8968 0.586868 15.3499
      vertex 69.9145 0.510986 15.2902
    endloop
  endfacet
  facet normal -0.21647 -0.683432 0.697181
    outer loop
      vertex 72.1077 0.510986 15.9712
      vertex 69.9335 0.439346 15.2259
      vertex 72.1284 0.439346 15.9074
    endloop
  endfacet
  facet normal -0.216518 -0.683288 0.697308
    outer loop
      vertex 72.1077 0.510986 15.9712
      vertex 69.9145 0.510986 15.2902
      vertex 69.9335 0.439346 15.2259
    endloop
  endfacet
  facet normal -0.202619 -0.730109 0.6526
    outer loop
      vertex 72.1284 0.439346 15.9074
      vertex 69.9539 0.372253 15.1572
      vertex 72.1505 0.372253 15.8392
    endloop
  endfacet
  facet normal -0.202667 -0.729982 0.652726
    outer loop
      vertex 72.1284 0.439346 15.9074
      vertex 69.9335 0.439346 15.2259
      vertex 69.9539 0.372253 15.1572
    endloop
  endfacet
  facet normal -0.188205 -0.772798 0.606104
    outer loop
      vertex 72.1505 0.372253 15.8392
      vertex 69.9754 0.309982 15.0844
      vertex 72.174 0.309982 15.7671
    endloop
  endfacet
  facet normal -0.188073 -0.773108 0.60575
    outer loop
      vertex 72.1505 0.372253 15.8392
      vertex 69.9539 0.372253 15.1572
      vertex 69.9754 0.309982 15.0844
    endloop
  endfacet
  facet normal -0.172743 -0.812828 0.5563
    outer loop
      vertex 72.174 0.309982 15.7671
      vertex 69.9981 0.252808 15.0079
      vertex 72.1986 0.252808 15.6912
    endloop
  endfacet
  facet normal -0.172727 -0.812862 0.556257
    outer loop
      vertex 72.174 0.309982 15.7671
      vertex 69.9754 0.309982 15.0844
      vertex 69.9981 0.252808 15.0079
    endloop
  endfacet
  facet normal -0.156551 -0.849282 0.504195
    outer loop
      vertex 72.1986 0.252808 15.6912
      vertex 70.0218 0.200974 14.928
      vertex 72.2244 0.200974 15.6119
    endloop
  endfacet
  facet normal -0.156629 -0.84914 0.504408
    outer loop
      vertex 72.1986 0.252808 15.6912
      vertex 69.9981 0.252808 15.0079
      vertex 70.0218 0.200974 14.928
    endloop
  endfacet
  facet normal -0.139873 -0.881767 0.450469
    outer loop
      vertex 72.2244 0.200974 15.6119
      vertex 70.0463 0.154694 14.845
      vertex 72.2511 0.154694 15.5296
    endloop
  endfacet
  facet normal -0.139849 -0.881804 0.450405
    outer loop
      vertex 72.2244 0.200974 15.6119
      vertex 70.0218 0.200974 14.928
      vertex 70.0463 0.154694 14.845
    endloop
  endfacet
  facet normal -0.122405 -0.910827 0.394221
    outer loop
      vertex 72.2511 0.154694 15.5296
      vertex 70.0717 0.114182 14.7593
      vertex 72.2788 0.114182 15.4446
    endloop
  endfacet
  facet normal -0.122423 -0.910804 0.39427
    outer loop
      vertex 72.2511 0.154694 15.5296
      vertex 70.0463 0.154694 14.845
      vertex 70.0717 0.114182 14.7593
    endloop
  endfacet
  facet normal -0.10443 -0.935934 0.336337
    outer loop
      vertex 72.2788 0.114182 15.4446
      vertex 70.0978 0.0796051 14.6712
      vertex 72.3072 0.0796051 15.3572
    endloop
  endfacet
  facet normal -0.104445 -0.935917 0.33638
    outer loop
      vertex 72.2788 0.114182 15.4446
      vertex 70.0717 0.114182 14.7593
      vertex 70.0978 0.0796051 14.6712
    endloop
  endfacet
  facet normal -0.0861123 -0.956915 0.277307
    outer loop
      vertex 72.3072 0.0796051 15.3572
      vertex 70.1245 0.0511169 14.5811
      vertex 72.3362 0.0511169 15.2679
    endloop
  endfacet
  facet normal -0.0860337 -0.956985 0.277089
    outer loop
      vertex 72.3072 0.0796051 15.3572
      vertex 70.0978 0.0796051 14.6712
      vertex 70.1245 0.0511169 14.5811
    endloop
  endfacet
  facet normal -0.0672987 -0.973901 0.216768
    outer loop
      vertex 72.3362 0.0511169 15.2679
      vertex 70.1516 0.0288239 14.4895
      vertex 72.3657 0.0288239 15.1769
    endloop
  endfacet
  facet normal -0.0674044 -0.973828 0.217062
    outer loop
      vertex 72.3362 0.0511169 15.2679
      vertex 70.1245 0.0511169 14.5811
      vertex 70.1516 0.0288239 14.4895
    endloop
  endfacet
  facet normal -0.0482597 -0.986667 0.155431
    outer loop
      vertex 72.3657 0.0288239 15.1769
      vertex 70.1792 0.0128479 14.3966
      vertex 72.3957 0.0128479 15.0848
    endloop
  endfacet
  facet normal -0.0482308 -0.986681 0.15535
    outer loop
      vertex 72.3657 0.0288239 15.1769
      vertex 70.1516 0.0288239 14.4895
      vertex 70.1792 0.0128479 14.3966
    endloop
  endfacet
  facet normal -0.0290992 -0.995174 0.0937131
    outer loop
      vertex 72.3957 0.0128479 15.0848
      vertex 70.2069 0.0032196 14.3029
      vertex 72.4258 0.0032196 14.9919
    endloop
  endfacet
  facet normal -0.0290817 -0.995179 0.093664
    outer loop
      vertex 72.3957 0.0128479 15.0848
      vertex 70.1792 0.0128479 14.3966
      vertex 70.2069 0.0032196 14.3029
    endloop
  endfacet
  facet normal -0.00973244 -0.999461 0.0313437
    outer loop
      vertex 72.4258 0.0032196 14.9919
      vertex 70.2451 1.52588e-05 14.2126
      vertex 72.456 1.52588e-05 14.8991
    endloop
  endfacet
  facet normal -0.00973416 -0.999461 0.0313485
    outer loop
      vertex 70.2069 0.0032196 14.3029
      vertex 70.2451 1.52588e-05 14.2126
      vertex 72.4258 0.0032196 14.9919
    endloop
  endfacet
  facet normal -0.00983852 -0.999461 0.0313044
    outer loop
      vertex 70.2451 1.52588e-05 14.2126
      vertex 70.2069 0.0032196 14.3029
      vertex 70.2346 1.52588e-05 14.2093
    endloop
  endfacet
  facet normal -0.00881271 0.999473 0.0312485
    outer loop
      vertex 70.0359 20.5 14.88
      vertex 67.8014 20.4983 14.3042
      vertex 70.0211 20.4983 14.9302
    endloop
  endfacet
  facet normal -0.00880775 0.999473 0.0312293
    outer loop
      vertex 67.8149 20.5 14.2536
      vertex 67.8014 20.4983 14.3042
      vertex 70.0359 20.5 14.88
    endloop
  endfacet
  facet normal -0.0264262 0.99525 0.0936934
    outer loop
      vertex 70.0211 20.4983 14.9302
      vertex 67.7879 20.4932 14.3545
      vertex 70.0063 20.4932 14.9802
    endloop
  endfacet
  facet normal -0.0264559 0.995239 0.0938084
    outer loop
      vertex 67.8014 20.4983 14.3042
      vertex 67.7879 20.4932 14.3545
      vertex 70.0211 20.4983 14.9302
    endloop
  endfacet
  facet normal -0.0445987 0.98641 0.158132
    outer loop
      vertex 70.0063 20.4932 14.9802
      vertex 67.7745 20.4846 14.4044
      vertex 69.9916 20.4846 15.0297
    endloop
  endfacet
  facet normal -0.044574 0.986427 0.158036
    outer loop
      vertex 67.7879 20.4932 14.3545
      vertex 67.7745 20.4846 14.4044
      vertex 70.0063 20.4932 14.9802
    endloop
  endfacet
  facet normal -0.0616866 0.973841 0.218696
    outer loop
      vertex 69.9916 20.4846 15.0297
      vertex 67.7613 20.4727 14.4536
      vertex 69.9771 20.4727 15.0786
    endloop
  endfacet
  facet normal -0.0617542 0.973778 0.218959
    outer loop
      vertex 67.7745 20.4846 14.4044
      vertex 67.7613 20.4727 14.4536
      vertex 69.9916 20.4846 15.0297
    endloop
  endfacet
  facet normal -0.0784014 0.957381 0.277982
    outer loop
      vertex 69.9771 20.4727 15.0786
      vertex 67.7483 20.4576 14.502
      vertex 69.9629 20.4576 15.1266
    endloop
  endfacet
  facet normal -0.0783236 0.957476 0.277679
    outer loop
      vertex 67.7613 20.4727 14.4536
      vertex 67.7483 20.4576 14.502
      vertex 69.9771 20.4727 15.0786
    endloop
  endfacet
  facet normal -0.0958603 0.935562 0.339903
    outer loop
      vertex 69.9629 20.4576 15.1266
      vertex 67.7357 20.4391 14.5494
      vertex 69.949 20.4391 15.1736
    endloop
  endfacet
  facet normal -0.0958101 0.935639 0.339707
    outer loop
      vertex 67.7483 20.4576 14.502
      vertex 67.7357 20.4391 14.5494
      vertex 69.9629 20.4576 15.1266
    endloop
  endfacet
  facet normal -0.112071 0.910787 0.397375
    outer loop
      vertex 69.949 20.4391 15.1736
      vertex 67.7233 20.4175 14.5954
      vertex 69.9355 20.4175 15.2193
    endloop
  endfacet
  facet normal -0.112088 0.910755 0.397444
    outer loop
      vertex 67.7357 20.4391 14.5494
      vertex 67.7233 20.4175 14.5954
      vertex 69.949 20.4391 15.1736
    endloop
  endfacet
  facet normal -0.127948 0.881961 0.453624
    outer loop
      vertex 69.9355 20.4175 15.2193
      vertex 67.7114 20.3928 14.64
      vertex 69.9223 20.3928 15.2636
    endloop
  endfacet
  facet normal -0.128073 0.881689 0.454117
    outer loop
      vertex 67.7233 20.4175 14.5954
      vertex 67.7114 20.3928 14.64
      vertex 69.9355 20.4175 15.2193
    endloop
  endfacet
  facet normal -0.143248 0.849396 0.507944
    outer loop
      vertex 69.9223 20.3928 15.2636
      vertex 67.6999 20.3652 14.683
      vertex 69.9097 20.3652 15.3062
    endloop
  endfacet
  facet normal -0.143067 0.849855 0.507226
    outer loop
      vertex 67.7114 20.3928 14.64
      vertex 67.6999 20.3652 14.683
      vertex 69.9223 20.3928 15.2636
    endloop
  endfacet
  facet normal -0.158129 0.812781 0.560698
    outer loop
      vertex 69.9097 20.3652 15.3062
      vertex 67.6889 20.3347 14.7241
      vertex 69.8976 20.3347 15.347
    endloop
  endfacet
  facet normal -0.15815 0.812717 0.560784
    outer loop
      vertex 67.6999 20.3652 14.683
      vertex 67.6889 20.3347 14.7241
      vertex 69.9097 20.3652 15.3062
    endloop
  endfacet
  facet normal -0.172164 0.773091 0.610483
    outer loop
      vertex 69.8976 20.3347 15.347
      vertex 67.6784 20.3015 14.7632
      vertex 69.8861 20.3015 15.3858
    endloop
  endfacet
  facet normal -0.172125 0.773224 0.610326
    outer loop
      vertex 67.6889 20.3347 14.7241
      vertex 67.6784 20.3015 14.7632
      vertex 69.8976 20.3347 15.347
    endloop
  endfacet
  facet normal -0.185702 0.729276 0.658538
    outer loop
      vertex 69.8861 20.3015 15.3858
      vertex 67.6685 20.2657 14.8001
      vertex 69.8753 20.2657 15.4224
    endloop
  endfacet
  facet normal -0.1856 0.729673 0.658126
    outer loop
      vertex 67.6784 20.3015 14.7632
      vertex 67.6685 20.2657 14.8001
      vertex 69.8861 20.3015 15.3858
    endloop
  endfacet
  facet normal -0.198099 0.68362 0.702439
    outer loop
      vertex 69.8753 20.2657 15.4224
      vertex 67.6592 20.2275 14.8346
      vertex 69.8651 20.2275 15.4567
    endloop
  endfacet
  facet normal -0.198218 0.683092 0.702919
    outer loop
      vertex 67.6685 20.2657 14.8001
      vertex 67.6592 20.2275 14.8346
      vertex 69.8753 20.2657 15.4224
    endloop
  endfacet
  facet normal -0.209784 0.63458 0.743841
    outer loop
      vertex 69.8651 20.2275 15.4567
      vertex 67.6506 20.187 14.8667
      vertex 69.8557 20.187 15.4886
    endloop
  endfacet
  facet normal -0.209839 0.634299 0.744065
    outer loop
      vertex 67.6592 20.2275 14.8346
      vertex 67.6506 20.187 14.8667
      vertex 69.8651 20.2275 15.4567
    endloop
  endfacet
  facet normal -0.220589 0.582606 0.782247
    outer loop
      vertex 69.8557 20.187 15.4886
      vertex 67.6427 20.1445 14.8962
      vertex 69.847 20.1445 15.5178
    endloop
  endfacet
  facet normal -0.220438 0.583509 0.781616
    outer loop
      vertex 67.6506 20.187 14.8667
      vertex 67.6427 20.1445 14.8962
      vertex 69.8557 20.187 15.4886
    endloop
  endfacet
  facet normal -0.230596 0.527385 0.817735
    outer loop
      vertex 69.847 20.1445 15.5178
      vertex 67.6356 20.1 14.9229
      vertex 69.8392 20.1 15.5443
    endloop
  endfacet
  facet normal -0.230591 0.527419 0.817714
    outer loop
      vertex 67.6427 20.1445 14.8962
      vertex 67.6356 20.1 14.9229
      vertex 69.847 20.1445 15.5178
    endloop
  endfacet
  facet normal -0.239351 0.471632 0.84869
    outer loop
      vertex 69.8392 20.1 15.5443
      vertex 67.6292 20.0538 14.9467
      vertex 69.8322 20.0538 15.568
    endloop
  endfacet
  facet normal -0.23947 0.470643 0.849205
    outer loop
      vertex 67.6356 20.1 14.9229
      vertex 67.6292 20.0538 14.9467
      vertex 69.8392 20.1 15.5443
    endloop
  endfacet
  facet normal -0.247243 0.412599 0.876717
    outer loop
      vertex 69.8322 20.0538 15.568
      vertex 67.6236 20.0061 14.9676
      vertex 69.826 20.0061 15.5887
    endloop
  endfacet
  facet normal -0.247197 0.413068 0.876509
    outer loop
      vertex 67.6292 20.0538 14.9467
      vertex 67.6236 20.0061 14.9676
      vertex 69.8322 20.0538 15.568
    endloop
  endfacet
  facet normal -0.252573 0.352051 0.901258
    outer loop
      vertex 69.826 20.0061 15.5887
      vertex 69.7855 19.9773 15.5886
      vertex 69.8228 19.9759 15.5996
    endloop
  endfacet
  facet normal -0.253869 0.353878 0.900178
    outer loop
      vertex 69.7855 19.9773 15.5886
      vertex 69.826 20.0061 15.5887
      vertex 68.5246 19.9773 15.233
    endloop
  endfacet
  facet normal -0.253898 0.353514 0.900313
    outer loop
      vertex 67.6236 20.0061 14.9676
      vertex 68.5246 19.9773 15.233
      vertex 69.826 20.0061 15.5887
    endloop
  endfacet
  facet normal -0.254155 0.351626 0.90098
    outer loop
      vertex 68.5246 19.9773 15.233
      vertex 67.6236 20.0061 14.9676
      vertex 67.6582 19.9773 14.9886
    endloop
  endfacet
  facet normal -0.25339 0.352463 0.900868
    outer loop
      vertex 67.6582 19.9773 14.9886
      vertex 67.6236 20.0061 14.9676
      vertex 67.6207 19.9759 14.9786
    endloop
  endfacet
  facet normal -0.26351 -0.223424 0.938426
    outer loop
      vertex 69.7855 1.11647 15.5886
      vertex 69.8233 1.11179 15.5981
      vertex 69.8228 1.11868 15.5996
    endloop
  endfacet
  facet normal -0.264028 -0.232273 0.936129
    outer loop
      vertex 67.7294 1.1165 15.0087
      vertex 69.8233 1.11179 15.5981
      vertex 69.7855 1.11647 15.5886
    endloop
  endfacet
  facet normal -0.264182 -0.229796 0.936697
    outer loop
      vertex 69.8233 1.11179 15.5981
      vertex 67.7294 1.1165 15.0087
      vertex 67.6211 1.11179 14.977
    endloop
  endfacet
  facet normal -0.264761 -0.224319 0.937861
    outer loop
      vertex 67.6582 1.1165 14.9886
      vertex 67.6211 1.11179 14.977
      vertex 67.7294 1.1165 15.0087
    endloop
  endfacet
  facet normal -0.263376 -0.231743 0.936445
    outer loop
      vertex 67.6211 1.11179 14.977
      vertex 67.6582 1.1165 14.9886
      vertex 67.6207 1.11871 14.9786
    endloop
  endfacet
  facet normal -0.259798 -0.28982 0.921146
    outer loop
      vertex 69.8233 1.11179 15.5981
      vertex 67.6284 1.01785 14.9495
      vertex 69.8313 1.01785 15.5708
    endloop
  endfacet
  facet normal -0.259795 -0.289843 0.921139
    outer loop
      vertex 69.8233 1.11179 15.5981
      vertex 67.6211 1.11179 14.977
      vertex 67.6284 1.01785 14.9495
    endloop
  endfacet
  facet normal -0.253971 -0.352815 0.900567
    outer loop
      vertex 69.8313 1.01785 15.5708
      vertex 67.6374 0.92598 14.9161
      vertex 69.8412 0.92598 15.5376
    endloop
  endfacet
  facet normal -0.254039 -0.352353 0.900728
    outer loop
      vertex 69.8313 1.01785 15.5708
      vertex 67.6284 1.01785 14.9495
      vertex 67.6374 0.92598 14.9161
    endloop
  endfacet
  facet normal -0.247283 -0.412346 0.876825
    outer loop
      vertex 69.8412 0.92598 15.5376
      vertex 67.6479 0.836578 14.877
      vertex 69.8527 0.836578 15.4988
    endloop
  endfacet
  facet normal -0.247258 -0.412492 0.876763
    outer loop
      vertex 69.8412 0.92598 15.5376
      vertex 67.6374 0.92598 14.9161
      vertex 67.6479 0.836578 14.877
    endloop
  endfacet
  facet normal -0.239365 -0.471492 0.848764
    outer loop
      vertex 69.8527 0.836578 15.4988
      vertex 67.6599 0.75 14.8323
      vertex 69.8658 0.75 15.4544
    endloop
  endfacet
  facet normal -0.23938 -0.471414 0.848803
    outer loop
      vertex 69.8527 0.836578 15.4988
      vertex 67.6479 0.836578 14.877
      vertex 67.6599 0.75 14.8323
    endloop
  endfacet
  facet normal -0.230513 -0.52805 0.817329
    outer loop
      vertex 69.8658 0.75 15.4544
      vertex 67.6733 0.666656 14.7822
      vertex 69.8805 0.666656 15.4047
    endloop
  endfacet
  facet normal -0.230461 -0.528286 0.817191
    outer loop
      vertex 69.8658 0.75 15.4544
      vertex 67.6599 0.75 14.8323
      vertex 67.6733 0.666656 14.7822
    endloop
  endfacet
  facet normal -0.220644 -0.582422 0.782369
    outer loop
      vertex 69.8805 0.666656 15.4047
      vertex 67.6881 0.586868 14.727
      vertex 69.8968 0.586868 15.3499
    endloop
  endfacet
  facet normal -0.220681 -0.582273 0.782469
    outer loop
      vertex 69.8805 0.666656 15.4047
      vertex 67.6733 0.666656 14.7822
      vertex 67.6881 0.586868 14.727
    endloop
  endfacet
  facet normal -0.209852 -0.634322 0.744041
    outer loop
      vertex 69.8968 0.586868 15.3499
      vertex 67.7042 0.510986 14.6668
      vertex 69.9145 0.510986 15.2902
    endloop
  endfacet
  facet normal -0.209773 -0.634608 0.74382
    outer loop
      vertex 69.8968 0.586868 15.3499
      vertex 67.6881 0.586868 14.727
      vertex 67.7042 0.510986 14.6668
    endloop
  endfacet
  facet normal -0.198206 -0.683294 0.702726
    outer loop
      vertex 69.9145 0.510986 15.2902
      vertex 67.7215 0.439346 14.602
      vertex 69.9335 0.439346 15.2259
    endloop
  endfacet
  facet normal -0.198172 -0.683401 0.702631
    outer loop
      vertex 69.9145 0.510986 15.2902
      vertex 67.7042 0.510986 14.6668
      vertex 67.7215 0.439346 14.602
    endloop
  endfacet
  facet normal -0.185534 -0.729976 0.657808
    outer loop
      vertex 69.9335 0.439346 15.2259
      vertex 67.7401 0.372253 14.5328
      vertex 69.9539 0.372253 15.1572
    endloop
  endfacet
  facet normal -0.185546 -0.729941 0.657844
    outer loop
      vertex 69.9335 0.439346 15.2259
      vertex 67.7215 0.439346 14.602
      vertex 67.7401 0.372253 14.5328
    endloop
  endfacet
  facet normal -0.172168 -0.773114 0.610453
    outer loop
      vertex 69.9539 0.372253 15.1572
      vertex 67.7597 0.309982 14.4595
      vertex 69.9754 0.309982 15.0844
    endloop
  endfacet
  facet normal -0.172224 -0.772973 0.610616
    outer loop
      vertex 69.9539 0.372253 15.1572
      vertex 67.7401 0.372253 14.5328
      vertex 67.7597 0.309982 14.4595
    endloop
  endfacet
  facet normal -0.158091 -0.812858 0.560597
    outer loop
      vertex 69.9754 0.309982 15.0844
      vertex 67.7804 0.252808 14.3825
      vertex 69.9981 0.252808 15.0079
    endloop
  endfacet
  facet normal -0.158186 -0.812645 0.560879
    outer loop
      vertex 69.9754 0.309982 15.0844
      vertex 67.7597 0.309982 14.4595
      vertex 67.7804 0.252808 14.3825
    endloop
  endfacet
  facet normal -0.143378 -0.849138 0.508338
    outer loop
      vertex 69.9981 0.252808 15.0079
      vertex 67.802 0.200974 14.3019
      vertex 70.0218 0.200974 14.928
    endloop
  endfacet
  facet normal -0.143226 -0.849433 0.507888
    outer loop
      vertex 69.9981 0.252808 15.0079
      vertex 67.7804 0.252808 14.3825
      vertex 67.802 0.200974 14.3019
    endloop
  endfacet
  facet normal -0.128025 -0.881809 0.453898
    outer loop
      vertex 70.0218 0.200974 14.928
      vertex 67.8244 0.154694 14.2183
      vertex 70.0463 0.154694 14.845
    endloop
  endfacet
  facet normal -0.128015 -0.881825 0.453868
    outer loop
      vertex 70.0218 0.200974 14.928
      vertex 67.802 0.200974 14.3019
      vertex 67.8244 0.154694 14.2183
    endloop
  endfacet
  facet normal -0.112063 -0.910803 0.39734
    outer loop
      vertex 70.0463 0.154694 14.845
      vertex 67.8475 0.114182 14.132
      vertex 70.0717 0.114182 14.7593
    endloop
  endfacet
  facet normal -0.11212 -0.910722 0.397511
    outer loop
      vertex 70.0463 0.154694 14.845
      vertex 67.8244 0.154694 14.2183
      vertex 67.8475 0.114182 14.132
    endloop
  endfacet
  facet normal -0.0956161 -0.935916 0.338996
    outer loop
      vertex 70.0717 0.114182 14.7593
      vertex 67.8713 0.0796051 14.0432
      vertex 70.0978 0.0796051 14.6712
    endloop
  endfacet
  facet normal -0.0955639 -0.935979 0.338838
    outer loop
      vertex 70.0717 0.114182 14.7593
      vertex 67.8475 0.114182 14.132
      vertex 67.8713 0.0796051 14.0432
    endloop
  endfacet
  facet normal -0.0787536 -0.956985 0.279246
    outer loop
      vertex 70.0978 0.0796051 14.6712
      vertex 67.8956 0.0511169 13.9525
      vertex 70.1245 0.0511169 14.5811
    endloop
  endfacet
  facet normal -0.0788194 -0.956921 0.279445
    outer loop
      vertex 70.0978 0.0796051 14.6712
      vertex 67.8713 0.0796051 14.0432
      vertex 67.8956 0.0511169 13.9525
    endloop
  endfacet
  facet normal -0.0616951 -0.973828 0.218751
    outer loop
      vertex 70.1245 0.0511169 14.5811
      vertex 67.9203 0.0288239 13.8602
      vertex 70.1516 0.0288239 14.4895
    endloop
  endfacet
  facet normal -0.0616793 -0.97384 0.218704
    outer loop
      vertex 70.1245 0.0511169 14.5811
      vertex 67.8956 0.0511169 13.9525
      vertex 67.9203 0.0288239 13.8602
    endloop
  endfacet
  facet normal -0.044155 -0.986681 0.156561
    outer loop
      vertex 70.1516 0.0288239 14.4895
      vertex 67.9454 0.0128479 13.7666
      vertex 70.1792 0.0128479 14.3966
    endloop
  endfacet
  facet normal -0.0441575 -0.986679 0.156569
    outer loop
      vertex 70.1516 0.0288239 14.4895
      vertex 67.9203 0.0288239 13.8602
      vertex 67.9454 0.0128479 13.7666
    endloop
  endfacet
  facet normal -0.0266183 -0.995179 0.0943923
    outer loop
      vertex 70.1792 0.0128479 14.3966
      vertex 67.9707 0.0032196 13.6723
      vertex 70.2069 0.0032196 14.3029
    endloop
  endfacet
  facet normal -0.0266412 -0.995172 0.0944622
    outer loop
      vertex 70.1792 0.0128479 14.3966
      vertex 67.9454 0.0128479 13.7666
      vertex 67.9707 0.0032196 13.6723
    endloop
  endfacet
  facet normal -0.00890667 -0.999462 0.0315801
    outer loop
      vertex 70.2069 0.0032196 14.3029
      vertex 68.0065 1.52588e-05 13.5809
      vertex 70.2346 1.52588e-05 14.2093
    endloop
  endfacet
  facet normal -0.00889819 -0.999462 0.0315543
    outer loop
      vertex 67.9707 0.0032196 13.6723
      vertex 68.0065 1.52588e-05 13.5809
      vertex 70.2069 0.0032196 14.3029
    endloop
  endfacet
  facet normal -0.00892724 -0.999463 0.0315429
    outer loop
      vertex 68.0065 1.52588e-05 13.5809
      vertex 67.9707 0.0032196 13.6723
      vertex 67.9959 1.52588e-05 13.5779
    endloop
  endfacet
  facet normal -0.00798659 0.999473 0.0314483
    outer loop
      vertex 67.8149 20.5 14.2536
      vertex 65.566 20.4983 13.7365
      vertex 67.8014 20.4983 14.3042
    endloop
  endfacet
  facet normal -0.00799064 0.999473 0.031466
    outer loop
      vertex 65.5782 20.5 13.6856
      vertex 65.566 20.4983 13.7365
      vertex 67.8149 20.5 14.2536
    endloop
  endfacet
  facet normal -0.0239927 0.995239 0.0944695
    outer loop
      vertex 67.8014 20.4983 14.3042
      vertex 65.5538 20.4932 13.7871
      vertex 67.7879 20.4932 14.3545
    endloop
  endfacet
  facet normal -0.0240048 0.995233 0.0945224
    outer loop
      vertex 65.566 20.4983 13.7365
      vertex 65.5538 20.4932 13.7871
      vertex 67.8014 20.4983 14.3042
    endloop
  endfacet
  facet normal -0.040417 0.986426 0.159152
    outer loop
      vertex 67.7879 20.4932 14.3545
      vertex 65.5418 20.4846 13.8374
      vertex 67.7745 20.4846 14.4044
    endloop
  endfacet
  facet normal -0.0403872 0.986449 0.159022
    outer loop
      vertex 65.5538 20.4932 13.7871
      vertex 65.5418 20.4846 13.8374
      vertex 67.7879 20.4932 14.3545
    endloop
  endfacet
  facet normal -0.0560003 0.973777 0.220503
    outer loop
      vertex 67.7745 20.4846 14.4044
      vertex 65.5299 20.4727 13.8869
      vertex 67.7613 20.4727 14.4536
    endloop
  endfacet
  facet normal -0.056028 0.973748 0.220624
    outer loop
      vertex 65.5418 20.4846 13.8374
      vertex 65.5299 20.4727 13.8869
      vertex 67.7745 20.4846 14.4044
    endloop
  endfacet
  facet normal -0.0710228 0.957474 0.27964
    outer loop
      vertex 67.7613 20.4727 14.4536
      vertex 65.5182 20.4576 13.9356
      vertex 67.7483 20.4576 14.502
    endloop
  endfacet
  facet normal -0.0710573 0.957428 0.27979
    outer loop
      vertex 65.5299 20.4727 13.8869
      vertex 65.5182 20.4576 13.9356
      vertex 67.7613 20.4727 14.4536
    endloop
  endfacet
  facet normal -0.086879 0.935645 0.342083
    outer loop
      vertex 67.7483 20.4576 14.502
      vertex 65.5067 20.4391 13.9833
      vertex 67.7357 20.4391 14.5494
    endloop
  endfacet
  facet normal -0.086851 0.935692 0.341961
    outer loop
      vertex 65.5182 20.4576 13.9356
      vertex 65.5067 20.4391 13.9833
      vertex 67.7483 20.4576 14.502
    endloop
  endfacet
  facet normal -0.101641 0.910749 0.400257
    outer loop
      vertex 67.7357 20.4391 14.5494
      vertex 65.4956 20.4175 14.0297
      vertex 67.7233 20.4175 14.5954
    endloop
  endfacet
  facet normal -0.101533 0.910969 0.399783
    outer loop
      vertex 65.5067 20.4391 13.9833
      vertex 65.4956 20.4175 14.0297
      vertex 67.7357 20.4391 14.5494
    endloop
  endfacet
  facet normal -0.116143 0.881694 0.457303
    outer loop
      vertex 67.7233 20.4175 14.5954
      vertex 65.4848 20.3928 14.0745
      vertex 67.7114 20.3928 14.64
    endloop
  endfacet
  facet normal -0.116279 0.881366 0.4579
    outer loop
      vertex 65.4956 20.4175 14.0297
      vertex 65.4848 20.3928 14.0745
      vertex 67.7233 20.4175 14.5954
    endloop
  endfacet
  facet normal -0.129725 0.849858 0.510796
    outer loop
      vertex 67.7114 20.3928 14.64
      vertex 65.4744 20.3652 14.1178
      vertex 67.6999 20.3652 14.683
    endloop
  endfacet
  facet normal -0.129687 0.849964 0.51063
    outer loop
      vertex 65.4848 20.3928 14.0745
      vertex 65.4744 20.3652 14.1178
      vertex 67.7114 20.3928 14.64
    endloop
  endfacet
  facet normal -0.143416 0.812719 0.564729
    outer loop
      vertex 67.6999 20.3652 14.683
      vertex 65.4645 20.3347 14.1592
      vertex 67.6889 20.3347 14.7241
    endloop
  endfacet
  facet normal -0.143377 0.812849 0.564552
    outer loop
      vertex 65.4744 20.3652 14.1178
      vertex 65.4645 20.3347 14.1592
      vertex 67.6999 20.3652 14.683
    endloop
  endfacet
  facet normal -0.156109 0.77322 0.614623
    outer loop
      vertex 67.6889 20.3347 14.7241
      vertex 65.4551 20.3015 14.1985
      vertex 67.6784 20.3015 14.7632
    endloop
  endfacet
  facet normal -0.156266 0.772628 0.615327
    outer loop
      vertex 65.4645 20.3347 14.1592
      vertex 65.4551 20.3015 14.1985
      vertex 67.6889 20.3347 14.7241
    endloop
  endfacet
  facet normal -0.168322 0.72967 0.662759
    outer loop
      vertex 67.6784 20.3015 14.7632
      vertex 65.4462 20.2657 14.2357
      vertex 67.6685 20.2657 14.8001
    endloop
  endfacet
  facet normal -0.16823 0.730068 0.662344
    outer loop
      vertex 65.4551 20.3015 14.1985
      vertex 65.4462 20.2657 14.2357
      vertex 67.6784 20.3015 14.7632
    endloop
  endfacet
  facet normal -0.179788 0.683078 0.707871
    outer loop
      vertex 67.6685 20.2657 14.8001
      vertex 65.4378 20.2275 14.2704
      vertex 67.6592 20.2275 14.8346
    endloop
  endfacet
  facet normal -0.179844 0.682795 0.708129
    outer loop
      vertex 65.4462 20.2657 14.2357
      vertex 65.4378 20.2275 14.2704
      vertex 67.6685 20.2657 14.8001
    endloop
  endfacet
  facet normal -0.190311 0.634299 0.749297
    outer loop
      vertex 67.6592 20.2275 14.8346
      vertex 65.43 20.187 14.3027
      vertex 67.6506 20.187 14.8667
    endloop
  endfacet
  facet normal -0.190317 0.634264 0.749326
    outer loop
      vertex 65.4378 20.2275 14.2704
      vertex 65.43 20.187 14.3027
      vertex 67.6592 20.2275 14.8346
    endloop
  endfacet
  facet normal -0.199917 0.583511 0.787114
    outer loop
      vertex 67.6506 20.187 14.8667
      vertex 65.4229 20.1445 14.3324
      vertex 67.6427 20.1445 14.8962
    endloop
  endfacet
  facet normal -0.199922 0.583472 0.787141
    outer loop
      vertex 65.43 20.187 14.3027
      vertex 65.4229 20.1445 14.3324
      vertex 67.6506 20.187 14.8667
    endloop
  endfacet
  facet normal -0.209137 0.527438 0.82345
    outer loop
      vertex 67.6427 20.1445 14.8962
      vertex 65.4165 20.1 14.3593
      vertex 67.6356 20.1 14.9229
    endloop
  endfacet
  facet normal -0.2091 0.527735 0.82327
    outer loop
      vertex 65.4229 20.1445 14.3324
      vertex 65.4165 20.1 14.3593
      vertex 67.6427 20.1445 14.8962
    endloop
  endfacet
  facet normal -0.217178 0.470634 0.855183
    outer loop
      vertex 67.6356 20.1 14.9229
      vertex 65.4107 20.0538 14.3833
      vertex 67.6292 20.0538 14.9467
    endloop
  endfacet
  facet normal -0.217105 0.47132 0.854823
    outer loop
      vertex 65.4165 20.1 14.3593
      vertex 65.4107 20.0538 14.3833
      vertex 67.6356 20.1 14.9229
    endloop
  endfacet
  facet normal -0.224181 0.413068 0.882676
    outer loop
      vertex 67.6292 20.0538 14.9467
      vertex 65.4057 20.0061 14.4043
      vertex 67.6236 20.0061 14.9676
    endloop
  endfacet
  facet normal -0.224251 0.412264 0.883034
    outer loop
      vertex 65.4107 20.0538 14.3833
      vertex 65.4057 20.0061 14.4043
      vertex 67.6292 20.0538 14.9467
    endloop
  endfacet
  facet normal -0.231292 0.352495 0.906781
    outer loop
      vertex 67.6236 20.0061 14.9676
      vertex 67.5823 19.9772 14.9683
      vertex 67.6207 19.9759 14.9786
    endloop
  endfacet
  facet normal -0.230455 0.351315 0.907452
    outer loop
      vertex 67.5823 19.9772 14.9683
      vertex 67.6236 20.0061 14.9676
      vertex 66.3128 19.9772 14.6459
    endloop
  endfacet
  facet normal -0.230403 0.352061 0.907175
    outer loop
      vertex 65.4057 20.0061 14.4043
      vertex 66.3128 19.9772 14.6459
      vertex 67.6236 20.0061 14.9676
    endloop
  endfacet
  facet normal -0.230199 0.353676 0.906599
    outer loop
      vertex 66.3128 19.9772 14.6459
      vertex 65.4057 20.0061 14.4043
      vertex 65.4414 19.9773 14.4246
    endloop
  endfacet
  facet normal -0.2301 0.353786 0.906581
    outer loop
      vertex 65.4414 19.9773 14.4246
      vertex 65.4057 20.0061 14.4043
      vertex 65.403 19.9759 14.4154
    endloop
  endfacet
  facet normal -0.239657 -0.231835 0.942771
    outer loop
      vertex 67.5823 1.11652 14.9683
      vertex 67.6211 1.11179 14.977
      vertex 67.6207 1.11871 14.9786
    endloop
  endfacet
  facet normal -0.239555 -0.230227 0.943191
    outer loop
      vertex 65.5125 1.1165 14.4426
      vertex 67.6211 1.11179 14.977
      vertex 67.5823 1.11652 14.9683
    endloop
  endfacet
  facet normal -0.240141 -0.219497 0.945597
    outer loop
      vertex 67.6211 1.11179 14.977
      vertex 65.5125 1.1165 14.4426
      vertex 65.4034 1.11179 14.4138
    endloop
  endfacet
  facet normal -0.238492 -0.23596 0.942043
    outer loop
      vertex 65.4414 1.1165 14.4246
      vertex 65.4034 1.11179 14.4138
      vertex 65.5125 1.1165 14.4426
    endloop
  endfacet
  facet normal -0.239183 -0.232153 0.942813
    outer loop
      vertex 65.4034 1.11179 14.4138
      vertex 65.4414 1.1165 14.4246
      vertex 65.403 1.1187 14.4154
    endloop
  endfacet
  facet normal -0.235585 -0.289859 0.927621
    outer loop
      vertex 67.6211 1.11179 14.977
      vertex 65.41 1.01785 14.3861
      vertex 67.6284 1.01785 14.9495
    endloop
  endfacet
  facet normal -0.235561 -0.29006 0.927565
    outer loop
      vertex 67.6211 1.11179 14.977
      vertex 65.4034 1.11179 14.4138
      vertex 65.41 1.01785 14.3861
    endloop
  endfacet
  facet normal -0.230356 -0.352342 0.907078
    outer loop
      vertex 67.6284 1.01785 14.9495
      vertex 65.4181 0.92598 14.3525
      vertex 67.6374 0.92598 14.9161
    endloop
  endfacet
  facet normal -0.23039 -0.352095 0.907166
    outer loop
      vertex 67.6284 1.01785 14.9495
      vertex 65.41 1.01785 14.3861
      vertex 65.4181 0.92598 14.3525
    endloop
  endfacet
  facet normal -0.224242 -0.412487 0.882932
    outer loop
      vertex 67.6374 0.92598 14.9161
      vertex 65.4276 0.836578 14.3131
      vertex 67.6479 0.836578 14.877
    endloop
  endfacet
  facet normal -0.224183 -0.412865 0.882771
    outer loop
      vertex 67.6374 0.92598 14.9161
      vertex 65.4181 0.92598 14.3525
      vertex 65.4276 0.836578 14.3131
    endloop
  endfacet
  facet normal -0.21709 -0.471409 0.854778
    outer loop
      vertex 67.6479 0.836578 14.877
      vertex 65.4384 0.75 14.2681
      vertex 67.6599 0.75 14.8323
    endloop
  endfacet
  facet normal -0.217097 -0.471372 0.854796
    outer loop
      vertex 67.6479 0.836578 14.877
      vertex 65.4276 0.836578 14.3131
      vertex 65.4384 0.75 14.2681
    endloop
  endfacet
  facet normal -0.208993 -0.52829 0.822941
    outer loop
      vertex 67.6599 0.75 14.8323
      vertex 65.4505 0.666656 14.2177
      vertex 67.6733 0.666656 14.7822
    endloop
  endfacet
  facet normal -0.209037 -0.528076 0.823067
    outer loop
      vertex 67.6599 0.75 14.8323
      vertex 65.4384 0.75 14.2681
      vertex 65.4505 0.666656 14.2177
    endloop
  endfacet
  facet normal -0.200121 -0.582271 0.787979
    outer loop
      vertex 67.6733 0.666656 14.7822
      vertex 65.4638 0.586868 14.1621
      vertex 67.6881 0.586868 14.727
    endloop
  endfacet
  facet normal -0.200093 -0.582396 0.787895
    outer loop
      vertex 67.6733 0.666656 14.7822
      vertex 65.4505 0.666656 14.2177
      vertex 65.4638 0.586868 14.1621
    endloop
  endfacet
  facet normal -0.190233 -0.634612 0.749052
    outer loop
      vertex 67.6881 0.586868 14.727
      vertex 65.4783 0.510986 14.1015
      vertex 67.7042 0.510986 14.6668
    endloop
  endfacet
  facet normal -0.190242 -0.634575 0.749081
    outer loop
      vertex 67.6881 0.586868 14.727
      vertex 65.4638 0.586868 14.1621
      vertex 65.4783 0.510986 14.1015
    endloop
  endfacet
  facet normal -0.179697 -0.68341 0.707573
    outer loop
      vertex 67.7042 0.510986 14.6668
      vertex 65.494 0.439346 14.0363
      vertex 67.7215 0.439346 14.602
    endloop
  endfacet
  facet normal -0.179706 -0.683377 0.707603
    outer loop
      vertex 67.7042 0.510986 14.6668
      vertex 65.4783 0.510986 14.1015
      vertex 65.494 0.439346 14.0363
    endloop
  endfacet
  facet normal -0.168251 -0.729934 0.662486
    outer loop
      vertex 67.7215 0.439346 14.602
      vertex 65.5107 0.372253 13.9666
      vertex 67.7401 0.372253 14.5328
    endloop
  endfacet
  facet normal -0.168225 -0.730015 0.662404
    outer loop
      vertex 67.7215 0.439346 14.602
      vertex 65.494 0.439346 14.0363
      vertex 65.5107 0.372253 13.9666
    endloop
  endfacet
  facet normal -0.156154 -0.772977 0.614917
    outer loop
      vertex 67.7401 0.372253 14.5328
      vertex 65.5285 0.309982 13.8929
      vertex 67.7597 0.309982 14.4595
    endloop
  endfacet
  facet normal -0.156237 -0.77275 0.615181
    outer loop
      vertex 67.7401 0.372253 14.5328
      vertex 65.5107 0.372253 13.9666
      vertex 65.5285 0.309982 13.8929
    endloop
  endfacet
  facet normal -0.143453 -0.812639 0.564835
    outer loop
      vertex 67.7597 0.309982 14.4595
      vertex 65.5471 0.252808 13.8153
      vertex 67.7804 0.252808 14.3825
    endloop
  endfacet
  facet normal -0.143361 -0.812862 0.564537
    outer loop
      vertex 67.7597 0.309982 14.4595
      vertex 65.5285 0.309982 13.8929
      vertex 65.5471 0.252808 13.8153
    endloop
  endfacet
  facet normal -0.129885 -0.849432 0.511463
    outer loop
      vertex 67.7804 0.252808 14.3825
      vertex 65.5665 0.200974 13.7342
      vertex 67.802 0.200974 14.3019
    endloop
  endfacet
  facet normal -0.129962 -0.849271 0.511712
    outer loop
      vertex 67.7804 0.252808 14.3825
      vertex 65.5471 0.252808 13.8153
      vertex 65.5665 0.200974 13.7342
    endloop
  endfacet
  facet normal -0.116079 -0.881826 0.457066
    outer loop
      vertex 67.802 0.200974 14.3019
      vertex 65.5867 0.154694 13.65
      vertex 67.8244 0.154694 14.2183
    endloop
  endfacet
  facet normal -0.11603 -0.881916 0.456904
    outer loop
      vertex 67.802 0.200974 14.3019
      vertex 65.5665 0.200974 13.7342
      vertex 65.5867 0.154694 13.65
    endloop
  endfacet
  facet normal -0.101672 -0.910723 0.400308
    outer loop
      vertex 67.8244 0.154694 14.2183
      vertex 65.6076 0.114182 13.5631
      vertex 67.8475 0.114182 14.132
    endloop
  endfacet
  facet normal -0.101627 -0.910792 0.400161
    outer loop
      vertex 67.8244 0.154694 14.2183
      vertex 65.5867 0.154694 13.65
      vertex 65.6076 0.114182 13.5631
    endloop
  endfacet
  facet normal -0.0866534 -0.935979 0.341226
    outer loop
      vertex 67.8475 0.114182 14.132
      vertex 65.6291 0.0796051 13.4738
      vertex 67.8713 0.0796051 14.0432
    endloop
  endfacet
  facet normal -0.0867328 -0.935876 0.341488
    outer loop
      vertex 67.8475 0.114182 14.132
      vertex 65.6076 0.114182 13.5631
      vertex 65.6291 0.0796051 13.4738
    endloop
  endfacet
  facet normal -0.0714752 -0.956921 0.281413
    outer loop
      vertex 67.8713 0.0796051 14.0432
      vertex 65.651 0.0511169 13.3824
      vertex 67.8956 0.0511169 13.9525
    endloop
  endfacet
  facet normal -0.0714035 -0.956997 0.281175
    outer loop
      vertex 67.8713 0.0796051 14.0432
      vertex 65.6291 0.0796051 13.4738
      vertex 65.651 0.0511169 13.3824
    endloop
  endfacet
  facet normal -0.0559373 -0.97384 0.22024
    outer loop
      vertex 67.8956 0.0511169 13.9525
      vertex 65.6733 0.0288239 13.2895
      vertex 67.9203 0.0288239 13.8602
    endloop
  endfacet
  facet normal -0.0559433 -0.973836 0.22026
    outer loop
      vertex 67.8956 0.0511169 13.9525
      vertex 65.651 0.0511169 13.3824
      vertex 65.6733 0.0288239 13.2895
    endloop
  endfacet
  facet normal -0.0400436 -0.986679 0.157672
    outer loop
      vertex 67.9203 0.0288239 13.8602
      vertex 65.6959 0.0128479 13.1953
      vertex 67.9454 0.0128479 13.7666
    endloop
  endfacet
  facet normal -0.0400595 -0.98667 0.157725
    outer loop
      vertex 67.9203 0.0288239 13.8602
      vertex 65.6733 0.0288239 13.2895
      vertex 65.6959 0.0128479 13.1953
    endloop
  endfacet
  facet normal -0.024162 -0.995172 0.0951274
    outer loop
      vertex 67.9454 0.0128479 13.7666
      vertex 65.7187 0.0032196 13.1003
      vertex 67.9707 0.0032196 13.6723
    endloop
  endfacet
  facet normal -0.024144 -0.995178 0.0950673
    outer loop
      vertex 67.9454 0.0128479 13.7666
      vertex 65.6959 0.0128479 13.1953
      vertex 65.7187 0.0032196 13.1003
    endloop
  endfacet
  facet normal -0.0080687 -0.999463 0.0317721
    outer loop
      vertex 67.9707 0.0032196 13.6723
      vertex 65.7522 1.52588e-05 13.0081
      vertex 67.9959 1.52588e-05 13.5779
    endloop
  endfacet
  facet normal -0.00807727 -0.999462 0.0318007
    outer loop
      vertex 65.7187 0.0032196 13.1003
      vertex 65.7522 1.52588e-05 13.0081
      vertex 67.9707 0.0032196 13.6723
    endloop
  endfacet
  facet normal -0.00802892 -0.999461 0.0318183
    outer loop
      vertex 65.7522 1.52588e-05 13.0081
      vertex 65.7187 0.0032196 13.1003
      vertex 65.7415 1.52588e-05 13.0054
    endloop
  endfacet
  facet normal -0.00716468 0.999473 0.0316639
    outer loop
      vertex 65.5782 20.5 13.6856
      vertex 63.3165 20.4983 13.2275
      vertex 65.566 20.4983 13.7365
    endloop
  endfacet
  facet normal -0.00716398 0.999473 0.0316605
    outer loop
      vertex 63.3274 20.5 13.1763
      vertex 63.3165 20.4983 13.2275
      vertex 65.5782 20.5 13.6856
    endloop
  endfacet
  facet normal -0.0215239 0.995233 0.0951205
    outer loop
      vertex 65.566 20.4983 13.7365
      vertex 63.3057 20.4932 13.2784
      vertex 65.5538 20.4932 13.7871
    endloop
  endfacet
  facet normal -0.0215299 0.99523 0.0951503
    outer loop
      vertex 63.3165 20.4983 13.2275
      vertex 63.3057 20.4932 13.2784
      vertex 65.566 20.4983 13.7365
    endloop
  endfacet
  facet normal -0.0362087 0.98645 0.160019
    outer loop
      vertex 65.5538 20.4932 13.7871
      vertex 63.295 20.4846 13.329
      vertex 65.5418 20.4846 13.8374
    endloop
  endfacet
  facet normal -0.0362052 0.986453 0.160002
    outer loop
      vertex 63.3057 20.4932 13.2784
      vertex 63.295 20.4846 13.329
      vertex 65.5538 20.4932 13.7871
    endloop
  endfacet
  facet normal -0.0502366 0.973748 0.222016
    outer loop
      vertex 65.5418 20.4846 13.8374
      vertex 63.2844 20.4727 13.3788
      vertex 65.5299 20.4727 13.8869
    endloop
  endfacet
  facet normal -0.0502318 0.973754 0.221992
    outer loop
      vertex 63.295 20.4846 13.329
      vertex 63.2844 20.4727 13.3788
      vertex 65.5418 20.4846 13.8374
    endloop
  endfacet
  facet normal -0.0637056 0.957428 0.281556
    outer loop
      vertex 65.5299 20.4727 13.8869
      vertex 63.2739 20.4576 13.4278
      vertex 65.5182 20.4576 13.9356
    endloop
  endfacet
  facet normal -0.0636766 0.957472 0.281413
    outer loop
      vertex 63.2844 20.4727 13.3788
      vertex 63.2739 20.4576 13.4278
      vertex 65.5299 20.4727 13.8869
    endloop
  endfacet
  facet normal -0.0778652 0.935689 0.344126
    outer loop
      vertex 65.5182 20.4576 13.9356
      vertex 63.2638 20.4391 13.4758
      vertex 65.5067 20.4391 13.9833
    endloop
  endfacet
  facet normal -0.0778855 0.93565 0.344227
    outer loop
      vertex 63.2739 20.4576 13.4278
      vertex 63.2638 20.4391 13.4758
      vertex 65.5182 20.4576 13.9356
    endloop
  endfacet
  facet normal -0.091036 0.910972 0.402295
    outer loop
      vertex 65.5067 20.4391 13.9833
      vertex 63.2538 20.4175 13.5224
      vertex 65.4956 20.4175 14.0297
    endloop
  endfacet
  facet normal -0.0911032 0.910817 0.402631
    outer loop
      vertex 63.2638 20.4391 13.4758
      vertex 63.2538 20.4175 13.5224
      vertex 65.5067 20.4391 13.9833
    endloop
  endfacet
  facet normal -0.104272 0.881361 0.460792
    outer loop
      vertex 65.4956 20.4175 14.0297
      vertex 63.2443 20.3928 13.5675
      vertex 65.4848 20.3928 14.0745
    endloop
  endfacet
  facet normal -0.104263 0.881386 0.460748
    outer loop
      vertex 63.2538 20.4175 13.5224
      vertex 63.2443 20.3928 13.5675
      vertex 65.4956 20.4175 14.0297
    endloop
  endfacet
  facet normal -0.116289 0.849963 0.513847
    outer loop
      vertex 65.4848 20.3928 14.0745
      vertex 63.235 20.3652 13.611
      vertex 65.4744 20.3652 14.1178
    endloop
  endfacet
  facet normal -0.116368 0.84971 0.514248
    outer loop
      vertex 63.2443 20.3928 13.5675
      vertex 63.235 20.3652 13.611
      vertex 65.4848 20.3928 14.0745
    endloop
  endfacet
  facet normal -0.128554 0.812856 0.568102
    outer loop
      vertex 65.4744 20.3652 14.1178
      vertex 63.2262 20.3347 13.6527
      vertex 65.4645 20.3347 14.1592
    endloop
  endfacet
  facet normal -0.128467 0.813178 0.56766
    outer loop
      vertex 63.235 20.3652 13.611
      vertex 63.2262 20.3347 13.6527
      vertex 65.4744 20.3652 14.1178
    endloop
  endfacet
  facet normal -0.140117 0.772635 0.619195
    outer loop
      vertex 65.4645 20.3347 14.1592
      vertex 63.2177 20.3015 13.6922
      vertex 65.4551 20.3015 14.1985
    endloop
  endfacet
  facet normal -0.140124 0.772607 0.619228
    outer loop
      vertex 63.2262 20.3347 13.6527
      vertex 63.2177 20.3015 13.6922
      vertex 65.4645 20.3347 14.1592
    endloop
  endfacet
  facet normal -0.150833 0.730075 0.666513
    outer loop
      vertex 65.4551 20.3015 14.1985
      vertex 63.2098 20.2657 13.7296
      vertex 65.4462 20.2657 14.2357
    endloop
  endfacet
  facet normal -0.150879 0.729847 0.666753
    outer loop
      vertex 63.2177 20.3015 13.6922
      vertex 63.2098 20.2657 13.7296
      vertex 65.4551 20.3015 14.1985
    endloop
  endfacet
  facet normal -0.161242 0.682777 0.712613
    outer loop
      vertex 65.4462 20.2657 14.2357
      vertex 63.2024 20.2275 13.7646
      vertex 65.4378 20.2275 14.2704
    endloop
  endfacet
  facet normal -0.161113 0.68351 0.711939
    outer loop
      vertex 63.2098 20.2657 13.7296
      vertex 63.2024 20.2275 13.7646
      vertex 65.4462 20.2657 14.2357
    endloop
  endfacet
  facet normal -0.170622 0.634251 0.754065
    outer loop
      vertex 65.4378 20.2275 14.2704
      vertex 63.1955 20.187 13.7971
      vertex 65.43 20.187 14.3027
    endloop
  endfacet
  facet normal -0.170628 0.63421 0.754098
    outer loop
      vertex 63.2024 20.2275 13.7646
      vertex 63.1955 20.187 13.7971
      vertex 65.4378 20.2275 14.2704
    endloop
  endfacet
  facet normal -0.179249 0.583482 0.792098
    outer loop
      vertex 65.43 20.187 14.3027
      vertex 63.1891 20.1445 13.8269
      vertex 65.4229 20.1445 14.3324
    endloop
  endfacet
  facet normal -0.179343 0.582763 0.792605
    outer loop
      vertex 63.1955 20.187 13.7971
      vertex 63.1891 20.1445 13.8269
      vertex 65.43 20.187 14.3027
    endloop
  endfacet
  facet normal -0.18746 0.527755 0.828452
    outer loop
      vertex 65.4229 20.1445 14.3324
      vertex 63.1834 20.1 13.854
      vertex 65.4165 20.1 14.3593
    endloop
  endfacet
  facet normal -0.187398 0.528314 0.82811
    outer loop
      vertex 63.1891 20.1445 13.8269
      vertex 63.1834 20.1 13.854
      vertex 65.4229 20.1445 14.3324
    endloop
  endfacet
  facet normal -0.194662 0.471305 0.86022
    outer loop
      vertex 65.4165 20.1 14.3593
      vertex 63.1782 20.0538 13.8781
      vertex 65.4107 20.0538 14.3833
    endloop
  endfacet
  facet normal -0.19471 0.470787 0.860493
    outer loop
      vertex 63.1834 20.1 13.854
      vertex 63.1782 20.0538 13.8781
      vertex 65.4165 20.1 14.3593
    endloop
  endfacet
  facet normal -0.201087 0.412281 0.888588
    outer loop
      vertex 65.4107 20.0538 14.3833
      vertex 63.1737 20.0061 13.8992
      vertex 65.4057 20.0061 14.4043
    endloop
  endfacet
  facet normal -0.201102 0.412077 0.888679
    outer loop
      vertex 63.1782 20.0538 13.8781
      vertex 63.1737 20.0061 13.8992
      vertex 65.4107 20.0538 14.3833
    endloop
  endfacet
  facet normal -0.207759 0.353768 0.911967
    outer loop
      vertex 65.4057 20.0061 14.4043
      vertex 65.365 19.9773 14.4062
      vertex 65.403 19.9759 14.4154
    endloop
  endfacet
  facet normal -0.206582 0.352164 0.912855
    outer loop
      vertex 65.365 19.9773 14.4062
      vertex 65.4057 20.0061 14.4043
      vertex 64.0869 19.9772 14.117
    endloop
  endfacet
  facet normal -0.206592 0.352008 0.912913
    outer loop
      vertex 63.1737 20.0061 13.8992
      vertex 64.0869 19.9772 14.117
      vertex 65.4057 20.0061 14.4043
    endloop
  endfacet
  facet normal -0.206296 0.354521 0.912007
    outer loop
      vertex 64.0869 19.9772 14.117
      vertex 63.1737 20.0061 13.8992
      vertex 63.2098 19.9772 13.9186
    endloop
  endfacet
  facet normal -0.206756 0.354009 0.912102
    outer loop
      vertex 63.2098 19.9772 13.9186
      vertex 63.1737 20.0061 13.8992
      vertex 63.1714 19.9759 13.9104
    endloop
  endfacet
  facet normal -0.216167 -0.232106 0.948366
    outer loop
      vertex 65.365 1.1165 14.4062
      vertex 65.4034 1.11179 14.4138
      vertex 65.403 1.1187 14.4154
    endloop
  endfacet
  facet normal -0.215291 -0.21999 0.951449
    outer loop
      vertex 63.2817 1.11651 13.9348
      vertex 65.4034 1.11179 14.4138
      vertex 65.365 1.1165 14.4062
    endloop
  endfacet
  facet normal -0.215132 -0.223309 0.950711
    outer loop
      vertex 65.4034 1.11179 14.4138
      vertex 63.2817 1.11651 13.9348
      vertex 63.1717 1.11179 13.9088
    endloop
  endfacet
  facet normal -0.213178 -0.243667 0.94614
    outer loop
      vertex 63.2098 1.11651 13.9186
      vertex 63.1717 1.11179 13.9088
      vertex 63.2817 1.11651 13.9348
    endloop
  endfacet
  facet normal -0.215813 -0.228834 0.949242
    outer loop
      vertex 63.1717 1.11179 13.9088
      vertex 63.2098 1.11651 13.9186
      vertex 63.1714 1.11871 13.9104
    endloop
  endfacet
  facet normal -0.211232 -0.290072 0.933402
    outer loop
      vertex 65.4034 1.11179 14.4138
      vertex 63.1776 1.01785 13.8809
      vertex 65.41 1.01785 14.3861
    endloop
  endfacet
  facet normal -0.21119 -0.29045 0.933294
    outer loop
      vertex 65.4034 1.11179 14.4138
      vertex 63.1717 1.11179 13.9088
      vertex 63.1776 1.01785 13.8809
    endloop
  endfacet
  facet normal -0.206587 -0.352087 0.912884
    outer loop
      vertex 65.41 1.01785 14.3861
      vertex 63.1848 0.92598 13.8471
      vertex 65.4181 0.92598 14.3525
    endloop
  endfacet
  facet normal -0.206591 -0.352055 0.912895
    outer loop
      vertex 65.41 1.01785 14.3861
      vertex 63.1776 1.01785 13.8809
      vertex 63.1848 0.92598 13.8471
    endloop
  endfacet
  facet normal -0.201013 -0.412856 0.888338
    outer loop
      vertex 65.4181 0.92598 14.3525
      vertex 63.1932 0.836578 13.8075
      vertex 65.4276 0.836578 14.3131
    endloop
  endfacet
  facet normal -0.201072 -0.412452 0.888512
    outer loop
      vertex 65.4181 0.92598 14.3525
      vertex 63.1848 0.92598 13.8471
      vertex 63.1932 0.836578 13.8075
    endloop
  endfacet
  facet normal -0.194662 -0.471373 0.860183
    outer loop
      vertex 65.4276 0.836578 14.3131
      vertex 63.2029 0.75 13.7622
      vertex 65.4384 0.75 14.2681
    endloop
  endfacet
  facet normal -0.194596 -0.471768 0.859981
    outer loop
      vertex 65.4276 0.836578 14.3131
      vertex 63.1932 0.836578 13.8075
      vertex 63.2029 0.75 13.7622
    endloop
  endfacet
  facet normal -0.18743 -0.528076 0.828255
    outer loop
      vertex 65.4384 0.75 14.2681
      vertex 63.2136 0.666656 13.7115
      vertex 65.4505 0.666656 14.2177
    endloop
  endfacet
  facet normal -0.187453 -0.527955 0.828327
    outer loop
      vertex 65.4384 0.75 14.2681
      vertex 63.2029 0.75 13.7622
      vertex 63.2136 0.666656 13.7115
    endloop
  endfacet
  facet normal -0.179413 -0.582404 0.792853
    outer loop
      vertex 65.4505 0.666656 14.2177
      vertex 63.2255 0.586868 13.6556
      vertex 65.4638 0.586868 14.1621
    endloop
  endfacet
  facet normal -0.179436 -0.582294 0.792929
    outer loop
      vertex 65.4505 0.666656 14.2177
      vertex 63.2136 0.666656 13.7115
      vertex 63.2255 0.586868 13.6556
    endloop
  endfacet
  facet normal -0.170562 -0.634583 0.753799
    outer loop
      vertex 65.4638 0.586868 14.1621
      vertex 63.2385 0.510986 13.5947
      vertex 65.4783 0.510986 14.1015
    endloop
  endfacet
  facet normal -0.170617 -0.634349 0.753984
    outer loop
      vertex 65.4638 0.586868 14.1621
      vertex 63.2255 0.586868 13.6556
      vertex 63.2385 0.510986 13.5947
    endloop
  endfacet
  facet normal -0.161118 -0.68337 0.712072
    outer loop
      vertex 65.4783 0.510986 14.1015
      vertex 63.2524 0.439346 13.5291
      vertex 65.494 0.439346 14.0363
    endloop
  endfacet
  facet normal -0.161128 -0.683332 0.712106
    outer loop
      vertex 65.4783 0.510986 14.1015
      vertex 63.2385 0.510986 13.5947
      vertex 63.2524 0.439346 13.5291
    endloop
  endfacet
  facet normal -0.150822 -0.730019 0.666577
    outer loop
      vertex 65.494 0.439346 14.0363
      vertex 63.2673 0.372253 13.459
      vertex 65.5107 0.372253 13.9666
    endloop
  endfacet
  facet normal -0.150832 -0.729985 0.666612
    outer loop
      vertex 65.494 0.439346 14.0363
      vertex 63.2524 0.439346 13.5291
      vertex 63.2673 0.372253 13.459
    endloop
  endfacet
  facet normal -0.140087 -0.772738 0.619073
    outer loop
      vertex 65.5107 0.372253 13.9666
      vertex 63.2831 0.309982 13.3848
      vertex 65.5285 0.309982 13.8929
    endloop
  endfacet
  facet normal -0.140023 -0.772928 0.61885
    outer loop
      vertex 65.5107 0.372253 13.9666
      vertex 63.2673 0.372253 13.459
      vertex 63.2831 0.309982 13.3848
    endloop
  endfacet
  facet normal -0.128561 -0.812865 0.568086
    outer loop
      vertex 65.5285 0.309982 13.8929
      vertex 63.2997 0.252808 13.3067
      vertex 65.5471 0.252808 13.8153
    endloop
  endfacet
  facet normal -0.128501 -0.813025 0.567872
    outer loop
      vertex 65.5285 0.309982 13.8929
      vertex 63.2831 0.309982 13.3848
      vertex 63.2997 0.252808 13.3067
    endloop
  endfacet
  facet normal -0.116515 -0.849276 0.514932
    outer loop
      vertex 65.5471 0.252808 13.8153
      vertex 63.317 0.200974 13.2252
      vertex 65.5665 0.200974 13.7342
    endloop
  endfacet
  facet normal -0.116605 -0.849067 0.515255
    outer loop
      vertex 65.5471 0.252808 13.8153
      vertex 63.2997 0.252808 13.3067
      vertex 63.317 0.200974 13.2252
    endloop
  endfacet
  facet normal -0.104036 -0.881917 0.459781
    outer loop
      vertex 65.5665 0.200974 13.7342
      vertex 63.335 0.154694 13.1405
      vertex 65.5867 0.154694 13.65
    endloop
  endfacet
  facet normal -0.104034 -0.881922 0.459773
    outer loop
      vertex 65.5665 0.200974 13.7342
      vertex 63.317 0.200974 13.2252
      vertex 63.335 0.154694 13.1405
    endloop
  endfacet
  facet normal -0.0911142 -0.910791 0.402689
    outer loop
      vertex 65.5867 0.154694 13.65
      vertex 63.3536 0.114182 13.0531
      vertex 65.6076 0.114182 13.5631
    endloop
  endfacet
  facet normal -0.0911345 -0.910756 0.402763
    outer loop
      vertex 65.5867 0.154694 13.65
      vertex 63.335 0.154694 13.1405
      vertex 63.3536 0.114182 13.0531
    endloop
  endfacet
  facet normal -0.0777638 -0.935874 0.343647
    outer loop
      vertex 65.6076 0.114182 13.5631
      vertex 63.3727 0.0796051 12.9632
      vertex 65.6291 0.0796051 13.4738
    endloop
  endfacet
  facet normal -0.0777144 -0.935944 0.343467
    outer loop
      vertex 65.6076 0.114182 13.5631
      vertex 63.3536 0.114182 13.0531
      vertex 63.3727 0.0796051 12.9632
    endloop
  endfacet
  facet normal -0.0640218 -0.956997 0.282944
    outer loop
      vertex 65.6291 0.0796051 13.4738
      vertex 63.3922 0.0511169 12.8713
      vertex 65.651 0.0511169 13.3824
    endloop
  endfacet
  facet normal -0.0640532 -0.956961 0.283058
    outer loop
      vertex 65.6291 0.0796051 13.4738
      vertex 63.3727 0.0796051 12.9632
      vertex 63.3922 0.0511169 12.8713
    endloop
  endfacet
  facet normal -0.0501582 -0.973836 0.221649
    outer loop
      vertex 65.651 0.0511169 13.3824
      vertex 63.4121 0.0288239 12.7778
      vertex 65.6733 0.0288239 13.2895
    endloop
  endfacet
  facet normal -0.0501253 -0.973865 0.221528
    outer loop
      vertex 65.651 0.0511169 13.3824
      vertex 63.3922 0.0511169 12.8713
      vertex 63.4121 0.0288239 12.7778
    endloop
  endfacet
  facet normal -0.035913 -0.98667 0.15872
    outer loop
      vertex 65.6733 0.0288239 13.2895
      vertex 63.4322 0.0128479 12.6831
      vertex 65.6959 0.0128479 13.1953
    endloop
  endfacet
  facet normal -0.0359406 -0.986653 0.158821
    outer loop
      vertex 65.6733 0.0288239 13.2895
      vertex 63.4121 0.0288239 12.7778
      vertex 63.4322 0.0128479 12.6831
    endloop
  endfacet
  facet normal -0.0216485 -0.995178 0.0956662
    outer loop
      vertex 65.6959 0.0128479 13.1953
      vertex 63.4526 0.0032196 12.5875
      vertex 65.7187 0.0032196 13.1003
    endloop
  endfacet
  facet normal -0.021634 -0.995183 0.0956129
    outer loop
      vertex 65.6959 0.0128479 13.1953
      vertex 63.4322 0.0128479 12.6831
      vertex 63.4526 0.0032196 12.5875
    endloop
  endfacet
  facet normal -0.00724235 -0.999461 0.0320073
    outer loop
      vertex 65.7187 0.0032196 13.1003
      vertex 63.4836 1.52588e-05 12.4945
      vertex 65.7415 1.52588e-05 13.0054
    endloop
  endfacet
  facet normal -0.00724616 -0.999461 0.0320213
    outer loop
      vertex 63.4526 0.0032196 12.5875
      vertex 63.4836 1.52588e-05 12.4945
      vertex 65.7187 0.0032196 13.1003
    endloop
  endfacet
  facet normal -0.00746461 -0.999462 0.0319485
    outer loop
      vertex 63.4836 1.52588e-05 12.4945
      vertex 63.4526 0.0032196 12.5875
      vertex 63.4729 1.52588e-05 12.492
    endloop
  endfacet
  facet normal -0.00633367 0.999473 0.0318372
    outer loop
      vertex 63.3274 20.5 13.1763
      vertex 61.0545 20.4983 12.7775
      vertex 63.3165 20.4983 13.2275
    endloop
  endfacet
  facet normal -0.00633983 0.999472 0.0318724
    outer loop
      vertex 61.0641 20.5 12.7261
      vertex 61.0545 20.4983 12.7775
      vertex 63.3274 20.5 13.1763
    endloop
  endfacet
  facet normal -0.0190287 0.99523 0.095681
    outer loop
      vertex 63.3165 20.4983 13.2275
      vertex 61.045 20.4932 12.8288
      vertex 63.3057 20.4932 13.2784
    endloop
  endfacet
  facet normal -0.0189843 0.995255 0.0954279
    outer loop
      vertex 61.0545 20.4983 12.7775
      vertex 61.045 20.4932 12.8288
      vertex 63.3165 20.4983 13.2275
    endloop
  endfacet
  facet normal -0.0320084 0.986453 0.160889
    outer loop
      vertex 63.3057 20.4932 13.2784
      vertex 61.0356 20.4846 12.8795
      vertex 63.295 20.4846 13.329
    endloop
  endfacet
  facet normal -0.0320915 0.986373 0.161364
    outer loop
      vertex 61.045 20.4932 12.8288
      vertex 61.0356 20.4846 12.8795
      vertex 63.3057 20.4932 13.2784
    endloop
  endfacet
  facet normal -0.0443977 0.973753 0.223234
    outer loop
      vertex 63.295 20.4846 13.329
      vertex 61.0263 20.4727 12.9297
      vertex 63.2844 20.4727 13.3788
    endloop
  endfacet
  facet normal -0.0442967 0.97389 0.222656
    outer loop
      vertex 61.0356 20.4846 12.8795
      vertex 61.0263 20.4727 12.9297
      vertex 63.295 20.4846 13.329
    endloop
  endfacet
  facet normal -0.0562928 0.957468 0.282994
    outer loop
      vertex 63.2844 20.4727 13.3788
      vertex 61.0172 20.4576 12.9789
      vertex 63.2739 20.4576 13.4278
    endloop
  endfacet
  facet normal -0.0563627 0.957346 0.283395
    outer loop
      vertex 61.0263 20.4727 12.9297
      vertex 61.0172 20.4576 12.9789
      vertex 63.2844 20.4727 13.3788
    endloop
  endfacet
  facet normal -0.0688575 0.935657 0.346129
    outer loop
      vertex 63.2739 20.4576 13.4278
      vertex 61.0083 20.4391 13.0271
      vertex 63.2638 20.4391 13.4758
    endloop
  endfacet
  facet normal -0.0688985 0.935566 0.346365
    outer loop
      vertex 61.0172 20.4576 12.9789
      vertex 61.0083 20.4391 13.0271
      vertex 63.2739 20.4576 13.4278
    endloop
  endfacet
  facet normal -0.0805406 0.910809 0.404894
    outer loop
      vertex 63.2638 20.4391 13.4758
      vertex 60.9996 20.4175 13.074
      vertex 63.2538 20.4175 13.5224
    endloop
  endfacet
  facet normal -0.0804909 0.910942 0.404607
    outer loop
      vertex 61.0083 20.4391 13.0271
      vertex 60.9996 20.4175 13.074
      vertex 63.2638 20.4391 13.4758
    endloop
  endfacet
  facet normal -0.092143 0.881395 0.463306
    outer loop
      vertex 63.2538 20.4175 13.5224
      vertex 60.9912 20.3928 13.1194
      vertex 63.2443 20.3928 13.5675
    endloop
  endfacet
  facet normal -0.0920355 0.881734 0.462681
    outer loop
      vertex 60.9996 20.4175 13.074
      vertex 60.9912 20.3928 13.1194
      vertex 63.2538 20.4175 13.5224
    endloop
  endfacet
  facet normal -0.102857 0.849703 0.517132
    outer loop
      vertex 63.2443 20.3928 13.5675
      vertex 60.9831 20.3652 13.1631
      vertex 63.235 20.3652 13.611
    endloop
  endfacet
  facet normal -0.102912 0.849501 0.517452
    outer loop
      vertex 60.9912 20.3928 13.1194
      vertex 60.9831 20.3652 13.1631
      vertex 63.2443 20.3928 13.5675
    endloop
  endfacet
  facet normal -0.113559 0.813189 0.570814
    outer loop
      vertex 63.235 20.3652 13.611
      vertex 60.9753 20.3347 13.2049
      vertex 63.2262 20.3347 13.6527
    endloop
  endfacet
  facet normal -0.113706 0.81256 0.571679
    outer loop
      vertex 60.9831 20.3652 13.1631
      vertex 60.9753 20.3347 13.2049
      vertex 63.235 20.3652 13.611
    endloop
  endfacet
  facet normal -0.123861 0.772587 0.62271
    outer loop
      vertex 63.2262 20.3347 13.6527
      vertex 60.9679 20.3015 13.2447
      vertex 63.2177 20.3015 13.6922
    endloop
  endfacet
  facet normal -0.123737 0.773199 0.621974
    outer loop
      vertex 60.9753 20.3347 13.2049
      vertex 60.9679 20.3015 13.2447
      vertex 63.2262 20.3347 13.6527
    endloop
  endfacet
  facet normal -0.133359 0.729858 0.670465
    outer loop
      vertex 63.2177 20.3015 13.6922
      vertex 60.961 20.2657 13.2823
      vertex 63.2098 20.2657 13.7296
    endloop
  endfacet
  facet normal -0.133358 0.729867 0.670454
    outer loop
      vertex 60.9679 20.3015 13.2447
      vertex 60.961 20.2657 13.2823
      vertex 63.2177 20.3015 13.6922
    endloop
  endfacet
  facet normal -0.142392 0.68352 0.715908
    outer loop
      vertex 63.2098 20.2657 13.7296
      vertex 60.9545 20.2275 13.3175
      vertex 63.2024 20.2275 13.7646
    endloop
  endfacet
  facet normal -0.14236 0.68373 0.715714
    outer loop
      vertex 60.961 20.2657 13.2823
      vertex 60.9545 20.2275 13.3175
      vertex 63.2098 20.2657 13.7296
    endloop
  endfacet
  facet normal -0.150844 0.634213 0.758301
    outer loop
      vertex 63.2024 20.2275 13.7646
      vertex 60.9484 20.187 13.3501
      vertex 63.1955 20.187 13.7971
    endloop
  endfacet
  facet normal -0.15093 0.63355 0.758838
    outer loop
      vertex 60.9545 20.2275 13.3175
      vertex 60.9484 20.187 13.3501
      vertex 63.2024 20.2275 13.7646
    endloop
  endfacet
  facet normal -0.158536 0.582742 0.797044
    outer loop
      vertex 63.1955 20.187 13.7971
      vertex 60.9428 20.1445 13.3801
      vertex 63.1891 20.1445 13.8269
    endloop
  endfacet
  facet normal -0.158479 0.583248 0.796685
    outer loop
      vertex 60.9484 20.187 13.3501
      vertex 60.9428 20.1445 13.3801
      vertex 63.1955 20.187 13.7971
    endloop
  endfacet
  facet normal -0.165647 0.528335 0.83272
    outer loop
      vertex 63.1891 20.1445 13.8269
      vertex 60.9378 20.1 13.4073
      vertex 63.1834 20.1 13.854
    endloop
  endfacet
  facet normal -0.165697 0.527805 0.833046
    outer loop
      vertex 60.9428 20.1445 13.3801
      vertex 60.9378 20.1 13.4073
      vertex 63.1891 20.1445 13.8269
    endloop
  endfacet
  facet normal -0.172107 0.470758 0.865313
    outer loop
      vertex 63.1834 20.1 13.854
      vertex 60.9333 20.0538 13.4316
      vertex 63.1782 20.0538 13.8781
    endloop
  endfacet
  facet normal -0.172037 0.471643 0.864845
    outer loop
      vertex 60.9378 20.1 13.4073
      vertex 60.9333 20.0538 13.4316
      vertex 63.1834 20.1 13.854
    endloop
  endfacet
  facet normal -0.17775 0.412071 0.893646
    outer loop
      vertex 63.1782 20.0538 13.8781
      vertex 60.9294 20.0061 13.4528
      vertex 63.1737 20.0061 13.8992
    endloop
  endfacet
  facet normal -0.177769 0.41177 0.89378
    outer loop
      vertex 60.9333 20.0538 13.4316
      vertex 60.9294 20.0061 13.4528
      vertex 63.1782 20.0538 13.8781
    endloop
  endfacet
  facet normal -0.183368 0.354069 0.917067
    outer loop
      vertex 63.1737 20.0061 13.8992
      vertex 63.1329 19.9772 13.9022
      vertex 63.1714 19.9759 13.9104
    endloop
  endfacet
  facet normal -0.182484 0.352887 0.917699
    outer loop
      vertex 63.1329 19.9772 13.9022
      vertex 63.1737 20.0061 13.8992
      vertex 61.8482 19.9773 13.6467
    endloop
  endfacet
  facet normal -0.182383 0.354904 0.91694
    outer loop
      vertex 60.9294 20.0061 13.4528
      vertex 61.8482 19.9773 13.6467
      vertex 63.1737 20.0061 13.8992
    endloop
  endfacet
  facet normal -0.182343 0.355275 0.916805
    outer loop
      vertex 61.8482 19.9773 13.6467
      vertex 60.9294 20.0061 13.4528
      vertex 60.9658 19.9773 13.4712
    endloop
  endfacet
  facet normal -0.184379 0.353003 0.917275
    outer loop
      vertex 60.9658 19.9773 13.4712
      vertex 60.9294 20.0061 13.4528
      vertex 60.9273 19.9759 13.464
    endloop
  endfacet
  facet normal -0.190246 -0.228978 0.95466
    outer loop
      vertex 63.1329 1.11651 13.9022
      vertex 63.1717 1.11179 13.9088
      vertex 63.1714 1.11871 13.9104
    endloop
  endfacet
  facet normal -0.190019 -0.226086 0.955394
    outer loop
      vertex 61.0378 1.11649 13.4855
      vertex 63.1717 1.11179 13.9088
      vertex 63.1329 1.11651 13.9022
    endloop
  endfacet
  facet normal -0.189451 -0.238875 0.95239
    outer loop
      vertex 63.1717 1.11179 13.9088
      vertex 61.0378 1.11649 13.4855
      vertex 60.9276 1.11179 13.4624
    endloop
  endfacet
  facet normal -0.188849 -0.245411 0.950847
    outer loop
      vertex 60.9658 1.11649 13.4712
      vertex 60.9276 1.11179 13.4624
      vertex 61.0378 1.11649 13.4855
    endloop
  endfacet
  facet normal -0.191576 -0.229603 0.954244
    outer loop
      vertex 60.9276 1.11179 13.4624
      vertex 60.9658 1.11649 13.4712
      vertex 60.9273 1.11869 13.464
    endloop
  endfacet
  facet normal -0.186672 -0.290458 0.938503
    outer loop
      vertex 63.1717 1.11179 13.9088
      vertex 60.9328 1.01785 13.4344
      vertex 63.1776 1.01785 13.8809
    endloop
  endfacet
  facet normal -0.186709 -0.290099 0.938607
    outer loop
      vertex 63.1717 1.11179 13.9088
      vertex 60.9276 1.11179 13.4624
      vertex 60.9328 1.01785 13.4344
    endloop
  endfacet
  facet normal -0.182602 -0.352052 0.917996
    outer loop
      vertex 63.1776 1.01785 13.8809
      vertex 60.9391 0.92598 13.4004
      vertex 63.1848 0.92598 13.8471
    endloop
  endfacet
  facet normal -0.18258 -0.352235 0.91793
    outer loop
      vertex 63.1776 1.01785 13.8809
      vertex 60.9328 1.01785 13.4344
      vertex 60.9391 0.92598 13.4004
    endloop
  endfacet
  facet normal -0.177724 -0.412456 0.893473
    outer loop
      vertex 63.1848 0.92598 13.8471
      vertex 60.9465 0.836578 13.3606
      vertex 63.1932 0.836578 13.8075
    endloop
  endfacet
  facet normal -0.177723 -0.412465 0.893469
    outer loop
      vertex 63.1848 0.92598 13.8471
      vertex 60.9391 0.92598 13.4004
      vertex 60.9465 0.836578 13.3606
    endloop
  endfacet
  facet normal -0.171997 -0.471753 0.864792
    outer loop
      vertex 63.1932 0.836578 13.8075
      vertex 60.9549 0.75 13.3151
      vertex 63.2029 0.75 13.7622
    endloop
  endfacet
  facet normal -0.172066 -0.471298 0.865027
    outer loop
      vertex 63.1932 0.836578 13.8075
      vertex 60.9465 0.836578 13.3606
      vertex 60.9549 0.75 13.3151
    endloop
  endfacet
  facet normal -0.165678 -0.52797 0.832946
    outer loop
      vertex 63.2029 0.75 13.7622
      vertex 60.9643 0.666656 13.2641
      vertex 63.2136 0.666656 13.7115
    endloop
  endfacet
  facet normal -0.165627 -0.528268 0.832767
    outer loop
      vertex 63.2029 0.75 13.7622
      vertex 60.9549 0.75 13.3151
      vertex 60.9643 0.666656 13.2641
    endloop
  endfacet
  facet normal -0.158607 -0.582291 0.797359
    outer loop
      vertex 63.2136 0.666656 13.7115
      vertex 60.9748 0.586868 13.2079
      vertex 63.2255 0.586868 13.6556
    endloop
  endfacet
  facet normal -0.15858 -0.582433 0.797261
    outer loop
      vertex 63.2136 0.666656 13.7115
      vertex 60.9643 0.666656 13.2641
      vertex 60.9748 0.586868 13.2079
    endloop
  endfacet
  facet normal -0.150806 -0.63434 0.758202
    outer loop
      vertex 63.2255 0.586868 13.6556
      vertex 60.9861 0.510986 13.1467
      vertex 63.2385 0.510986 13.5947
    endloop
  endfacet
  facet normal -0.150854 -0.634112 0.758383
    outer loop
      vertex 63.2255 0.586868 13.6556
      vertex 60.9748 0.586868 13.2079
      vertex 60.9861 0.510986 13.1467
    endloop
  endfacet
  facet normal -0.142446 -0.683338 0.716072
    outer loop
      vertex 63.2385 0.510986 13.5947
      vertex 60.9983 0.439346 13.0807
      vertex 63.2524 0.439346 13.5291
    endloop
  endfacet
  facet normal -0.142367 -0.683667 0.715773
    outer loop
      vertex 63.2385 0.510986 13.5947
      vertex 60.9861 0.510986 13.1467
      vertex 60.9983 0.439346 13.0807
    endloop
  endfacet
  facet normal -0.133329 -0.729985 0.670332
    outer loop
      vertex 63.2524 0.439346 13.5291
      vertex 61.0114 0.372253 13.0103
      vertex 63.2673 0.372253 13.459
    endloop
  endfacet
  facet normal -0.133403 -0.729714 0.670613
    outer loop
      vertex 63.2524 0.439346 13.5291
      vertex 60.9983 0.439346 13.0807
      vertex 61.0114 0.372253 13.0103
    endloop
  endfacet
  facet normal -0.123778 -0.772925 0.622307
    outer loop
      vertex 63.2673 0.372253 13.459
      vertex 61.0252 0.309982 12.9357
      vertex 63.2831 0.309982 13.3848
    endloop
  endfacet
  facet normal -0.123775 -0.772934 0.622296
    outer loop
      vertex 63.2673 0.372253 13.459
      vertex 61.0114 0.372253 13.0103
      vertex 61.0252 0.309982 12.9357
    endloop
  endfacet
  facet normal -0.113582 -0.813025 0.571043
    outer loop
      vertex 63.2831 0.309982 13.3848
      vertex 61.0398 0.252808 12.8572
      vertex 63.2997 0.252808 13.3067
    endloop
  endfacet
  facet normal -0.113579 -0.813032 0.571033
    outer loop
      vertex 63.2831 0.309982 13.3848
      vertex 61.0252 0.309982 12.9357
      vertex 61.0398 0.252808 12.8572
    endloop
  endfacet
  facet normal -0.10305 -0.849069 0.518134
    outer loop
      vertex 63.2997 0.252808 13.3067
      vertex 61.0549 0.200974 12.7753
      vertex 63.317 0.200974 13.2252
    endloop
  endfacet
  facet normal -0.103091 -0.848964 0.518297
    outer loop
      vertex 63.2997 0.252808 13.3067
      vertex 61.0398 0.252808 12.8572
      vertex 61.0549 0.200974 12.7753
    endloop
  endfacet
  facet normal -0.0919652 -0.881922 0.462337
    outer loop
      vertex 63.317 0.200974 13.2252
      vertex 61.0707 0.154694 12.6901
      vertex 63.335 0.154694 13.1405
    endloop
  endfacet
  facet normal -0.0919024 -0.882061 0.462086
    outer loop
      vertex 63.317 0.200974 13.2252
      vertex 61.0549 0.200974 12.7753
      vertex 61.0707 0.154694 12.6901
    endloop
  endfacet
  facet normal -0.0805697 -0.910755 0.405011
    outer loop
      vertex 63.335 0.154694 13.1405
      vertex 61.087 0.114182 12.6022
      vertex 63.3536 0.114182 13.0531
    endloop
  endfacet
  facet normal -0.0805312 -0.910828 0.404855
    outer loop
      vertex 63.335 0.154694 13.1405
      vertex 61.0707 0.154694 12.6901
      vertex 61.087 0.114182 12.6022
    endloop
  endfacet
  facet normal -0.068699 -0.935944 0.345383
    outer loop
      vertex 63.3536 0.114182 13.0531
      vertex 61.1038 0.0796051 12.5119
      vertex 63.3727 0.0796051 12.9632
    endloop
  endfacet
  facet normal -0.0687444 -0.935873 0.345567
    outer loop
      vertex 63.3536 0.114182 13.0531
      vertex 61.087 0.114182 12.6022
      vertex 61.1038 0.0796051 12.5119
    endloop
  endfacet
  facet normal -0.0566189 -0.956962 0.284636
    outer loop
      vertex 63.3727 0.0796051 12.9632
      vertex 61.1209 0.0511169 12.4195
      vertex 63.3922 0.0511169 12.8713
    endloop
  endfacet
  facet normal -0.056604 -0.956981 0.284575
    outer loop
      vertex 63.3727 0.0796051 12.9632
      vertex 61.1038 0.0796051 12.5119
      vertex 61.1209 0.0511169 12.4195
    endloop
  endfacet
  facet normal -0.044312 -0.973865 0.222765
    outer loop
      vertex 63.3922 0.0511169 12.8713
      vertex 61.1383 0.0288239 12.3255
      vertex 63.4121 0.0288239 12.7778
    endloop
  endfacet
  facet normal -0.0443106 -0.973866 0.222759
    outer loop
      vertex 63.3922 0.0511169 12.8713
      vertex 61.1209 0.0511169 12.4195
      vertex 61.1383 0.0288239 12.3255
    endloop
  endfacet
  facet normal -0.0317687 -0.986653 0.159707
    outer loop
      vertex 63.4121 0.0288239 12.7778
      vertex 61.1559 0.0128479 12.2303
      vertex 63.4322 0.0128479 12.6831
    endloop
  endfacet
  facet normal -0.0317677 -0.986654 0.159702
    outer loop
      vertex 63.4121 0.0288239 12.7778
      vertex 61.1383 0.0288239 12.3255
      vertex 61.1559 0.0128479 12.2303
    endloop
  endfacet
  facet normal -0.019121 -0.995183 0.0961491
    outer loop
      vertex 63.4322 0.0128479 12.6831
      vertex 61.1737 0.0032196 12.1343
      vertex 63.4526 0.0032196 12.5875
    endloop
  endfacet
  facet normal -0.019148 -0.995172 0.0962602
    outer loop
      vertex 63.4322 0.0128479 12.6831
      vertex 61.1559 0.0128479 12.2303
      vertex 61.1737 0.0032196 12.1343
    endloop
  endfacet
  facet normal -0.00639929 -0.999462 0.032175
    outer loop
      vertex 63.4526 0.0032196 12.5875
      vertex 61.2023 1.52588e-05 12.0404
      vertex 63.4729 1.52588e-05 12.492
    endloop
  endfacet
  facet normal -0.00639535 -0.999462 0.0321588
    outer loop
      vertex 61.1737 0.0032196 12.1343
      vertex 61.2023 1.52588e-05 12.0404
      vertex 63.4526 0.0032196 12.5875
    endloop
  endfacet
  facet normal -0.00626105 -0.999462 0.0321997
    outer loop
      vertex 61.2023 1.52588e-05 12.0404
      vertex 61.1737 0.0032196 12.1343
      vertex 61.1915 1.52588e-05 12.0383
    endloop
  endfacet
  facet normal -0.00550252 0.999472 0.0320288
    outer loop
      vertex 61.0641 20.5 12.7261
      vertex 58.7815 20.4983 12.387
      vertex 61.0545 20.4983 12.7775
    endloop
  endfacet
  facet normal -0.00549718 0.999473 0.0319928
    outer loop
      vertex 58.7897 20.5 12.3353
      vertex 58.7815 20.4983 12.387
      vertex 61.0641 20.5 12.7261
    endloop
  endfacet
  facet normal -0.0164801 0.995255 0.0958917
    outer loop
      vertex 61.0545 20.4983 12.7775
      vertex 58.7734 20.4932 12.4384
      vertex 61.045 20.4932 12.8288
    endloop
  endfacet
  facet normal -0.0165177 0.99523 0.0961455
    outer loop
      vertex 58.7815 20.4983 12.387
      vertex 58.7734 20.4932 12.4384
      vertex 61.0545 20.4983 12.7775
    endloop
  endfacet
  facet normal -0.0278615 0.986373 0.162148
    outer loop
      vertex 61.045 20.4932 12.8288
      vertex 58.7653 20.4846 12.4894
      vertex 61.0356 20.4846 12.8795
    endloop
  endfacet
  facet normal -0.0278272 0.986412 0.161917
    outer loop
      vertex 58.7734 20.4932 12.4384
      vertex 58.7653 20.4846 12.4894
      vertex 61.045 20.4932 12.8288
    endloop
  endfacet
  facet normal -0.038447 0.97389 0.22374
    outer loop
      vertex 61.0356 20.4846 12.8795
      vertex 58.7573 20.4727 12.5398
      vertex 61.0263 20.4727 12.9297
    endloop
  endfacet
  facet normal -0.0384612 0.973868 0.223836
    outer loop
      vertex 58.7653 20.4846 12.4894
      vertex 58.7573 20.4727 12.5398
      vertex 61.0356 20.4846 12.8795
    endloop
  endfacet
  facet normal -0.0489247 0.957346 0.284771
    outer loop
      vertex 61.0263 20.4727 12.9297
      vertex 58.7495 20.4576 12.5893
      vertex 61.0172 20.4576 12.9789
    endloop
  endfacet
  facet normal -0.0488665 0.957467 0.284376
    outer loop
      vertex 58.7573 20.4727 12.5398
      vertex 58.7495 20.4576 12.5893
      vertex 61.0263 20.4727 12.9297
    endloop
  endfacet
  facet normal -0.0597967 0.935568 0.348046
    outer loop
      vertex 61.0172 20.4576 12.9789
      vertex 58.7418 20.4391 12.6377
      vertex 61.0083 20.4391 13.0271
    endloop
  endfacet
  facet normal -0.0598023 0.935554 0.348084
    outer loop
      vertex 58.7495 20.4576 12.5893
      vertex 58.7418 20.4391 12.6377
      vertex 61.0172 20.4576 12.9789
    endloop
  endfacet
  facet normal -0.0698543 0.910941 0.40658
    outer loop
      vertex 61.0083 20.4391 13.0271
      vertex 58.7343 20.4175 12.6848
      vertex 60.9996 20.4175 13.074
    endloop
  endfacet
  facet normal -0.0698606 0.910921 0.406623
    outer loop
      vertex 58.7418 20.4391 12.6377
      vertex 58.7343 20.4175 12.6848
      vertex 61.0083 20.4391 13.0271
    endloop
  endfacet
  facet normal -0.0799008 0.881736 0.464928
    outer loop
      vertex 60.9996 20.4175 13.074
      vertex 58.7271 20.3928 12.7303
      vertex 60.9912 20.3928 13.1194
    endloop
  endfacet
  facet normal -0.0800206 0.88129 0.465752
    outer loop
      vertex 58.7343 20.4175 12.6848
      vertex 58.7271 20.3928 12.7303
      vertex 60.9996 20.4175 13.074
    endloop
  endfacet
  facet normal -0.0893382 0.849501 0.519968
    outer loop
      vertex 60.9912 20.3928 13.1194
      vertex 58.7202 20.3652 12.7743
      vertex 60.9831 20.3652 13.1631
    endloop
  endfacet
  facet normal -0.0892252 0.849992 0.519185
    outer loop
      vertex 58.7271 20.3928 12.7303
      vertex 58.7202 20.3652 12.7743
      vertex 60.9912 20.3928 13.1194
    endloop
  endfacet
  facet normal -0.0987002 0.812551 0.574473
    outer loop
      vertex 60.9831 20.3652 13.1631
      vertex 58.7135 20.3347 12.8163
      vertex 60.9753 20.3347 13.2049
    endloop
  endfacet
  facet normal -0.0986863 0.812622 0.574375
    outer loop
      vertex 58.7202 20.3652 12.7743
      vertex 58.7135 20.3347 12.8163
      vertex 60.9831 20.3652 13.1631
    endloop
  endfacet
  facet normal -0.10738 0.773195 0.625011
    outer loop
      vertex 60.9753 20.3347 13.2049
      vertex 58.7072 20.3015 12.8563
      vertex 60.9679 20.3015 13.2447
    endloop
  endfacet
  facet normal -0.107366 0.773278 0.624911
    outer loop
      vertex 58.7135 20.3347 12.8163
      vertex 58.7072 20.3015 12.8563
      vertex 60.9753 20.3347 13.2049
    endloop
  endfacet
  facet normal -0.115761 0.729883 0.673699
    outer loop
      vertex 60.9679 20.3015 13.2447
      vertex 58.7012 20.2657 12.894
      vertex 60.961 20.2657 13.2823
    endloop
  endfacet
  facet normal -0.115832 0.729402 0.674207
    outer loop
      vertex 58.7072 20.3015 12.8563
      vertex 58.7012 20.2657 12.894
      vertex 60.9679 20.3015 13.2447
    endloop
  endfacet
  facet normal -0.123595 0.683736 0.719186
    outer loop
      vertex 60.961 20.2657 13.2823
      vertex 58.6956 20.2275 12.9293
      vertex 60.9545 20.2275 13.3175
    endloop
  endfacet
  facet normal -0.123665 0.683188 0.719695
    outer loop
      vertex 58.7012 20.2657 12.894
      vertex 58.6956 20.2275 12.9293
      vertex 60.961 20.2657 13.2823
    endloop
  endfacet
  facet normal -0.130997 0.633533 0.762546
    outer loop
      vertex 60.9545 20.2275 13.3175
      vertex 58.6904 20.187 12.9622
      vertex 60.9484 20.187 13.3501
    endloop
  endfacet
  facet normal -0.130818 0.635167 0.761216
    outer loop
      vertex 58.6956 20.2275 12.9293
      vertex 58.6904 20.187 12.9622
      vertex 60.9545 20.2275 13.3175
    endloop
  endfacet
  facet normal -0.137543 0.583235 0.800574
    outer loop
      vertex 60.9484 20.187 13.3501
      vertex 58.6856 20.1445 12.9923
      vertex 60.9428 20.1445 13.3801
    endloop
  endfacet
  facet normal -0.137587 0.582769 0.800906
    outer loop
      vertex 58.6904 20.187 12.9622
      vertex 58.6856 20.1445 12.9923
      vertex 60.9484 20.187 13.3501
    endloop
  endfacet
  facet normal -0.143825 0.52782 0.837091
    outer loop
      vertex 60.9428 20.1445 13.3801
      vertex 58.6813 20.1 13.0196
      vertex 60.9378 20.1 13.4073
    endloop
  endfacet
  facet normal -0.143846 0.527545 0.83726
    outer loop
      vertex 58.6856 20.1445 12.9923
      vertex 58.6813 20.1 13.0196
      vertex 60.9428 20.1445 13.3801
    endloop
  endfacet
  facet normal -0.149361 0.471644 0.869047
    outer loop
      vertex 60.9378 20.1 13.4073
      vertex 58.6775 20.0538 13.0439
      vertex 60.9333 20.0538 13.4316
    endloop
  endfacet
  facet normal -0.149476 0.469882 0.869981
    outer loop
      vertex 58.6813 20.1 13.0196
      vertex 58.6775 20.0538 13.0439
      vertex 60.9378 20.1 13.4073
    endloop
  endfacet
  facet normal -0.154313 0.411782 0.898122
    outer loop
      vertex 60.9333 20.0538 13.4316
      vertex 58.6741 20.0061 13.0653
      vertex 60.9294 20.0061 13.4528
    endloop
  endfacet
  facet normal -0.15422 0.413563 0.897319
    outer loop
      vertex 58.6775 20.0538 13.0439
      vertex 58.6741 20.0061 13.0653
      vertex 60.9333 20.0538 13.4316
    endloop
  endfacet
  facet normal -0.158775 0.352995 0.922055
    outer loop
      vertex 60.9294 20.0061 13.4528
      vertex 60.8886 19.9773 13.4568
      vertex 60.9273 19.9759 13.464
    endloop
  endfacet
  facet normal -0.158409 0.352511 0.922303
    outer loop
      vertex 60.8886 19.9773 13.4568
      vertex 60.9294 20.0061 13.4528
      vertex 59.5978 19.9773 13.2351
    endloop
  endfacet
  facet normal -0.158315 0.354877 0.921411
    outer loop
      vertex 58.6741 20.0061 13.0653
      vertex 59.5978 19.9773 13.2351
      vertex 60.9294 20.0061 13.4528
    endloop
  endfacet
  facet normal -0.158367 0.354347 0.921606
    outer loop
      vertex 59.5978 19.9773 13.2351
      vertex 58.6741 20.0061 13.0653
      vertex 58.7115 19.9773 13.0828
    endloop
  endfacet
  facet normal -0.160774 0.351605 0.922239
    outer loop
      vertex 58.7115 19.9773 13.0828
      vertex 58.6741 20.0061 13.0653
      vertex 58.6723 19.9759 13.0765
    endloop
  endfacet
  facet normal -0.165391 -0.229598 0.95913
    outer loop
      vertex 60.8886 1.11649 13.4568
      vertex 60.9276 1.11179 13.4624
      vertex 60.9273 1.11869 13.464
    endloop
  endfacet
  facet normal -0.164989 -0.224834 0.960327
    outer loop
      vertex 58.7833 1.11649 13.0951
      vertex 60.9276 1.11179 13.4624
      vertex 60.8886 1.11649 13.4568
    endloop
  endfacet
  facet normal -0.164545 -0.236531 0.95759
    outer loop
      vertex 60.9276 1.11179 13.4624
      vertex 58.7833 1.11649 13.0951
      vertex 58.6725 1.11179 13.0749
    endloop
  endfacet
  facet normal -0.163589 -0.247662 0.954936
    outer loop
      vertex 58.7115 1.11649 13.0828
      vertex 58.6725 1.11179 13.0749
      vertex 58.7833 1.11649 13.0951
    endloop
  endfacet
  facet normal -0.166998 -0.226997 0.959471
    outer loop
      vertex 58.6725 1.11179 13.0749
      vertex 58.7115 1.11649 13.0828
      vertex 58.6723 1.1187 13.0765
    endloop
  endfacet
  facet normal -0.16206 -0.290096 0.943176
    outer loop
      vertex 60.9276 1.11179 13.4624
      vertex 58.677 1.01785 13.0468
      vertex 60.9328 1.01785 13.4344
    endloop
  endfacet
  facet normal -0.162078 -0.28991 0.94323
    outer loop
      vertex 60.9276 1.11179 13.4624
      vertex 58.6725 1.11179 13.0749
      vertex 58.677 1.01785 13.0468
    endloop
  endfacet
  facet normal -0.158468 -0.352236 0.922398
    outer loop
      vertex 60.9328 1.01785 13.4344
      vertex 58.6824 0.92598 13.0127
      vertex 60.9391 0.92598 13.4004
    endloop
  endfacet
  facet normal -0.15852 -0.351755 0.922572
    outer loop
      vertex 60.9328 1.01785 13.4344
      vertex 58.677 1.01785 13.0468
      vertex 58.6824 0.92598 13.0127
    endloop
  endfacet
  facet normal -0.154288 -0.41246 0.897815
    outer loop
      vertex 60.9391 0.92598 13.4004
      vertex 58.6887 0.836578 12.9726
      vertex 60.9465 0.836578 13.3606
    endloop
  endfacet
  facet normal -0.154174 -0.413385 0.897409
    outer loop
      vertex 60.9391 0.92598 13.4004
      vertex 58.6824 0.92598 13.0127
      vertex 58.6887 0.836578 12.9726
    endloop
  endfacet
  facet normal -0.14938 -0.471305 0.869228
    outer loop
      vertex 60.9465 0.836578 13.3606
      vertex 58.696 0.75 12.9269
      vertex 60.9549 0.75 13.3151
    endloop
  endfacet
  facet normal -0.149368 -0.471391 0.869183
    outer loop
      vertex 60.9465 0.836578 13.3606
      vertex 58.6887 0.836578 12.9726
      vertex 58.696 0.75 12.9269
    endloop
  endfacet
  facet normal -0.143763 -0.528278 0.836812
    outer loop
      vertex 60.9549 0.75 13.3151
      vertex 58.7041 0.666656 12.8758
      vertex 60.9643 0.666656 13.2641
    endloop
  endfacet
  facet normal -0.143902 -0.527384 0.837352
    outer loop
      vertex 60.9549 0.75 13.3151
      vertex 58.696 0.75 12.9269
      vertex 58.7041 0.666656 12.8758
    endloop
  endfacet
  facet normal -0.137646 -0.582418 0.801151
    outer loop
      vertex 60.9643 0.666656 13.2641
      vertex 58.713 0.586868 12.8193
      vertex 60.9748 0.586868 13.2079
    endloop
  endfacet
  facet normal -0.137617 -0.582585 0.801035
    outer loop
      vertex 60.9643 0.666656 13.2641
      vertex 58.7041 0.666656 12.8758
      vertex 58.713 0.586868 12.8193
    endloop
  endfacet
  facet normal -0.130945 -0.634119 0.762067
    outer loop
      vertex 60.9748 0.586868 13.2079
      vertex 58.7228 0.510986 12.7578
      vertex 60.9861 0.510986 13.1467
    endloop
  endfacet
  facet normal -0.130896 -0.634373 0.761865
    outer loop
      vertex 60.9748 0.586868 13.2079
      vertex 58.713 0.586868 12.8193
      vertex 58.7228 0.510986 12.7578
    endloop
  endfacet
  facet normal -0.12359 -0.683671 0.719249
    outer loop
      vertex 60.9861 0.510986 13.1467
      vertex 58.7333 0.439346 12.6915
      vertex 60.9983 0.439346 13.0807
    endloop
  endfacet
  facet normal -0.123581 -0.683714 0.71921
    outer loop
      vertex 60.9861 0.510986 13.1467
      vertex 58.7228 0.510986 12.7578
      vertex 58.7333 0.439346 12.6915
    endloop
  endfacet
  facet normal -0.115816 -0.729708 0.673879
    outer loop
      vertex 60.9983 0.439346 13.0807
      vertex 58.7445 0.372253 12.6207
      vertex 61.0114 0.372253 13.0103
    endloop
  endfacet
  facet normal -0.115732 -0.730053 0.67352
    outer loop
      vertex 60.9983 0.439346 13.0807
      vertex 58.7333 0.439346 12.6915
      vertex 58.7445 0.372253 12.6207
    endloop
  endfacet
  facet normal -0.107462 -0.772937 0.625316
    outer loop
      vertex 61.0114 0.372253 13.0103
      vertex 58.7564 0.309982 12.5458
      vertex 61.0252 0.309982 12.9357
    endloop
  endfacet
  facet normal -0.107492 -0.77283 0.625444
    outer loop
      vertex 61.0114 0.372253 13.0103
      vertex 58.7445 0.372253 12.6207
      vertex 58.7564 0.309982 12.5458
    endloop
  endfacet
  facet normal -0.0985923 -0.813028 0.573817
    outer loop
      vertex 61.0252 0.309982 12.9357
      vertex 58.7688 0.252808 12.467
      vertex 61.0398 0.252808 12.8572
    endloop
  endfacet
  facet normal -0.0986743 -0.812762 0.574179
    outer loop
      vertex 61.0252 0.309982 12.9357
      vertex 58.7564 0.309982 12.5458
      vertex 58.7688 0.252808 12.467
    endloop
  endfacet
  facet normal -0.0894973 -0.84897 0.520807
    outer loop
      vertex 61.0398 0.252808 12.8572
      vertex 58.7819 0.200974 12.3847
      vertex 61.0549 0.200974 12.7753
    endloop
  endfacet
  facet normal -0.0894417 -0.849128 0.520559
    outer loop
      vertex 61.0398 0.252808 12.8572
      vertex 58.7688 0.252808 12.467
      vertex 58.7819 0.200974 12.3847
    endloop
  endfacet
  facet normal -0.0797734 -0.88206 0.464335
    outer loop
      vertex 61.0549 0.200974 12.7753
      vertex 58.7954 0.154694 12.2992
      vertex 61.0707 0.154694 12.6901
    endloop
  endfacet
  facet normal -0.0798595 -0.881848 0.464723
    outer loop
      vertex 61.0549 0.200974 12.7753
      vertex 58.7819 0.200974 12.3847
      vertex 58.7954 0.154694 12.2992
    endloop
  endfacet
  facet normal -0.0698945 -0.910827 0.406828
    outer loop
      vertex 61.0707 0.154694 12.6901
      vertex 58.8094 0.114182 12.2109
      vertex 61.087 0.114182 12.6022
    endloop
  endfacet
  facet normal -0.0698905 -0.910835 0.40681
    outer loop
      vertex 61.0707 0.154694 12.6901
      vertex 58.7954 0.154694 12.2992
      vertex 58.8094 0.114182 12.2109
    endloop
  endfacet
  facet normal -0.0596728 -0.935871 0.347254
    outer loop
      vertex 61.087 0.114182 12.6022
      vertex 58.8238 0.0796051 12.1201
      vertex 61.1038 0.0796051 12.5119
    endloop
  endfacet
  facet normal -0.0596107 -0.93598 0.34697
    outer loop
      vertex 61.087 0.114182 12.6022
      vertex 58.8094 0.114182 12.2109
      vertex 58.8238 0.0796051 12.1201
    endloop
  endfacet
  facet normal -0.0491379 -0.956982 0.285957
    outer loop
      vertex 61.1038 0.0796051 12.5119
      vertex 58.8385 0.0511169 12.0273
      vertex 61.1209 0.0511169 12.4195
    endloop
  endfacet
  facet normal -0.0491453 -0.956971 0.285991
    outer loop
      vertex 61.1038 0.0796051 12.5119
      vertex 58.8238 0.0796051 12.1201
      vertex 58.8385 0.0511169 12.0273
    endloop
  endfacet
  facet normal -0.0384614 -0.973866 0.223842
    outer loop
      vertex 61.1209 0.0511169 12.4195
      vertex 58.8534 0.0288239 11.9329
      vertex 61.1383 0.0288239 12.3255
    endloop
  endfacet
  facet normal -0.0384753 -0.973851 0.223907
    outer loop
      vertex 61.1209 0.0511169 12.4195
      vertex 58.8385 0.0511169 12.0273
      vertex 58.8534 0.0288239 11.9329
    endloop
  endfacet
  facet normal -0.0275731 -0.986654 0.160478
    outer loop
      vertex 61.1383 0.0288239 12.3255
      vertex 58.8686 0.0128479 11.8373
      vertex 61.1559 0.0128479 12.2303
    endloop
  endfacet
  facet normal -0.0275773 -0.986651 0.160497
    outer loop
      vertex 61.1383 0.0288239 12.3255
      vertex 58.8534 0.0288239 11.9329
      vertex 58.8686 0.0128479 11.8373
    endloop
  endfacet
  facet normal -0.0166227 -0.995172 0.0967284
    outer loop
      vertex 61.1559 0.0128479 12.2303
      vertex 58.8839 0.0032196 11.7408
      vertex 61.1737 0.0032196 12.1343
    endloop
  endfacet
  facet normal -0.0166081 -0.995179 0.0966609
    outer loop
      vertex 61.1559 0.0128479 12.2303
      vertex 58.8686 0.0128479 11.8373
      vertex 58.8839 0.0032196 11.7408
    endloop
  endfacet
  facet normal -0.00555631 -0.999462 0.0323304
    outer loop
      vertex 61.1737 0.0032196 12.1343
      vertex 58.91 1.52588e-05 11.6462
      vertex 61.1915 1.52588e-05 12.0383
    endloop
  endfacet
  facet normal -0.00555448 -0.999462 0.0323218
    outer loop
      vertex 58.8839 0.0032196 11.7408
      vertex 58.91 1.52588e-05 11.6462
      vertex 61.1737 0.0032196 12.1343
    endloop
  endfacet
  facet normal -0.005347 -0.999461 0.0323791
    outer loop
      vertex 58.91 1.52588e-05 11.6462
      vertex 58.8839 0.0032196 11.7408
      vertex 58.8991 1.52588e-05 11.6444
    endloop
  endfacet
  facet normal -0.00465896 0.999473 0.0321257
    outer loop
      vertex 58.7897 20.5 12.3353
      vertex 56.4991 20.4983 12.056
      vertex 58.7815 20.4983 12.387
    endloop
  endfacet
  facet normal -0.00465919 0.999473 0.0321276
    outer loop
      vertex 56.5059 20.5 12.0041
      vertex 56.4991 20.4983 12.056
      vertex 58.7897 20.5 12.3353
    endloop
  endfacet
  facet normal -0.0139962 0.99523 0.0965429
    outer loop
      vertex 58.7815 20.4983 12.387
      vertex 56.4923 20.4932 12.1077
      vertex 58.7734 20.4932 12.4384
    endloop
  endfacet
  facet normal -0.0139715 0.99525 0.0963399
    outer loop
      vertex 56.4991 20.4983 12.056
      vertex 56.4923 20.4932 12.1077
      vertex 58.7815 20.4983 12.387
    endloop
  endfacet
  facet normal -0.0235708 0.986412 0.162592
    outer loop
      vertex 58.7734 20.4932 12.4384
      vertex 56.4855 20.4846 12.1589
      vertex 58.7653 20.4846 12.4894
    endloop
  endfacet
  facet normal -0.0235666 0.986418 0.162557
    outer loop
      vertex 56.4923 20.4932 12.1077
      vertex 56.4855 20.4846 12.1589
      vertex 58.7734 20.4932 12.4384
    endloop
  endfacet
  facet normal -0.0325944 0.973867 0.224767
    outer loop
      vertex 58.7653 20.4846 12.4894
      vertex 56.4789 20.4727 12.2094
      vertex 58.7573 20.4727 12.5398
    endloop
  endfacet
  facet normal -0.0326463 0.973767 0.225195
    outer loop
      vertex 56.4855 20.4846 12.1589
      vertex 56.4789 20.4727 12.2094
      vertex 58.7653 20.4846 12.4894
    endloop
  endfacet
  facet normal -0.0414057 0.957468 0.285552
    outer loop
      vertex 58.7573 20.4727 12.5398
      vertex 56.4723 20.4576 12.2591
      vertex 58.7495 20.4576 12.5893
    endloop
  endfacet
  facet normal -0.0413895 0.957509 0.285417
    outer loop
      vertex 56.4789 20.4727 12.2094
      vertex 56.4723 20.4576 12.2591
      vertex 58.7573 20.4727 12.5398
    endloop
  endfacet
  facet normal -0.0506816 0.935552 0.349534
    outer loop
      vertex 58.7495 20.4576 12.5893
      vertex 56.4659 20.4391 12.3077
      vertex 58.7418 20.4391 12.6377
    endloop
  endfacet
  facet normal -0.0506731 0.935579 0.349463
    outer loop
      vertex 56.4723 20.4576 12.2591
      vertex 56.4659 20.4391 12.3077
      vertex 58.7495 20.4576 12.5893
    endloop
  endfacet
  facet normal -0.0592207 0.910918 0.408316
    outer loop
      vertex 58.7418 20.4391 12.6377
      vertex 56.4597 20.4175 12.3549
      vertex 58.7343 20.4175 12.6848
    endloop
  endfacet
  facet normal -0.0592955 0.910632 0.408941
    outer loop
      vertex 56.4659 20.4391 12.3077
      vertex 56.4597 20.4175 12.3549
      vertex 58.7418 20.4391 12.6377
    endloop
  endfacet
  facet normal -0.0678055 0.881291 0.467685
    outer loop
      vertex 58.7343 20.4175 12.6848
      vertex 56.4537 20.3928 12.4007
      vertex 58.7271 20.3928 12.7303
    endloop
  endfacet
  facet normal -0.0676885 0.881822 0.4667
    outer loop
      vertex 56.4597 20.4175 12.3549
      vertex 56.4537 20.3928 12.4007
      vertex 58.7343 20.4175 12.6848
    endloop
  endfacet
  facet normal -0.0755963 0.850001 0.521328
    outer loop
      vertex 58.7271 20.3928 12.7303
      vertex 56.4479 20.3652 12.4448
      vertex 58.7202 20.3652 12.7743
    endloop
  endfacet
  facet normal -0.0756552 0.849689 0.521828
    outer loop
      vertex 56.4537 20.3928 12.4007
      vertex 56.4479 20.3652 12.4448
      vertex 58.7271 20.3928 12.7303
    endloop
  endfacet
  facet normal -0.0836258 0.812614 0.576772
    outer loop
      vertex 58.7202 20.3652 12.7743
      vertex 56.4423 20.3347 12.487
      vertex 58.7135 20.3347 12.8163
    endloop
  endfacet
  facet normal -0.0835839 0.812874 0.576412
    outer loop
      vertex 56.4479 20.3652 12.4448
      vertex 56.4423 20.3347 12.487
      vertex 58.7202 20.3652 12.7743
    endloop
  endfacet
  facet normal -0.0909926 0.773285 0.627495
    outer loop
      vertex 58.7135 20.3347 12.8163
      vertex 56.437 20.3015 12.5271
      vertex 58.7072 20.3015 12.8563
    endloop
  endfacet
  facet normal -0.0910403 0.772943 0.62791
    outer loop
      vertex 56.4423 20.3347 12.487
      vertex 56.437 20.3015 12.5271
      vertex 58.7135 20.3347 12.8163
    endloop
  endfacet
  facet normal -0.0981568 0.729395 0.677014
    outer loop
      vertex 58.7072 20.3015 12.8563
      vertex 56.432 20.2657 12.565
      vertex 58.7012 20.2657 12.894
    endloop
  endfacet
  facet normal -0.0980985 0.729882 0.676498
    outer loop
      vertex 56.437 20.3015 12.5271
      vertex 56.432 20.2657 12.565
      vertex 58.7072 20.3015 12.8563
    endloop
  endfacet
  facet normal -0.104762 0.683185 0.722691
    outer loop
      vertex 58.7012 20.2657 12.894
      vertex 56.4274 20.2275 12.6005
      vertex 58.6956 20.2275 12.9293
    endloop
  endfacet
  facet normal -0.104705 0.68374 0.722175
    outer loop
      vertex 56.432 20.2657 12.565
      vertex 56.4274 20.2275 12.6005
      vertex 58.7012 20.2657 12.894
    endloop
  endfacet
  facet normal -0.110844 0.63517 0.764377
    outer loop
      vertex 58.6956 20.2275 12.9293
      vertex 56.423 20.187 12.6334
      vertex 58.6904 20.187 12.9622
    endloop
  endfacet
  facet normal -0.11096 0.633862 0.765446
    outer loop
      vertex 56.4274 20.2275 12.6005
      vertex 56.423 20.187 12.6334
      vertex 58.6956 20.2275 12.9293
    endloop
  endfacet
  facet normal -0.116634 0.582758 0.804232
    outer loop
      vertex 58.6904 20.187 12.9622
      vertex 56.4191 20.1445 12.6636
      vertex 58.6856 20.1445 12.9923
    endloop
  endfacet
  facet normal -0.116663 0.582377 0.804504
    outer loop
      vertex 56.423 20.187 12.6334
      vertex 56.4191 20.1445 12.6636
      vertex 58.6904 20.187 12.9622
    endloop
  endfacet
  facet normal -0.121927 0.527553 0.840727
    outer loop
      vertex 58.6856 20.1445 12.9923
      vertex 56.4155 20.1 12.691
      vertex 58.6813 20.1 13.0196
    endloop
  endfacet
  facet normal -0.121929 0.527533 0.840739
    outer loop
      vertex 56.4191 20.1445 12.6636
      vertex 56.4155 20.1 12.691
      vertex 58.6856 20.1445 12.9923
    endloop
  endfacet
  facet normal -0.126644 0.469901 0.873587
    outer loop
      vertex 58.6813 20.1 13.0196
      vertex 56.4122 20.0538 12.7155
      vertex 58.6775 20.0538 13.0439
    endloop
  endfacet
  facet normal -0.126548 0.471776 0.87259
    outer loop
      vertex 56.4155 20.1 12.691
      vertex 56.4122 20.0538 12.7155
      vertex 58.6813 20.1 13.0196
    endloop
  endfacet
  facet normal -0.13066 0.413559 0.901053
    outer loop
      vertex 58.6775 20.0538 13.0439
      vertex 56.4094 20.0061 12.7369
      vertex 58.6741 20.0061 13.0653
    endloop
  endfacet
  facet normal -0.130715 0.412196 0.90167
    outer loop
      vertex 56.4122 20.0538 12.7155
      vertex 56.4094 20.0061 12.7369
      vertex 58.6775 20.0538 13.0439
    endloop
  endfacet
  facet normal -0.131995 0.351583 0.926805
    outer loop
      vertex 58.6741 20.0061 13.0653
      vertex 58.6339 19.9773 13.0705
      vertex 58.6723 19.9759 13.0765
    endloop
  endfacet
  facet normal -0.134241 0.354462 0.925384
    outer loop
      vertex 58.6339 19.9773 13.0705
      vertex 58.6741 20.0061 13.0653
      vertex 57.3356 19.9772 12.8822
    endloop
  endfacet
  facet normal -0.134306 0.35232 0.926193
    outer loop
      vertex 56.4094 20.0061 12.7369
      vertex 57.3356 19.9772 12.8822
      vertex 58.6741 20.0061 13.0653
    endloop
  endfacet
  facet normal -0.134198 0.353527 0.925748
    outer loop
      vertex 57.3356 19.9772 12.8822
      vertex 56.4094 20.0061 12.7369
      vertex 56.4464 19.9772 12.7533
    endloop
  endfacet
  facet normal -0.135483 0.352088 0.926109
    outer loop
      vertex 56.4464 19.9772 12.7533
      vertex 56.4094 20.0061 12.7369
      vertex 56.4079 19.9758 12.7482
    endloop
  endfacet
  facet normal -0.137619 -0.227213 0.964072
    outer loop
      vertex 58.6339 1.1165 13.0705
      vertex 58.6725 1.11179 13.0749
      vertex 58.6723 1.1187 13.0765
    endloop
  endfacet
  facet normal -0.139168 -0.243941 0.959753
    outer loop
      vertex 56.5214 1.11658 12.7642
      vertex 58.6725 1.11179 13.0749
      vertex 58.6339 1.1165 13.0705
    endloop
  endfacet
  facet normal -0.139444 -0.235609 0.961792
    outer loop
      vertex 58.6725 1.11179 13.0749
      vertex 56.5214 1.11658 12.7642
      vertex 56.4081 1.11179 12.7466
    endloop
  endfacet
  facet normal -0.140032 -0.228055 0.963526
    outer loop
      vertex 56.4464 1.11658 12.7533
      vertex 56.4081 1.11179 12.7466
      vertex 56.5214 1.11658 12.7642
    endloop
  endfacet
  facet normal -0.140521 -0.225038 0.964164
    outer loop
      vertex 56.4081 1.11179 12.7466
      vertex 56.4464 1.11658 12.7533
      vertex 56.4079 1.11877 12.7482
    endloop
  endfacet
  facet normal -0.137315 -0.289898 0.947156
    outer loop
      vertex 58.6725 1.11179 13.0749
      vertex 56.4118 1.01785 12.7184
      vertex 58.677 1.01785 13.0468
    endloop
  endfacet
  facet normal -0.137328 -0.28975 0.947199
    outer loop
      vertex 58.6725 1.11179 13.0749
      vertex 56.4081 1.11179 12.7466
      vertex 56.4118 1.01785 12.7184
    endloop
  endfacet
  facet normal -0.134341 -0.351755 0.926402
    outer loop
      vertex 58.677 1.01785 13.0468
      vertex 56.4164 0.92598 12.6841
      vertex 58.6824 0.92598 13.0127
    endloop
  endfacet
  facet normal -0.134267 -0.352497 0.926131
    outer loop
      vertex 58.677 1.01785 13.0468
      vertex 56.4118 1.01785 12.7184
      vertex 56.4164 0.92598 12.6841
    endloop
  endfacet
  facet normal -0.130658 -0.413396 0.901129
    outer loop
      vertex 58.6824 0.92598 13.0127
      vertex 56.4217 0.836578 12.6439
      vertex 58.6887 0.836578 12.9726
    endloop
  endfacet
  facet normal -0.1307 -0.413019 0.901295
    outer loop
      vertex 58.6824 0.92598 13.0127
      vertex 56.4164 0.92598 12.6841
      vertex 56.4217 0.836578 12.6439
    endloop
  endfacet
  facet normal -0.126518 -0.471378 0.872809
    outer loop
      vertex 58.6887 0.836578 12.9726
      vertex 56.4277 0.75 12.5981
      vertex 58.696 0.75 12.9269
    endloop
  endfacet
  facet normal -0.126604 -0.470684 0.873171
    outer loop
      vertex 58.6887 0.836578 12.9726
      vertex 56.4217 0.836578 12.6439
      vertex 56.4277 0.75 12.5981
    endloop
  endfacet
  facet normal -0.121924 -0.527383 0.840834
    outer loop
      vertex 58.696 0.75 12.9269
      vertex 56.4345 0.666656 12.5467
      vertex 58.7041 0.666656 12.8758
    endloop
  endfacet
  facet normal -0.121811 -0.528194 0.840341
    outer loop
      vertex 58.696 0.75 12.9269
      vertex 56.4277 0.75 12.5981
      vertex 56.4345 0.666656 12.5467
    endloop
  endfacet
  facet normal -0.116628 -0.582593 0.804353
    outer loop
      vertex 58.7041 0.666656 12.8758
      vertex 56.4419 0.586868 12.49
      vertex 58.713 0.586868 12.8193
    endloop
  endfacet
  facet normal -0.116646 -0.582476 0.804435
    outer loop
      vertex 58.7041 0.666656 12.8758
      vertex 56.4345 0.666656 12.5467
      vertex 56.4419 0.586868 12.49
    endloop
  endfacet
  facet normal -0.110949 -0.634363 0.765032
    outer loop
      vertex 58.713 0.586868 12.8193
      vertex 56.4501 0.510986 12.4282
      vertex 58.7228 0.510986 12.7578
    endloop
  endfacet
  facet normal -0.110879 -0.634773 0.764702
    outer loop
      vertex 58.713 0.586868 12.8193
      vertex 56.4419 0.586868 12.49
      vertex 56.4501 0.510986 12.4282
    endloop
  endfacet
  facet normal -0.104718 -0.683714 0.722198
    outer loop
      vertex 58.7228 0.510986 12.7578
      vertex 56.4588 0.439346 12.3617
      vertex 58.7333 0.439346 12.6915
    endloop
  endfacet
  facet normal -0.104781 -0.683386 0.722499
    outer loop
      vertex 58.7228 0.510986 12.7578
      vertex 56.4501 0.510986 12.4282
      vertex 56.4588 0.439346 12.3617
    endloop
  endfacet
  facet normal -0.0980474 -0.730054 0.676319
    outer loop
      vertex 58.7333 0.439346 12.6915
      vertex 56.4682 0.372253 12.2907
      vertex 58.7445 0.372253 12.6207
    endloop
  endfacet
  facet normal -0.0981092 -0.729767 0.67662
    outer loop
      vertex 58.7333 0.439346 12.6915
      vertex 56.4588 0.439346 12.3617
      vertex 56.4682 0.372253 12.2907
    endloop
  endfacet
  facet normal -0.0910528 -0.772826 0.628052
    outer loop
      vertex 58.7445 0.372253 12.6207
      vertex 56.4781 0.309982 12.2155
      vertex 58.7564 0.309982 12.5458
    endloop
  endfacet
  facet normal -0.091043 -0.772867 0.628003
    outer loop
      vertex 58.7445 0.372253 12.6207
      vertex 56.4682 0.372253 12.2907
      vertex 56.4781 0.309982 12.2155
    endloop
  endfacet
  facet normal -0.0835899 -0.812769 0.576558
    outer loop
      vertex 58.7564 0.309982 12.5458
      vertex 56.4885 0.252808 12.1364
      vertex 58.7688 0.252808 12.467
    endloop
  endfacet
  facet normal -0.0835805 -0.812804 0.576511
    outer loop
      vertex 58.7564 0.309982 12.5458
      vertex 56.4781 0.309982 12.2155
      vertex 56.4885 0.252808 12.1364
    endloop
  endfacet
  facet normal -0.075804 -0.849123 0.522727
    outer loop
      vertex 58.7688 0.252808 12.467
      vertex 56.4994 0.200974 12.0537
      vertex 58.7819 0.200974 12.3847
    endloop
  endfacet
  facet normal -0.0757333 -0.849351 0.522367
    outer loop
      vertex 58.7688 0.252808 12.467
      vertex 56.4885 0.252808 12.1364
      vertex 56.4994 0.200974 12.0537
    endloop
  endfacet
  facet normal -0.0676679 -0.88185 0.466649
    outer loop
      vertex 58.7819 0.200974 12.3847
      vertex 56.5107 0.154694 11.9679
      vertex 58.7954 0.154694 12.2992
    endloop
  endfacet
  facet normal -0.0676832 -0.881807 0.466728
    outer loop
      vertex 58.7819 0.200974 12.3847
      vertex 56.4994 0.200974 12.0537
      vertex 56.5107 0.154694 11.9679
    endloop
  endfacet
  facet normal -0.0592447 -0.910835 0.408497
    outer loop
      vertex 58.7954 0.154694 12.2992
      vertex 56.5223 0.114182 11.8792
      vertex 58.8094 0.114182 12.2109
    endloop
  endfacet
  facet normal -0.0592074 -0.910924 0.408304
    outer loop
      vertex 58.7954 0.154694 12.2992
      vertex 56.5107 0.154694 11.9679
      vertex 56.5223 0.114182 11.8792
    endloop
  endfacet
  facet normal -0.0505082 -0.935979 0.348413
    outer loop
      vertex 58.8094 0.114182 12.2109
      vertex 56.5343 0.0796051 11.7882
      vertex 58.8238 0.0796051 12.1201
    endloop
  endfacet
  facet normal -0.0506008 -0.935794 0.348897
    outer loop
      vertex 58.8094 0.114182 12.2109
      vertex 56.5223 0.114182 11.8792
      vertex 56.5343 0.0796051 11.7882
    endloop
  endfacet
  facet normal -0.0416379 -0.956971 0.28718
    outer loop
      vertex 58.8238 0.0796051 12.1201
      vertex 56.5466 0.0511169 11.695
      vertex 58.8385 0.0511169 12.0273
    endloop
  endfacet
  facet normal -0.0416106 -0.957015 0.287037
    outer loop
      vertex 58.8238 0.0796051 12.1201
      vertex 56.5343 0.0796051 11.7882
      vertex 56.5466 0.0511169 11.695
    endloop
  endfacet
  facet normal -0.0325939 -0.973852 0.224835
    outer loop
      vertex 58.8385 0.0511169 12.0273
      vertex 56.5591 0.0288239 11.6003
      vertex 58.8534 0.0288239 11.9329
    endloop
  endfacet
  facet normal -0.0326138 -0.973827 0.22494
    outer loop
      vertex 58.8385 0.0511169 12.0273
      vertex 56.5466 0.0511169 11.695
      vertex 56.5591 0.0288239 11.6003
    endloop
  endfacet
  facet normal -0.0233725 -0.986651 0.161166
    outer loop
      vertex 58.8534 0.0288239 11.9329
      vertex 56.5717 0.0128479 11.5042
      vertex 58.8686 0.0128479 11.8373
    endloop
  endfacet
  facet normal -0.0233355 -0.986683 0.16097
    outer loop
      vertex 58.8534 0.0288239 11.9329
      vertex 56.5591 0.0288239 11.6003
      vertex 56.5717 0.0128479 11.5042
    endloop
  endfacet
  facet normal -0.014073 -0.995179 0.0970628
    outer loop
      vertex 58.8686 0.0128479 11.8373
      vertex 56.5844 0.0032196 11.4074
      vertex 58.8839 0.0032196 11.7408
    endloop
  endfacet
  facet normal -0.014087 -0.995171 0.0971374
    outer loop
      vertex 58.8686 0.0128479 11.8373
      vertex 56.5717 0.0128479 11.5042
      vertex 56.5844 0.0032196 11.4074
    endloop
  endfacet
  facet normal -0.00470961 -0.999461 0.0324796
    outer loop
      vertex 58.8839 0.0032196 11.7408
      vertex 56.6081 1.52588e-05 11.3122
      vertex 58.8991 1.52588e-05 11.6444
    endloop
  endfacet
  facet normal -0.00470761 -0.999462 0.032469
    outer loop
      vertex 56.5844 0.0032196 11.4074
      vertex 56.6081 1.52588e-05 11.3122
      vertex 58.8839 0.0032196 11.7408
    endloop
  endfacet
  facet normal -0.00476403 -0.999462 0.0324549
    outer loop
      vertex 56.6081 1.52588e-05 11.3122
      vertex 56.5844 0.0032196 11.4074
      vertex 56.5972 1.52588e-05 11.3106
    endloop
  endfacet
  facet normal -0.00381582 0.999473 0.0322381
    outer loop
      vertex 56.5059 20.5 12.0041
      vertex 54.2087 20.4983 11.7849
      vertex 56.4991 20.4983 12.056
    endloop
  endfacet
  facet normal -0.00381897 0.999472 0.0322711
    outer loop
      vertex 54.2142 20.5 11.7329
      vertex 54.2087 20.4983 11.7849
      vertex 56.5059 20.5 12.0041
    endloop
  endfacet
  facet normal -0.0114452 0.99525 0.0966721
    outer loop
      vertex 56.4991 20.4983 12.056
      vertex 54.2033 20.4932 11.8367
      vertex 56.4923 20.4932 12.1077
    endloop
  endfacet
  facet normal -0.0114567 0.995239 0.0967925
    outer loop
      vertex 54.2087 20.4983 11.7849
      vertex 54.2033 20.4932 11.8367
      vertex 56.4991 20.4983 12.056
    endloop
  endfacet
  facet normal -0.01931 0.986417 0.163123
    outer loop
      vertex 56.4923 20.4932 12.1077
      vertex 54.1979 20.4846 11.8881
      vertex 56.4855 20.4846 12.1589
    endloop
  endfacet
  facet normal -0.0193001 0.986434 0.163018
    outer loop
      vertex 54.2033 20.4932 11.8367
      vertex 54.1979 20.4846 11.8881
      vertex 56.4923 20.4932 12.1077
    endloop
  endfacet
  facet normal -0.0267436 0.973768 0.225967
    outer loop
      vertex 56.4855 20.4846 12.1589
      vertex 54.1925 20.4727 11.9388
      vertex 56.4789 20.4727 12.2094
    endloop
  endfacet
  facet normal -0.0267206 0.973825 0.225724
    outer loop
      vertex 54.1979 20.4846 11.8881
      vertex 54.1925 20.4727 11.9388
      vertex 56.4855 20.4846 12.1589
    endloop
  endfacet
  facet normal -0.0339054 0.957507 0.28641
    outer loop
      vertex 56.4789 20.4727 12.2094
      vertex 54.1873 20.4576 11.9886
      vertex 56.4723 20.4576 12.2591
    endloop
  endfacet
  facet normal -0.0339378 0.957403 0.286753
    outer loop
      vertex 54.1925 20.4727 11.9388
      vertex 54.1873 20.4576 11.9886
      vertex 56.4789 20.4727 12.2094
    endloop
  endfacet
  facet normal -0.0415055 0.935579 0.35067
    outer loop
      vertex 56.4723 20.4576 12.2591
      vertex 54.1822 20.4391 12.0374
      vertex 56.4659 20.4391 12.3077
    endloop
  endfacet
  facet normal -0.0414786 0.935688 0.350383
    outer loop
      vertex 54.1873 20.4576 11.9886
      vertex 54.1822 20.4391 12.0374
      vertex 56.4723 20.4576 12.2591
    endloop
  endfacet
  facet normal -0.0485591 0.910633 0.410352
    outer loop
      vertex 56.4659 20.4391 12.3077
      vertex 54.1772 20.4175 12.0848
      vertex 56.4597 20.4175 12.3549
    endloop
  endfacet
  facet normal -0.0485207 0.910821 0.40994
    outer loop
      vertex 54.1822 20.4391 12.0374
      vertex 54.1772 20.4175 12.0848
      vertex 56.4659 20.4391 12.3077
    endloop
  endfacet
  facet normal -0.055426 0.881825 0.468308
    outer loop
      vertex 56.4597 20.4175 12.3549
      vertex 54.1724 20.3928 12.1307
      vertex 56.4537 20.3928 12.4007
    endloop
  endfacet
  facet normal -0.0554564 0.881648 0.468638
    outer loop
      vertex 54.1772 20.4175 12.0848
      vertex 54.1724 20.3928 12.1307
      vertex 56.4597 20.4175 12.3549
    endloop
  endfacet
  facet normal -0.0619801 0.84969 0.523627
    outer loop
      vertex 56.4537 20.3928 12.4007
      vertex 54.1677 20.3652 12.1749
      vertex 56.4479 20.3652 12.4448
    endloop
  endfacet
  facet normal -0.0620034 0.849531 0.523883
    outer loop
      vertex 54.1724 20.3928 12.1307
      vertex 54.1677 20.3652 12.1749
      vertex 56.4537 20.3928 12.4007
    endloop
  endfacet
  facet normal -0.0684754 0.812866 0.578411
    outer loop
      vertex 56.4479 20.3652 12.4448
      vertex 54.1633 20.3347 12.2172
      vertex 56.4423 20.3347 12.487
    endloop
  endfacet
  facet normal -0.0685093 0.812595 0.578788
    outer loop
      vertex 54.1677 20.3652 12.1749
      vertex 54.1633 20.3347 12.2172
      vertex 56.4479 20.3652 12.4448
    endloop
  endfacet
  facet normal -0.07457 0.772939 0.630083
    outer loop
      vertex 56.4423 20.3347 12.487
      vertex 54.159 20.3015 12.2575
      vertex 56.437 20.3015 12.5271
    endloop
  endfacet
  facet normal -0.074503 0.773561 0.629327
    outer loop
      vertex 54.1633 20.3347 12.2172
      vertex 54.159 20.3015 12.2575
      vertex 56.4423 20.3347 12.487
    endloop
  endfacet
  facet normal -0.080349 0.729879 0.678837
    outer loop
      vertex 56.437 20.3015 12.5271
      vertex 54.1551 20.2657 12.2955
      vertex 56.432 20.2657 12.565
    endloop
  endfacet
  facet normal -0.0803737 0.729612 0.679122
    outer loop
      vertex 54.159 20.3015 12.2575
      vertex 54.1551 20.2657 12.2955
      vertex 56.437 20.3015 12.5271
    endloop
  endfacet
  facet normal -0.0857698 0.683759 0.72465
    outer loop
      vertex 56.432 20.2657 12.565
      vertex 54.1513 20.2275 12.3311
      vertex 56.4274 20.2275 12.6005
    endloop
  endfacet
  facet normal -0.0857655 0.683813 0.724599
    outer loop
      vertex 54.1551 20.2657 12.2955
      vertex 54.1513 20.2275 12.3311
      vertex 56.432 20.2657 12.565
    endloop
  endfacet
  facet normal -0.090915 0.633841 0.768101
    outer loop
      vertex 56.4274 20.2275 12.6005
      vertex 54.1478 20.187 12.3641
      vertex 56.423 20.187 12.6334
    endloop
  endfacet
  facet normal -0.0909199 0.633767 0.768162
    outer loop
      vertex 54.1513 20.2275 12.3311
      vertex 54.1478 20.187 12.3641
      vertex 56.4274 20.2275 12.6005
    endloop
  endfacet
  facet normal -0.0955487 0.582402 0.807266
    outer loop
      vertex 56.423 20.187 12.6334
      vertex 54.1447 20.1445 12.3944
      vertex 56.4191 20.1445 12.6636
    endloop
  endfacet
  facet normal -0.095545 0.582468 0.807218
    outer loop
      vertex 54.1478 20.187 12.3641
      vertex 54.1447 20.1445 12.3944
      vertex 56.423 20.187 12.6334
    endloop
  endfacet
  facet normal -0.0998482 0.527535 0.843645
    outer loop
      vertex 56.4191 20.1445 12.6636
      vertex 54.1418 20.1 12.4219
      vertex 56.4155 20.1 12.691
    endloop
  endfacet
  facet normal -0.0998373 0.52777 0.843499
    outer loop
      vertex 54.1447 20.1445 12.3944
      vertex 54.1418 20.1 12.4219
      vertex 56.4191 20.1445 12.6636
    endloop
  endfacet
  facet normal -0.103626 0.471747 0.875623
    outer loop
      vertex 56.4155 20.1 12.691
      vertex 54.1392 20.0538 12.4465
      vertex 56.4122 20.0538 12.7155
    endloop
  endfacet
  facet normal -0.103617 0.472 0.875488
    outer loop
      vertex 54.1418 20.1 12.4219
      vertex 54.1392 20.0538 12.4465
      vertex 56.4155 20.1 12.691
    endloop
  endfacet
  facet normal -0.107061 0.412203 0.90478
    outer loop
      vertex 56.4122 20.0538 12.7155
      vertex 54.1369 20.0061 12.468
      vertex 56.4094 20.0061 12.7369
    endloop
  endfacet
  facet normal -0.107042 0.412845 0.904489
    outer loop
      vertex 54.1392 20.0538 12.4465
      vertex 54.1369 20.0061 12.468
      vertex 56.4122 20.0538 12.7155
    endloop
  endfacet
  facet normal -0.108107 0.352075 0.929708
    outer loop
      vertex 56.4094 20.0061 12.7369
      vertex 56.3686 19.9772 12.7431
      vertex 56.4079 19.9758 12.7482
    endloop
  endfacet
  facet normal -0.109904 0.354379 0.928621
    outer loop
      vertex 56.3686 19.9772 12.7431
      vertex 56.4094 20.0061 12.7369
      vertex 55.0674 19.9772 12.5891
    endloop
  endfacet
  facet normal -0.109923 0.353457 0.92897
    outer loop
      vertex 54.1369 20.0061 12.468
      vertex 55.0674 19.9772 12.5891
      vertex 56.4094 20.0061 12.7369
    endloop
  endfacet
  facet normal -0.110022 0.352203 0.929434
    outer loop
      vertex 55.0674 19.9772 12.5891
      vertex 54.1369 20.0061 12.468
      vertex 54.1748 19.9773 12.4834
    endloop
  endfacet
  facet normal -0.11007 0.352148 0.92945
    outer loop
      vertex 54.1748 19.9773 12.4834
      vertex 54.1369 20.0061 12.468
      vertex 54.1357 19.9759 12.4793
    endloop
  endfacet
  facet normal -0.112932 -0.225075 0.967774
    outer loop
      vertex 56.3686 1.11656 12.7431
      vertex 56.4081 1.11179 12.7466
      vertex 56.4079 1.11877 12.7482
    endloop
  endfacet
  facet normal -0.114186 -0.237805 0.964578
    outer loop
      vertex 54.2476 1.11649 12.492
      vertex 56.4081 1.11179 12.7466
      vertex 56.3686 1.11656 12.7431
    endloop
  endfacet
  facet normal -0.114573 -0.222679 0.968136
    outer loop
      vertex 56.4081 1.11179 12.7466
      vertex 54.2476 1.11649 12.492
      vertex 54.1359 1.11179 12.4777
    endloop
  endfacet
  facet normal -0.114245 -0.227303 0.967099
    outer loop
      vertex 54.1748 1.11649 12.4834
      vertex 54.1359 1.11179 12.4777
      vertex 54.2476 1.11649 12.492
    endloop
  endfacet
  facet normal -0.114255 -0.22724 0.967113
    outer loop
      vertex 54.1359 1.11179 12.4777
      vertex 54.1748 1.11649 12.4834
      vertex 54.1357 1.1187 12.4793
    endloop
  endfacet
  facet normal -0.112489 -0.289753 0.950468
    outer loop
      vertex 56.4081 1.11179 12.7466
      vertex 54.1389 1.01785 12.4494
      vertex 56.4118 1.01785 12.7184
    endloop
  endfacet
  facet normal -0.112476 -0.289912 0.950421
    outer loop
      vertex 56.4081 1.11179 12.7466
      vertex 54.1359 1.11179 12.4777
      vertex 54.1389 1.01785 12.4494
    endloop
  endfacet
  facet normal -0.10998 -0.352477 0.929335
    outer loop
      vertex 56.4118 1.01785 12.7184
      vertex 54.1425 0.92598 12.415
      vertex 56.4164 0.92598 12.6841
    endloop
  endfacet
  facet normal -0.109995 -0.352315 0.929395
    outer loop
      vertex 56.4118 1.01785 12.7184
      vertex 54.1389 1.01785 12.4494
      vertex 54.1425 0.92598 12.415
    endloop
  endfacet
  facet normal -0.107019 -0.413018 0.904413
    outer loop
      vertex 56.4164 0.92598 12.6841
      vertex 54.1467 0.836578 12.3747
      vertex 56.4217 0.836578 12.6439
    endloop
  endfacet
  facet normal -0.107044 -0.412765 0.904526
    outer loop
      vertex 56.4164 0.92598 12.6841
      vertex 54.1425 0.92598 12.415
      vertex 54.1467 0.836578 12.3747
    endloop
  endfacet
  facet normal -0.103705 -0.47069 0.876183
    outer loop
      vertex 56.4217 0.836578 12.6439
      vertex 54.1516 0.75 12.3287
      vertex 56.4277 0.75 12.5981
    endloop
  endfacet
  facet normal -0.103644 -0.47124 0.875894
    outer loop
      vertex 56.4217 0.836578 12.6439
      vertex 54.1467 0.836578 12.3747
      vertex 54.1516 0.75 12.3287
    endloop
  endfacet
  facet normal -0.0998189 -0.528188 0.84324
    outer loop
      vertex 56.4277 0.75 12.5981
      vertex 54.157 0.666656 12.2771
      vertex 56.4345 0.666656 12.5467
    endloop
  endfacet
  facet normal -0.0997881 -0.528438 0.843087
    outer loop
      vertex 56.4277 0.75 12.5981
      vertex 54.1516 0.75 12.3287
      vertex 54.157 0.666656 12.2771
    endloop
  endfacet
  facet normal -0.0955301 -0.582488 0.807206
    outer loop
      vertex 56.4345 0.666656 12.5467
      vertex 54.163 0.586868 12.2203
      vertex 56.4419 0.586868 12.49
    endloop
  endfacet
  facet normal -0.0955901 -0.582048 0.807516
    outer loop
      vertex 56.4345 0.666656 12.5467
      vertex 54.157 0.666656 12.2771
      vertex 54.163 0.586868 12.2203
    endloop
  endfacet
  facet normal -0.0908131 -0.634762 0.767352
    outer loop
      vertex 56.4419 0.586868 12.49
      vertex 54.1695 0.510986 12.1583
      vertex 56.4501 0.510986 12.4282
    endloop
  endfacet
  facet normal -0.0908142 -0.634755 0.767358
    outer loop
      vertex 56.4419 0.586868 12.49
      vertex 54.163 0.586868 12.2203
      vertex 54.1695 0.510986 12.1583
    endloop
  endfacet
  facet normal -0.0857994 -0.683394 0.724991
    outer loop
      vertex 56.4501 0.510986 12.4282
      vertex 54.1765 0.439346 12.0916
      vertex 56.4588 0.439346 12.3617
    endloop
  endfacet
  facet normal -0.0858005 -0.683387 0.724997
    outer loop
      vertex 56.4501 0.510986 12.4282
      vertex 54.1695 0.510986 12.1583
      vertex 54.1765 0.439346 12.0916
    endloop
  endfacet
  facet normal -0.0803745 -0.729761 0.678962
    outer loop
      vertex 56.4588 0.439346 12.3617
      vertex 54.184 0.372253 12.0203
      vertex 56.4682 0.372253 12.2907
    endloop
  endfacet
  facet normal -0.0803079 -0.730116 0.678588
    outer loop
      vertex 56.4588 0.439346 12.3617
      vertex 54.1765 0.439346 12.0916
      vertex 54.184 0.372253 12.0203
    endloop
  endfacet
  facet normal -0.0745884 -0.772867 0.63017
    outer loop
      vertex 56.4682 0.372253 12.2907
      vertex 54.1919 0.309982 11.9449
      vertex 56.4781 0.309982 12.2155
    endloop
  endfacet
  facet normal -0.0746198 -0.772717 0.63035
    outer loop
      vertex 56.4682 0.372253 12.2907
      vertex 54.184 0.372253 12.0203
      vertex 54.1919 0.309982 11.9449
    endloop
  endfacet
  facet normal -0.0684852 -0.812805 0.578496
    outer loop
      vertex 56.4781 0.309982 12.2155
      vertex 54.2002 0.252808 11.8655
      vertex 56.4885 0.252808 12.1364
    endloop
  endfacet
  facet normal -0.0684434 -0.812981 0.578253
    outer loop
      vertex 56.4781 0.309982 12.2155
      vertex 54.1919 0.309982 11.9449
      vertex 54.2002 0.252808 11.8655
    endloop
  endfacet
  facet normal -0.0620428 -0.84935 0.524171
    outer loop
      vertex 56.4885 0.252808 12.1364
      vertex 54.209 0.200974 11.7826
      vertex 56.4994 0.200974 12.0537
    endloop
  endfacet
  facet normal -0.0620796 -0.849213 0.524389
    outer loop
      vertex 56.4885 0.252808 12.1364
      vertex 54.2002 0.252808 11.8655
      vertex 54.209 0.200974 11.7826
    endloop
  endfacet
  facet normal -0.0554401 -0.881807 0.46834
    outer loop
      vertex 56.4994 0.200974 12.0537
      vertex 54.218 0.154694 11.6965
      vertex 56.5107 0.154694 11.9679
    endloop
  endfacet
  facet normal -0.0554208 -0.88187 0.468225
    outer loop
      vertex 56.4994 0.200974 12.0537
      vertex 54.209 0.200974 11.7826
      vertex 54.218 0.154694 11.6965
    endloop
  endfacet
  facet normal -0.0484886 -0.910927 0.409707
    outer loop
      vertex 56.5107 0.154694 11.9679
      vertex 54.2274 0.114182 11.6076
      vertex 56.5223 0.114182 11.8792
    endloop
  endfacet
  facet normal -0.0485262 -0.910823 0.409934
    outer loop
      vertex 56.5107 0.154694 11.9679
      vertex 54.218 0.154694 11.6965
      vertex 54.2274 0.114182 11.6076
    endloop
  endfacet
  facet normal -0.0414372 -0.935793 0.350105
    outer loop
      vertex 56.5223 0.114182 11.8792
      vertex 54.237 0.0796051 11.5163
      vertex 56.5343 0.0796051 11.7882
    endloop
  endfacet
  facet normal -0.0414285 -0.935813 0.350053
    outer loop
      vertex 56.5223 0.114182 11.8792
      vertex 54.2274 0.114182 11.6076
      vertex 54.237 0.0796051 11.5163
    endloop
  endfacet
  facet normal -0.0340906 -0.957015 0.288029
    outer loop
      vertex 56.5343 0.0796051 11.7882
      vertex 54.2468 0.0511169 11.4228
      vertex 56.5466 0.0511169 11.695
    endloop
  endfacet
  facet normal -0.0340887 -0.957018 0.288018
    outer loop
      vertex 56.5343 0.0796051 11.7882
      vertex 54.237 0.0796051 11.5163
      vertex 54.2468 0.0511169 11.4228
    endloop
  endfacet
  facet normal -0.026716 -0.973826 0.225719
    outer loop
      vertex 56.5466 0.0511169 11.695
      vertex 54.2568 0.0288239 11.3278
      vertex 56.5591 0.0288239 11.6003
    endloop
  endfacet
  facet normal -0.0267146 -0.973828 0.22571
    outer loop
      vertex 56.5466 0.0511169 11.695
      vertex 54.2468 0.0511169 11.4228
      vertex 54.2568 0.0288239 11.3278
    endloop
  endfacet
  facet normal -0.0191112 -0.986684 0.161524
    outer loop
      vertex 56.5591 0.0288239 11.6003
      vertex 54.2669 0.0128479 11.2315
      vertex 56.5717 0.0128479 11.5042
    endloop
  endfacet
  facet normal -0.0191362 -0.986658 0.161678
    outer loop
      vertex 56.5591 0.0288239 11.6003
      vertex 54.2568 0.0288239 11.3278
      vertex 54.2669 0.0128479 11.2315
    endloop
  endfacet
  facet normal -0.0115371 -0.995171 0.097472
    outer loop
      vertex 56.5717 0.0128479 11.5042
      vertex 54.2771 0.0032196 11.1343
      vertex 56.5844 0.0032196 11.4074
    endloop
  endfacet
  facet normal -0.0115207 -0.995182 0.0973703
    outer loop
      vertex 56.5717 0.0128479 11.5042
      vertex 54.2669 0.0128479 11.2315
      vertex 54.2771 0.0032196 11.1343
    endloop
  endfacet
  facet normal -0.00385545 -0.999462 0.0325751
    outer loop
      vertex 56.5844 0.0032196 11.4074
      vertex 54.2982 1.52588e-05 11.0385
      vertex 56.5972 1.52588e-05 11.3106
    endloop
  endfacet
  facet normal -0.00385638 -0.999462 0.0325809
    outer loop
      vertex 54.2771 0.0032196 11.1343
      vertex 54.2982 1.52588e-05 11.0385
      vertex 56.5844 0.0032196 11.4074
    endloop
  endfacet
  facet normal -0.00388504 -0.999462 0.0325746
    outer loop
      vertex 54.2982 1.52588e-05 11.0385
      vertex 54.2771 0.0032196 11.1343
      vertex 54.2873 1.52588e-05 11.0372
    endloop
  endfacet
  facet normal -0.00297313 0.999472 0.0323606
    outer loop
      vertex 54.2142 20.5 11.7329
      vertex 51.9121 20.4983 11.5739
      vertex 54.2087 20.4983 11.7849
    endloop
  endfacet
  facet normal -0.00297009 0.999473 0.0323166
    outer loop
      vertex 51.9162 20.5 11.5217
      vertex 51.9121 20.4983 11.5739
      vertex 54.2142 20.5 11.7329
    endloop
  endfacet
  facet normal -0.00891794 0.995239 0.0970572
    outer loop
      vertex 54.2087 20.4983 11.7849
      vertex 51.908 20.4932 11.6258
      vertex 54.2033 20.4932 11.8367
    endloop
  endfacet
  facet normal -0.00892041 0.995235 0.097093
    outer loop
      vertex 51.9121 20.4983 11.5739
      vertex 51.908 20.4932 11.6258
      vertex 54.2087 20.4983 11.7849
    endloop
  endfacet
  facet normal -0.0150213 0.986434 0.163467
    outer loop
      vertex 54.2033 20.4932 11.8367
      vertex 51.9039 20.4846 11.6773
      vertex 54.1979 20.4846 11.8881
    endloop
  endfacet
  facet normal -0.0150254 0.986424 0.163527
    outer loop
      vertex 51.908 20.4932 11.6258
      vertex 51.9039 20.4846 11.6773
      vertex 54.2033 20.4932 11.8367
    endloop
  endfacet
  facet normal -0.0207932 0.973823 0.226355
    outer loop
      vertex 54.1979 20.4846 11.8881
      vertex 51.8999 20.4727 11.7282
      vertex 54.1925 20.4727 11.9388
    endloop
  endfacet
  facet normal -0.0207727 0.973893 0.226056
    outer loop
      vertex 51.9039 20.4846 11.6773
      vertex 51.8999 20.4727 11.7282
      vertex 54.1979 20.4846 11.8881
    endloop
  endfacet
  facet normal -0.026416 0.957405 0.287539
    outer loop
      vertex 54.1925 20.4727 11.9388
      vertex 51.896 20.4576 11.7781
      vertex 54.1873 20.4576 11.9886
    endloop
  endfacet
  facet normal -0.0264229 0.957374 0.287641
    outer loop
      vertex 51.8999 20.4727 11.7282
      vertex 51.896 20.4576 11.7781
      vertex 54.1925 20.4727 11.9388
    endloop
  endfacet
  facet normal -0.0322794 0.935689 0.351345
    outer loop
      vertex 54.1873 20.4576 11.9886
      vertex 51.8921 20.4391 11.827
      vertex 54.1822 20.4391 12.0374
    endloop
  endfacet
  facet normal -0.0322837 0.935665 0.351409
    outer loop
      vertex 51.896 20.4576 11.7781
      vertex 51.8921 20.4391 11.827
      vertex 54.1873 20.4576 11.9886
    endloop
  endfacet
  facet normal -0.0377703 0.91082 0.411073
    outer loop
      vertex 54.1822 20.4391 12.0374
      vertex 51.8884 20.4175 11.8745
      vertex 54.1772 20.4175 12.0848
    endloop
  endfacet
  facet normal -0.0377796 0.910757 0.411212
    outer loop
      vertex 51.8921 20.4391 11.827
      vertex 51.8884 20.4175 11.8745
      vertex 54.1822 20.4391 12.0374
    endloop
  endfacet
  facet normal -0.0431797 0.88165 0.469924
    outer loop
      vertex 54.1772 20.4175 12.0848
      vertex 51.8848 20.3928 11.9205
      vertex 54.1724 20.3928 12.1307
    endloop
  endfacet
  facet normal -0.0431851 0.881607 0.470005
    outer loop
      vertex 51.8884 20.4175 11.8745
      vertex 51.8848 20.3928 11.9205
      vertex 54.1772 20.4175 12.0848
    endloop
  endfacet
  facet normal -0.0482739 0.849523 0.525338
    outer loop
      vertex 54.1724 20.3928 12.1307
      vertex 51.8813 20.3652 11.9648
      vertex 54.1677 20.3652 12.1749
    endloop
  endfacet
  facet normal -0.0482796 0.849469 0.525426
    outer loop
      vertex 51.8848 20.3928 11.9205
      vertex 51.8813 20.3652 11.9648
      vertex 54.1724 20.3928 12.1307
    endloop
  endfacet
  facet normal -0.0533062 0.812603 0.580375
    outer loop
      vertex 54.1677 20.3652 12.1749
      vertex 51.878 20.3347 12.0073
      vertex 54.1633 20.3347 12.2172
    endloop
  endfacet
  facet normal -0.0532496 0.813241 0.579485
    outer loop
      vertex 51.8813 20.3652 11.9648
      vertex 51.878 20.3347 12.0073
      vertex 54.1677 20.3652 12.1749
    endloop
  endfacet
  facet normal -0.0579911 0.773549 0.631078
    outer loop
      vertex 54.1633 20.3347 12.2172
      vertex 51.8748 20.3015 12.0476
      vertex 54.159 20.3015 12.2575
    endloop
  endfacet
  facet normal -0.0580497 0.772775 0.632019
    outer loop
      vertex 51.878 20.3347 12.0073
      vertex 51.8748 20.3015 12.0476
      vertex 54.1633 20.3347 12.2172
    endloop
  endfacet
  facet normal -0.0625706 0.729633 0.68097
    outer loop
      vertex 54.159 20.3015 12.2575
      vertex 51.8718 20.2657 12.0857
      vertex 54.1551 20.2657 12.2955
    endloop
  endfacet
  facet normal -0.0625607 0.729787 0.680806
    outer loop
      vertex 51.8748 20.3015 12.0476
      vertex 51.8718 20.2657 12.0857
      vertex 54.159 20.3015 12.2575
    endloop
  endfacet
  facet normal -0.0667618 0.683797 0.726611
    outer loop
      vertex 54.1551 20.2657 12.2955
      vertex 51.869 20.2275 12.1214
      vertex 54.1513 20.2275 12.3311
    endloop
  endfacet
  facet normal -0.0667573 0.68388 0.726534
    outer loop
      vertex 51.8718 20.2657 12.0857
      vertex 51.869 20.2275 12.1214
      vertex 54.1551 20.2657 12.2955
    endloop
  endfacet
  facet normal -0.070769 0.633758 0.770288
    outer loop
      vertex 54.1513 20.2275 12.3311
      vertex 51.8664 20.187 12.1545
      vertex 54.1478 20.187 12.3641
    endloop
  endfacet
  facet normal -0.07076 0.633955 0.770126
    outer loop
      vertex 51.869 20.2275 12.1214
      vertex 51.8664 20.187 12.1545
      vertex 54.1513 20.2275 12.3311
    endloop
  endfacet
  facet normal -0.074352 0.582496 0.809426
    outer loop
      vertex 54.1478 20.187 12.3641
      vertex 51.864 20.1445 12.1849
      vertex 54.1447 20.1445 12.3944
    endloop
  endfacet
  facet normal -0.0743351 0.582945 0.809104
    outer loop
      vertex 51.8664 20.187 12.1545
      vertex 51.864 20.1445 12.1849
      vertex 54.1478 20.187 12.3641
    endloop
  endfacet
  facet normal -0.0777196 0.527767 0.845826
    outer loop
      vertex 54.1447 20.1445 12.3944
      vertex 51.8618 20.1 12.2124
      vertex 54.1418 20.1 12.4219
    endloop
  endfacet
  facet normal -0.077746 0.526884 0.846374
    outer loop
      vertex 51.864 20.1445 12.1849
      vertex 51.8618 20.1 12.2124
      vertex 54.1447 20.1445 12.3944
    endloop
  endfacet
  facet normal -0.0806915 0.471995 0.877901
    outer loop
      vertex 54.1418 20.1 12.4219
      vertex 51.8599 20.0538 12.237
      vertex 54.1392 20.0538 12.4465
    endloop
  endfacet
  facet normal -0.0807135 0.471044 0.878409
    outer loop
      vertex 51.8618 20.1 12.2124
      vertex 51.8599 20.0538 12.237
      vertex 54.1418 20.1 12.4219
    endloop
  endfacet
  facet normal -0.0833471 0.412829 0.906987
    outer loop
      vertex 54.1392 20.0538 12.4465
      vertex 51.8582 20.0061 12.2586
      vertex 54.1369 20.0061 12.468
    endloop
  endfacet
  facet normal -0.0833355 0.413536 0.906666
    outer loop
      vertex 51.8599 20.0538 12.237
      vertex 51.8582 20.0061 12.2586
      vertex 54.1392 20.0538 12.4465
    endloop
  endfacet
  facet normal -0.0851277 0.352137 0.932069
    outer loop
      vertex 54.1369 20.0061 12.468
      vertex 54.0966 19.9773 12.4752
      vertex 54.1357 19.9759 12.4793
    endloop
  endfacet
  facet normal -0.0856546 0.352799 0.93177
    outer loop
      vertex 54.0966 19.9773 12.4752
      vertex 54.1369 20.0061 12.468
      vertex 52.7923 19.9773 12.3553
    endloop
  endfacet
  facet normal -0.085667 0.351573 0.932233
    outer loop
      vertex 51.8582 20.0061 12.2586
      vertex 52.7923 19.9773 12.3553
      vertex 54.1369 20.0061 12.468
    endloop
  endfacet
  facet normal -0.0856279 0.352138 0.932023
    outer loop
      vertex 52.7923 19.9773 12.3553
      vertex 51.8582 20.0061 12.2586
      vertex 51.8965 19.9773 12.273
    endloop
  endfacet
  facet normal -0.0862732 0.351391 0.932245
    outer loop
      vertex 51.8965 19.9773 12.273
      vertex 51.8582 20.0061 12.2586
      vertex 51.8573 19.9759 12.2699
    endloop
  endfacet
  facet normal -0.0888552 -0.227128 0.969803
    outer loop
      vertex 54.0966 1.11649 12.4752
      vertex 54.1359 1.11179 12.4777
      vertex 54.1357 1.1187 12.4793
    endloop
  endfacet
  facet normal -0.0890808 -0.229297 0.969272
    outer loop
      vertex 51.9694 1.11649 12.2797
      vertex 54.1359 1.11179 12.4777
      vertex 54.0966 1.11649 12.4752
    endloop
  endfacet
  facet normal -0.0890994 -0.22833 0.969498
    outer loop
      vertex 54.1359 1.11179 12.4777
      vertex 51.9694 1.11649 12.2797
      vertex 51.8574 1.11179 12.2683
    endloop
  endfacet
  facet normal -0.0891053 -0.228239 0.969519
    outer loop
      vertex 51.8965 1.11649 12.273
      vertex 51.8574 1.11179 12.2683
      vertex 51.9694 1.11649 12.2797
    endloop
  endfacet
  facet normal -0.0894022 -0.226215 0.969966
    outer loop
      vertex 51.8574 1.11179 12.2683
      vertex 51.8965 1.11649 12.273
      vertex 51.8573 1.11869 12.2699
    endloop
  endfacet
  facet normal -0.0875977 -0.289906 0.953038
    outer loop
      vertex 54.1359 1.11179 12.4777
      vertex 51.8596 1.01785 12.2399
      vertex 54.1389 1.01785 12.4494
    endloop
  endfacet
  facet normal -0.0875799 -0.290152 0.952965
    outer loop
      vertex 54.1359 1.11179 12.4777
      vertex 51.8574 1.11179 12.2683
      vertex 51.8596 1.01785 12.2399
    endloop
  endfacet
  facet normal -0.0856298 -0.352319 0.931955
    outer loop
      vertex 54.1389 1.01785 12.4494
      vertex 51.8624 0.92598 12.2055
      vertex 54.1425 0.92598 12.415
    endloop
  endfacet
  facet normal -0.0856821 -0.351665 0.932196
    outer loop
      vertex 54.1389 1.01785 12.4494
      vertex 51.8596 1.01785 12.2399
      vertex 51.8624 0.92598 12.2055
    endloop
  endfacet
  facet normal -0.0833377 -0.412772 0.907014
    outer loop
      vertex 54.1425 0.92598 12.415
      vertex 51.8655 0.836578 12.1651
      vertex 54.1467 0.836578 12.3747
    endloop
  endfacet
  facet normal -0.0833385 -0.412763 0.907018
    outer loop
      vertex 54.1425 0.92598 12.415
      vertex 51.8624 0.92598 12.2055
      vertex 51.8655 0.836578 12.1651
    endloop
  endfacet
  facet normal -0.0807349 -0.471226 0.878309
    outer loop
      vertex 54.1467 0.836578 12.3747
      vertex 51.8692 0.75 12.1189
      vertex 54.1516 0.75 12.3287
    endloop
  endfacet
  facet normal -0.080666 -0.471934 0.877936
    outer loop
      vertex 54.1467 0.836578 12.3747
      vertex 51.8655 0.836578 12.1651
      vertex 51.8692 0.75 12.1189
    endloop
  endfacet
  facet normal -0.0776631 -0.528442 0.845409
    outer loop
      vertex 54.1516 0.75 12.3287
      vertex 51.8732 0.666656 12.0673
      vertex 54.157 0.666656 12.2771
    endloop
  endfacet
  facet normal -0.0777639 -0.527501 0.845988
    outer loop
      vertex 54.1516 0.75 12.3287
      vertex 51.8692 0.75 12.1189
      vertex 51.8732 0.666656 12.0673
    endloop
  endfacet
  facet normal -0.0744089 -0.582043 0.809746
    outer loop
      vertex 54.157 0.666656 12.2771
      vertex 51.8777 0.586868 12.0103
      vertex 54.163 0.586868 12.2203
    endloop
  endfacet
  facet normal -0.0743598 -0.58246 0.809451
    outer loop
      vertex 54.157 0.666656 12.2771
      vertex 51.8732 0.666656 12.0673
      vertex 51.8777 0.586868 12.0103
    endloop
  endfacet
  facet normal -0.0706921 -0.634758 0.769471
    outer loop
      vertex 54.163 0.586868 12.2203
      vertex 51.8826 0.510986 11.9482
      vertex 54.1695 0.510986 12.1583
    endloop
  endfacet
  facet normal -0.0707292 -0.634473 0.769702
    outer loop
      vertex 54.163 0.586868 12.2203
      vertex 51.8777 0.586868 12.0103
      vertex 51.8826 0.510986 11.9482
    endloop
  endfacet
  facet normal -0.0668034 -0.683389 0.726992
    outer loop
      vertex 54.1695 0.510986 12.1583
      vertex 51.8879 0.439346 11.8813
      vertex 54.1765 0.439346 12.0916
    endloop
  endfacet
  facet normal -0.0667694 -0.683626 0.726772
    outer loop
      vertex 54.1695 0.510986 12.1583
      vertex 51.8826 0.510986 11.9482
      vertex 51.8879 0.439346 11.8813
    endloop
  endfacet
  facet normal -0.0625055 -0.730115 0.68046
    outer loop
      vertex 54.1765 0.439346 12.0916
      vertex 51.8935 0.372253 11.8099
      vertex 54.184 0.372253 12.0203
    endloop
  endfacet
  facet normal -0.062562 -0.729761 0.680834
    outer loop
      vertex 54.1765 0.439346 12.0916
      vertex 51.8879 0.439346 11.8813
      vertex 51.8935 0.372253 11.8099
    endloop
  endfacet
  facet normal -0.0580938 -0.77272 0.632083
    outer loop
      vertex 54.184 0.372253 12.0203
      vertex 51.8994 0.309982 11.7342
      vertex 54.1919 0.309982 11.9449
    endloop
  endfacet
  facet normal -0.0580091 -0.773194 0.63151
    outer loop
      vertex 54.184 0.372253 12.0203
      vertex 51.8935 0.372253 11.8099
      vertex 51.8994 0.309982 11.7342
    endloop
  endfacet
  facet normal -0.0532712 -0.812985 0.579842
    outer loop
      vertex 54.1919 0.309982 11.9449
      vertex 51.9057 0.252808 11.6547
      vertex 54.2002 0.252808 11.8655
    endloop
  endfacet
  facet normal -0.053329 -0.812697 0.580241
    outer loop
      vertex 54.1919 0.309982 11.9449
      vertex 51.8994 0.309982 11.7342
      vertex 51.9057 0.252808 11.6547
    endloop
  endfacet
  facet normal -0.0483079 -0.849207 0.525846
    outer loop
      vertex 54.2002 0.252808 11.8655
      vertex 51.9122 0.200974 11.5716
      vertex 54.209 0.200974 11.7826
    endloop
  endfacet
  facet normal -0.0483152 -0.849175 0.525897
    outer loop
      vertex 54.2002 0.252808 11.8655
      vertex 51.9057 0.252808 11.6547
      vertex 51.9122 0.200974 11.5716
    endloop
  endfacet
  facet normal -0.0431321 -0.881873 0.469511
    outer loop
      vertex 54.209 0.200974 11.7826
      vertex 51.919 0.154694 11.4853
      vertex 54.218 0.154694 11.6965
    endloop
  endfacet
  facet normal -0.0431333 -0.881868 0.46952
    outer loop
      vertex 54.209 0.200974 11.7826
      vertex 51.9122 0.200974 11.5716
      vertex 51.919 0.154694 11.4853
    endloop
  endfacet
  facet normal -0.0377614 -0.910821 0.411071
    outer loop
      vertex 54.218 0.154694 11.6965
      vertex 51.9261 0.114182 11.3962
      vertex 54.2274 0.114182 11.6076
    endloop
  endfacet
  facet normal -0.0377674 -0.910801 0.411114
    outer loop
      vertex 54.218 0.154694 11.6965
      vertex 51.919 0.154694 11.4853
      vertex 51.9261 0.114182 11.3962
    endloop
  endfacet
  facet normal -0.0322569 -0.935813 0.351017
    outer loop
      vertex 54.2274 0.114182 11.6076
      vertex 51.9333 0.0796051 11.3046
      vertex 54.237 0.0796051 11.5163
    endloop
  endfacet
  facet normal -0.0322206 -0.935913 0.350753
    outer loop
      vertex 54.2274 0.114182 11.6076
      vertex 51.9261 0.114182 11.3962
      vertex 51.9333 0.0796051 11.3046
    endloop
  endfacet
  facet normal -0.0265366 -0.957019 0.288809
    outer loop
      vertex 54.237 0.0796051 11.5163
      vertex 51.9406 0.0511169 11.2109
      vertex 54.2468 0.0511169 11.4228
    endloop
  endfacet
  facet normal -0.026548 -0.956993 0.288892
    outer loop
      vertex 54.237 0.0796051 11.5163
      vertex 51.9333 0.0796051 11.3046
      vertex 51.9406 0.0511169 11.2109
    endloop
  endfacet
  facet normal -0.0208029 -0.973828 0.226332
    outer loop
      vertex 54.2468 0.0511169 11.4228
      vertex 51.9481 0.0288239 11.1156
      vertex 54.2568 0.0288239 11.3278
    endloop
  endfacet
  facet normal -0.0207816 -0.973865 0.226175
    outer loop
      vertex 54.2468 0.0511169 11.4228
      vertex 51.9406 0.0511169 11.2109
      vertex 51.9481 0.0288239 11.1156
    endloop
  endfacet
  facet normal -0.0148991 -0.986658 0.162122
    outer loop
      vertex 54.2568 0.0288239 11.3278
      vertex 51.9557 0.0128479 11.0191
      vertex 54.2669 0.0128479 11.2315
    endloop
  endfacet
  facet normal -0.0149056 -0.98665 0.16217
    outer loop
      vertex 54.2568 0.0288239 11.3278
      vertex 51.9481 0.0288239 11.1156
      vertex 51.9557 0.0128479 11.0191
    endloop
  endfacet
  facet normal -0.00897169 -0.995182 0.0976378
    outer loop
      vertex 54.2669 0.0128479 11.2315
      vertex 51.9634 0.0032196 10.9217
      vertex 54.2771 0.0032196 11.1343
    endloop
  endfacet
  facet normal -0.00897563 -0.995179 0.097667
    outer loop
      vertex 54.2669 0.0128479 11.2315
      vertex 51.9557 0.0128479 11.0191
      vertex 51.9634 0.0032196 10.9217
    endloop
  endfacet
  facet normal -0.00300132 -0.999462 0.0326674
    outer loop
      vertex 54.2771 0.0032196 11.1343
      vertex 51.982 1.52588e-05 10.8254
      vertex 54.2873 1.52588e-05 11.0372
    endloop
  endfacet
  facet normal -0.00300258 -0.999461 0.0326767
    outer loop
      vertex 51.9634 0.0032196 10.9217
      vertex 51.982 1.52588e-05 10.8254
      vertex 54.2771 0.0032196 11.1343
    endloop
  endfacet
  facet normal -0.00299795 -0.999461 0.0326776
    outer loop
      vertex 51.982 1.52588e-05 10.8254
      vertex 51.9634 0.0032196 10.9217
      vertex 51.9711 1.52588e-05 10.8244
    endloop
  endfacet
  facet normal -0.00212192 0.999473 0.0323832
    outer loop
      vertex 51.9162 20.5 11.5217
      vertex 49.6107 20.4983 11.4231
      vertex 51.9121 20.4983 11.5739
    endloop
  endfacet
  facet normal -0.0021217 0.999473 0.0323781
    outer loop
      vertex 49.6134 20.5 11.3708
      vertex 49.6107 20.4983 11.4231
      vertex 51.9162 20.5 11.5217
    endloop
  endfacet
  facet normal -0.0063746 0.995235 0.0972941
    outer loop
      vertex 51.9121 20.4983 11.5739
      vertex 49.6079 20.4932 11.4751
      vertex 51.908 20.4932 11.6258
    endloop
  endfacet
  facet normal -0.00637343 0.995238 0.0972667
    outer loop
      vertex 49.6107 20.4983 11.4231
      vertex 49.6079 20.4932 11.4751
      vertex 51.9121 20.4983 11.5739
    endloop
  endfacet
  facet normal -0.0107359 0.986424 0.163868
    outer loop
      vertex 51.908 20.4932 11.6258
      vertex 49.6052 20.4846 11.5267
      vertex 51.9039 20.4846 11.6773
    endloop
  endfacet
  facet normal -0.0107348 0.986428 0.163843
    outer loop
      vertex 49.6079 20.4932 11.4751
      vertex 49.6052 20.4846 11.5267
      vertex 51.908 20.4932 11.6258
    endloop
  endfacet
  facet normal -0.0148496 0.973893 0.226521
    outer loop
      vertex 51.9039 20.4846 11.6773
      vertex 49.6026 20.4727 11.5776
      vertex 51.8999 20.4727 11.7282
    endloop
  endfacet
  facet normal -0.0148659 0.973803 0.226908
    outer loop
      vertex 49.6052 20.4846 11.5267
      vertex 49.6026 20.4727 11.5776
      vertex 51.9039 20.4846 11.6773
    endloop
  endfacet
  facet normal -0.0188931 0.957375 0.28823
    outer loop
      vertex 51.8999 20.4727 11.7282
      vertex 49.6 20.4576 11.6276
      vertex 51.896 20.4576 11.7781
    endloop
  endfacet
  facet normal -0.0188899 0.957398 0.288152
    outer loop
      vertex 49.6026 20.4727 11.5776
      vertex 49.6 20.4576 11.6276
      vertex 51.8999 20.4727 11.7282
    endloop
  endfacet
  facet normal -0.0230955 0.935662 0.352141
    outer loop
      vertex 51.896 20.4576 11.7781
      vertex 49.5974 20.4391 11.6765
      vertex 51.8921 20.4391 11.827
    endloop
  endfacet
  facet normal -0.0231175 0.93546 0.352677
    outer loop
      vertex 49.6 20.4576 11.6276
      vertex 49.5974 20.4391 11.6765
      vertex 51.896 20.4576 11.7781
    endloop
  endfacet
  facet normal -0.0270031 0.91076 0.412053
    outer loop
      vertex 51.8921 20.4391 11.827
      vertex 49.5949 20.4175 11.7242
      vertex 51.8884 20.4175 11.8745
    endloop
  endfacet
  facet normal -0.0269679 0.911153 0.411184
    outer loop
      vertex 49.5974 20.4391 11.6765
      vertex 49.5949 20.4175 11.7242
      vertex 51.8921 20.4391 11.827
    endloop
  endfacet
  facet normal -0.0308597 0.881609 0.470971
    outer loop
      vertex 51.8884 20.4175 11.8745
      vertex 49.5925 20.3928 11.7703
      vertex 51.8848 20.3928 11.9205
    endloop
  endfacet
  facet normal -0.030853 0.8817 0.470801
    outer loop
      vertex 49.5949 20.4175 11.7242
      vertex 49.5925 20.3928 11.7703
      vertex 51.8884 20.4175 11.8745
    endloop
  endfacet
  facet normal -0.0344942 0.849467 0.526514
    outer loop
      vertex 51.8848 20.3928 11.9205
      vertex 49.5902 20.3652 11.8147
      vertex 51.8813 20.3652 11.9648
    endloop
  endfacet
  facet normal -0.0344872 0.84958 0.526331
    outer loop
      vertex 49.5925 20.3928 11.7703
      vertex 49.5902 20.3652 11.8147
      vertex 51.8848 20.3928 11.9205
    endloop
  endfacet
  facet normal -0.0380589 0.813249 0.58067
    outer loop
      vertex 51.8813 20.3652 11.9648
      vertex 49.5879 20.3347 11.8572
      vertex 51.878 20.3347 12.0073
    endloop
  endfacet
  facet normal -0.038081 0.812826 0.581261
    outer loop
      vertex 49.5902 20.3652 11.8147
      vertex 49.5879 20.3347 11.8572
      vertex 51.8813 20.3652 11.9648
    endloop
  endfacet
  facet normal -0.0415025 0.772769 0.633328
    outer loop
      vertex 51.878 20.3347 12.0073
      vertex 49.5858 20.3015 11.8976
      vertex 51.8748 20.3015 12.0476
    endloop
  endfacet
  facet normal -0.0414931 0.772984 0.633067
    outer loop
      vertex 49.5879 20.3347 11.8572
      vertex 49.5858 20.3015 11.8976
      vertex 51.878 20.3347 12.0073
    endloop
  endfacet
  facet normal -0.0447253 0.729787 0.68221
    outer loop
      vertex 51.8748 20.3015 12.0476
      vertex 49.5838 20.2657 11.9357
      vertex 51.8718 20.2657 12.0857
    endloop
  endfacet
  facet normal -0.0447466 0.729202 0.682833
    outer loop
      vertex 49.5858 20.3015 11.8976
      vertex 49.5838 20.2657 11.9357
      vertex 51.8748 20.3015 12.0476
    endloop
  endfacet
  facet normal -0.0477162 0.683882 0.728031
    outer loop
      vertex 51.8718 20.2657 12.0857
      vertex 49.5819 20.2275 11.9715
      vertex 51.869 20.2275 12.1214
    endloop
  endfacet
  facet normal -0.0477037 0.684298 0.727641
    outer loop
      vertex 49.5838 20.2657 11.9357
      vertex 49.5819 20.2275 11.9715
      vertex 51.8718 20.2657 12.0857
    endloop
  endfacet
  facet normal -0.0505991 0.633956 0.771712
    outer loop
      vertex 51.869 20.2275 12.1214
      vertex 49.5802 20.187 12.0046
      vertex 51.8664 20.187 12.1545
    endloop
  endfacet
  facet normal -0.0506153 0.633283 0.772263
    outer loop
      vertex 49.5819 20.2275 11.9715
      vertex 49.5802 20.187 12.0046
      vertex 51.869 20.2275 12.1214
    endloop
  endfacet
  facet normal -0.0531434 0.582943 0.810774
    outer loop
      vertex 51.8664 20.187 12.1545
      vertex 49.5786 20.1445 12.0351
      vertex 51.864 20.1445 12.1849
    endloop
  endfacet
  facet normal -0.0531321 0.583541 0.810344
    outer loop
      vertex 49.5802 20.187 12.0046
      vertex 49.5786 20.1445 12.0351
      vertex 51.8664 20.187 12.1545
    endloop
  endfacet
  facet normal -0.0555741 0.526871 0.848127
    outer loop
      vertex 51.864 20.1445 12.1849
      vertex 49.5772 20.1 12.0627
      vertex 51.8618 20.1 12.2124
    endloop
  endfacet
  facet normal -0.0555651 0.527525 0.84772
    outer loop
      vertex 49.5786 20.1445 12.0351
      vertex 49.5772 20.1 12.0627
      vertex 51.864 20.1445 12.1849
    endloop
  endfacet
  facet normal -0.0576918 0.471058 0.880214
    outer loop
      vertex 51.8618 20.1 12.2124
      vertex 49.5759 20.0538 12.0873
      vertex 51.8599 20.0538 12.237
    endloop
  endfacet
  facet normal -0.057697 0.470475 0.880525
    outer loop
      vertex 49.5772 20.1 12.0627
      vertex 49.5759 20.0538 12.0873
      vertex 51.8618 20.1 12.2124
    endloop
  endfacet
  facet normal -0.0595612 0.413536 0.908538
    outer loop
      vertex 51.8599 20.0538 12.237
      vertex 49.5747 20.0061 12.1089
      vertex 51.8582 20.0061 12.2586
    endloop
  endfacet
  facet normal -0.0595636 0.413018 0.908773
    outer loop
      vertex 49.5759 20.0538 12.0873
      vertex 49.5747 20.0061 12.1089
      vertex 51.8599 20.0538 12.237
    endloop
  endfacet
  facet normal -0.0591093 0.351376 0.934367
    outer loop
      vertex 51.8582 20.0061 12.2586
      vertex 51.8182 19.9773 12.2669
      vertex 51.8573 19.9759 12.2699
    endloop
  endfacet
  facet normal -0.0611938 0.353952 0.93326
    outer loop
      vertex 51.8182 19.9773 12.2669
      vertex 51.8582 20.0061 12.2586
      vertex 50.5112 19.9773 12.1812
    endloop
  endfacet
  facet normal -0.061194 0.353465 0.933444
    outer loop
      vertex 49.5747 20.0061 12.1089
      vertex 50.5112 19.9773 12.1812
      vertex 51.8582 20.0061 12.2586
    endloop
  endfacet
  facet normal -0.0612347 0.352783 0.933699
    outer loop
      vertex 50.5112 19.9773 12.1812
      vertex 49.5747 20.0061 12.1089
      vertex 49.6131 19.9773 12.1223
    endloop
  endfacet
  facet normal -0.0605612 0.353564 0.933448
    outer loop
      vertex 49.6131 19.9773 12.1223
      vertex 49.5747 20.0061 12.1089
      vertex 49.5741 19.9759 12.1203
    endloop
  endfacet
  facet normal -0.0618514 -0.226309 0.97209
    outer loop
      vertex 51.8182 1.11649 12.2669
      vertex 51.8574 1.11179 12.2683
      vertex 51.8573 1.11869 12.2699
    endloop
  endfacet
  facet normal -0.0635057 -0.241207 0.968394
    outer loop
      vertex 49.6864 1.11649 12.1271
      vertex 51.8574 1.11179 12.2683
      vertex 51.8182 1.11649 12.2669
    endloop
  endfacet
  facet normal -0.0638199 -0.217274 0.974022
    outer loop
      vertex 51.8574 1.11179 12.2683
      vertex 49.6864 1.11649 12.1271
      vertex 49.5742 1.11179 12.1187
    endloop
  endfacet
  facet normal -0.0637711 -0.218111 0.973838
    outer loop
      vertex 49.6131 1.11649 12.1223
      vertex 49.5742 1.11179 12.1187
      vertex 49.6864 1.11649 12.1271
    endloop
  endfacet
  facet normal -0.0626144 -0.226308 0.972041
    outer loop
      vertex 49.5742 1.11179 12.1187
      vertex 49.6131 1.11649 12.1223
      vertex 49.5741 1.11869 12.1203
    endloop
  endfacet
  facet normal -0.0625916 -0.290161 0.954929
    outer loop
      vertex 51.8574 1.11179 12.2683
      vertex 49.5757 1.01785 12.0902
      vertex 51.8596 1.01785 12.2399
    endloop
  endfacet
  facet normal -0.062559 -0.290664 0.954778
    outer loop
      vertex 51.8574 1.11179 12.2683
      vertex 49.5742 1.11179 12.1187
      vertex 49.5757 1.01785 12.0902
    endloop
  endfacet
  facet normal -0.0612423 -0.351644 0.934129
    outer loop
      vertex 51.8596 1.01785 12.2399
      vertex 49.5775 0.92598 12.0557
      vertex 51.8624 0.92598 12.2055
    endloop
  endfacet
  facet normal -0.0612207 -0.351951 0.934014
    outer loop
      vertex 51.8596 1.01785 12.2399
      vertex 49.5757 1.01785 12.0902
      vertex 49.5775 0.92598 12.0557
    endloop
  endfacet
  facet normal -0.0596005 -0.412781 0.908878
    outer loop
      vertex 51.8624 0.92598 12.2055
      vertex 49.5796 0.836578 12.0152
      vertex 51.8655 0.836578 12.1651
    endloop
  endfacet
  facet normal -0.0595783 -0.413071 0.908748
    outer loop
      vertex 51.8624 0.92598 12.2055
      vertex 49.5775 0.92598 12.0557
      vertex 49.5796 0.836578 12.0152
    endloop
  endfacet
  facet normal -0.0576604 -0.471921 0.879753
    outer loop
      vertex 51.8655 0.836578 12.1651
      vertex 49.5821 0.75 11.969
      vertex 51.8692 0.75 12.1189
    endloop
  endfacet
  facet normal -0.0577123 -0.471299 0.880083
    outer loop
      vertex 51.8655 0.836578 12.1651
      vertex 49.5796 0.836578 12.0152
      vertex 49.5821 0.75 11.969
    endloop
  endfacet
  facet normal -0.0555669 -0.527513 0.847728
    outer loop
      vertex 51.8692 0.75 12.1189
      vertex 49.5848 0.666656 11.9173
      vertex 51.8732 0.666656 12.0673
    endloop
  endfacet
  facet normal -0.055557 -0.527621 0.847661
    outer loop
      vertex 51.8692 0.75 12.1189
      vertex 49.5821 0.75 11.969
      vertex 49.5848 0.666656 11.9173
    endloop
  endfacet
  facet normal -0.0531679 -0.582458 0.81112
    outer loop
      vertex 51.8732 0.666656 12.0673
      vertex 49.5878 0.586868 11.8602
      vertex 51.8777 0.586868 12.0103
    endloop
  endfacet
  facet normal -0.0531668 -0.582469 0.811112
    outer loop
      vertex 51.8732 0.666656 12.0673
      vertex 49.5848 0.666656 11.9173
      vertex 49.5878 0.586868 11.8602
    endloop
  endfacet
  facet normal -0.0505533 -0.634471 0.771292
    outer loop
      vertex 51.8777 0.586868 12.0103
      vertex 49.591 0.510986 11.798
      vertex 51.8826 0.510986 11.9482
    endloop
  endfacet
  facet normal -0.0505609 -0.634402 0.771348
    outer loop
      vertex 51.8777 0.586868 12.0103
      vertex 49.5878 0.586868 11.8602
      vertex 49.591 0.510986 11.798
    endloop
  endfacet
  facet normal -0.0477282 -0.683621 0.728275
    outer loop
      vertex 51.8826 0.510986 11.9482
      vertex 49.5945 0.439346 11.731
      vertex 51.8879 0.439346 11.8813
    endloop
  endfacet
  facet normal -0.0477398 -0.683523 0.728366
    outer loop
      vertex 51.8826 0.510986 11.9482
      vertex 49.591 0.510986 11.798
      vertex 49.5945 0.439346 11.731
    endloop
  endfacet
  facet normal -0.0447352 -0.729764 0.682234
    outer loop
      vertex 51.8879 0.439346 11.8813
      vertex 49.5983 0.372253 11.6594
      vertex 51.8935 0.372253 11.8099
    endloop
  endfacet
  facet normal -0.0446837 -0.730153 0.681821
    outer loop
      vertex 51.8879 0.439346 11.8813
      vertex 49.5945 0.439346 11.731
      vertex 49.5983 0.372253 11.6594
    endloop
  endfacet
  facet normal -0.0414597 -0.7732 0.632805
    outer loop
      vertex 51.8935 0.372253 11.8099
      vertex 49.6023 0.309982 11.5837
      vertex 51.8994 0.309982 11.7342
    endloop
  endfacet
  facet normal -0.0415345 -0.772691 0.633422
    outer loop
      vertex 51.8935 0.372253 11.8099
      vertex 49.5983 0.372253 11.6594
      vertex 49.6023 0.309982 11.5837
    endloop
  endfacet
  facet normal -0.0381088 -0.812693 0.581444
    outer loop
      vertex 51.8994 0.309982 11.7342
      vertex 49.6064 0.252808 11.504
      vertex 51.9057 0.252808 11.6547
    endloop
  endfacet
  facet normal -0.0380772 -0.812886 0.581177
    outer loop
      vertex 51.8994 0.309982 11.7342
      vertex 49.6023 0.309982 11.5837
      vertex 49.6064 0.252808 11.504
    endloop
  endfacet
  facet normal -0.0345532 -0.849178 0.526976
    outer loop
      vertex 51.9057 0.252808 11.6547
      vertex 49.6108 0.200974 11.4207
      vertex 51.9122 0.200974 11.5716
    endloop
  endfacet
  facet normal -0.0345204 -0.849354 0.526693
    outer loop
      vertex 51.9057 0.252808 11.6547
      vertex 49.6064 0.252808 11.504
      vertex 49.6108 0.200974 11.4207
    endloop
  endfacet
  facet normal -0.030839 -0.881867 0.470488
    outer loop
      vertex 51.9122 0.200974 11.5716
      vertex 49.6153 0.154694 11.3343
      vertex 51.919 0.154694 11.4853
    endloop
  endfacet
  facet normal -0.0308633 -0.881752 0.470702
    outer loop
      vertex 51.9122 0.200974 11.5716
      vertex 49.6108 0.200974 11.4207
      vertex 49.6153 0.154694 11.3343
    endloop
  endfacet
  facet normal -0.0270109 -0.910797 0.411969
    outer loop
      vertex 51.919 0.154694 11.4853
      vertex 49.62 0.114182 11.245
      vertex 51.9261 0.114182 11.3962
    endloop
  endfacet
  facet normal -0.0269926 -0.910871 0.411807
    outer loop
      vertex 51.919 0.154694 11.4853
      vertex 49.6153 0.154694 11.3343
      vertex 49.62 0.114182 11.245
    endloop
  endfacet
  facet normal -0.0230358 -0.935914 0.351475
    outer loop
      vertex 51.9261 0.114182 11.3962
      vertex 49.6248 0.0796051 11.1533
      vertex 51.9333 0.0796051 11.3046
    endloop
  endfacet
  facet normal -0.0230571 -0.935841 0.351667
    outer loop
      vertex 51.9261 0.114182 11.3962
      vertex 49.62 0.114182 11.245
      vertex 49.6248 0.0796051 11.1533
    endloop
  endfacet
  facet normal -0.0189657 -0.956995 0.289484
    outer loop
      vertex 51.9333 0.0796051 11.3046
      vertex 49.6297 0.0511169 11.0595
      vertex 51.9406 0.0511169 11.2109
    endloop
  endfacet
  facet normal -0.0189834 -0.956946 0.289644
    outer loop
      vertex 51.9333 0.0796051 11.3046
      vertex 49.6248 0.0796051 11.1533
      vertex 49.6297 0.0511169 11.0595
    endloop
  endfacet
  facet normal -0.0148521 -0.973865 0.226642
    outer loop
      vertex 51.9406 0.0511169 11.2109
      vertex 49.6347 0.0288239 10.964
      vertex 51.9481 0.0288239 11.1156
    endloop
  endfacet
  facet normal -0.0148433 -0.973884 0.226561
    outer loop
      vertex 51.9406 0.0511169 11.2109
      vertex 49.6297 0.0511169 11.0595
      vertex 49.6347 0.0288239 10.964
    endloop
  endfacet
  facet normal -0.0106517 -0.98665 0.162505
    outer loop
      vertex 51.9481 0.0288239 11.1156
      vertex 49.6398 0.0128479 10.8673
      vertex 51.9557 0.0128479 11.0191
    endloop
  endfacet
  facet normal -0.0106453 -0.98666 0.162447
    outer loop
      vertex 51.9481 0.0288239 11.1156
      vertex 49.6347 0.0288239 10.964
      vertex 49.6398 0.0128479 10.8673
    endloop
  endfacet
  facet normal -0.00641628 -0.995179 0.0978693
    outer loop
      vertex 51.9557 0.0128479 11.0191
      vertex 49.6449 0.0032196 10.7697
      vertex 51.9634 0.0032196 10.9217
    endloop
  endfacet
  facet normal -0.00641312 -0.995181 0.0978402
    outer loop
      vertex 51.9557 0.0128479 11.0191
      vertex 49.6398 0.0128479 10.8673
      vertex 49.6449 0.0032196 10.7697
    endloop
  endfacet
  facet normal -0.00214605 -0.999461 0.032745
    outer loop
      vertex 51.9634 0.0032196 10.9217
      vertex 49.661 1.52588e-05 10.673
      vertex 51.9711 1.52588e-05 10.8244
    endloop
  endfacet
  facet normal -0.00214783 -0.999461 0.0327615
    outer loop
      vertex 49.6449 0.0032196 10.7697
      vertex 49.661 1.52588e-05 10.673
      vertex 51.9634 0.0032196 10.9217
    endloop
  endfacet
  facet normal -0.00237984 -0.999462 0.0327229
    outer loop
      vertex 49.661 1.52588e-05 10.673
      vertex 49.6449 0.0032196 10.7697
      vertex 49.65 1.52588e-05 10.6722
    endloop
  endfacet
  facet normal -0.00127459 0.999473 0.0324219
    outer loop
      vertex 49.6134 20.5 11.3708
      vertex 47.3061 20.4983 11.3325
      vertex 49.6107 20.4983 11.4231
    endloop
  endfacet
  facet normal -0.00127511 0.999472 0.0324535
    outer loop
      vertex 47.3075 20.5 11.2802
      vertex 47.3061 20.4983 11.3325
      vertex 49.6134 20.5 11.3708
    endloop
  endfacet
  facet normal -0.00382747 0.995238 0.0974037
    outer loop
      vertex 49.6107 20.4983 11.4231
      vertex 47.3048 20.4932 11.3846
      vertex 49.6079 20.4932 11.4751
    endloop
  endfacet
  facet normal -0.00382621 0.995245 0.0973277
    outer loop
      vertex 47.3061 20.4983 11.3325
      vertex 47.3048 20.4932 11.3846
      vertex 49.6107 20.4983 11.4231
    endloop
  endfacet
  facet normal -0.00645064 0.986428 0.164067
    outer loop
      vertex 49.6079 20.4932 11.4751
      vertex 47.3034 20.4846 11.4362
      vertex 49.6052 20.4846 11.5267
    endloop
  endfacet
  facet normal -0.00645321 0.986402 0.164225
    outer loop
      vertex 47.3048 20.4932 11.3846
      vertex 47.3034 20.4846 11.4362
      vertex 49.6079 20.4932 11.4751
    endloop
  endfacet
  facet normal -0.00892845 0.973805 0.227211
    outer loop
      vertex 49.6052 20.4846 11.5267
      vertex 47.3021 20.4727 11.4872
      vertex 49.6026 20.4727 11.5776
    endloop
  endfacet
  facet normal -0.00892516 0.973853 0.227005
    outer loop
      vertex 47.3034 20.4846 11.4362
      vertex 47.3021 20.4727 11.4872
      vertex 49.6052 20.4846 11.5267
    endloop
  endfacet
  facet normal -0.0113325 0.957399 0.288545
    outer loop
      vertex 49.6026 20.4727 11.5776
      vertex 47.3008 20.4576 11.5373
      vertex 49.6 20.4576 11.6276
    endloop
  endfacet
  facet normal -0.0113285 0.957477 0.288287
    outer loop
      vertex 47.3021 20.4727 11.4872
      vertex 47.3008 20.4576 11.5373
      vertex 49.6026 20.4727 11.5776
    endloop
  endfacet
  facet normal -0.013863 0.935457 0.353168
    outer loop
      vertex 49.6 20.4576 11.6276
      vertex 47.2995 20.4391 11.5863
      vertex 49.5974 20.4391 11.6765
    endloop
  endfacet
  facet normal -0.0138584 0.935574 0.352859
    outer loop
      vertex 47.3008 20.4576 11.5373
      vertex 47.2995 20.4391 11.5863
      vertex 49.6 20.4576 11.6276
    endloop
  endfacet
  facet normal -0.0161889 0.911153 0.411749
    outer loop
      vertex 49.5974 20.4391 11.6765
      vertex 47.2982 20.4175 11.6339
      vertex 49.5949 20.4175 11.7242
    endloop
  endfacet
  facet normal -0.0162039 0.910675 0.412805
    outer loop
      vertex 47.2995 20.4391 11.5863
      vertex 47.2982 20.4175 11.6339
      vertex 49.5974 20.4391 11.6765
    endloop
  endfacet
  facet normal -0.018525 0.881701 0.471444
    outer loop
      vertex 49.5949 20.4175 11.7242
      vertex 47.297 20.3928 11.6801
      vertex 49.5925 20.3928 11.7703
    endloop
  endfacet
  facet normal -0.0185194 0.881926 0.471025
    outer loop
      vertex 47.2982 20.4175 11.6339
      vertex 47.297 20.3928 11.6801
      vertex 49.5949 20.4175 11.7242
    endloop
  endfacet
  facet normal -0.0207207 0.849584 0.527046
    outer loop
      vertex 49.5925 20.3928 11.7703
      vertex 47.2959 20.3652 11.7245
      vertex 49.5902 20.3652 11.8147
    endloop
  endfacet
  facet normal -0.0207258 0.849333 0.52745
    outer loop
      vertex 47.297 20.3928 11.6801
      vertex 47.2959 20.3652 11.7245
      vertex 49.5925 20.3928 11.7703
    endloop
  endfacet
  facet normal -0.0228708 0.812813 0.582075
    outer loop
      vertex 49.5902 20.3652 11.8147
      vertex 47.2948 20.3347 11.7671
      vertex 49.5879 20.3347 11.8572
    endloop
  endfacet
  facet normal -0.0228654 0.813155 0.581598
    outer loop
      vertex 47.2959 20.3652 11.7245
      vertex 47.2948 20.3347 11.7671
      vertex 49.5902 20.3652 11.8147
    endloop
  endfacet
  facet normal -0.0249192 0.772987 0.633932
    outer loop
      vertex 49.5879 20.3347 11.8572
      vertex 47.2937 20.3015 11.8075
      vertex 49.5858 20.3015 11.8976
    endloop
  endfacet
  facet normal -0.0249228 0.772685 0.6343
    outer loop
      vertex 47.2948 20.3347 11.7671
      vertex 47.2937 20.3015 11.8075
      vertex 49.5879 20.3347 11.8572
    endloop
  endfacet
  facet normal -0.0268602 0.729202 0.683772
    outer loop
      vertex 49.5858 20.3015 11.8976
      vertex 47.2927 20.2657 11.8457
      vertex 49.5838 20.2657 11.9357
    endloop
  endfacet
  facet normal -0.0268556 0.729744 0.683193
    outer loop
      vertex 47.2937 20.3015 11.8075
      vertex 47.2927 20.2657 11.8457
      vertex 49.5858 20.3015 11.8976
    endloop
  endfacet
  facet normal -0.0286355 0.684292 0.728646
    outer loop
      vertex 49.5838 20.2657 11.9357
      vertex 47.2918 20.2275 11.8815
      vertex 49.5819 20.2275 11.9715
    endloop
  endfacet
  facet normal -0.0286377 0.683893 0.72902
    outer loop
      vertex 47.2927 20.2657 11.8457
      vertex 47.2918 20.2275 11.8815
      vertex 49.5838 20.2657 11.9357
    endloop
  endfacet
  facet normal -0.0303678 0.633293 0.773316
    outer loop
      vertex 49.5819 20.2275 11.9715
      vertex 47.2909 20.187 11.9147
      vertex 49.5802 20.187 12.0046
    endloop
  endfacet
  facet normal -0.0303658 0.634077 0.772674
    outer loop
      vertex 47.2918 20.2275 11.8815
      vertex 47.2909 20.187 11.9147
      vertex 49.5819 20.2275 11.9715
    endloop
  endfacet
  facet normal -0.0318768 0.583541 0.811458
    outer loop
      vertex 49.5802 20.187 12.0046
      vertex 47.2901 20.1445 11.9452
      vertex 49.5786 20.1445 12.0351
    endloop
  endfacet
  facet normal -0.0318768 0.583145 0.811743
    outer loop
      vertex 47.2909 20.187 11.9147
      vertex 47.2901 20.1445 11.9452
      vertex 49.5802 20.187 12.0046
    endloop
  endfacet
  facet normal -0.0333568 0.527542 0.848874
    outer loop
      vertex 49.5786 20.1445 12.0351
      vertex 47.2894 20.1 11.9728
      vertex 49.5772 20.1 12.0627
    endloop
  endfacet
  facet normal -0.0333559 0.527163 0.849109
    outer loop
      vertex 47.2901 20.1445 11.9452
      vertex 47.2894 20.1 11.9728
      vertex 49.5786 20.1445 12.0351
    endloop
  endfacet
  facet normal -0.0346187 0.47047 0.881737
    outer loop
      vertex 49.5772 20.1 12.0627
      vertex 47.2887 20.0538 11.9975
      vertex 49.5759 20.0538 12.0873
    endloop
  endfacet
  facet normal -0.0346243 0.471605 0.88113
    outer loop
      vertex 47.2894 20.1 11.9728
      vertex 47.2887 20.0538 11.9975
      vertex 49.5772 20.1 12.0627
    endloop
  endfacet
  facet normal -0.0357407 0.41299 0.910034
    outer loop
      vertex 49.5759 20.0538 12.0873
      vertex 47.2882 20.0061 12.0191
      vertex 49.5747 20.0061 12.1089
    endloop
  endfacet
  facet normal -0.0357375 0.412555 0.910231
    outer loop
      vertex 47.2887 20.0538 11.9975
      vertex 47.2882 20.0061 12.0191
      vertex 49.5759 20.0538 12.0873
    endloop
  endfacet
  facet normal -0.0372543 0.353562 0.934669
    outer loop
      vertex 49.5747 20.0061 12.1089
      vertex 49.5347 19.9773 12.1182
      vertex 49.5741 19.9759 12.1203
    endloop
  endfacet
  facet normal -0.0367258 0.352914 0.934935
    outer loop
      vertex 49.5347 19.9773 12.1182
      vertex 49.5747 20.0061 12.1089
      vertex 48.2262 19.9773 12.0668
    endloop
  endfacet
  facet normal -0.036723 0.352622 0.935045
    outer loop
      vertex 47.2882 20.0061 12.0191
      vertex 48.2262 19.9773 12.0668
      vertex 49.5747 20.0061 12.1089
    endloop
  endfacet
  facet normal -0.0367179 0.352723 0.935007
    outer loop
      vertex 48.2262 19.9773 12.0668
      vertex 47.2882 20.0061 12.0191
      vertex 47.3273 19.9773 12.0315
    endloop
  endfacet
  facet normal -0.0362784 0.353243 0.934828
    outer loop
      vertex 47.3273 19.9773 12.0315
      vertex 47.2882 20.0061 12.0191
      vertex 47.2879 19.9759 12.0305
    endloop
  endfacet
  facet normal -0.0392416 -0.226256 0.973277
    outer loop
      vertex 49.5347 1.11649 12.1182
      vertex 49.5742 1.11179 12.1187
      vertex 49.5741 1.11869 12.1203
    endloop
  endfacet
  facet normal -0.0382849 -0.218012 0.975195
    outer loop
      vertex 47.4002 1.11648 12.0344
      vertex 49.5742 1.11179 12.1187
      vertex 49.5347 1.11649 12.1182
    endloop
  endfacet
  facet normal -0.0380969 -0.24464 0.968865
    outer loop
      vertex 49.5742 1.11179 12.1187
      vertex 47.4002 1.11648 12.0344
      vertex 47.2879 1.11179 12.0288
    endloop
  endfacet
  facet normal -0.03864 -0.234579 0.971329
    outer loop
      vertex 47.3273 1.11648 12.0315
      vertex 47.2879 1.11179 12.0288
      vertex 47.4002 1.11648 12.0344
    endloop
  endfacet
  facet normal -0.0380346 -0.23905 0.970262
    outer loop
      vertex 47.2879 1.11179 12.0288
      vertex 47.3273 1.11648 12.0315
      vertex 47.2879 1.11869 12.0305
    endloop
  endfacet
  facet normal -0.0375396 -0.290663 0.956089
    outer loop
      vertex 49.5742 1.11179 12.1187
      vertex 47.2886 1.01785 12.0004
      vertex 49.5757 1.01785 12.0902
    endloop
  endfacet
  facet normal -0.037609 -0.289437 0.956458
    outer loop
      vertex 49.5742 1.11179 12.1187
      vertex 47.2879 1.11179 12.0288
      vertex 47.2886 1.01785 12.0004
    endloop
  endfacet
  facet normal -0.0367496 -0.351952 0.935296
    outer loop
      vertex 49.5757 1.01785 12.0902
      vertex 47.2895 0.92598 11.9658
      vertex 49.5775 0.92598 12.0557
    endloop
  endfacet
  facet normal -0.0367147 -0.352529 0.93508
    outer loop
      vertex 49.5757 1.01785 12.0902
      vertex 47.2886 1.01785 12.0004
      vertex 47.2895 0.92598 11.9658
    endloop
  endfacet
  facet normal -0.0357399 -0.413076 0.909995
    outer loop
      vertex 49.5775 0.92598 12.0557
      vertex 47.2906 0.836578 11.9253
      vertex 49.5796 0.836578 12.0152
    endloop
  endfacet
  facet normal -0.0357614 -0.412745 0.910145
    outer loop
      vertex 49.5775 0.92598 12.0557
      vertex 47.2895 0.92598 11.9658
      vertex 47.2906 0.836578 11.9253
    endloop
  endfacet
  facet normal -0.0345934 -0.471283 0.881304
    outer loop
      vertex 49.5796 0.836578 12.0152
      vertex 47.2918 0.75 11.8791
      vertex 49.5821 0.75 11.969
    endloop
  endfacet
  facet normal -0.0346215 -0.470878 0.881519
    outer loop
      vertex 49.5796 0.836578 12.0152
      vertex 47.2906 0.836578 11.9253
      vertex 47.2918 0.75 11.8791
    endloop
  endfacet
  facet normal -0.0333736 -0.527623 0.848823
    outer loop
      vertex 49.5821 0.75 11.969
      vertex 47.2932 0.666656 11.8272
      vertex 49.5848 0.666656 11.9173
    endloop
  endfacet
  facet normal -0.0332918 -0.528717 0.848145
    outer loop
      vertex 49.5821 0.75 11.969
      vertex 47.2918 0.75 11.8791
      vertex 47.2932 0.666656 11.8272
    endloop
  endfacet
  facet normal -0.0319139 -0.582468 0.812227
    outer loop
      vertex 49.5848 0.666656 11.9173
      vertex 47.2947 0.586868 11.7701
      vertex 49.5878 0.586868 11.8602
    endloop
  endfacet
  facet normal -0.0319459 -0.582071 0.81251
    outer loop
      vertex 49.5848 0.666656 11.9173
      vertex 47.2932 0.666656 11.8272
      vertex 47.2947 0.586868 11.7701
    endloop
  endfacet
  facet normal -0.0303614 -0.634411 0.772399
    outer loop
      vertex 49.5878 0.586868 11.8602
      vertex 47.2963 0.510986 11.7078
      vertex 49.591 0.510986 11.798
    endloop
  endfacet
  facet normal -0.0303417 -0.634637 0.772215
    outer loop
      vertex 49.5878 0.586868 11.8602
      vertex 47.2947 0.586868 11.7701
      vertex 47.2963 0.510986 11.7078
    endloop
  endfacet
  facet normal -0.0286803 -0.683525 0.729363
    outer loop
      vertex 49.591 0.510986 11.798
      vertex 47.2981 0.439346 11.6407
      vertex 49.5945 0.439346 11.731
    endloop
  endfacet
  facet normal -0.0286632 -0.683705 0.729196
    outer loop
      vertex 49.591 0.510986 11.798
      vertex 47.2963 0.510986 11.7078
      vertex 47.2981 0.439346 11.6407
    endloop
  endfacet
  facet normal -0.0268245 -0.730147 0.682763
    outer loop
      vertex 49.5945 0.439346 11.731
      vertex 47.2999 0.372253 11.5691
      vertex 49.5983 0.372253 11.6594
    endloop
  endfacet
  facet normal -0.0268635 -0.729773 0.683161
    outer loop
      vertex 49.5945 0.439346 11.731
      vertex 47.2981 0.439346 11.6407
      vertex 47.2999 0.372253 11.5691
    endloop
  endfacet
  facet normal -0.0249263 -0.772687 0.634297
    outer loop
      vertex 49.5983 0.372253 11.6594
      vertex 47.3019 0.309982 11.4933
      vertex 49.6023 0.309982 11.5837
    endloop
  endfacet
  facet normal -0.0249162 -0.772775 0.634191
    outer loop
      vertex 49.5983 0.372253 11.6594
      vertex 47.2999 0.372253 11.5691
      vertex 47.3019 0.309982 11.4933
    endloop
  endfacet
  facet normal -0.0228752 -0.812893 0.581964
    outer loop
      vertex 49.6023 0.309982 11.5837
      vertex 47.304 0.252808 11.4135
      vertex 49.6064 0.252808 11.504
    endloop
  endfacet
  facet normal -0.0228657 -0.812967 0.581861
    outer loop
      vertex 49.6023 0.309982 11.5837
      vertex 47.3019 0.309982 11.4933
      vertex 47.304 0.252808 11.4135
    endloop
  endfacet
  facet normal -0.0207114 -0.849352 0.527421
    outer loop
      vertex 49.6064 0.252808 11.504
      vertex 47.3062 0.200974 11.3302
      vertex 49.6108 0.200974 11.4207
    endloop
  endfacet
  facet normal -0.0207467 -0.849106 0.527814
    outer loop
      vertex 49.6064 0.252808 11.504
      vertex 47.304 0.252808 11.4135
      vertex 47.3062 0.200974 11.3302
    endloop
  endfacet
  facet normal -0.0185122 -0.881754 0.471346
    outer loop
      vertex 49.6108 0.200974 11.4207
      vertex 47.3085 0.154694 11.2437
      vertex 49.6153 0.154694 11.3343
    endloop
  endfacet
  facet normal -0.0185072 -0.881785 0.471288
    outer loop
      vertex 49.6108 0.200974 11.4207
      vertex 47.3062 0.200974 11.3302
      vertex 47.3085 0.154694 11.2437
    endloop
  endfacet
  facet normal -0.0161971 -0.91087 0.412375
    outer loop
      vertex 49.6153 0.154694 11.3343
      vertex 47.3108 0.114182 11.1543
      vertex 49.62 0.114182 11.245
    endloop
  endfacet
  facet normal -0.0161952 -0.91088 0.412353
    outer loop
      vertex 49.6153 0.154694 11.3343
      vertex 47.3085 0.154694 11.2437
      vertex 47.3108 0.114182 11.1543
    endloop
  endfacet
  facet normal -0.0138325 -0.935842 0.352149
    outer loop
      vertex 49.62 0.114182 11.245
      vertex 47.3132 0.0796051 11.0625
      vertex 49.6248 0.0796051 11.1533
    endloop
  endfacet
  facet normal -0.0138309 -0.935849 0.35213
    outer loop
      vertex 49.62 0.114182 11.245
      vertex 47.3108 0.114182 11.1543
      vertex 47.3132 0.0796051 11.0625
    endloop
  endfacet
  facet normal -0.0113936 -0.956946 0.290041
    outer loop
      vertex 49.6248 0.0796051 11.1533
      vertex 47.3157 0.0511169 10.9686
      vertex 49.6297 0.0511169 11.0595
    endloop
  endfacet
  facet normal -0.0113922 -0.956951 0.290025
    outer loop
      vertex 49.6248 0.0796051 11.1533
      vertex 47.3132 0.0796051 11.0625
      vertex 47.3157 0.0511169 10.9686
    endloop
  endfacet
  facet normal -0.00891229 -0.973884 0.226872
    outer loop
      vertex 49.6297 0.0511169 11.0595
      vertex 47.3182 0.0288239 10.873
      vertex 49.6347 0.0288239 10.964
    endloop
  endfacet
  facet normal -0.00891195 -0.973885 0.226868
    outer loop
      vertex 49.6297 0.0511169 11.0595
      vertex 47.3157 0.0511169 10.9686
      vertex 47.3182 0.0288239 10.873
    endloop
  endfacet
  facet normal -0.00639012 -0.98666 0.162671
    outer loop
      vertex 49.6347 0.0288239 10.964
      vertex 47.3207 0.0128479 10.7762
      vertex 49.6398 0.0128479 10.8673
    endloop
  endfacet
  facet normal -0.00639041 -0.986659 0.162674
    outer loop
      vertex 49.6347 0.0288239 10.964
      vertex 47.3182 0.0288239 10.873
      vertex 47.3207 0.0128479 10.7762
    endloop
  endfacet
  facet normal -0.00384874 -0.995182 0.0979742
    outer loop
      vertex 49.6398 0.0128479 10.8673
      vertex 47.3233 0.0032196 10.6785
      vertex 49.6449 0.0032196 10.7697
    endloop
  endfacet
  facet normal -0.0038486 -0.995182 0.0979724
    outer loop
      vertex 49.6398 0.0128479 10.8673
      vertex 47.3207 0.0128479 10.7762
      vertex 47.3233 0.0032196 10.6785
    endloop
  endfacet
  facet normal -0.00128671 -0.999462 0.03278
    outer loop
      vertex 49.6449 0.0032196 10.7697
      vertex 47.3368 1.52588e-05 10.5814
      vertex 49.65 1.52588e-05 10.6722
    endloop
  endfacet
  facet normal -0.00128863 -0.999461 0.0328035
    outer loop
      vertex 47.3233 0.0032196 10.6785
      vertex 47.3368 1.52588e-05 10.5814
      vertex 49.6449 0.0032196 10.7697
    endloop
  endfacet
  facet normal -0.0014898 -0.999462 0.0327755
    outer loop
      vertex 47.3368 1.52588e-05 10.5814
      vertex 47.3233 0.0032196 10.6785
      vertex 47.3258 1.52588e-05 10.5809
    endloop
  endfacet
  facet normal -0.000425299 0.999472 0.0324762
    outer loop
      vertex 47.3075 20.5 11.2802
      vertex 45 20.4983 11.3023
      vertex 47.3061 20.4983 11.3325
    endloop
  endfacet
  facet normal -0.00042519 0.999472 0.0324876
    outer loop
      vertex 47.3075 20.5 11.2802
      vertex 45 20.5 11.25
      vertex 45 20.4983 11.3023
    endloop
  endfacet
  facet normal -0.00127613 0.995245 0.0973914
    outer loop
      vertex 47.3061 20.4983 11.3325
      vertex 45 20.4932 11.3544
      vertex 47.3048 20.4932 11.3846
    endloop
  endfacet
  facet normal -0.00127582 0.995242 0.0974229
    outer loop
      vertex 47.3061 20.4983 11.3325
      vertex 45 20.4983 11.3023
      vertex 45 20.4932 11.3544
    endloop
  endfacet
  facet normal -0.00214756 0.986401 0.164342
    outer loop
      vertex 47.3048 20.4932 11.3846
      vertex 45 20.4846 11.4061
      vertex 47.3034 20.4846 11.4362
    endloop
  endfacet
  facet normal -0.00215008 0.986443 0.164089
    outer loop
      vertex 47.3048 20.4932 11.3846
      vertex 45 20.4932 11.3544
      vertex 45 20.4846 11.4061
    endloop
  endfacet
  facet normal -0.00297008 0.973854 0.227157
    outer loop
      vertex 47.3034 20.4846 11.4362
      vertex 45 20.4727 11.4571
      vertex 47.3021 20.4727 11.4872
    endloop
  endfacet
  facet normal -0.00296934 0.973837 0.227229
    outer loop
      vertex 47.3034 20.4846 11.4362
      vertex 45 20.4846 11.4061
      vertex 45 20.4727 11.4571
    endloop
  endfacet
  facet normal -0.00377405 0.957478 0.288483
    outer loop
      vertex 47.3021 20.4727 11.4872
      vertex 45 20.4576 11.5072
      vertex 47.3008 20.4576 11.5373
    endloop
  endfacet
  facet normal -0.0037731 0.95745 0.288573
    outer loop
      vertex 47.3021 20.4727 11.4872
      vertex 45 20.4727 11.4571
      vertex 45 20.4576 11.5072
    endloop
  endfacet
  facet normal -0.00462206 0.935573 0.353104
    outer loop
      vertex 47.3008 20.4576 11.5373
      vertex 45 20.4391 11.5562
      vertex 47.2995 20.4391 11.5863
    endloop
  endfacet
  facet normal -0.00462085 0.935532 0.353211
    outer loop
      vertex 47.3008 20.4576 11.5373
      vertex 45 20.4576 11.5072
      vertex 45 20.4391 11.5562
    endloop
  endfacet
  facet normal -0.00541043 0.910671 0.413098
    outer loop
      vertex 47.2995 20.4391 11.5863
      vertex 45 20.4175 11.6038
      vertex 47.2982 20.4175 11.6339
    endloop
  endfacet
  facet normal -0.00540897 0.910615 0.41322
    outer loop
      vertex 47.2995 20.4391 11.5863
      vertex 45 20.4391 11.5562
      vertex 45 20.4175 11.6038
    endloop
  endfacet
  facet normal -0.00617654 0.881927 0.471346
    outer loop
      vertex 47.2982 20.4175 11.6339
      vertex 45 20.3928 11.65
      vertex 47.297 20.3928 11.6801
    endloop
  endfacet
  facet normal -0.00617495 0.88186 0.471471
    outer loop
      vertex 47.2982 20.4175 11.6339
      vertex 45 20.4175 11.6038
      vertex 45 20.3928 11.65
    endloop
  endfacet
  facet normal -0.00689662 0.849342 0.527798
    outer loop
      vertex 47.297 20.3928 11.6801
      vertex 45 20.3652 11.6945
      vertex 47.2959 20.3652 11.7245
    endloop
  endfacet
  facet normal -0.00690669 0.849797 0.527065
    outer loop
      vertex 47.297 20.3928 11.6801
      vertex 45 20.3928 11.65
      vertex 45 20.3652 11.6945
    endloop
  endfacet
  facet normal -0.00763378 0.813158 0.581993
    outer loop
      vertex 47.2959 20.3652 11.7245
      vertex 45 20.3347 11.737
      vertex 47.2948 20.3347 11.7671
    endloop
  endfacet
  facet normal -0.0076183 0.812416 0.583028
    outer loop
      vertex 47.2959 20.3652 11.7245
      vertex 45 20.3652 11.6945
      vertex 45 20.3347 11.737
    endloop
  endfacet
  facet normal -0.00830203 0.772676 0.634746
    outer loop
      vertex 47.2948 20.3347 11.7671
      vertex 45 20.3015 11.7775
      vertex 47.2937 20.3015 11.8075
    endloop
  endfacet
  facet normal -0.00831519 0.773335 0.633943
    outer loop
      vertex 47.2948 20.3347 11.7671
      vertex 45 20.3347 11.737
      vertex 45 20.3015 11.7775
    endloop
  endfacet
  facet normal -0.00894572 0.729744 0.683662
    outer loop
      vertex 47.2937 20.3015 11.8075
      vertex 45 20.2657 11.8157
      vertex 47.2927 20.2657 11.8457
    endloop
  endfacet
  facet normal -0.00894345 0.729627 0.683787
    outer loop
      vertex 47.2937 20.3015 11.8075
      vertex 45 20.3015 11.7775
      vertex 45 20.2657 11.8157
    endloop
  endfacet
  facet normal -0.0095494 0.683903 0.729511
    outer loop
      vertex 47.2927 20.2657 11.8457
      vertex 45 20.2275 11.8515
      vertex 47.2918 20.2275 11.8815
    endloop
  endfacet
  facet normal -0.00954712 0.683783 0.729623
    outer loop
      vertex 47.2927 20.2657 11.8457
      vertex 45 20.2657 11.8157
      vertex 45 20.2275 11.8515
    endloop
  endfacet
  facet normal -0.0101254 0.634067 0.773211
    outer loop
      vertex 47.2918 20.2275 11.8815
      vertex 45 20.187 11.8847
      vertex 47.2909 20.187 11.9147
    endloop
  endfacet
  facet normal -0.0101229 0.633933 0.773322
    outer loop
      vertex 47.2918 20.2275 11.8815
      vertex 45 20.2275 11.8515
      vertex 45 20.187 11.8847
    endloop
  endfacet
  facet normal -0.010641 0.583144 0.812299
    outer loop
      vertex 47.2909 20.187 11.9147
      vertex 45 20.1445 11.9152
      vertex 47.2901 20.1445 11.9452
    endloop
  endfacet
  facet normal -0.0106385 0.583012 0.812394
    outer loop
      vertex 47.2909 20.187 11.9147
      vertex 45 20.187 11.8847
      vertex 45 20.1445 11.9152
    endloop
  endfacet
  facet normal -0.0111342 0.527171 0.849686
    outer loop
      vertex 47.2901 20.1445 11.9452
      vertex 45 20.1 11.9428
      vertex 47.2894 20.1 11.9728
    endloop
  endfacet
  facet normal -0.0111318 0.527045 0.849765
    outer loop
      vertex 47.2901 20.1445 11.9452
      vertex 45 20.1445 11.9152
      vertex 45 20.1 11.9428
    endloop
  endfacet
  facet normal -0.0115578 0.471584 0.881745
    outer loop
      vertex 47.2894 20.1 11.9728
      vertex 45 20.0538 11.9675
      vertex 47.2887 20.0538 11.9975
    endloop
  endfacet
  facet normal -0.0115552 0.471448 0.881818
    outer loop
      vertex 47.2894 20.1 11.9728
      vertex 45 20.1 11.9428
      vertex 45 20.0538 11.9675
    endloop
  endfacet
  facet normal -0.0119418 0.412582 0.910842
    outer loop
      vertex 47.2887 20.0538 11.9975
      vertex 45 20.0061 11.9891
      vertex 47.2882 20.0061 12.0191
    endloop
  endfacet
  facet normal -0.0119398 0.412478 0.910889
    outer loop
      vertex 47.2887 20.0538 11.9975
      vertex 45 20.0538 11.9675
      vertex 45 20.0061 11.9891
    endloop
  endfacet
  facet normal -0.0136334 0.353245 0.935431
    outer loop
      vertex 47.2882 20.0061 12.0191
      vertex 47.2487 19.9773 12.0294
      vertex 47.2879 19.9759 12.0305
    endloop
  endfacet
  facet normal -0.012244 0.351572 0.936081
    outer loop
      vertex 47.2487 19.9773 12.0294
      vertex 47.2882 20.0061 12.0191
      vertex 45.9385 19.9772 12.0123
    endloop
  endfacet
  facet normal -0.0122669 0.352745 0.935639
    outer loop
      vertex 45 20.0061 11.9891
      vertex 45.9385 19.9772 12.0123
      vertex 47.2882 20.0061 12.0191
    endloop
  endfacet
  facet normal -0.0122798 0.352424 0.93576
    outer loop
      vertex 45.9385 19.9772 12.0123
      vertex 45 20.0061 11.9891
      vertex 45.0393 19.9772 12.0005
    endloop
  endfacet
  facet normal -0.0116813 0.353135 0.935499
    outer loop
      vertex 45.0393 19.9772 12.0005
      vertex 45 20.0061 11.9891
      vertex 45 19.9759 12.0005
    endloop
  endfacet
  facet normal -0.0137583 -0.239201 0.970873
    outer loop
      vertex 47.2487 1.11648 12.0294
      vertex 47.2879 1.11179 12.0288
      vertex 47.2879 1.11869 12.0305
    endloop
  endfacet
  facet normal -0.0127155 -0.230748 0.972931
    outer loop
      vertex 45.1132 1.11652 12.0015
      vertex 47.2879 1.11179 12.0288
      vertex 47.2487 1.11648 12.0294
    endloop
  endfacet
  facet normal -0.0127157 -0.230517 0.972985
    outer loop
      vertex 47.2879 1.11179 12.0288
      vertex 45.1132 1.11652 12.0015
      vertex 45 1.11179 11.9989
    endloop
  endfacet
  facet normal -0.0131982 -0.220268 0.97535
    outer loop
      vertex 45.0393 1.11652 12.0005
      vertex 45 1.11179 11.9989
      vertex 45.1132 1.11652 12.0015
    endloop
  endfacet
  facet normal -0.0125923 -0.224944 0.97429
    outer loop
      vertex 45 1.11179 11.9989
      vertex 45.0393 1.11652 12.0005
      vertex 45 1.11872 12.0005
    endloop
  endfacet
  facet normal -0.0125462 -0.289448 0.957111
    outer loop
      vertex 47.2879 1.11179 12.0288
      vertex 45 1.01785 11.9704
      vertex 47.2886 1.01785 12.0004
    endloop
  endfacet
  facet normal -0.0125049 -0.290296 0.956855
    outer loop
      vertex 45 1.11179 11.9989
      vertex 45 1.01785 11.9704
      vertex 47.2879 1.11179 12.0288
    endloop
  endfacet
  facet normal -0.012261 -0.35253 0.93572
    outer loop
      vertex 47.2886 1.01785 12.0004
      vertex 45 0.92598 11.9358
      vertex 47.2895 0.92598 11.9658
    endloop
  endfacet
  facet normal -0.0122664 -0.352425 0.93576
    outer loop
      vertex 45 1.01785 11.9704
      vertex 45 0.92598 11.9358
      vertex 47.2886 1.01785 12.0004
    endloop
  endfacet
  facet normal -0.0119284 -0.412736 0.910773
    outer loop
      vertex 47.2895 0.92598 11.9658
      vertex 45 0.836578 11.8953
      vertex 47.2906 0.836578 11.9253
    endloop
  endfacet
  facet normal -0.0119348 -0.412614 0.910828
    outer loop
      vertex 45 0.92598 11.9358
      vertex 45 0.836578 11.8953
      vertex 47.2895 0.92598 11.9658
    endloop
  endfacet
  facet normal -0.0115471 -0.47088 0.882122
    outer loop
      vertex 47.2906 0.836578 11.9253
      vertex 45 0.75 11.8491
      vertex 47.2918 0.75 11.8791
    endloop
  endfacet
  facet normal -0.011554 -0.470756 0.882188
    outer loop
      vertex 45 0.836578 11.8953
      vertex 45 0.75 11.8491
      vertex 47.2906 0.836578 11.9253
    endloop
  endfacet
  facet normal -0.0111032 -0.528708 0.848731
    outer loop
      vertex 47.2918 0.75 11.8791
      vertex 45 0.666656 11.7972
      vertex 47.2932 0.666656 11.8272
    endloop
  endfacet
  facet normal -0.0111111 -0.528574 0.848815
    outer loop
      vertex 45 0.75 11.8491
      vertex 45 0.666656 11.7972
      vertex 47.2918 0.75 11.8791
    endloop
  endfacet
  facet normal -0.0106652 -0.58207 0.813069
    outer loop
      vertex 47.2932 0.666656 11.8272
      vertex 45 0.586868 11.74
      vertex 47.2947 0.586868 11.7701
    endloop
  endfacet
  facet normal -0.0106316 -0.582611 0.812681
    outer loop
      vertex 45 0.666656 11.7972
      vertex 45 0.586868 11.74
      vertex 47.2932 0.666656 11.8272
    endloop
  endfacet
  facet normal -0.0100955 -0.634642 0.772741
    outer loop
      vertex 47.2947 0.586868 11.7701
      vertex 45 0.510986 11.6778
      vertex 47.2963 0.510986 11.7078
    endloop
  endfacet
  facet normal -0.0101441 -0.633905 0.773344
    outer loop
      vertex 45 0.586868 11.74
      vertex 45 0.510986 11.6778
      vertex 47.2947 0.586868 11.7701
    endloop
  endfacet
  facet normal -0.00952573 -0.683699 0.729702
    outer loop
      vertex 47.2963 0.510986 11.7078
      vertex 45 0.439346 11.6107
      vertex 47.2981 0.439346 11.6407
    endloop
  endfacet
  facet normal -0.00953475 -0.683571 0.729822
    outer loop
      vertex 45 0.510986 11.6778
      vertex 45 0.439346 11.6107
      vertex 47.2963 0.510986 11.7078
    endloop
  endfacet
  facet normal -0.0089469 -0.729783 0.68362
    outer loop
      vertex 47.2981 0.439346 11.6407
      vertex 45 0.372253 11.539
      vertex 47.2999 0.372253 11.5691
    endloop
  endfacet
  facet normal -0.00891909 -0.730147 0.683232
    outer loop
      vertex 45 0.439346 11.6107
      vertex 45 0.372253 11.539
      vertex 47.2981 0.439346 11.6407
    endloop
  endfacet
  facet normal -0.00829849 -0.772773 0.634628
    outer loop
      vertex 47.2999 0.372253 11.5691
      vertex 45 0.309982 11.4632
      vertex 47.3019 0.309982 11.4933
    endloop
  endfacet
  facet normal -0.00830742 -0.772666 0.634758
    outer loop
      vertex 45 0.372253 11.539
      vertex 45 0.309982 11.4632
      vertex 47.2999 0.372253 11.5691
    endloop
  endfacet
  facet normal -0.00760681 -0.812966 0.582262
    outer loop
      vertex 47.3019 0.309982 11.4933
      vertex 45 0.252808 11.3834
      vertex 47.304 0.252808 11.4135
    endloop
  endfacet
  facet normal -0.00761548 -0.812871 0.582394
    outer loop
      vertex 45 0.309982 11.4632
      vertex 45 0.252808 11.3834
      vertex 47.3019 0.309982 11.4933
    endloop
  endfacet
  facet normal -0.00691657 -0.849105 0.528179
    outer loop
      vertex 47.304 0.252808 11.4135
      vertex 45 0.200974 11.3
      vertex 47.3062 0.200974 11.3302
    endloop
  endfacet
  facet normal -0.00689601 -0.849307 0.527854
    outer loop
      vertex 45 0.252808 11.3834
      vertex 45 0.200974 11.3
      vertex 47.304 0.252808 11.4135
    endloop
  endfacet
  facet normal -0.00619014 -0.881783 0.471615
    outer loop
      vertex 47.3062 0.200974 11.3302
      vertex 45 0.154694 11.2134
      vertex 47.3085 0.154694 11.2437
    endloop
  endfacet
  facet normal -0.00617199 -0.881941 0.471319
    outer loop
      vertex 45 0.200974 11.3
      vertex 45 0.154694 11.2134
      vertex 47.3062 0.200974 11.3302
    endloop
  endfacet
  facet normal -0.00541056 -0.910882 0.412631
    outer loop
      vertex 47.3085 0.154694 11.2437
      vertex 45 0.114182 11.124
      vertex 47.3108 0.114182 11.1543
    endloop
  endfacet
  facet normal -0.00541747 -0.91083 0.412747
    outer loop
      vertex 45 0.154694 11.2134
      vertex 45 0.114182 11.124
      vertex 47.3085 0.154694 11.2437
    endloop
  endfacet
  facet normal -0.00461562 -0.935849 0.352371
    outer loop
      vertex 47.3108 0.114182 11.1543
      vertex 45 0.0796051 11.0322
      vertex 47.3132 0.0796051 11.0625
    endloop
  endfacet
  facet normal -0.0046218 -0.935809 0.352477
    outer loop
      vertex 45 0.114182 11.124
      vertex 45 0.0796051 11.0322
      vertex 47.3108 0.114182 11.1543
    endloop
  endfacet
  facet normal -0.00381003 -0.95695 0.290227
    outer loop
      vertex 47.3132 0.0796051 11.0625
      vertex 45 0.0511169 10.9382
      vertex 47.3157 0.0511169 10.9686
    endloop
  endfacet
  facet normal -0.00379911 -0.957008 0.290037
    outer loop
      vertex 45 0.0796051 11.0322
      vertex 45 0.0511169 10.9382
      vertex 47.3132 0.0796051 11.0625
    endloop
  endfacet
  facet normal -0.00297709 -0.973885 0.227023
    outer loop
      vertex 47.3157 0.0511169 10.9686
      vertex 45 0.0288239 10.8426
      vertex 47.3182 0.0288239 10.873
    endloop
  endfacet
  facet normal -0.00298127 -0.973868 0.227097
    outer loop
      vertex 45 0.0511169 10.9382
      vertex 45 0.0288239 10.8426
      vertex 47.3157 0.0511169 10.9686
    endloop
  endfacet
  facet normal -0.00213239 -0.986659 0.162784
    outer loop
      vertex 47.3182 0.0288239 10.873
      vertex 45 0.0128479 10.7458
      vertex 47.3207 0.0128479 10.7762
    endloop
  endfacet
  facet normal -0.0021354 -0.98665 0.162838
    outer loop
      vertex 45 0.0288239 10.8426
      vertex 45 0.0128479 10.7458
      vertex 47.3182 0.0288239 10.873
    endloop
  endfacet
  facet normal -0.00128285 -0.995182 0.0980406
    outer loop
      vertex 47.3207 0.0128479 10.7762
      vertex 45 0.0032196 10.6481
      vertex 47.3233 0.0032196 10.6785
    endloop
  endfacet
  facet normal -0.00128473 -0.995178 0.0980745
    outer loop
      vertex 45 0.0128479 10.7458
      vertex 45 0.0032196 10.6481
      vertex 47.3207 0.0128479 10.7762
    endloop
  endfacet
  facet normal -0.000429377 -0.999462 0.0328027
    outer loop
      vertex 47.3233 0.0032196 10.6785
      vertex 45.011 1.52588e-05 10.5506
      vertex 47.3258 1.52588e-05 10.5809
    endloop
  endfacet
  facet normal -0.000429169 -0.999462 0.0327989
    outer loop
      vertex 45 0.0032196 10.6481
      vertex 45.011 1.52588e-05 10.5506
      vertex 47.3233 0.0032196 10.6785
    endloop
  endfacet
  facet normal -0.000298306 -0.999461 0.0328137
    outer loop
      vertex 45.011 1.52588e-05 10.5506
      vertex 45 0.0032196 10.6481
      vertex 45 1.52588e-05 10.5505
    endloop
  endfacet
  facet normal 0.000425448 0.999472 0.0324876
    outer loop
      vertex 45 20.5 11.25
      vertex 42.6939 20.4983 11.3325
      vertex 45 20.4983 11.3023
    endloop
  endfacet
  facet normal 0.000425041 0.999472 0.0324763
    outer loop
      vertex 45 20.5 11.25
      vertex 42.6925 20.5 11.2802
      vertex 42.6939 20.4983 11.3325
    endloop
  endfacet
  facet normal 0.00127654 0.995242 0.0974229
    outer loop
      vertex 45 20.4983 11.3023
      vertex 42.6952 20.4932 11.3846
      vertex 45 20.4932 11.3544
    endloop
  endfacet
  facet normal 0.00127541 0.995245 0.0973914
    outer loop
      vertex 45 20.4983 11.3023
      vertex 42.6939 20.4983 11.3325
      vertex 42.6952 20.4932 11.3846
    endloop
  endfacet
  facet normal 0.00214426 0.986443 0.164089
    outer loop
      vertex 45 20.4932 11.3544
      vertex 42.6966 20.4846 11.4362
      vertex 45 20.4846 11.4061
    endloop
  endfacet
  facet normal 0.00215338 0.986401 0.164342
    outer loop
      vertex 45 20.4932 11.3544
      vertex 42.6952 20.4932 11.3846
      vertex 42.6966 20.4846 11.4362
    endloop
  endfacet
  facet normal 0.00297102 0.973837 0.227229
    outer loop
      vertex 45 20.4846 11.4061
      vertex 42.6979 20.4727 11.4872
      vertex 45 20.4727 11.4571
    endloop
  endfacet
  facet normal 0.0029684 0.973854 0.227157
    outer loop
      vertex 45 20.4846 11.4061
      vertex 42.6966 20.4846 11.4362
      vertex 42.6979 20.4727 11.4872
    endloop
  endfacet
  facet normal 0.00377523 0.95745 0.288573
    outer loop
      vertex 45 20.4727 11.4571
      vertex 42.6992 20.4576 11.5373
      vertex 45 20.4576 11.5072
    endloop
  endfacet
  facet normal 0.00377192 0.957478 0.288483
    outer loop
      vertex 45 20.4727 11.4571
      vertex 42.6979 20.4727 11.4872
      vertex 42.6992 20.4576 11.5373
    endloop
  endfacet
  facet normal 0.00462346 0.935532 0.353211
    outer loop
      vertex 45 20.4576 11.5072
      vertex 42.7005 20.4391 11.5863
      vertex 45 20.4391 11.5562
    endloop
  endfacet
  facet normal 0.00461945 0.935573 0.353104
    outer loop
      vertex 45 20.4576 11.5072
      vertex 42.6992 20.4576 11.5373
      vertex 42.7005 20.4391 11.5863
    endloop
  endfacet
  facet normal 0.00541203 0.910615 0.41322
    outer loop
      vertex 45 20.4391 11.5562
      vertex 42.7018 20.4175 11.6339
      vertex 45 20.4175 11.6038
    endloop
  endfacet
  facet normal 0.00540737 0.910671 0.413098
    outer loop
      vertex 45 20.4391 11.5562
      vertex 42.7005 20.4391 11.5863
      vertex 42.7018 20.4175 11.6339
    endloop
  endfacet
  facet normal 0.00617817 0.88186 0.471471
    outer loop
      vertex 45 20.4175 11.6038
      vertex 42.703 20.3928 11.6801
      vertex 45 20.3928 11.65
    endloop
  endfacet
  facet normal 0.00617332 0.881927 0.471346
    outer loop
      vertex 45 20.4175 11.6038
      vertex 42.7018 20.4175 11.6339
      vertex 42.703 20.3928 11.6801
    endloop
  endfacet
  facet normal 0.00688704 0.849797 0.527065
    outer loop
      vertex 45 20.3928 11.65
      vertex 42.7041 20.3652 11.7245
      vertex 45 20.3652 11.6945
    endloop
  endfacet
  facet normal 0.00691629 0.849342 0.527798
    outer loop
      vertex 45 20.3928 11.65
      vertex 42.703 20.3928 11.6801
      vertex 42.7041 20.3652 11.7245
    endloop
  endfacet
  facet normal 0.00764735 0.812416 0.583028
    outer loop
      vertex 45 20.3652 11.6945
      vertex 42.7052 20.3347 11.7671
      vertex 45 20.3347 11.737
    endloop
  endfacet
  facet normal 0.00760478 0.813158 0.581994
    outer loop
      vertex 45 20.3652 11.6945
      vertex 42.7041 20.3652 11.7245
      vertex 42.7052 20.3347 11.7671
    endloop
  endfacet
  facet normal 0.00829154 0.773335 0.633944
    outer loop
      vertex 45 20.3347 11.737
      vertex 42.7063 20.3015 11.8075
      vertex 45 20.3015 11.7775
    endloop
  endfacet
  facet normal 0.00832571 0.772677 0.634745
    outer loop
      vertex 45 20.3347 11.737
      vertex 42.7052 20.3347 11.7671
      vertex 42.7063 20.3015 11.8075
    endloop
  endfacet
  facet normal 0.00894735 0.729627 0.683787
    outer loop
      vertex 45 20.3015 11.7775
      vertex 42.7073 20.2657 11.8457
      vertex 45 20.2657 11.8157
    endloop
  endfacet
  facet normal 0.00894182 0.729744 0.683662
    outer loop
      vertex 45 20.3015 11.7775
      vertex 42.7063 20.3015 11.8075
      vertex 42.7073 20.2657 11.8457
    endloop
  endfacet
  facet normal 0.00955087 0.683783 0.729623
    outer loop
      vertex 45 20.2657 11.8157
      vertex 42.7082 20.2275 11.8815
      vertex 45 20.2275 11.8515
    endloop
  endfacet
  facet normal 0.00954566 0.683903 0.729511
    outer loop
      vertex 45 20.2657 11.8157
      vertex 42.7073 20.2657 11.8457
      vertex 42.7082 20.2275 11.8815
    endloop
  endfacet
  facet normal 0.0101269 0.633933 0.773322
    outer loop
      vertex 45 20.2275 11.8515
      vertex 42.7091 20.187 11.9147
      vertex 45 20.187 11.8847
    endloop
  endfacet
  facet normal 0.0101215 0.634067 0.773212
    outer loop
      vertex 45 20.2275 11.8515
      vertex 42.7082 20.2275 11.8815
      vertex 42.7091 20.187 11.9147
    endloop
  endfacet
  facet normal 0.0106422 0.583012 0.812394
    outer loop
      vertex 45 20.187 11.8847
      vertex 42.7099 20.1445 11.9452
      vertex 45 20.1445 11.9152
    endloop
  endfacet
  facet normal 0.0106373 0.583144 0.812299
    outer loop
      vertex 45 20.187 11.8847
      vertex 42.7091 20.187 11.9147
      vertex 42.7099 20.1445 11.9452
    endloop
  endfacet
  facet normal 0.0111352 0.527045 0.849764
    outer loop
      vertex 45 20.1445 11.9152
      vertex 42.7106 20.1 11.9728
      vertex 45 20.1 11.9428
    endloop
  endfacet
  facet normal 0.0111308 0.527171 0.849686
    outer loop
      vertex 45 20.1445 11.9152
      vertex 42.7099 20.1445 11.9452
      vertex 42.7106 20.1 11.9728
    endloop
  endfacet
  facet normal 0.0115588 0.471448 0.881818
    outer loop
      vertex 45 20.1 11.9428
      vertex 42.7113 20.0538 11.9975
      vertex 45 20.0538 11.9675
    endloop
  endfacet
  facet normal 0.0115543 0.471584 0.881745
    outer loop
      vertex 45 20.1 11.9428
      vertex 42.7106 20.1 11.9728
      vertex 42.7113 20.0538 11.9975
    endloop
  endfacet
  facet normal 0.0119424 0.412478 0.910889
    outer loop
      vertex 45 20.0538 11.9675
      vertex 42.7118 20.0061 12.0191
      vertex 45 20.0061 11.9891
    endloop
  endfacet
  facet normal 0.0119392 0.412582 0.910842
    outer loop
      vertex 45 20.0538 11.9675
      vertex 42.7113 20.0538 11.9975
      vertex 42.7118 20.0061 12.0191
    endloop
  endfacet
  facet normal 0.0116813 0.353135 0.935499
    outer loop
      vertex 45 20.0061 11.9891
      vertex 44.9607 19.9772 12.0005
      vertex 45 19.9759 12.0005
    endloop
  endfacet
  facet normal 0.0123143 0.352383 0.935775
    outer loop
      vertex 44.9607 19.9772 12.0005
      vertex 45 20.0061 11.9891
      vertex 43.6508 19.9773 12.0177
    endloop
  endfacet
  facet normal 0.0122594 0.354254 0.935069
    outer loop
      vertex 42.7118 20.0061 12.0191
      vertex 43.6508 19.9773 12.0177
      vertex 45 20.0061 11.9891
    endloop
  endfacet
  facet normal 0.0136334 0.353245 0.935431
    outer loop
      vertex 42.7513 19.9773 12.0294
      vertex 42.7118 20.0061 12.0191
      vertex 42.7121 19.9759 12.0305
    endloop
  endfacet
  facet normal 0.0121762 0.35149 0.936112
    outer loop
      vertex 43.6508 19.9773 12.0177
      vertex 42.7118 20.0061 12.0191
      vertex 42.7513 19.9773 12.0294
    endloop
  endfacet
  facet normal 0.0125923 -0.224944 0.97429
    outer loop
      vertex 44.9607 1.11652 12.0005
      vertex 45 1.11179 11.9989
      vertex 45 1.11872 12.0005
    endloop
  endfacet
  facet normal 0.0127789 -0.223505 0.974619
    outer loop
      vertex 42.8245 1.11648 12.0285
      vertex 45 1.11179 11.9989
      vertex 44.9607 1.11652 12.0005
    endloop
  endfacet
  facet normal 0.0126798 -0.241821 0.970238
    outer loop
      vertex 45 1.11179 11.9989
      vertex 42.8245 1.11648 12.0285
      vertex 42.7121 1.11179 12.0288
    endloop
  endfacet
  facet normal 0.0119796 -0.224776 0.974337
    outer loop
      vertex 42.7513 1.11648 12.0294
      vertex 42.7121 1.11179 12.0288
      vertex 42.8245 1.11648 12.0285
    endloop
  endfacet
  facet normal 0.0137987 -0.239528 0.970791
    outer loop
      vertex 42.7121 1.11179 12.0288
      vertex 42.7513 1.11648 12.0294
      vertex 42.7121 1.11868 12.0305
    endloop
  endfacet
  facet normal 0.0125429 -0.290296 0.956855
    outer loop
      vertex 45 1.11179 11.9989
      vertex 42.7114 1.01785 12.0004
      vertex 45 1.01785 11.9704
    endloop
  endfacet
  facet normal 0.0125083 -0.289448 0.957112
    outer loop
      vertex 42.7121 1.11179 12.0288
      vertex 42.7114 1.01785 12.0004
      vertex 45 1.11179 11.9989
    endloop
  endfacet
  facet normal 0.0122615 -0.352425 0.93576
    outer loop
      vertex 45 1.01785 11.9704
      vertex 42.7105 0.92598 11.9658
      vertex 45 0.92598 11.9358
    endloop
  endfacet
  facet normal 0.0122658 -0.35253 0.93572
    outer loop
      vertex 42.7114 1.01785 12.0004
      vertex 42.7105 0.92598 11.9658
      vertex 45 1.01785 11.9704
    endloop
  endfacet
  facet normal 0.0119291 -0.412614 0.910828
    outer loop
      vertex 45 0.92598 11.9358
      vertex 42.7094 0.836578 11.9253
      vertex 45 0.836578 11.8953
    endloop
  endfacet
  facet normal 0.0119341 -0.412736 0.910773
    outer loop
      vertex 42.7105 0.92598 11.9658
      vertex 42.7094 0.836578 11.9253
      vertex 45 0.92598 11.9358
    endloop
  endfacet
  facet normal 0.011548 -0.470756 0.882188
    outer loop
      vertex 45 0.836578 11.8953
      vertex 42.7082 0.75 11.8791
      vertex 45 0.75 11.8491
    endloop
  endfacet
  facet normal 0.0115531 -0.47088 0.882121
    outer loop
      vertex 42.7094 0.836578 11.9253
      vertex 42.7082 0.75 11.8791
      vertex 45 0.836578 11.8953
    endloop
  endfacet
  facet normal 0.0111043 -0.528574 0.848815
    outer loop
      vertex 45 0.75 11.8491
      vertex 42.7068 0.666656 11.8272
      vertex 45 0.666656 11.7972
    endloop
  endfacet
  facet normal 0.01111 -0.528708 0.848731
    outer loop
      vertex 42.7082 0.75 11.8791
      vertex 42.7068 0.666656 11.8272
      vertex 45 0.75 11.8491
    endloop
  endfacet
  facet normal 0.0106601 -0.582611 0.812681
    outer loop
      vertex 45 0.666656 11.7972
      vertex 42.7053 0.586868 11.7701
      vertex 45 0.586868 11.74
    endloop
  endfacet
  facet normal 0.0106367 -0.58207 0.813069
    outer loop
      vertex 42.7068 0.666656 11.8272
      vertex 42.7053 0.586868 11.7701
      vertex 45 0.666656 11.7972
    endloop
  endfacet
  facet normal 0.0101034 -0.633906 0.773344
    outer loop
      vertex 45 0.586868 11.74
      vertex 42.7037 0.510986 11.7078
      vertex 45 0.510986 11.6778
    endloop
  endfacet
  facet normal 0.0101362 -0.634642 0.77274
    outer loop
      vertex 42.7053 0.586868 11.7701
      vertex 42.7037 0.510986 11.7078
      vertex 45 0.586868 11.74
    endloop
  endfacet
  facet normal 0.00952728 -0.683571 0.729822
    outer loop
      vertex 45 0.510986 11.6778
      vertex 42.7019 0.439346 11.6407
      vertex 45 0.439346 11.6107
    endloop
  endfacet
  facet normal 0.00953319 -0.683699 0.729702
    outer loop
      vertex 42.7037 0.510986 11.7078
      vertex 42.7019 0.439346 11.6407
      vertex 45 0.510986 11.6778
    endloop
  endfacet
  facet normal 0.00894182 -0.730147 0.683232
    outer loop
      vertex 45 0.439346 11.6107
      vertex 42.7001 0.372253 11.5691
      vertex 45 0.372253 11.539
    endloop
  endfacet
  facet normal 0.00892417 -0.729783 0.683621
    outer loop
      vertex 42.7019 0.439346 11.6407
      vertex 42.7001 0.372253 11.5691
      vertex 45 0.439346 11.6107
    endloop
  endfacet
  facet normal 0.0083002 -0.772666 0.634758
    outer loop
      vertex 45 0.372253 11.539
      vertex 42.6981 0.309982 11.4933
      vertex 45 0.309982 11.4632
    endloop
  endfacet
  facet normal 0.0083057 -0.772774 0.634628
    outer loop
      vertex 42.7001 0.372253 11.5691
      vertex 42.6981 0.309982 11.4933
      vertex 45 0.372253 11.539
    endloop
  endfacet
  facet normal 0.00760854 -0.812871 0.582394
    outer loop
      vertex 45 0.309982 11.4632
      vertex 42.696 0.252808 11.4135
      vertex 45 0.252808 11.3834
    endloop
  endfacet
  facet normal 0.00761375 -0.812966 0.582262
    outer loop
      vertex 42.6981 0.309982 11.4933
      vertex 42.696 0.252808 11.4135
      vertex 45 0.309982 11.4632
    endloop
  endfacet
  facet normal 0.00691231 -0.849307 0.527854
    outer loop
      vertex 45 0.252808 11.3834
      vertex 42.6938 0.200974 11.3302
      vertex 45 0.200974 11.3
    endloop
  endfacet
  facet normal 0.00690026 -0.849105 0.528179
    outer loop
      vertex 42.696 0.252808 11.4135
      vertex 42.6938 0.200974 11.3302
      vertex 45 0.252808 11.3834
    endloop
  endfacet
  facet normal 0.00618625 -0.881941 0.471319
    outer loop
      vertex 45 0.200974 11.3
      vertex 42.6915 0.154694 11.2437
      vertex 45 0.154694 11.2134
    endloop
  endfacet
  facet normal 0.00617586 -0.881783 0.471615
    outer loop
      vertex 42.6938 0.200974 11.3302
      vertex 42.6915 0.154694 11.2437
      vertex 45 0.200974 11.3
    endloop
  endfacet
  facet normal 0.00541207 -0.91083 0.412747
    outer loop
      vertex 45 0.154694 11.2134
      vertex 42.6892 0.114182 11.1543
      vertex 45 0.114182 11.124
    endloop
  endfacet
  facet normal 0.00541595 -0.910882 0.412631
    outer loop
      vertex 42.6915 0.154694 11.2437
      vertex 42.6892 0.114182 11.1543
      vertex 45 0.154694 11.2134
    endloop
  endfacet
  facet normal 0.004617 -0.935809 0.352477
    outer loop
      vertex 45 0.114182 11.124
      vertex 42.6868 0.0796051 11.0625
      vertex 45 0.0796051 11.0322
    endloop
  endfacet
  facet normal 0.00462041 -0.935849 0.352371
    outer loop
      vertex 42.6892 0.114182 11.1543
      vertex 42.6868 0.0796051 11.0625
      vertex 45 0.114182 11.124
    endloop
  endfacet
  facet normal 0.00380754 -0.957008 0.290037
    outer loop
      vertex 45 0.0796051 11.0322
      vertex 42.6843 0.0511169 10.9686
      vertex 45 0.0511169 10.9382
    endloop
  endfacet
  facet normal 0.0038016 -0.95695 0.290227
    outer loop
      vertex 42.6868 0.0796051 11.0625
      vertex 42.6843 0.0511169 10.9686
      vertex 45 0.0796051 11.0322
    endloop
  endfacet
  facet normal 0.00297806 -0.973868 0.227097
    outer loop
      vertex 45 0.0511169 10.9382
      vertex 42.6818 0.0288239 10.873
      vertex 45 0.0288239 10.8426
    endloop
  endfacet
  facet normal 0.0029803 -0.973885 0.227023
    outer loop
      vertex 42.6843 0.0511169 10.9686
      vertex 42.6818 0.0288239 10.873
      vertex 45 0.0511169 10.9382
    endloop
  endfacet
  facet normal 0.0021331 -0.98665 0.162838
    outer loop
      vertex 45 0.0288239 10.8426
      vertex 42.6793 0.0128479 10.7762
      vertex 45 0.0128479 10.7458
    endloop
  endfacet
  facet normal 0.00213469 -0.986659 0.162784
    outer loop
      vertex 42.6818 0.0288239 10.873
      vertex 42.6793 0.0128479 10.7762
      vertex 45 0.0288239 10.8426
    endloop
  endfacet
  facet normal 0.00128329 -0.995178 0.0980745
    outer loop
      vertex 45 0.0128479 10.7458
      vertex 42.6767 0.0032196 10.6785
      vertex 45 0.0032196 10.6481
    endloop
  endfacet
  facet normal 0.00128428 -0.995182 0.0980406
    outer loop
      vertex 42.6793 0.0128479 10.7762
      vertex 42.6767 0.0032196 10.6785
      vertex 45 0.0128479 10.7458
    endloop
  endfacet
  facet normal 0.000429521 -0.999461 0.0328137
    outer loop
      vertex 45 0.0032196 10.6481
      vertex 42.6852 1.52588e-05 10.5808
      vertex 45 1.52588e-05 10.5505
    endloop
  endfacet
  facet normal 0.000298237 -0.999462 0.0328061
    outer loop
      vertex 42.6852 1.52588e-05 10.5808
      vertex 42.6767 0.0032196 10.6785
      vertex 42.6742 1.52588e-05 10.5809
    endloop
  endfacet
  facet normal 0.000429411 -0.999461 0.0328175
    outer loop
      vertex 42.6767 0.0032196 10.6785
      vertex 42.6852 1.52588e-05 10.5808
      vertex 45 0.0032196 10.6481
    endloop
  endfacet
  facet normal 0.00127583 0.999472 0.0324535
    outer loop
      vertex 42.6925 20.5 11.2802
      vertex 40.3893 20.4983 11.4231
      vertex 42.6939 20.4983 11.3325
    endloop
  endfacet
  facet normal 0.00127387 0.999473 0.0324219
    outer loop
      vertex 42.6925 20.5 11.2802
      vertex 40.3866 20.5 11.3708
      vertex 40.3893 20.4983 11.4231
    endloop
  endfacet
  facet normal 0.00382448 0.995245 0.0973278
    outer loop
      vertex 42.6939 20.4983 11.3325
      vertex 40.3921 20.4932 11.4751
      vertex 42.6952 20.4932 11.3846
    endloop
  endfacet
  facet normal 0.0038292 0.995238 0.0974037
    outer loop
      vertex 42.6939 20.4983 11.3325
      vertex 40.3893 20.4983 11.4231
      vertex 40.3921 20.4932 11.4751
    endloop
  endfacet
  facet normal 0.00645685 0.986402 0.164225
    outer loop
      vertex 42.6952 20.4932 11.3846
      vertex 40.3948 20.4846 11.5267
      vertex 42.6966 20.4846 11.4362
    endloop
  endfacet
  facet normal 0.006447 0.986428 0.164067
    outer loop
      vertex 42.6952 20.4932 11.3846
      vertex 40.3921 20.4932 11.4751
      vertex 40.3948 20.4846 11.5267
    endloop
  endfacet
  facet normal 0.00892034 0.973853 0.227005
    outer loop
      vertex 42.6966 20.4846 11.4362
      vertex 40.3974 20.4727 11.5776
      vertex 42.6979 20.4727 11.4872
    endloop
  endfacet
  facet normal 0.00893327 0.973805 0.227211
    outer loop
      vertex 42.6966 20.4846 11.4362
      vertex 40.3948 20.4846 11.5267
      vertex 40.3974 20.4727 11.5776
    endloop
  endfacet
  facet normal 0.0113223 0.957477 0.288287
    outer loop
      vertex 42.6979 20.4727 11.4872
      vertex 40.4 20.4576 11.6276
      vertex 42.6992 20.4576 11.5373
    endloop
  endfacet
  facet normal 0.0113386 0.957399 0.288545
    outer loop
      vertex 42.6979 20.4727 11.4872
      vertex 40.3974 20.4727 11.5776
      vertex 40.4 20.4576 11.6276
    endloop
  endfacet
  facet normal 0.0138509 0.935574 0.352859
    outer loop
      vertex 42.6992 20.4576 11.5373
      vertex 40.4026 20.4391 11.6765
      vertex 42.7005 20.4391 11.5863
    endloop
  endfacet
  facet normal 0.0138705 0.935457 0.353168
    outer loop
      vertex 42.6992 20.4576 11.5373
      vertex 40.4 20.4576 11.6276
      vertex 40.4026 20.4391 11.6765
    endloop
  endfacet
  facet normal 0.0162303 0.910675 0.412804
    outer loop
      vertex 42.7005 20.4391 11.5863
      vertex 40.4051 20.4175 11.7242
      vertex 42.7018 20.4175 11.6339
    endloop
  endfacet
  facet normal 0.0161625 0.911153 0.411751
    outer loop
      vertex 42.7005 20.4391 11.5863
      vertex 40.4026 20.4391 11.6765
      vertex 40.4051 20.4175 11.7242
    endloop
  endfacet
  facet normal 0.0185086 0.881926 0.471025
    outer loop
      vertex 42.7018 20.4175 11.6339
      vertex 40.4075 20.3928 11.7703
      vertex 42.703 20.3928 11.6801
    endloop
  endfacet
  facet normal 0.0185359 0.881702 0.471443
    outer loop
      vertex 42.7018 20.4175 11.6339
      vertex 40.4051 20.4175 11.7242
      vertex 40.4075 20.3928 11.7703
    endloop
  endfacet
  facet normal 0.0207366 0.849333 0.52745
    outer loop
      vertex 42.703 20.3928 11.6801
      vertex 40.4098 20.3652 11.8147
      vertex 42.7041 20.3652 11.7245
    endloop
  endfacet
  facet normal 0.0207099 0.849584 0.527047
    outer loop
      vertex 42.703 20.3928 11.6801
      vertex 40.4075 20.3928 11.7703
      vertex 40.4098 20.3652 11.8147
    endloop
  endfacet
  facet normal 0.022852 0.813155 0.581598
    outer loop
      vertex 42.7041 20.3652 11.7245
      vertex 40.4121 20.3347 11.8572
      vertex 42.7052 20.3347 11.7671
    endloop
  endfacet
  facet normal 0.0228842 0.812813 0.582075
    outer loop
      vertex 42.7041 20.3652 11.7245
      vertex 40.4098 20.3652 11.8147
      vertex 40.4121 20.3347 11.8572
    endloop
  endfacet
  facet normal 0.0249336 0.772685 0.6343
    outer loop
      vertex 42.7052 20.3347 11.7671
      vertex 40.4142 20.3015 11.8976
      vertex 42.7063 20.3015 11.8075
    endloop
  endfacet
  facet normal 0.0249083 0.772987 0.633932
    outer loop
      vertex 42.7052 20.3347 11.7671
      vertex 40.4121 20.3347 11.8572
      vertex 40.4142 20.3015 11.8976
    endloop
  endfacet
  facet normal 0.0268375 0.729744 0.683194
    outer loop
      vertex 42.7063 20.3015 11.8075
      vertex 40.4162 20.2657 11.9357
      vertex 42.7073 20.2657 11.8457
    endloop
  endfacet
  facet normal 0.0268783 0.729202 0.683771
    outer loop
      vertex 42.7063 20.3015 11.8075
      vertex 40.4142 20.3015 11.8976
      vertex 40.4162 20.2657 11.9357
    endloop
  endfacet
  facet normal 0.0286502 0.683893 0.72902
    outer loop
      vertex 42.7073 20.2657 11.8457
      vertex 40.4181 20.2275 11.9715
      vertex 42.7082 20.2275 11.8815
    endloop
  endfacet
  facet normal 0.028623 0.684291 0.728647
    outer loop
      vertex 42.7073 20.2657 11.8457
      vertex 40.4162 20.2657 11.9357
      vertex 40.4181 20.2275 11.9715
    endloop
  endfacet
  facet normal 0.0303427 0.634077 0.772675
    outer loop
      vertex 42.7082 20.2275 11.8815
      vertex 40.4198 20.187 12.0046
      vertex 42.7091 20.187 11.9147
    endloop
  endfacet
  facet normal 0.030391 0.633293 0.773315
    outer loop
      vertex 42.7082 20.2275 11.8815
      vertex 40.4181 20.2275 11.9715
      vertex 40.4198 20.187 12.0046
    endloop
  endfacet
  facet normal 0.031888 0.583145 0.811742
    outer loop
      vertex 42.7091 20.187 11.9147
      vertex 40.4214 20.1445 12.0351
      vertex 42.7099 20.1445 11.9452
    endloop
  endfacet
  facet normal 0.0318657 0.583541 0.811459
    outer loop
      vertex 42.7091 20.187 11.9147
      vertex 40.4198 20.187 12.0046
      vertex 40.4214 20.1445 12.0351
    endloop
  endfacet
  facet normal 0.0333661 0.527163 0.849109
    outer loop
      vertex 42.7099 20.1445 11.9452
      vertex 40.4228 20.1 12.0627
      vertex 42.7106 20.1 11.9728
    endloop
  endfacet
  facet normal 0.0333466 0.527542 0.848874
    outer loop
      vertex 42.7099 20.1445 11.9452
      vertex 40.4214 20.1445 12.0351
      vertex 40.4228 20.1 12.0627
    endloop
  endfacet
  facet normal 0.0345949 0.471605 0.881131
    outer loop
      vertex 42.7106 20.1 11.9728
      vertex 40.4241 20.0538 12.0873
      vertex 42.7113 20.0538 11.9975
    endloop
  endfacet
  facet normal 0.0346481 0.47047 0.881735
    outer loop
      vertex 42.7106 20.1 11.9728
      vertex 40.4228 20.1 12.0627
      vertex 40.4241 20.0538 12.0873
    endloop
  endfacet
  facet normal 0.0357484 0.412555 0.910231
    outer loop
      vertex 42.7113 20.0538 11.9975
      vertex 40.4253 20.0061 12.1089
      vertex 42.7118 20.0061 12.0191
    endloop
  endfacet
  facet normal 0.0357298 0.41299 0.910034
    outer loop
      vertex 42.7113 20.0538 11.9975
      vertex 40.4241 20.0538 12.0873
      vertex 40.4253 20.0061 12.1089
    endloop
  endfacet
  facet normal 0.0362784 0.353243 0.934828
    outer loop
      vertex 42.7118 20.0061 12.0191
      vertex 42.6727 19.9773 12.0315
      vertex 42.7121 19.9759 12.0305
    endloop
  endfacet
  facet normal 0.0367316 0.352707 0.935013
    outer loop
      vertex 42.6727 19.9773 12.0315
      vertex 42.7118 20.0061 12.0191
      vertex 41.3643 19.9773 12.0829
    endloop
  endfacet
  facet normal 0.0367157 0.353114 0.93486
    outer loop
      vertex 40.4253 20.0061 12.1089
      vertex 41.3643 19.9773 12.0829
      vertex 42.7118 20.0061 12.0191
    endloop
  endfacet
  facet normal 0.0372543 0.353562 0.934669
    outer loop
      vertex 40.4653 19.9773 12.1182
      vertex 40.4253 20.0061 12.1089
      vertex 40.4259 19.9759 12.1203
    endloop
  endfacet
  facet normal 0.0367113 0.352896 0.934942
    outer loop
      vertex 41.3643 19.9773 12.0829
      vertex 40.4253 20.0061 12.1089
      vertex 40.4653 19.9773 12.1182
    endloop
  endfacet
  facet normal 0.0379902 -0.239378 0.970183
    outer loop
      vertex 42.6727 1.11648 12.0315
      vertex 42.7121 1.11179 12.0288
      vertex 42.7121 1.11868 12.0305
    endloop
  endfacet
  facet normal 0.0381455 -0.238232 0.970459
    outer loop
      vertex 40.5382 1.11648 12.1154
      vertex 42.7121 1.11179 12.0288
      vertex 42.6727 1.11648 12.0315
    endloop
  endfacet
  facet normal 0.0382184 -0.232046 0.971954
    outer loop
      vertex 42.7121 1.11179 12.0288
      vertex 40.5382 1.11648 12.1154
      vertex 40.4258 1.11179 12.1187
    endloop
  endfacet
  facet normal 0.0375097 -0.211799 0.976593
    outer loop
      vertex 40.4653 1.11648 12.1182
      vertex 40.4258 1.11179 12.1187
      vertex 40.5382 1.11648 12.1154
    endloop
  endfacet
  facet normal 0.0391843 -0.226256 0.973279
    outer loop
      vertex 40.4258 1.11179 12.1187
      vertex 40.4653 1.11648 12.1182
      vertex 40.4259 1.11869 12.1203
    endloop
  endfacet
  facet normal 0.0375542 -0.289437 0.95646
    outer loop
      vertex 42.7121 1.11179 12.0288
      vertex 40.4243 1.01785 12.0902
      vertex 42.7114 1.01785 12.0004
    endloop
  endfacet
  facet normal 0.0375945 -0.290663 0.956087
    outer loop
      vertex 40.4258 1.11179 12.1187
      vertex 40.4243 1.01785 12.0902
      vertex 42.7121 1.11179 12.0288
    endloop
  endfacet
  facet normal 0.0367411 -0.352529 0.935079
    outer loop
      vertex 42.7114 1.01785 12.0004
      vertex 40.4225 0.92598 12.0557
      vertex 42.7105 0.92598 11.9658
    endloop
  endfacet
  facet normal 0.0367232 -0.351952 0.935297
    outer loop
      vertex 40.4243 1.01785 12.0902
      vertex 40.4225 0.92598 12.0557
      vertex 42.7114 1.01785 12.0004
    endloop
  endfacet
  facet normal 0.0357458 -0.412745 0.910145
    outer loop
      vertex 42.7105 0.92598 11.9658
      vertex 40.4204 0.836578 12.0152
      vertex 42.7094 0.836578 11.9253
    endloop
  endfacet
  facet normal 0.0357555 -0.413076 0.909994
    outer loop
      vertex 40.4225 0.92598 12.0557
      vertex 40.4204 0.836578 12.0152
      vertex 42.7105 0.92598 11.9658
    endloop
  endfacet
  facet normal 0.0346018 -0.470878 0.881519
    outer loop
      vertex 42.7094 0.836578 11.9253
      vertex 40.4179 0.75 11.969
      vertex 42.7082 0.75 11.8791
    endloop
  endfacet
  facet normal 0.034613 -0.471283 0.881303
    outer loop
      vertex 40.4204 0.836578 12.0152
      vertex 40.4179 0.75 11.969
      vertex 42.7094 0.836578 11.9253
    endloop
  endfacet
  facet normal 0.0333469 -0.528716 0.848143
    outer loop
      vertex 42.7082 0.75 11.8791
      vertex 40.4152 0.666656 11.9173
      vertex 42.7068 0.666656 11.8272
    endloop
  endfacet
  facet normal 0.0333185 -0.527623 0.848825
    outer loop
      vertex 40.4179 0.75 11.969
      vertex 40.4152 0.666656 11.9173
      vertex 42.7082 0.75 11.8791
    endloop
  endfacet
  facet normal 0.031925 -0.582071 0.812511
    outer loop
      vertex 42.7068 0.666656 11.8272
      vertex 40.4122 0.586868 11.8602
      vertex 42.7053 0.586868 11.7701
    endloop
  endfacet
  facet normal 0.0319347 -0.582468 0.812226
    outer loop
      vertex 40.4152 0.666656 11.9173
      vertex 40.4122 0.586868 11.8602
      vertex 42.7068 0.666656 11.8272
    endloop
  endfacet
  facet normal 0.0303542 -0.634637 0.772214
    outer loop
      vertex 42.7053 0.586868 11.7701
      vertex 40.409 0.510986 11.798
      vertex 42.7037 0.510986 11.7078
    endloop
  endfacet
  facet normal 0.030349 -0.634411 0.7724
    outer loop
      vertex 40.4122 0.586868 11.8602
      vertex 40.409 0.510986 11.798
      vertex 42.7053 0.586868 11.7701
    endloop
  endfacet
  facet normal 0.0286737 -0.683705 0.729195
    outer loop
      vertex 42.7037 0.510986 11.7078
      vertex 40.4055 0.439346 11.731
      vertex 42.7019 0.439346 11.6407
    endloop
  endfacet
  facet normal 0.0286698 -0.683525 0.729364
    outer loop
      vertex 40.409 0.510986 11.798
      vertex 40.4055 0.439346 11.731
      vertex 42.7037 0.510986 11.7078
    endloop
  endfacet
  facet normal 0.0268402 -0.729774 0.683162
    outer loop
      vertex 42.7019 0.439346 11.6407
      vertex 40.4017 0.372253 11.6594
      vertex 42.7001 0.372253 11.5691
    endloop
  endfacet
  facet normal 0.0268479 -0.730147 0.682762
    outer loop
      vertex 40.4055 0.439346 11.731
      vertex 40.4017 0.372253 11.6594
      vertex 42.7019 0.439346 11.6407
    endloop
  endfacet
  facet normal 0.0249221 -0.772775 0.63419
    outer loop
      vertex 42.7001 0.372253 11.5691
      vertex 40.3977 0.309982 11.5837
      vertex 42.6981 0.309982 11.4933
    endloop
  endfacet
  facet normal 0.0249204 -0.772687 0.634298
    outer loop
      vertex 40.4017 0.372253 11.6594
      vertex 40.3977 0.309982 11.5837
      vertex 42.7001 0.372253 11.5691
    endloop
  endfacet
  facet normal 0.0228711 -0.812967 0.581861
    outer loop
      vertex 42.6981 0.309982 11.4933
      vertex 40.3936 0.252808 11.504
      vertex 42.696 0.252808 11.4135
    endloop
  endfacet
  facet normal 0.0228698 -0.812893 0.581964
    outer loop
      vertex 40.3977 0.309982 11.5837
      vertex 40.3936 0.252808 11.504
      vertex 42.6981 0.309982 11.4933
    endloop
  endfacet
  facet normal 0.0207269 -0.849106 0.527815
    outer loop
      vertex 42.696 0.252808 11.4135
      vertex 40.3892 0.200974 11.4207
      vertex 42.6938 0.200974 11.3302
    endloop
  endfacet
  facet normal 0.0207312 -0.849352 0.52742
    outer loop
      vertex 40.3936 0.252808 11.504
      vertex 40.3892 0.200974 11.4207
      vertex 42.696 0.252808 11.4135
    endloop
  endfacet
  facet normal 0.0185099 -0.881785 0.471288
    outer loop
      vertex 42.6938 0.200974 11.3302
      vertex 40.3847 0.154694 11.3343
      vertex 42.6915 0.154694 11.2437
    endloop
  endfacet
  facet normal 0.0185094 -0.881754 0.471346
    outer loop
      vertex 40.3892 0.200974 11.4207
      vertex 40.3847 0.154694 11.3343
      vertex 42.6938 0.200974 11.3302
    endloop
  endfacet
  facet normal 0.0161963 -0.91088 0.412353
    outer loop
      vertex 42.6915 0.154694 11.2437
      vertex 40.38 0.114182 11.245
      vertex 42.6892 0.114182 11.1543
    endloop
  endfacet
  facet normal 0.0161961 -0.91087 0.412375
    outer loop
      vertex 40.3847 0.154694 11.3343
      vertex 40.38 0.114182 11.245
      vertex 42.6915 0.154694 11.2437
    endloop
  endfacet
  facet normal 0.0138317 -0.935849 0.35213
    outer loop
      vertex 42.6892 0.114182 11.1543
      vertex 40.3752 0.0796051 11.1533
      vertex 42.6868 0.0796051 11.0625
    endloop
  endfacet
  facet normal 0.0138316 -0.935842 0.352149
    outer loop
      vertex 40.38 0.114182 11.245
      vertex 40.3752 0.0796051 11.1533
      vertex 42.6892 0.114182 11.1543
    endloop
  endfacet
  facet normal 0.0113929 -0.956951 0.290025
    outer loop
      vertex 42.6868 0.0796051 11.0625
      vertex 40.3703 0.0511169 11.0595
      vertex 42.6843 0.0511169 10.9686
    endloop
  endfacet
  facet normal 0.0113929 -0.956946 0.290041
    outer loop
      vertex 40.3752 0.0796051 11.1533
      vertex 40.3703 0.0511169 11.0595
      vertex 42.6868 0.0796051 11.0625
    endloop
  endfacet
  facet normal 0.00891213 -0.973885 0.226868
    outer loop
      vertex 42.6843 0.0511169 10.9686
      vertex 40.3653 0.0288239 10.964
      vertex 42.6818 0.0288239 10.873
    endloop
  endfacet
  facet normal 0.00891211 -0.973884 0.226872
    outer loop
      vertex 40.3703 0.0511169 11.0595
      vertex 40.3653 0.0288239 10.964
      vertex 42.6843 0.0511169 10.9686
    endloop
  endfacet
  facet normal 0.00639026 -0.986659 0.162674
    outer loop
      vertex 42.6818 0.0288239 10.873
      vertex 40.3602 0.0128479 10.8673
      vertex 42.6793 0.0128479 10.7762
    endloop
  endfacet
  facet normal 0.00639027 -0.98666 0.162671
    outer loop
      vertex 40.3653 0.0288239 10.964
      vertex 40.3602 0.0128479 10.8673
      vertex 42.6818 0.0288239 10.873
    endloop
  endfacet
  facet normal 0.00384867 -0.995182 0.0979724
    outer loop
      vertex 42.6793 0.0128479 10.7762
      vertex 40.3551 0.0032196 10.7697
      vertex 42.6767 0.0032196 10.6785
    endloop
  endfacet
  facet normal 0.00384867 -0.995182 0.0979742
    outer loop
      vertex 40.3602 0.0128479 10.8673
      vertex 40.3551 0.0032196 10.7697
      vertex 42.6793 0.0128479 10.7762
    endloop
  endfacet
  facet normal 0.00128816 -0.999462 0.0327807
    outer loop
      vertex 42.6767 0.0032196 10.6785
      vertex 40.361 1.52588e-05 10.6718
      vertex 42.6742 1.52588e-05 10.5809
    endloop
  endfacet
  facet normal 0.00119218 -0.999462 0.032785
    outer loop
      vertex 40.361 1.52588e-05 10.6718
      vertex 40.3551 0.0032196 10.7697
      vertex 40.35 1.52588e-05 10.6722
    endloop
  endfacet
  facet normal 0.00128813 -0.999461 0.0327908
    outer loop
      vertex 40.3551 0.0032196 10.7697
      vertex 40.361 1.52588e-05 10.6718
      vertex 42.6767 0.0032196 10.6785
    endloop
  endfacet
  facet normal 0.00212159 0.999473 0.0323781
    outer loop
      vertex 40.3866 20.5 11.3708
      vertex 38.0879 20.4983 11.5739
      vertex 40.3893 20.4983 11.4231
    endloop
  endfacet
  facet normal 0.00212204 0.999473 0.0323832
    outer loop
      vertex 40.3866 20.5 11.3708
      vertex 38.0838 20.5 11.5217
      vertex 38.0879 20.4983 11.5739
    endloop
  endfacet
  facet normal 0.00637281 0.995238 0.0972667
    outer loop
      vertex 40.3893 20.4983 11.4231
      vertex 38.092 20.4932 11.6258
      vertex 40.3921 20.4932 11.4751
    endloop
  endfacet
  facet normal 0.00637523 0.995235 0.0972941
    outer loop
      vertex 40.3893 20.4983 11.4231
      vertex 38.0879 20.4983 11.5739
      vertex 38.092 20.4932 11.6258
    endloop
  endfacet
  facet normal 0.0107342 0.986428 0.163843
    outer loop
      vertex 40.3921 20.4932 11.4751
      vertex 38.0961 20.4846 11.6773
      vertex 40.3948 20.4846 11.5267
    endloop
  endfacet
  facet normal 0.0107365 0.986424 0.163868
    outer loop
      vertex 40.3921 20.4932 11.4751
      vertex 38.092 20.4932 11.6258
      vertex 38.0961 20.4846 11.6773
    endloop
  endfacet
  facet normal 0.014875 0.973803 0.226907
    outer loop
      vertex 40.3948 20.4846 11.5267
      vertex 38.1001 20.4727 11.7282
      vertex 40.3974 20.4727 11.5776
    endloop
  endfacet
  facet normal 0.0148406 0.973893 0.226522
    outer loop
      vertex 40.3948 20.4846 11.5267
      vertex 38.0961 20.4846 11.6773
      vertex 38.1001 20.4727 11.7282
    endloop
  endfacet
  facet normal 0.018888 0.957398 0.288152
    outer loop
      vertex 40.3974 20.4727 11.5776
      vertex 38.104 20.4576 11.7781
      vertex 40.4 20.4576 11.6276
    endloop
  endfacet
  facet normal 0.018895 0.957375 0.28823
    outer loop
      vertex 40.3974 20.4727 11.5776
      vertex 38.1001 20.4727 11.7282
      vertex 38.104 20.4576 11.7781
    endloop
  endfacet
  facet normal 0.0231296 0.93546 0.352676
    outer loop
      vertex 40.4 20.4576 11.6276
      vertex 38.1078 20.4391 11.827
      vertex 40.4026 20.4391 11.6765
    endloop
  endfacet
  facet normal 0.0230852 0.935647 0.352183
    outer loop
      vertex 40.4 20.4576 11.6276
      vertex 38.104 20.4576 11.7781
      vertex 38.1078 20.4391 11.827
    endloop
  endfacet
  facet normal 0.0269462 0.911153 0.411185
    outer loop
      vertex 40.4026 20.4391 11.6765
      vertex 38.1116 20.4175 11.8745
      vertex 40.4051 20.4175 11.7242
    endloop
  endfacet
  facet normal 0.0270205 0.910781 0.412004
    outer loop
      vertex 40.4026 20.4391 11.6765
      vertex 38.1078 20.4391 11.827
      vertex 38.1116 20.4175 11.8745
    endloop
  endfacet
  facet normal 0.0308487 0.8817 0.470801
    outer loop
      vertex 40.4051 20.4175 11.7242
      vertex 38.1152 20.3928 11.9205
      vertex 40.4075 20.3928 11.7703
    endloop
  endfacet
  facet normal 0.0308641 0.881609 0.47097
    outer loop
      vertex 40.4051 20.4175 11.7242
      vertex 38.1116 20.4175 11.8745
      vertex 38.1152 20.3928 11.9205
    endloop
  endfacet
  facet normal 0.0344823 0.84958 0.526331
    outer loop
      vertex 40.4075 20.3928 11.7703
      vertex 38.1187 20.3652 11.9648
      vertex 40.4098 20.3652 11.8147
    endloop
  endfacet
  facet normal 0.0344991 0.849467 0.526513
    outer loop
      vertex 40.4075 20.3928 11.7703
      vertex 38.1152 20.3928 11.9205
      vertex 38.1187 20.3652 11.9648
    endloop
  endfacet
  facet normal 0.0380975 0.812826 0.58126
    outer loop
      vertex 40.4098 20.3652 11.8147
      vertex 38.122 20.3347 12.0073
      vertex 40.4121 20.3347 11.8572
    endloop
  endfacet
  facet normal 0.0380423 0.813249 0.580672
    outer loop
      vertex 40.4098 20.3652 11.8147
      vertex 38.1187 20.3652 11.9648
      vertex 38.122 20.3347 12.0073
    endloop
  endfacet
  facet normal 0.0414854 0.772984 0.633068
    outer loop
      vertex 40.4121 20.3347 11.8572
      vertex 38.1252 20.3015 12.0476
      vertex 40.4142 20.3015 11.8976
    endloop
  endfacet
  facet normal 0.0415102 0.772769 0.633328
    outer loop
      vertex 40.4121 20.3347 11.8572
      vertex 38.122 20.3347 12.0073
      vertex 38.1252 20.3015 12.0476
    endloop
  endfacet
  facet normal 0.0447661 0.729202 0.682832
    outer loop
      vertex 40.4142 20.3015 11.8976
      vertex 38.1282 20.2657 12.0857
      vertex 40.4162 20.2657 11.9357
    endloop
  endfacet
  facet normal 0.0447059 0.729787 0.682211
    outer loop
      vertex 40.4142 20.3015 11.8976
      vertex 38.1252 20.3015 12.0476
      vertex 38.1282 20.2657 12.0857
    endloop
  endfacet
  facet normal 0.0476907 0.684298 0.727641
    outer loop
      vertex 40.4162 20.2657 11.9357
      vertex 38.131 20.2275 12.1214
      vertex 40.4181 20.2275 11.9715
    endloop
  endfacet
  facet normal 0.0477292 0.683882 0.72803
    outer loop
      vertex 40.4162 20.2657 11.9357
      vertex 38.1282 20.2657 12.0857
      vertex 38.131 20.2275 12.1214
    endloop
  endfacet
  facet normal 0.0506352 0.633283 0.772262
    outer loop
      vertex 40.4181 20.2275 11.9715
      vertex 38.1336 20.187 12.1545
      vertex 40.4198 20.187 12.0046
    endloop
  endfacet
  facet normal 0.0505793 0.633956 0.771713
    outer loop
      vertex 40.4181 20.2275 11.9715
      vertex 38.131 20.2275 12.1214
      vertex 38.1336 20.187 12.1545
    endloop
  endfacet
  facet normal 0.0531153 0.583541 0.810345
    outer loop
      vertex 40.4198 20.187 12.0046
      vertex 38.136 20.1445 12.1849
      vertex 40.4214 20.1445 12.0351
    endloop
  endfacet
  facet normal 0.0531602 0.582943 0.810772
    outer loop
      vertex 40.4198 20.187 12.0046
      vertex 38.1336 20.187 12.1545
      vertex 38.136 20.1445 12.1849
    endloop
  endfacet
  facet normal 0.0555475 0.527525 0.847721
    outer loop
      vertex 40.4214 20.1445 12.0351
      vertex 38.1382 20.1 12.2124
      vertex 40.4228 20.1 12.0627
    endloop
  endfacet
  facet normal 0.0555917 0.526871 0.848125
    outer loop
      vertex 40.4214 20.1445 12.0351
      vertex 38.136 20.1445 12.1849
      vertex 38.1382 20.1 12.2124
    endloop
  endfacet
  facet normal 0.0577121 0.470475 0.880524
    outer loop
      vertex 40.4228 20.1 12.0627
      vertex 38.1401 20.0538 12.237
      vertex 40.4241 20.0538 12.0873
    endloop
  endfacet
  facet normal 0.0576767 0.471058 0.880215
    outer loop
      vertex 40.4228 20.1 12.0627
      vertex 38.1382 20.1 12.2124
      vertex 38.1401 20.0538 12.237
    endloop
  endfacet
  facet normal 0.0595766 0.413018 0.908772
    outer loop
      vertex 40.4241 20.0538 12.0873
      vertex 38.1418 20.0061 12.2586
      vertex 40.4253 20.0061 12.1089
    endloop
  endfacet
  facet normal 0.0595482 0.413536 0.908538
    outer loop
      vertex 40.4241 20.0538 12.0873
      vertex 38.1401 20.0538 12.237
      vertex 38.1418 20.0061 12.2586
    endloop
  endfacet
  facet normal 0.0605612 0.353564 0.933448
    outer loop
      vertex 40.4253 20.0061 12.1089
      vertex 40.3869 19.9773 12.1223
      vertex 40.4259 19.9759 12.1203
    endloop
  endfacet
  facet normal 0.0612176 0.352803 0.933693
    outer loop
      vertex 40.3869 19.9773 12.1223
      vertex 40.4253 20.0061 12.1089
      vertex 39.0798 19.9773 12.208
    endloop
  endfacet
  facet normal 0.0612031 0.353099 0.933582
    outer loop
      vertex 38.1418 20.0061 12.2586
      vertex 39.0798 19.9773 12.208
      vertex 40.4253 20.0061 12.1089
    endloop
  endfacet
  facet normal 0.0592601 0.351376 0.934357
    outer loop
      vertex 38.1817 19.9773 12.2669
      vertex 38.1418 20.0061 12.2586
      vertex 38.1427 19.9759 12.2699
    endloop
  endfacet
  facet normal 0.0612101 0.35378 0.933324
    outer loop
      vertex 39.0798 19.9773 12.208
      vertex 38.1418 20.0061 12.2586
      vertex 38.1817 19.9773 12.2669
    endloop
  endfacet
  facet normal 0.0626722 -0.226308 0.972037
    outer loop
      vertex 40.3869 1.11648 12.1223
      vertex 40.4258 1.11179 12.1187
      vertex 40.4259 1.11869 12.1203
    endloop
  endfacet
  facet normal 0.0638598 -0.217876 0.973885
    outer loop
      vertex 38.2549 1.11648 12.2621
      vertex 40.4258 1.11179 12.1187
      vertex 40.3869 1.11648 12.1223
    endloop
  endfacet
  facet normal 0.063483 -0.239251 0.96888
    outer loop
      vertex 40.4258 1.11179 12.1187
      vertex 38.2549 1.11648 12.2621
      vertex 38.1426 1.11179 12.2683
    endloop
  endfacet
  facet normal 0.0635147 -0.240381 0.968598
    outer loop
      vertex 38.1817 1.11648 12.2669
      vertex 38.1426 1.11179 12.2683
      vertex 38.2549 1.11648 12.2621
    endloop
  endfacet
  facet normal 0.0619515 -0.226309 0.972084
    outer loop
      vertex 38.1426 1.11179 12.2683
      vertex 38.1817 1.11648 12.2669
      vertex 38.1427 1.11869 12.2699
    endloop
  endfacet
  facet normal 0.0625816 -0.290664 0.954776
    outer loop
      vertex 40.4258 1.11179 12.1187
      vertex 38.1404 1.01785 12.2399
      vertex 40.4243 1.01785 12.0902
    endloop
  endfacet
  facet normal 0.062569 -0.29016 0.95493
    outer loop
      vertex 38.1426 1.11179 12.2683
      vertex 38.1404 1.01785 12.2399
      vertex 40.4258 1.11179 12.1187
    endloop
  endfacet
  facet normal 0.0612347 -0.35195 0.934013
    outer loop
      vertex 40.4243 1.01785 12.0902
      vertex 38.1376 0.92598 12.2055
      vertex 40.4225 0.92598 12.0557
    endloop
  endfacet
  facet normal 0.0612282 -0.351644 0.934129
    outer loop
      vertex 38.1404 1.01785 12.2399
      vertex 38.1376 0.92598 12.2055
      vertex 40.4243 1.01785 12.0902
    endloop
  endfacet
  facet normal 0.0595919 -0.413071 0.908747
    outer loop
      vertex 40.4225 0.92598 12.0557
      vertex 38.1345 0.836578 12.1651
      vertex 40.4204 0.836578 12.0152
    endloop
  endfacet
  facet normal 0.0595869 -0.412781 0.908879
    outer loop
      vertex 38.1376 0.92598 12.2055
      vertex 38.1345 0.836578 12.1651
      vertex 40.4225 0.92598 12.0557
    endloop
  endfacet
  facet normal 0.0576821 -0.471299 0.880085
    outer loop
      vertex 40.4204 0.836578 12.0152
      vertex 38.1308 0.75 12.1189
      vertex 40.4179 0.75 11.969
    endloop
  endfacet
  facet normal 0.0576905 -0.471921 0.879751
    outer loop
      vertex 38.1345 0.836578 12.1651
      vertex 38.1308 0.75 12.1189
      vertex 40.4204 0.836578 12.0152
    endloop
  endfacet
  facet normal 0.0555624 -0.527621 0.847661
    outer loop
      vertex 40.4179 0.75 11.969
      vertex 38.1268 0.666656 12.0673
      vertex 40.4152 0.666656 11.9173
    endloop
  endfacet
  facet normal 0.0555614 -0.527513 0.847728
    outer loop
      vertex 38.1308 0.75 12.1189
      vertex 38.1268 0.666656 12.0673
      vertex 40.4179 0.75 11.969
    endloop
  endfacet
  facet normal 0.0531674 -0.582469 0.811112
    outer loop
      vertex 40.4152 0.666656 11.9173
      vertex 38.1223 0.586868 12.0103
      vertex 40.4122 0.586868 11.8602
    endloop
  endfacet
  facet normal 0.0531673 -0.582458 0.81112
    outer loop
      vertex 38.1268 0.666656 12.0673
      vertex 38.1223 0.586868 12.0103
      vertex 40.4152 0.666656 11.9173
    endloop
  endfacet
  facet normal 0.0505571 -0.634402 0.771349
    outer loop
      vertex 40.4122 0.586868 11.8602
      vertex 38.1174 0.510986 11.9482
      vertex 40.409 0.510986 11.798
    endloop
  endfacet
  facet normal 0.0505572 -0.634471 0.771291
    outer loop
      vertex 38.1223 0.586868 12.0103
      vertex 38.1174 0.510986 11.9482
      vertex 40.4122 0.586868 11.8602
    endloop
  endfacet
  facet normal 0.0477341 -0.683523 0.728366
    outer loop
      vertex 40.409 0.510986 11.798
      vertex 38.1121 0.439346 11.8813
      vertex 40.4055 0.439346 11.731
    endloop
  endfacet
  facet normal 0.0477339 -0.683621 0.728275
    outer loop
      vertex 38.1174 0.510986 11.9482
      vertex 38.1121 0.439346 11.8813
      vertex 40.409 0.510986 11.798
    endloop
  endfacet
  facet normal 0.044708 -0.730153 0.681819
    outer loop
      vertex 40.4055 0.439346 11.731
      vertex 38.1065 0.372253 11.8099
      vertex 40.4017 0.372253 11.6594
    endloop
  endfacet
  facet normal 0.0447109 -0.729764 0.682236
    outer loop
      vertex 38.1121 0.439346 11.8813
      vertex 38.1065 0.372253 11.8099
      vertex 40.4055 0.439346 11.731
    endloop
  endfacet
  facet normal 0.0415003 -0.772691 0.633424
    outer loop
      vertex 40.4017 0.372253 11.6594
      vertex 38.1006 0.309982 11.7342
      vertex 40.3977 0.309982 11.5837
    endloop
  endfacet
  facet normal 0.0414939 -0.773201 0.632803
    outer loop
      vertex 38.1065 0.372253 11.8099
      vertex 38.1006 0.309982 11.7342
      vertex 40.4017 0.372253 11.6594
    endloop
  endfacet
  facet normal 0.0380913 -0.812886 0.581176
    outer loop
      vertex 40.3977 0.309982 11.5837
      vertex 38.0943 0.252808 11.6547
      vertex 40.3936 0.252808 11.504
    endloop
  endfacet
  facet normal 0.0380948 -0.812693 0.581445
    outer loop
      vertex 38.1006 0.309982 11.7342
      vertex 38.0943 0.252808 11.6547
      vertex 40.3977 0.309982 11.5837
    endloop
  endfacet
  facet normal 0.0345346 -0.849354 0.526692
    outer loop
      vertex 40.3936 0.252808 11.504
      vertex 38.0878 0.200974 11.5716
      vertex 40.3892 0.200974 11.4207
    endloop
  endfacet
  facet normal 0.0345389 -0.849178 0.526977
    outer loop
      vertex 38.0943 0.252808 11.6547
      vertex 38.0878 0.200974 11.5716
      vertex 40.3936 0.252808 11.504
    endloop
  endfacet
  facet normal 0.030853 -0.881753 0.470702
    outer loop
      vertex 40.3892 0.200974 11.4207
      vertex 38.081 0.154694 11.4853
      vertex 40.3847 0.154694 11.3343
    endloop
  endfacet
  facet normal 0.0308493 -0.881867 0.470487
    outer loop
      vertex 38.0878 0.200974 11.5716
      vertex 38.081 0.154694 11.4853
      vertex 40.3892 0.200974 11.4207
    endloop
  endfacet
  facet normal 0.0270002 -0.910871 0.411806
    outer loop
      vertex 40.3847 0.154694 11.3343
      vertex 38.0739 0.114182 11.3962
      vertex 40.38 0.114182 11.245
    endloop
  endfacet
  facet normal 0.0270033 -0.910797 0.41197
    outer loop
      vertex 38.081 0.154694 11.4853
      vertex 38.0739 0.114182 11.3962
      vertex 40.3847 0.154694 11.3343
    endloop
  endfacet
  facet normal 0.0230484 -0.935841 0.351667
    outer loop
      vertex 40.38 0.114182 11.245
      vertex 38.0667 0.0796051 11.3046
      vertex 40.3752 0.0796051 11.1533
    endloop
  endfacet
  facet normal 0.0230445 -0.935914 0.351475
    outer loop
      vertex 38.0739 0.114182 11.3962
      vertex 38.0667 0.0796051 11.3046
      vertex 40.38 0.114182 11.245
    endloop
  endfacet
  facet normal 0.0189763 -0.956946 0.289645
    outer loop
      vertex 40.3752 0.0796051 11.1533
      vertex 38.0594 0.0511169 11.2109
      vertex 40.3703 0.0511169 11.0595
    endloop
  endfacet
  facet normal 0.0189728 -0.956995 0.289483
    outer loop
      vertex 38.0667 0.0796051 11.3046
      vertex 38.0594 0.0511169 11.2109
      vertex 40.3752 0.0796051 11.1533
    endloop
  endfacet
  facet normal 0.0148468 -0.973884 0.226561
    outer loop
      vertex 40.3703 0.0511169 11.0595
      vertex 38.0519 0.0288239 11.1156
      vertex 40.3653 0.0288239 10.964
    endloop
  endfacet
  facet normal 0.0148486 -0.973865 0.226642
    outer loop
      vertex 38.0594 0.0511169 11.2109
      vertex 38.0519 0.0288239 11.1156
      vertex 40.3703 0.0511169 11.0595
    endloop
  endfacet
  facet normal 0.0106479 -0.98666 0.162446
    outer loop
      vertex 40.3653 0.0288239 10.964
      vertex 38.0443 0.0128479 11.0191
      vertex 40.3602 0.0128479 10.8673
    endloop
  endfacet
  facet normal 0.0106492 -0.98665 0.162506
    outer loop
      vertex 38.0519 0.0288239 11.1156
      vertex 38.0443 0.0128479 11.0191
      vertex 40.3653 0.0288239 10.964
    endloop
  endfacet
  facet normal 0.00641436 -0.995181 0.0978401
    outer loop
      vertex 40.3602 0.0128479 10.8673
      vertex 38.0366 0.0032196 10.9217
      vertex 40.3551 0.0032196 10.7697
    endloop
  endfacet
  facet normal 0.00641503 -0.995179 0.0978694
    outer loop
      vertex 38.0443 0.0128479 11.0191
      vertex 38.0366 0.0032196 10.9217
      vertex 40.3602 0.0128479 10.8673
    endloop
  endfacet
  facet normal 0.0021454 -0.999462 0.0327351
    outer loop
      vertex 40.3551 0.0032196 10.7697
      vertex 38.0399 1.52588e-05 10.8236
      vertex 40.35 1.52588e-05 10.6722
    endloop
  endfacet
  facet normal 0.00238011 -0.999462 0.0327265
    outer loop
      vertex 38.0399 1.52588e-05 10.8236
      vertex 38.0366 0.0032196 10.9217
      vertex 38.0289 1.52588e-05 10.8244
    endloop
  endfacet
  facet normal 0.00214502 -0.999462 0.0327186
    outer loop
      vertex 38.0366 0.0032196 10.9217
      vertex 38.0399 1.52588e-05 10.8236
      vertex 40.3551 0.0032196 10.7697
    endloop
  endfacet
  facet normal 0.00296909 0.999473 0.0323167
    outer loop
      vertex 38.0838 20.5 11.5217
      vertex 35.7913 20.4983 11.7849
      vertex 38.0879 20.4983 11.5739
    endloop
  endfacet
  facet normal 0.00297412 0.999472 0.0323605
    outer loop
      vertex 38.0838 20.5 11.5217
      vertex 35.7858 20.5 11.7329
      vertex 35.7913 20.4983 11.7849
    endloop
  endfacet
  facet normal 0.00892123 0.995235 0.0970929
    outer loop
      vertex 38.0879 20.4983 11.5739
      vertex 35.7967 20.4932 11.8367
      vertex 38.092 20.4932 11.6258
    endloop
  endfacet
  facet normal 0.00891713 0.995239 0.0970573
    outer loop
      vertex 38.0879 20.4983 11.5739
      vertex 35.7913 20.4983 11.7849
      vertex 35.7967 20.4932 11.8367
    endloop
  endfacet
  facet normal 0.0150268 0.986424 0.163527
    outer loop
      vertex 38.092 20.4932 11.6258
      vertex 35.8021 20.4846 11.8881
      vertex 38.0961 20.4846 11.6773
    endloop
  endfacet
  facet normal 0.0150199 0.986434 0.163467
    outer loop
      vertex 38.092 20.4932 11.6258
      vertex 35.7967 20.4932 11.8367
      vertex 35.8021 20.4846 11.8881
    endloop
  endfacet
  facet normal 0.0207657 0.973893 0.226056
    outer loop
      vertex 38.0961 20.4846 11.6773
      vertex 35.8075 20.4727 11.9388
      vertex 38.1001 20.4727 11.7282
    endloop
  endfacet
  facet normal 0.0208001 0.973823 0.226354
    outer loop
      vertex 38.0961 20.4846 11.6773
      vertex 35.8021 20.4846 11.8881
      vertex 35.8075 20.4727 11.9388
    endloop
  endfacet
  facet normal 0.0264254 0.957374 0.287641
    outer loop
      vertex 38.1001 20.4727 11.7282
      vertex 35.8127 20.4576 11.9886
      vertex 38.104 20.4576 11.7781
    endloop
  endfacet
  facet normal 0.0264136 0.957405 0.287539
    outer loop
      vertex 38.1001 20.4727 11.7282
      vertex 35.8075 20.4727 11.9388
      vertex 35.8127 20.4576 11.9886
    endloop
  endfacet
  facet normal 0.0322919 0.935644 0.351466
    outer loop
      vertex 38.104 20.4576 11.7781
      vertex 35.8178 20.4391 12.0374
      vertex 38.1078 20.4391 11.827
    endloop
  endfacet
  facet normal 0.0322778 0.935689 0.351345
    outer loop
      vertex 38.104 20.4576 11.7781
      vertex 35.8127 20.4576 11.9886
      vertex 35.8178 20.4391 12.0374
    endloop
  endfacet
  facet normal 0.037777 0.910786 0.411146
    outer loop
      vertex 38.1078 20.4391 11.827
      vertex 35.8228 20.4175 12.0848
      vertex 38.1116 20.4175 11.8745
    endloop
  endfacet
  facet normal 0.0377685 0.91082 0.411073
    outer loop
      vertex 38.1078 20.4391 11.827
      vertex 35.8178 20.4391 12.0374
      vertex 35.8228 20.4175 12.0848
    endloop
  endfacet
  facet normal 0.0431872 0.881607 0.470005
    outer loop
      vertex 38.1116 20.4175 11.8745
      vertex 35.8276 20.3928 12.1307
      vertex 38.1152 20.3928 11.9205
    endloop
  endfacet
  facet normal 0.0431776 0.88165 0.469924
    outer loop
      vertex 38.1116 20.4175 11.8745
      vertex 35.8228 20.4175 12.0848
      vertex 35.8276 20.3928 12.1307
    endloop
  endfacet
  facet normal 0.048282 0.849469 0.525425
    outer loop
      vertex 38.1152 20.3928 11.9205
      vertex 35.8323 20.3652 12.1749
      vertex 38.1187 20.3652 11.9648
    endloop
  endfacet
  facet normal 0.0482716 0.849523 0.525338
    outer loop
      vertex 38.1152 20.3928 11.9205
      vertex 35.8276 20.3928 12.1307
      vertex 35.8323 20.3652 12.1749
    endloop
  endfacet
  facet normal 0.0532247 0.813241 0.579487
    outer loop
      vertex 38.1187 20.3652 11.9648
      vertex 35.8367 20.3347 12.2172
      vertex 38.122 20.3347 12.0073
    endloop
  endfacet
  facet normal 0.0533311 0.812603 0.580372
    outer loop
      vertex 38.1187 20.3652 11.9648
      vertex 35.8323 20.3652 12.1749
      vertex 35.8367 20.3347 12.2172
    endloop
  endfacet
  facet normal 0.0580774 0.772775 0.632017
    outer loop
      vertex 38.122 20.3347 12.0073
      vertex 35.841 20.3015 12.2575
      vertex 38.1252 20.3015 12.0476
    endloop
  endfacet
  facet normal 0.0579635 0.773548 0.631081
    outer loop
      vertex 38.122 20.3347 12.0073
      vertex 35.8367 20.3347 12.2172
      vertex 35.841 20.3015 12.2575
    endloop
  endfacet
  facet normal 0.0625556 0.729787 0.680806
    outer loop
      vertex 38.1252 20.3015 12.0476
      vertex 35.8449 20.2657 12.2955
      vertex 38.1282 20.2657 12.0857
    endloop
  endfacet
  facet normal 0.0625757 0.729634 0.680969
    outer loop
      vertex 38.1252 20.3015 12.0476
      vertex 35.841 20.3015 12.2575
      vertex 35.8449 20.2657 12.2955
    endloop
  endfacet
  facet normal 0.0667547 0.68388 0.726535
    outer loop
      vertex 38.1282 20.2657 12.0857
      vertex 35.8487 20.2275 12.3311
      vertex 38.131 20.2275 12.1214
    endloop
  endfacet
  facet normal 0.0667643 0.683797 0.726611
    outer loop
      vertex 38.1282 20.2657 12.0857
      vertex 35.8449 20.2657 12.2955
      vertex 35.8487 20.2275 12.3311
    endloop
  endfacet
  facet normal 0.0707542 0.633955 0.770127
    outer loop
      vertex 38.131 20.2275 12.1214
      vertex 35.8522 20.187 12.3641
      vertex 38.1336 20.187 12.1545
    endloop
  endfacet
  facet normal 0.0707747 0.633758 0.770287
    outer loop
      vertex 38.131 20.2275 12.1214
      vertex 35.8487 20.2275 12.3311
      vertex 35.8522 20.187 12.3641
    endloop
  endfacet
  facet normal 0.0743226 0.582945 0.809105
    outer loop
      vertex 38.1336 20.187 12.1545
      vertex 35.8553 20.1445 12.3944
      vertex 38.136 20.1445 12.1849
    endloop
  endfacet
  facet normal 0.0743646 0.582496 0.809424
    outer loop
      vertex 38.1336 20.187 12.1545
      vertex 35.8522 20.187 12.3641
      vertex 35.8553 20.1445 12.3944
    endloop
  endfacet
  facet normal 0.0777697 0.526884 0.846372
    outer loop
      vertex 38.136 20.1445 12.1849
      vertex 35.8582 20.1 12.4219
      vertex 38.1382 20.1 12.2124
    endloop
  endfacet
  facet normal 0.0776959 0.527766 0.845829
    outer loop
      vertex 38.136 20.1445 12.1849
      vertex 35.8553 20.1445 12.3944
      vertex 35.8582 20.1 12.4219
    endloop
  endfacet
  facet normal 0.0807381 0.471044 0.878407
    outer loop
      vertex 38.1382 20.1 12.2124
      vertex 35.8608 20.0538 12.4465
      vertex 38.1401 20.0538 12.237
    endloop
  endfacet
  facet normal 0.080667 0.471995 0.877903
    outer loop
      vertex 38.1382 20.1 12.2124
      vertex 35.8582 20.1 12.4219
      vertex 35.8608 20.0538 12.4465
    endloop
  endfacet
  facet normal 0.0833178 0.413536 0.906668
    outer loop
      vertex 38.1401 20.0538 12.237
      vertex 35.8631 20.0061 12.468
      vertex 38.1418 20.0061 12.2586
    endloop
  endfacet
  facet normal 0.0833648 0.412829 0.906986
    outer loop
      vertex 38.1401 20.0538 12.237
      vertex 35.8608 20.0538 12.4465
      vertex 35.8631 20.0061 12.468
    endloop
  endfacet
  facet normal 0.0862732 0.351391 0.932245
    outer loop
      vertex 38.1418 20.0061 12.2586
      vertex 38.1035 19.9773 12.273
      vertex 38.1427 19.9759 12.2699
    endloop
  endfacet
  facet normal 0.0856124 0.352156 0.932017
    outer loop
      vertex 38.1035 19.9773 12.273
      vertex 38.1418 20.0061 12.2586
      vertex 36.7993 19.9773 12.3928
    endloop
  endfacet
  facet normal 0.085696 0.35073 0.932548
    outer loop
      vertex 35.8631 20.0061 12.468
      vertex 36.7993 19.9773 12.3928
      vertex 38.1418 20.0061 12.2586
    endloop
  endfacet
  facet normal 0.0853438 0.352138 0.932049
    outer loop
      vertex 35.9033 19.9773 12.4752
      vertex 35.8631 20.0061 12.468
      vertex 35.8643 19.9759 12.4793
    endloop
  endfacet
  facet normal 0.0856968 0.352581 0.931849
    outer loop
      vertex 36.7993 19.9773 12.3928
      vertex 35.8631 20.0061 12.468
      vertex 35.9033 19.9773 12.4752
    endloop
  endfacet
  facet normal 0.0894595 -0.226215 0.969961
    outer loop
      vertex 38.1035 1.11648 12.273
      vertex 38.1426 1.11179 12.2683
      vertex 38.1427 1.11869 12.2699
    endloop
  endfacet
  facet normal 0.0890921 -0.228723 0.969406
    outer loop
      vertex 35.9763 1.11649 12.4685
      vertex 38.1426 1.11179 12.2683
      vertex 38.1035 1.11648 12.273
    endloop
  endfacet
  facet normal 0.0890802 -0.22922 0.96929
    outer loop
      vertex 38.1426 1.11179 12.2683
      vertex 35.9763 1.11649 12.4685
      vertex 35.8641 1.11179 12.4777
    endloop
  endfacet
  facet normal 0.0890203 -0.226551 0.969923
    outer loop
      vertex 35.9033 1.11649 12.4752
      vertex 35.8641 1.11179 12.4777
      vertex 35.9763 1.11649 12.4685
    endloop
  endfacet
  facet normal 0.0891133 -0.227442 0.969706
    outer loop
      vertex 35.8641 1.11179 12.4777
      vertex 35.9033 1.11649 12.4752
      vertex 35.8643 1.11869 12.4793
    endloop
  endfacet
  facet normal 0.0875909 -0.290152 0.952964
    outer loop
      vertex 38.1426 1.11179 12.2683
      vertex 35.8611 1.01785 12.4494
      vertex 38.1404 1.01785 12.2399
    endloop
  endfacet
  facet normal 0.0875867 -0.289906 0.953039
    outer loop
      vertex 35.8641 1.11179 12.4777
      vertex 35.8611 1.01785 12.4494
      vertex 38.1426 1.11179 12.2683
    endloop
  endfacet
  facet normal 0.0856523 -0.351665 0.932199
    outer loop
      vertex 38.1404 1.01785 12.2399
      vertex 35.8575 0.92598 12.415
      vertex 38.1376 0.92598 12.2055
    endloop
  endfacet
  facet normal 0.0856596 -0.352319 0.931952
    outer loop
      vertex 35.8611 1.01785 12.4494
      vertex 35.8575 0.92598 12.415
      vertex 38.1404 1.01785 12.2399
    endloop
  endfacet
  facet normal 0.0833381 -0.412763 0.907018
    outer loop
      vertex 38.1376 0.92598 12.2055
      vertex 35.8533 0.836578 12.3747
      vertex 38.1345 0.836578 12.1651
    endloop
  endfacet
  facet normal 0.0833382 -0.412772 0.907014
    outer loop
      vertex 35.8575 0.92598 12.415
      vertex 35.8533 0.836578 12.3747
      vertex 38.1376 0.92598 12.2055
    endloop
  endfacet
  facet normal 0.0807003 -0.471934 0.877933
    outer loop
      vertex 38.1345 0.836578 12.1651
      vertex 35.8484 0.75 12.3287
      vertex 38.1308 0.75 12.1189
    endloop
  endfacet
  facet normal 0.0807007 -0.471226 0.878313
    outer loop
      vertex 35.8533 0.836578 12.3747
      vertex 35.8484 0.75 12.3287
      vertex 38.1345 0.836578 12.1651
    endloop
  endfacet
  facet normal 0.0777166 -0.527501 0.845992
    outer loop
      vertex 38.1308 0.75 12.1189
      vertex 35.843 0.666656 12.2771
      vertex 38.1268 0.666656 12.0673
    endloop
  endfacet
  facet normal 0.0777103 -0.528443 0.845405
    outer loop
      vertex 35.8484 0.75 12.3287
      vertex 35.843 0.666656 12.2771
      vertex 38.1308 0.75 12.1189
    endloop
  endfacet
  facet normal 0.0743816 -0.58246 0.809449
    outer loop
      vertex 38.1268 0.666656 12.0673
      vertex 35.837 0.586868 12.2203
      vertex 38.1223 0.586868 12.0103
    endloop
  endfacet
  facet normal 0.0743871 -0.582043 0.809749
    outer loop
      vertex 35.843 0.666656 12.2771
      vertex 35.837 0.586868 12.2203
      vertex 38.1268 0.666656 12.0673
    endloop
  endfacet
  facet normal 0.0707135 -0.634473 0.769704
    outer loop
      vertex 38.1223 0.586868 12.0103
      vertex 35.8305 0.510986 12.1583
      vertex 38.1174 0.510986 11.9482
    endloop
  endfacet
  facet normal 0.0707078 -0.634758 0.769469
    outer loop
      vertex 35.837 0.586868 12.2203
      vertex 35.8305 0.510986 12.1583
      vertex 38.1223 0.586868 12.0103
    endloop
  endfacet
  facet normal 0.0667832 -0.683626 0.726771
    outer loop
      vertex 38.1174 0.510986 11.9482
      vertex 35.8235 0.439346 12.0916
      vertex 38.1121 0.439346 11.8813
    endloop
  endfacet
  facet normal 0.0667897 -0.683389 0.726993
    outer loop
      vertex 35.8305 0.510986 12.1583
      vertex 35.8235 0.439346 12.0916
      vertex 38.1174 0.510986 11.9482
    endloop
  endfacet
  facet normal 0.06254 -0.729761 0.680836
    outer loop
      vertex 38.1121 0.439346 11.8813
      vertex 35.816 0.372253 12.0203
      vertex 38.1065 0.372253 11.8099
    endloop
  endfacet
  facet normal 0.0625274 -0.730115 0.680458
    outer loop
      vertex 35.8235 0.439346 12.0916
      vertex 35.816 0.372253 12.0203
      vertex 38.1121 0.439346 11.8813
    endloop
  endfacet
  facet normal 0.0580409 -0.773194 0.631508
    outer loop
      vertex 38.1065 0.372253 11.8099
      vertex 35.8081 0.309982 11.9449
      vertex 38.1006 0.309982 11.7342
    endloop
  endfacet
  facet normal 0.058062 -0.772719 0.632087
    outer loop
      vertex 35.816 0.372253 12.0203
      vertex 35.8081 0.309982 11.9449
      vertex 38.1065 0.372253 11.8099
    endloop
  endfacet
  facet normal 0.053308 -0.812697 0.580243
    outer loop
      vertex 38.1006 0.309982 11.7342
      vertex 35.7998 0.252808 11.8655
      vertex 38.0943 0.252808 11.6547
    endloop
  endfacet
  facet normal 0.0532922 -0.812985 0.57984
    outer loop
      vertex 35.8081 0.309982 11.9449
      vertex 35.7998 0.252808 11.8655
      vertex 38.1006 0.309982 11.7342
    endloop
  endfacet
  facet normal 0.0483126 -0.849175 0.525898
    outer loop
      vertex 38.0943 0.252808 11.6547
      vertex 35.791 0.200974 11.7826
      vertex 38.0878 0.200974 11.5716
    endloop
  endfacet
  facet normal 0.0483105 -0.849207 0.525846
    outer loop
      vertex 35.7998 0.252808 11.8655
      vertex 35.791 0.200974 11.7826
      vertex 38.0943 0.252808 11.6547
    endloop
  endfacet
  facet normal 0.0431329 -0.881868 0.46952
    outer loop
      vertex 38.0878 0.200974 11.5716
      vertex 35.782 0.154694 11.6965
      vertex 38.081 0.154694 11.4853
    endloop
  endfacet
  facet normal 0.0431325 -0.881873 0.469511
    outer loop
      vertex 35.791 0.200974 11.7826
      vertex 35.782 0.154694 11.6965
      vertex 38.0878 0.200974 11.5716
    endloop
  endfacet
  facet normal 0.0377654 -0.910801 0.411114
    outer loop
      vertex 38.081 0.154694 11.4853
      vertex 35.7726 0.114182 11.6076
      vertex 38.0739 0.114182 11.3962
    endloop
  endfacet
  facet normal 0.0377634 -0.910821 0.411071
    outer loop
      vertex 35.782 0.154694 11.6965
      vertex 35.7726 0.114182 11.6076
      vertex 38.081 0.154694 11.4853
    endloop
  endfacet
  facet normal 0.0322326 -0.935913 0.350752
    outer loop
      vertex 38.0739 0.114182 11.3962
      vertex 35.763 0.0796051 11.5163
      vertex 38.0667 0.0796051 11.3046
    endloop
  endfacet
  facet normal 0.0322449 -0.935813 0.351018
    outer loop
      vertex 35.7726 0.114182 11.6076
      vertex 35.763 0.0796051 11.5163
      vertex 38.0739 0.114182 11.3962
    endloop
  endfacet
  facet normal 0.0265443 -0.956993 0.288893
    outer loop
      vertex 38.0667 0.0796051 11.3046
      vertex 35.7532 0.0511169 11.4228
      vertex 38.0594 0.0511169 11.2109
    endloop
  endfacet
  facet normal 0.0265403 -0.957019 0.288809
    outer loop
      vertex 35.763 0.0796051 11.5163
      vertex 35.7532 0.0511169 11.4228
      vertex 38.0667 0.0796051 11.3046
    endloop
  endfacet
  facet normal 0.0207884 -0.973865 0.226175
    outer loop
      vertex 38.0594 0.0511169 11.2109
      vertex 35.7432 0.0288239 11.3278
      vertex 38.0519 0.0288239 11.1156
    endloop
  endfacet
  facet normal 0.0207961 -0.973828 0.226333
    outer loop
      vertex 35.7532 0.0511169 11.4228
      vertex 35.7432 0.0288239 11.3278
      vertex 38.0594 0.0511169 11.2109
    endloop
  endfacet
  facet normal 0.0149035 -0.98665 0.162171
    outer loop
      vertex 38.0519 0.0288239 11.1156
      vertex 35.7331 0.0128479 11.2315
      vertex 38.0443 0.0128479 11.0191
    endloop
  endfacet
  facet normal 0.0149012 -0.986658 0.162122
    outer loop
      vertex 35.7432 0.0288239 11.3278
      vertex 35.7331 0.0128479 11.2315
      vertex 38.0519 0.0288239 11.1156
    endloop
  endfacet
  facet normal 0.00897438 -0.995179 0.0976671
    outer loop
      vertex 38.0443 0.0128479 11.0191
      vertex 35.7229 0.0032196 11.1343
      vertex 38.0366 0.0032196 10.9217
    endloop
  endfacet
  facet normal 0.00897293 -0.995182 0.0976377
    outer loop
      vertex 35.7331 0.0128479 11.2315
      vertex 35.7229 0.0032196 11.1343
      vertex 38.0443 0.0128479 11.0191
    endloop
  endfacet
  facet normal 0.00300236 -0.999461 0.0326773
    outer loop
      vertex 38.0366 0.0032196 10.9217
      vertex 35.7237 1.52588e-05 11.0362
      vertex 38.0289 1.52588e-05 10.8244
    endloop
  endfacet
  facet normal 0.00297006 -0.999462 0.0326707
    outer loop
      vertex 35.7237 1.52588e-05 11.0362
      vertex 35.7229 0.0032196 11.1343
      vertex 35.7127 1.52588e-05 11.0372
    endloop
  endfacet
  facet normal 0.00300205 -0.999462 0.0326709
    outer loop
      vertex 35.7229 0.0032196 11.1343
      vertex 35.7237 1.52588e-05 11.0362
      vertex 38.0366 0.0032196 10.9217
    endloop
  endfacet
  facet normal 0.00381972 0.999472 0.032271
    outer loop
      vertex 35.7858 20.5 11.7329
      vertex 33.5009 20.4983 12.056
      vertex 35.7913 20.4983 11.7849
    endloop
  endfacet
  facet normal 0.00381507 0.999473 0.0322382
    outer loop
      vertex 35.7858 20.5 11.7329
      vertex 33.4941 20.5 12.0041
      vertex 33.5009 20.4983 12.056
    endloop
  endfacet
  facet normal 0.0114595 0.995239 0.0967922
    outer loop
      vertex 35.7913 20.4983 11.7849
      vertex 33.5077 20.4932 12.1077
      vertex 35.7967 20.4932 11.8367
    endloop
  endfacet
  facet normal 0.0114425 0.99525 0.0966725
    outer loop
      vertex 35.7913 20.4983 11.7849
      vertex 33.5009 20.4983 12.056
      vertex 33.5077 20.4932 12.1077
    endloop
  endfacet
  facet normal 0.0192976 0.986434 0.163018
    outer loop
      vertex 35.7967 20.4932 11.8367
      vertex 33.5145 20.4846 12.1589
      vertex 35.8021 20.4846 11.8881
    endloop
  endfacet
  facet normal 0.0193124 0.986417 0.163122
    outer loop
      vertex 35.7967 20.4932 11.8367
      vertex 33.5077 20.4932 12.1077
      vertex 33.5145 20.4846 12.1589
    endloop
  endfacet
  facet normal 0.026715 0.973825 0.225725
    outer loop
      vertex 35.8021 20.4846 11.8881
      vertex 33.5211 20.4727 12.2094
      vertex 35.8075 20.4727 11.9388
    endloop
  endfacet
  facet normal 0.0267493 0.973768 0.225966
    outer loop
      vertex 35.8021 20.4846 11.8881
      vertex 33.5145 20.4846 12.1589
      vertex 33.5211 20.4727 12.2094
    endloop
  endfacet
  facet normal 0.033946 0.957403 0.286752
    outer loop
      vertex 35.8075 20.4727 11.9388
      vertex 33.5277 20.4576 12.2591
      vertex 35.8127 20.4576 11.9886
    endloop
  endfacet
  facet normal 0.0338973 0.957507 0.286411
    outer loop
      vertex 35.8075 20.4727 11.9388
      vertex 33.5211 20.4727 12.2094
      vertex 33.5277 20.4576 12.2591
    endloop
  endfacet
  facet normal 0.0414716 0.935688 0.350384
    outer loop
      vertex 35.8127 20.4576 11.9886
      vertex 33.5341 20.4391 12.3077
      vertex 35.8178 20.4391 12.0374
    endloop
  endfacet
  facet normal 0.0415125 0.935579 0.350669
    outer loop
      vertex 35.8127 20.4576 11.9886
      vertex 33.5277 20.4576 12.2591
      vertex 33.5341 20.4391 12.3077
    endloop
  endfacet
  facet normal 0.0485104 0.910821 0.409941
    outer loop
      vertex 35.8178 20.4391 12.0374
      vertex 33.5403 20.4175 12.3549
      vertex 35.8228 20.4175 12.0848
    endloop
  endfacet
  facet normal 0.0485693 0.910633 0.410351
    outer loop
      vertex 35.8178 20.4391 12.0374
      vertex 33.5341 20.4391 12.3077
      vertex 33.5403 20.4175 12.3549
    endloop
  endfacet
  facet normal 0.0554649 0.881648 0.468638
    outer loop
      vertex 35.8228 20.4175 12.0848
      vertex 33.5463 20.3928 12.4007
      vertex 35.8276 20.3928 12.1307
    endloop
  endfacet
  facet normal 0.0554175 0.881825 0.468309
    outer loop
      vertex 35.8228 20.4175 12.0848
      vertex 33.5403 20.4175 12.3549
      vertex 33.5463 20.3928 12.4007
    endloop
  endfacet
  facet normal 0.0620103 0.849531 0.523882
    outer loop
      vertex 35.8276 20.3928 12.1307
      vertex 33.5521 20.3652 12.4448
      vertex 35.8323 20.3652 12.1749
    endloop
  endfacet
  facet normal 0.0619732 0.84969 0.523628
    outer loop
      vertex 35.8276 20.3928 12.1307
      vertex 33.5463 20.3928 12.4007
      vertex 33.5521 20.3652 12.4448
    endloop
  endfacet
  facet normal 0.0685198 0.812595 0.578787
    outer loop
      vertex 35.8323 20.3652 12.1749
      vertex 33.5577 20.3347 12.487
      vertex 35.8367 20.3347 12.2172
    endloop
  endfacet
  facet normal 0.0684649 0.812866 0.578413
    outer loop
      vertex 35.8323 20.3652 12.1749
      vertex 33.5521 20.3652 12.4448
      vertex 33.5577 20.3347 12.487
    endloop
  endfacet
  facet normal 0.0744808 0.773561 0.629329
    outer loop
      vertex 35.8367 20.3347 12.2172
      vertex 33.563 20.3015 12.5271
      vertex 35.841 20.3015 12.2575
    endloop
  endfacet
  facet normal 0.0745923 0.772939 0.630081
    outer loop
      vertex 35.8367 20.3347 12.2172
      vertex 33.5577 20.3347 12.487
      vertex 33.563 20.3015 12.5271
    endloop
  endfacet
  facet normal 0.0803826 0.729612 0.679121
    outer loop
      vertex 35.841 20.3015 12.2575
      vertex 33.568 20.2657 12.565
      vertex 35.8449 20.2657 12.2955
    endloop
  endfacet
  facet normal 0.0803401 0.729879 0.678838
    outer loop
      vertex 35.841 20.3015 12.2575
      vertex 33.563 20.3015 12.5271
      vertex 33.568 20.2657 12.565
    endloop
  endfacet
  facet normal 0.0857639 0.683813 0.7246
    outer loop
      vertex 35.8449 20.2657 12.2955
      vertex 33.5726 20.2275 12.6005
      vertex 35.8487 20.2275 12.3311
    endloop
  endfacet
  facet normal 0.0857714 0.683759 0.724649
    outer loop
      vertex 35.8449 20.2657 12.2955
      vertex 33.568 20.2657 12.565
      vertex 33.5726 20.2275 12.6005
    endloop
  endfacet
  facet normal 0.0909221 0.633767 0.768162
    outer loop
      vertex 35.8487 20.2275 12.3311
      vertex 33.577 20.187 12.6334
      vertex 35.8522 20.187 12.3641
    endloop
  endfacet
  facet normal 0.0909128 0.633841 0.768102
    outer loop
      vertex 35.8487 20.2275 12.3311
      vertex 33.5726 20.2275 12.6005
      vertex 33.577 20.187 12.6334
    endloop
  endfacet
  facet normal 0.0955431 0.582468 0.807219
    outer loop
      vertex 35.8522 20.187 12.3641
      vertex 33.5809 20.1445 12.6636
      vertex 35.8553 20.1445 12.3944
    endloop
  endfacet
  facet normal 0.0955506 0.582402 0.807266
    outer loop
      vertex 35.8522 20.187 12.3641
      vertex 33.577 20.187 12.6334
      vertex 33.5809 20.1445 12.6636
    endloop
  endfacet
  facet normal 0.0998311 0.52777 0.8435
    outer loop
      vertex 35.8553 20.1445 12.3944
      vertex 33.5845 20.1 12.691
      vertex 35.8582 20.1 12.4219
    endloop
  endfacet
  facet normal 0.0998545 0.527535 0.843644
    outer loop
      vertex 35.8553 20.1445 12.3944
      vertex 33.5809 20.1445 12.6636
      vertex 33.5845 20.1 12.691
    endloop
  endfacet
  facet normal 0.10361 0.472 0.875489
    outer loop
      vertex 35.8582 20.1 12.4219
      vertex 33.5878 20.0538 12.7155
      vertex 35.8608 20.0538 12.4465
    endloop
  endfacet
  facet normal 0.103633 0.471748 0.875622
    outer loop
      vertex 35.8582 20.1 12.4219
      vertex 33.5845 20.1 12.691
      vertex 33.5878 20.0538 12.7155
    endloop
  endfacet
  facet normal 0.107026 0.412845 0.904491
    outer loop
      vertex 35.8608 20.0538 12.4465
      vertex 33.5906 20.0061 12.7369
      vertex 35.8631 20.0061 12.468
    endloop
  endfacet
  facet normal 0.107077 0.412203 0.904778
    outer loop
      vertex 35.8608 20.0538 12.4465
      vertex 33.5878 20.0538 12.7155
      vertex 33.5906 20.0061 12.7369
    endloop
  endfacet
  facet normal 0.11007 0.352148 0.92945
    outer loop
      vertex 35.8631 20.0061 12.468
      vertex 35.8252 19.9773 12.4834
      vertex 35.8643 19.9759 12.4793
    endloop
  endfacet
  facet normal 0.110002 0.352226 0.929428
    outer loop
      vertex 35.8252 19.9773 12.4834
      vertex 35.8631 20.0061 12.468
      vertex 34.5235 19.9772 12.6375
    endloop
  endfacet
  facet normal 0.109933 0.353234 0.929053
    outer loop
      vertex 33.5906 20.0061 12.7369
      vertex 34.5235 19.9772 12.6375
      vertex 35.8631 20.0061 12.468
    endloop
  endfacet
  facet normal 0.108107 0.352075 0.929708
    outer loop
      vertex 33.6314 19.9772 12.7431
      vertex 33.5906 20.0061 12.7369
      vertex 33.5921 19.9758 12.7482
    endloop
  endfacet
  facet normal 0.109922 0.354401 0.92861
    outer loop
      vertex 34.5235 19.9772 12.6375
      vertex 33.5906 20.0061 12.7369
      vertex 33.6314 19.9772 12.7431
    endloop
  endfacet
  facet normal 0.114265 -0.227553 0.967038
    outer loop
      vertex 35.8252 1.11648 12.4834
      vertex 35.8641 1.11179 12.4777
      vertex 35.8643 1.11869 12.4793
    endloop
  endfacet
  facet normal 0.114476 -0.226164 0.967339
    outer loop
      vertex 33.7052 1.11655 12.7343
      vertex 35.8641 1.11179 12.4777
      vertex 35.8252 1.11648 12.4834
    endloop
  endfacet
  facet normal 0.114502 -0.225281 0.967542
    outer loop
      vertex 35.8641 1.11179 12.4777
      vertex 33.7052 1.11655 12.7343
      vertex 33.5919 1.11179 12.7466
    endloop
  endfacet
  facet normal 0.114802 -0.244743 0.962768
    outer loop
      vertex 33.6314 1.11655 12.7431
      vertex 33.5919 1.11179 12.7466
      vertex 33.7052 1.11655 12.7343
    endloop
  endfacet
  facet normal 0.112906 -0.225382 0.967706
    outer loop
      vertex 33.5919 1.11179 12.7466
      vertex 33.6314 1.11655 12.7431
      vertex 33.5921 1.11876 12.7482
    endloop
  endfacet
  facet normal 0.112478 -0.289912 0.950421
    outer loop
      vertex 35.8641 1.11179 12.4777
      vertex 33.5881 1.01785 12.7184
      vertex 35.8611 1.01785 12.4494
    endloop
  endfacet
  facet normal 0.112478 -0.289863 0.950436
    outer loop
      vertex 33.5919 1.11179 12.7466
      vertex 33.5881 1.01785 12.7184
      vertex 35.8641 1.11179 12.4777
    endloop
  endfacet
  facet normal 0.109987 -0.352315 0.929396
    outer loop
      vertex 35.8611 1.01785 12.4494
      vertex 33.5836 0.92598 12.6841
      vertex 35.8575 0.92598 12.415
    endloop
  endfacet
  facet normal 0.109988 -0.352373 0.929374
    outer loop
      vertex 33.5881 1.01785 12.7184
      vertex 33.5836 0.92598 12.6841
      vertex 35.8611 1.01785 12.4494
    endloop
  endfacet
  facet normal 0.107032 -0.412765 0.904527
    outer loop
      vertex 35.8575 0.92598 12.415
      vertex 33.5783 0.836578 12.6439
      vertex 35.8533 0.836578 12.3747
    endloop
  endfacet
  facet normal 0.107031 -0.413018 0.904412
    outer loop
      vertex 33.5836 0.92598 12.6841
      vertex 33.5783 0.836578 12.6439
      vertex 35.8575 0.92598 12.415
    endloop
  endfacet
  facet normal 0.103671 -0.47124 0.875891
    outer loop
      vertex 35.8533 0.836578 12.3747
      vertex 33.5723 0.75 12.5981
      vertex 35.8484 0.75 12.3287
    endloop
  endfacet
  facet normal 0.103679 -0.47069 0.876186
    outer loop
      vertex 33.5783 0.836578 12.6439
      vertex 33.5723 0.75 12.5981
      vertex 35.8533 0.836578 12.3747
    endloop
  endfacet
  facet normal 0.0998006 -0.528438 0.843085
    outer loop
      vertex 35.8484 0.75 12.3287
      vertex 33.5655 0.666656 12.5467
      vertex 35.843 0.666656 12.2771
    endloop
  endfacet
  facet normal 0.0998064 -0.528188 0.843241
    outer loop
      vertex 33.5723 0.75 12.5981
      vertex 33.5655 0.666656 12.5467
      vertex 35.8484 0.75 12.3287
    endloop
  endfacet
  facet normal 0.0955671 -0.582048 0.807519
    outer loop
      vertex 35.843 0.666656 12.2771
      vertex 33.5581 0.586868 12.49
      vertex 35.837 0.586868 12.2203
    endloop
  endfacet
  facet normal 0.0955531 -0.582488 0.807204
    outer loop
      vertex 33.5655 0.666656 12.5467
      vertex 33.5581 0.586868 12.49
      vertex 35.843 0.666656 12.2771
    endloop
  endfacet
  facet normal 0.0908138 -0.634755 0.767358
    outer loop
      vertex 35.837 0.586868 12.2203
      vertex 33.5499 0.510986 12.4282
      vertex 35.8305 0.510986 12.1583
    endloop
  endfacet
  facet normal 0.0908135 -0.634762 0.767352
    outer loop
      vertex 33.5581 0.586868 12.49
      vertex 33.5499 0.510986 12.4282
      vertex 35.837 0.586868 12.2203
    endloop
  endfacet
  facet normal 0.0858001 -0.683387 0.724997
    outer loop
      vertex 35.8305 0.510986 12.1583
      vertex 33.5412 0.439346 12.3617
      vertex 35.8235 0.439346 12.0916
    endloop
  endfacet
  facet normal 0.0857998 -0.683394 0.724991
    outer loop
      vertex 33.5499 0.510986 12.4282
      vertex 33.5412 0.439346 12.3617
      vertex 35.8305 0.510986 12.1583
    endloop
  endfacet
  facet normal 0.0803299 -0.730115 0.678586
    outer loop
      vertex 35.8235 0.439346 12.0916
      vertex 33.5318 0.372253 12.2907
      vertex 35.816 0.372253 12.0203
    endloop
  endfacet
  facet normal 0.0803525 -0.72976 0.678965
    outer loop
      vertex 33.5412 0.439346 12.3617
      vertex 33.5318 0.372253 12.2907
      vertex 35.8235 0.439346 12.0916
    endloop
  endfacet
  facet normal 0.0746098 -0.772717 0.630351
    outer loop
      vertex 35.816 0.372253 12.0203
      vertex 33.5219 0.309982 12.2155
      vertex 35.8081 0.309982 11.9449
    endloop
  endfacet
  facet normal 0.0745983 -0.772867 0.630168
    outer loop
      vertex 33.5318 0.372253 12.2907
      vertex 33.5219 0.309982 12.2155
      vertex 35.816 0.372253 12.0203
    endloop
  endfacet
  facet normal 0.0684563 -0.812981 0.578252
    outer loop
      vertex 35.8081 0.309982 11.9449
      vertex 33.5115 0.252808 12.1364
      vertex 35.7998 0.252808 11.8655
    endloop
  endfacet
  facet normal 0.0684724 -0.812805 0.578498
    outer loop
      vertex 33.5219 0.309982 12.2155
      vertex 33.5115 0.252808 12.1364
      vertex 35.8081 0.309982 11.9449
    endloop
  endfacet
  facet normal 0.0620687 -0.849213 0.52439
    outer loop
      vertex 35.7998 0.252808 11.8655
      vertex 33.5006 0.200974 12.0537
      vertex 35.791 0.200974 11.7826
    endloop
  endfacet
  facet normal 0.0620537 -0.84935 0.52417
    outer loop
      vertex 33.5115 0.252808 12.1364
      vertex 33.5006 0.200974 12.0537
      vertex 35.7998 0.252808 11.8655
    endloop
  endfacet
  facet normal 0.0554264 -0.88187 0.468224
    outer loop
      vertex 35.791 0.200974 11.7826
      vertex 33.4893 0.154694 11.9679
      vertex 35.782 0.154694 11.6965
    endloop
  endfacet
  facet normal 0.0554345 -0.881807 0.468341
    outer loop
      vertex 33.5006 0.200974 12.0537
      vertex 33.4893 0.154694 11.9679
      vertex 35.791 0.200974 11.7826
    endloop
  endfacet
  facet normal 0.0485156 -0.910823 0.409935
    outer loop
      vertex 35.782 0.154694 11.6965
      vertex 33.4777 0.114182 11.8792
      vertex 35.7726 0.114182 11.6076
    endloop
  endfacet
  facet normal 0.0484992 -0.910928 0.409706
    outer loop
      vertex 33.4893 0.154694 11.9679
      vertex 33.4777 0.114182 11.8792
      vertex 35.782 0.154694 11.6965
    endloop
  endfacet
  facet normal 0.0414309 -0.935813 0.350052
    outer loop
      vertex 35.7726 0.114182 11.6076
      vertex 33.4657 0.0796051 11.7882
      vertex 35.763 0.0796051 11.5163
    endloop
  endfacet
  facet normal 0.0414348 -0.935793 0.350106
    outer loop
      vertex 33.4777 0.114182 11.8792
      vertex 33.4657 0.0796051 11.7882
      vertex 35.7726 0.114182 11.6076
    endloop
  endfacet
  facet normal 0.0340892 -0.957018 0.288018
    outer loop
      vertex 35.763 0.0796051 11.5163
      vertex 33.4534 0.0511169 11.695
      vertex 35.7532 0.0511169 11.4228
    endloop
  endfacet
  facet normal 0.0340901 -0.957015 0.288029
    outer loop
      vertex 33.4657 0.0796051 11.7882
      vertex 33.4534 0.0511169 11.695
      vertex 35.763 0.0796051 11.5163
    endloop
  endfacet
  facet normal 0.026715 -0.973828 0.22571
    outer loop
      vertex 35.7532 0.0511169 11.4228
      vertex 33.4409 0.0288239 11.6003
      vertex 35.7432 0.0288239 11.3278
    endloop
  endfacet
  facet normal 0.0267156 -0.973826 0.225719
    outer loop
      vertex 33.4534 0.0511169 11.695
      vertex 33.4409 0.0288239 11.6003
      vertex 35.7532 0.0511169 11.4228
    endloop
  endfacet
  facet normal 0.0191295 -0.986658 0.161679
    outer loop
      vertex 35.7432 0.0288239 11.3278
      vertex 33.4283 0.0128479 11.5042
      vertex 35.7331 0.0128479 11.2315
    endloop
  endfacet
  facet normal 0.0191179 -0.986684 0.161523
    outer loop
      vertex 33.4409 0.0288239 11.6003
      vertex 33.4283 0.0128479 11.5042
      vertex 35.7432 0.0288239 11.3278
    endloop
  endfacet
  facet normal 0.011525 -0.995182 0.0973699
    outer loop
      vertex 35.7331 0.0128479 11.2315
      vertex 33.4156 0.0032196 11.4074
      vertex 35.7229 0.0032196 11.1343
    endloop
  endfacet
  facet normal 0.0115328 -0.995171 0.0974725
    outer loop
      vertex 33.4283 0.0128479 11.5042
      vertex 33.4156 0.0032196 11.4074
      vertex 35.7331 0.0128479 11.2315
    endloop
  endfacet
  facet normal 0.00385575 -0.999462 0.0325776
    outer loop
      vertex 35.7229 0.0032196 11.1343
      vertex 33.4137 1.52588e-05 11.3093
      vertex 35.7127 1.52588e-05 11.0372
    endloop
  endfacet
  facet normal 0.00388464 -0.999462 0.0325712
    outer loop
      vertex 33.4137 1.52588e-05 11.3093
      vertex 33.4156 0.0032196 11.4074
      vertex 33.4028 1.52588e-05 11.3106
    endloop
  endfacet
  facet normal 0.00385531 -0.999462 0.0325718
    outer loop
      vertex 33.4156 0.0032196 11.4074
      vertex 33.4137 1.52588e-05 11.3093
      vertex 35.7229 0.0032196 11.1343
    endloop
  endfacet
  facet normal 0.00465923 0.999473 0.0321276
    outer loop
      vertex 33.4941 20.5 12.0041
      vertex 31.2185 20.4983 12.387
      vertex 33.5009 20.4983 12.056
    endloop
  endfacet
  facet normal 0.00465892 0.999473 0.0321257
    outer loop
      vertex 33.4941 20.5 12.0041
      vertex 31.2103 20.5 12.3353
      vertex 31.2185 20.4983 12.387
    endloop
  endfacet
  facet normal 0.0139669 0.99525 0.0963405
    outer loop
      vertex 33.5009 20.4983 12.056
      vertex 31.2266 20.4932 12.4384
      vertex 33.5077 20.4932 12.1077
    endloop
  endfacet
  facet normal 0.0140008 0.99523 0.0965422
    outer loop
      vertex 33.5009 20.4983 12.056
      vertex 31.2185 20.4983 12.387
      vertex 31.2266 20.4932 12.4384
    endloop
  endfacet
  facet normal 0.0235658 0.986418 0.162558
    outer loop
      vertex 33.5077 20.4932 12.1077
      vertex 31.2347 20.4846 12.4894
      vertex 33.5145 20.4846 12.1589
    endloop
  endfacet
  facet normal 0.0235717 0.986412 0.162592
    outer loop
      vertex 33.5077 20.4932 12.1077
      vertex 31.2266 20.4932 12.4384
      vertex 31.2347 20.4846 12.4894
    endloop
  endfacet
  facet normal 0.0326563 0.973767 0.225194
    outer loop
      vertex 33.5145 20.4846 12.1589
      vertex 31.2427 20.4727 12.5398
      vertex 33.5211 20.4727 12.2094
    endloop
  endfacet
  facet normal 0.0325845 0.973867 0.224769
    outer loop
      vertex 33.5145 20.4846 12.1589
      vertex 31.2347 20.4846 12.4894
      vertex 31.2427 20.4727 12.5398
    endloop
  endfacet
  facet normal 0.0413863 0.957509 0.285417
    outer loop
      vertex 33.5211 20.4727 12.2094
      vertex 31.2505 20.4576 12.5893
      vertex 33.5277 20.4576 12.2591
    endloop
  endfacet
  facet normal 0.0414089 0.957468 0.285551
    outer loop
      vertex 33.5211 20.4727 12.2094
      vertex 31.2427 20.4727 12.5398
      vertex 31.2505 20.4576 12.5893
    endloop
  endfacet
  facet normal 0.0506713 0.935579 0.349463
    outer loop
      vertex 33.5277 20.4576 12.2591
      vertex 31.2582 20.4391 12.6377
      vertex 33.5341 20.4391 12.3077
    endloop
  endfacet
  facet normal 0.0506834 0.935552 0.349534
    outer loop
      vertex 33.5277 20.4576 12.2591
      vertex 31.2505 20.4576 12.5893
      vertex 31.2582 20.4391 12.6377
    endloop
  endfacet
  facet normal 0.0593111 0.910632 0.408939
    outer loop
      vertex 33.5341 20.4391 12.3077
      vertex 31.2657 20.4175 12.6848
      vertex 33.5403 20.4175 12.3549
    endloop
  endfacet
  facet normal 0.0592051 0.910918 0.408318
    outer loop
      vertex 33.5341 20.4391 12.3077
      vertex 31.2582 20.4391 12.6377
      vertex 31.2657 20.4175 12.6848
    endloop
  endfacet
  facet normal 0.0676632 0.881822 0.466703
    outer loop
      vertex 33.5403 20.4175 12.3549
      vertex 31.2729 20.3928 12.7303
      vertex 33.5463 20.3928 12.4007
    endloop
  endfacet
  facet normal 0.0678308 0.881291 0.467681
    outer loop
      vertex 33.5403 20.4175 12.3549
      vertex 31.2657 20.4175 12.6848
      vertex 31.2729 20.3928 12.7303
    endloop
  endfacet
  facet normal 0.0756686 0.849689 0.521826
    outer loop
      vertex 33.5463 20.3928 12.4007
      vertex 31.2798 20.3652 12.7743
      vertex 33.5521 20.3652 12.4448
    endloop
  endfacet
  facet normal 0.075583 0.850001 0.52133
    outer loop
      vertex 33.5463 20.3928 12.4007
      vertex 31.2729 20.3928 12.7303
      vertex 31.2798 20.3652 12.7743
    endloop
  endfacet
  facet normal 0.0835738 0.812874 0.576413
    outer loop
      vertex 33.5521 20.3652 12.4448
      vertex 31.2865 20.3347 12.8163
      vertex 33.5577 20.3347 12.487
    endloop
  endfacet
  facet normal 0.0836359 0.812614 0.57677
    outer loop
      vertex 33.5521 20.3652 12.4448
      vertex 31.2798 20.3652 12.7743
      vertex 31.2865 20.3347 12.8163
    endloop
  endfacet
  facet normal 0.0910525 0.772943 0.627908
    outer loop
      vertex 33.5577 20.3347 12.487
      vertex 31.2928 20.3015 12.8563
      vertex 33.563 20.3015 12.5271
    endloop
  endfacet
  facet normal 0.0909805 0.773285 0.627497
    outer loop
      vertex 33.5577 20.3347 12.487
      vertex 31.2865 20.3347 12.8163
      vertex 31.2928 20.3015 12.8563
    endloop
  endfacet
  facet normal 0.0980824 0.729882 0.6765
    outer loop
      vertex 33.563 20.3015 12.5271
      vertex 31.2988 20.2657 12.894
      vertex 33.568 20.2657 12.565
    endloop
  endfacet
  facet normal 0.0981729 0.729396 0.677011
    outer loop
      vertex 33.563 20.3015 12.5271
      vertex 31.2928 20.3015 12.8563
      vertex 31.2988 20.2657 12.894
    endloop
  endfacet
  facet normal 0.104687 0.68374 0.722177
    outer loop
      vertex 33.568 20.2657 12.565
      vertex 31.3044 20.2275 12.9293
      vertex 33.5726 20.2275 12.6005
    endloop
  endfacet
  facet normal 0.104779 0.683185 0.722689
    outer loop
      vertex 33.568 20.2657 12.565
      vertex 31.2988 20.2657 12.894
      vertex 31.3044 20.2275 12.9293
    endloop
  endfacet
  facet normal 0.110998 0.633861 0.765441
    outer loop
      vertex 33.5726 20.2275 12.6005
      vertex 31.3096 20.187 12.9622
      vertex 33.577 20.187 12.6334
    endloop
  endfacet
  facet normal 0.110806 0.63517 0.764383
    outer loop
      vertex 33.5726 20.2275 12.6005
      vertex 31.3044 20.2275 12.9293
      vertex 31.3096 20.187 12.9622
    endloop
  endfacet
  facet normal 0.116673 0.582377 0.804503
    outer loop
      vertex 33.577 20.187 12.6334
      vertex 31.3144 20.1445 12.9923
      vertex 33.5809 20.1445 12.6636
    endloop
  endfacet
  facet normal 0.116623 0.582758 0.804234
    outer loop
      vertex 33.577 20.187 12.6334
      vertex 31.3096 20.187 12.9622
      vertex 31.3144 20.1445 12.9923
    endloop
  endfacet
  facet normal 0.121929 0.527533 0.840739
    outer loop
      vertex 33.5809 20.1445 12.6636
      vertex 31.3187 20.1 13.0196
      vertex 33.5845 20.1 12.691
    endloop
  endfacet
  facet normal 0.121927 0.527553 0.840727
    outer loop
      vertex 33.5809 20.1445 12.6636
      vertex 31.3144 20.1445 12.9923
      vertex 31.3187 20.1 13.0196
    endloop
  endfacet
  facet normal 0.1265 0.471776 0.872597
    outer loop
      vertex 33.5845 20.1 12.691
      vertex 31.3225 20.0538 13.0439
      vertex 33.5878 20.0538 12.7155
    endloop
  endfacet
  facet normal 0.126692 0.469901 0.87358
    outer loop
      vertex 33.5845 20.1 12.691
      vertex 31.3187 20.1 13.0196
      vertex 31.3225 20.0538 13.0439
    endloop
  endfacet
  facet normal 0.130749 0.412196 0.901665
    outer loop
      vertex 33.5878 20.0538 12.7155
      vertex 31.3259 20.0061 13.0653
      vertex 33.5906 20.0061 12.7369
    endloop
  endfacet
  facet normal 0.130626 0.413559 0.901058
    outer loop
      vertex 33.5878 20.0538 12.7155
      vertex 31.3225 20.0538 13.0439
      vertex 31.3259 20.0061 13.0653
    endloop
  endfacet
  facet normal 0.135483 0.352088 0.926109
    outer loop
      vertex 33.5906 20.0061 12.7369
      vertex 33.5536 19.9772 12.7533
      vertex 33.5921 19.9758 12.7482
    endloop
  endfacet
  facet normal 0.134196 0.353529 0.925747
    outer loop
      vertex 33.5536 19.9772 12.7533
      vertex 33.5906 20.0061 12.7369
      vertex 32.256 19.9772 12.9414
    endloop
  endfacet
  facet normal 0.134338 0.351721 0.926416
    outer loop
      vertex 31.3259 20.0061 13.0653
      vertex 32.256 19.9772 12.9414
      vertex 33.5906 20.0061 12.7369
    endloop
  endfacet
  facet normal 0.131995 0.351583 0.926805
    outer loop
      vertex 31.3661 19.9773 13.0705
      vertex 31.3259 20.0061 13.0653
      vertex 31.3277 19.9759 13.0765
    endloop
  endfacet
  facet normal 0.134284 0.354516 0.925357
    outer loop
      vertex 32.256 19.9772 12.9414
      vertex 31.3259 20.0061 13.0653
      vertex 31.3661 19.9773 13.0705
    endloop
  endfacet
  facet normal 0.140529 -0.225345 0.964091
    outer loop
      vertex 33.5536 1.11657 12.7533
      vertex 33.5919 1.11179 12.7466
      vertex 33.5921 1.11876 12.7482
    endloop
  endfacet
  facet normal 0.139629 -0.230896 0.962907
    outer loop
      vertex 31.4391 1.11649 13.0599
      vertex 33.5919 1.11179 12.7466
      vertex 33.5536 1.11657 12.7533
    endloop
  endfacet
  facet normal 0.139248 -0.241159 0.960444
    outer loop
      vertex 33.5919 1.11179 12.7466
      vertex 31.4391 1.11649 13.0599
      vertex 31.3275 1.11179 13.0749
    endloop
  endfacet
  facet normal 0.139286 -0.245917 0.959231
    outer loop
      vertex 31.3661 1.11649 13.0705
      vertex 31.3275 1.11179 13.0749
      vertex 31.4391 1.11649 13.0599
    endloop
  endfacet
  facet normal 0.13759 -0.227525 0.964003
    outer loop
      vertex 31.3275 1.11179 13.0749
      vertex 31.3661 1.11649 13.0705
      vertex 31.3277 1.11869 13.0765
    endloop
  endfacet
  facet normal 0.137322 -0.289884 0.947159
    outer loop
      vertex 33.5919 1.11179 12.7466
      vertex 31.323 1.01785 13.0468
      vertex 33.5881 1.01785 12.7184
    endloop
  endfacet
  facet normal 0.137322 -0.289898 0.947155
    outer loop
      vertex 31.3275 1.11179 13.0749
      vertex 31.323 1.01785 13.0468
      vertex 33.5919 1.11179 12.7466
    endloop
  endfacet
  facet normal 0.134307 -0.352369 0.926174
    outer loop
      vertex 33.5881 1.01785 12.7184
      vertex 31.3176 0.92598 13.0127
      vertex 33.5836 0.92598 12.6841
    endloop
  endfacet
  facet normal 0.134313 -0.351755 0.926406
    outer loop
      vertex 31.323 1.01785 13.0468
      vertex 31.3176 0.92598 13.0127
      vertex 33.5881 1.01785 12.7184
    endloop
  endfacet
  facet normal 0.130682 -0.41302 0.901297
    outer loop
      vertex 33.5836 0.92598 12.6841
      vertex 31.3113 0.836578 12.9726
      vertex 33.5783 0.836578 12.6439
    endloop
  endfacet
  facet normal 0.130675 -0.413396 0.901126
    outer loop
      vertex 31.3176 0.92598 13.0127
      vertex 31.3113 0.836578 12.9726
      vertex 33.5836 0.92598 12.6841
    endloop
  endfacet
  facet normal 0.126571 -0.470684 0.873176
    outer loop
      vertex 33.5783 0.836578 12.6439
      vertex 31.304 0.75 12.9269
      vertex 33.5723 0.75 12.5981
    endloop
  endfacet
  facet normal 0.126551 -0.471378 0.872804
    outer loop
      vertex 31.3113 0.836578 12.9726
      vertex 31.304 0.75 12.9269
      vertex 33.5783 0.836578 12.6439
    endloop
  endfacet
  facet normal 0.121852 -0.528194 0.840335
    outer loop
      vertex 33.5723 0.75 12.5981
      vertex 31.2959 0.666656 12.8758
      vertex 33.5655 0.666656 12.5467
    endloop
  endfacet
  facet normal 0.121883 -0.527383 0.84084
    outer loop
      vertex 31.304 0.75 12.9269
      vertex 31.2959 0.666656 12.8758
      vertex 33.5723 0.75 12.5981
    endloop
  endfacet
  facet normal 0.11664 -0.582476 0.804435
    outer loop
      vertex 33.5655 0.666656 12.5467
      vertex 31.287 0.586868 12.8193
      vertex 33.5581 0.586868 12.49
    endloop
  endfacet
  facet normal 0.116634 -0.582593 0.804352
    outer loop
      vertex 31.2959 0.666656 12.8758
      vertex 31.287 0.586868 12.8193
      vertex 33.5655 0.666656 12.5467
    endloop
  endfacet
  facet normal 0.110901 -0.634772 0.764699
    outer loop
      vertex 33.5581 0.586868 12.49
      vertex 31.2772 0.510986 12.7578
      vertex 33.5499 0.510986 12.4282
    endloop
  endfacet
  facet normal 0.110927 -0.634363 0.765035
    outer loop
      vertex 31.287 0.586868 12.8193
      vertex 31.2772 0.510986 12.7578
      vertex 33.5581 0.586868 12.49
    endloop
  endfacet
  facet normal 0.104762 -0.683386 0.722501
    outer loop
      vertex 33.5499 0.510986 12.4282
      vertex 31.2667 0.439346 12.6915
      vertex 33.5412 0.439346 12.3617
    endloop
  endfacet
  facet normal 0.104737 -0.683714 0.722195
    outer loop
      vertex 31.2772 0.510986 12.7578
      vertex 31.2667 0.439346 12.6915
      vertex 33.5499 0.510986 12.4282
    endloop
  endfacet
  facet normal 0.0980914 -0.729767 0.676623
    outer loop
      vertex 33.5412 0.439346 12.3617
      vertex 31.2555 0.372253 12.6207
      vertex 33.5318 0.372253 12.2907
    endloop
  endfacet
  facet normal 0.0980651 -0.730054 0.676316
    outer loop
      vertex 31.2667 0.439346 12.6915
      vertex 31.2555 0.372253 12.6207
      vertex 33.5412 0.439346 12.3617
    endloop
  endfacet
  facet normal 0.0910457 -0.772867 0.628003
    outer loop
      vertex 33.5318 0.372253 12.2907
      vertex 31.2436 0.309982 12.5458
      vertex 33.5219 0.309982 12.2155
    endloop
  endfacet
  facet normal 0.0910501 -0.772826 0.628053
    outer loop
      vertex 31.2555 0.372253 12.6207
      vertex 31.2436 0.309982 12.5458
      vertex 33.5318 0.372253 12.2907
    endloop
  endfacet
  facet normal 0.083583 -0.812804 0.57651
    outer loop
      vertex 33.5219 0.309982 12.2155
      vertex 31.2312 0.252808 12.467
      vertex 33.5115 0.252808 12.1364
    endloop
  endfacet
  facet normal 0.0835874 -0.812769 0.576558
    outer loop
      vertex 31.2436 0.309982 12.5458
      vertex 31.2312 0.252808 12.467
      vertex 33.5219 0.309982 12.2155
    endloop
  endfacet
  facet normal 0.0757515 -0.849351 0.522365
    outer loop
      vertex 33.5115 0.252808 12.1364
      vertex 31.2181 0.200974 12.3847
      vertex 33.5006 0.200974 12.0537
    endloop
  endfacet
  facet normal 0.0757858 -0.849123 0.52273
    outer loop
      vertex 31.2312 0.252808 12.467
      vertex 31.2181 0.200974 12.3847
      vertex 33.5115 0.252808 12.1364
    endloop
  endfacet
  facet normal 0.0676794 -0.881807 0.466728
    outer loop
      vertex 33.5006 0.200974 12.0537
      vertex 31.2046 0.154694 12.2992
      vertex 33.4893 0.154694 11.9679
    endloop
  endfacet
  facet normal 0.0676717 -0.88185 0.466649
    outer loop
      vertex 31.2181 0.200974 12.3847
      vertex 31.2046 0.154694 12.2992
      vertex 33.5006 0.200974 12.0537
    endloop
  endfacet
  facet normal 0.0592165 -0.910924 0.408303
    outer loop
      vertex 33.4893 0.154694 11.9679
      vertex 31.1906 0.114182 12.2109
      vertex 33.4777 0.114182 11.8792
    endloop
  endfacet
  facet normal 0.0592356 -0.910835 0.408499
    outer loop
      vertex 31.2046 0.154694 12.2992
      vertex 31.1906 0.114182 12.2109
      vertex 33.4893 0.154694 11.9679
    endloop
  endfacet
  facet normal 0.0505787 -0.935794 0.3489
    outer loop
      vertex 33.4777 0.114182 11.8792
      vertex 31.1762 0.0796051 12.1201
      vertex 33.4657 0.0796051 11.7882
    endloop
  endfacet
  facet normal 0.0505302 -0.935979 0.34841
    outer loop
      vertex 31.1906 0.114182 12.2109
      vertex 31.1762 0.0796051 12.1201
      vertex 33.4777 0.114182 11.8792
    endloop
  endfacet
  facet normal 0.041617 -0.957015 0.287036
    outer loop
      vertex 33.4657 0.0796051 11.7882
      vertex 31.1615 0.0511169 12.0273
      vertex 33.4534 0.0511169 11.695
    endloop
  endfacet
  facet normal 0.0416315 -0.956971 0.287181
    outer loop
      vertex 31.1762 0.0796051 12.1201
      vertex 31.1615 0.0511169 12.0273
      vertex 33.4657 0.0796051 11.7882
    endloop
  endfacet
  facet normal 0.0326092 -0.973827 0.224941
    outer loop
      vertex 33.4534 0.0511169 11.695
      vertex 31.1466 0.0288239 11.9329
      vertex 33.4409 0.0288239 11.6003
    endloop
  endfacet
  facet normal 0.0325985 -0.973852 0.224834
    outer loop
      vertex 31.1615 0.0511169 12.0273
      vertex 31.1466 0.0288239 11.9329
      vertex 33.4534 0.0511169 11.695
    endloop
  endfacet
  facet normal 0.023344 -0.986683 0.160969
    outer loop
      vertex 33.4409 0.0288239 11.6003
      vertex 31.1314 0.0128479 11.8373
      vertex 33.4283 0.0128479 11.5042
    endloop
  endfacet
  facet normal 0.0233641 -0.986651 0.161167
    outer loop
      vertex 31.1466 0.0288239 11.9329
      vertex 31.1314 0.0128479 11.8373
      vertex 33.4409 0.0288239 11.6003
    endloop
  endfacet
  facet normal 0.0140838 -0.995171 0.0971378
    outer loop
      vertex 33.4283 0.0128479 11.5042
      vertex 31.1161 0.0032196 11.7408
      vertex 33.4156 0.0032196 11.4074
    endloop
  endfacet
  facet normal 0.0140761 -0.995179 0.0970623
    outer loop
      vertex 31.1314 0.0128479 11.8373
      vertex 31.1161 0.0032196 11.7408
      vertex 33.4283 0.0128479 11.5042
    endloop
  endfacet
  facet normal 0.00470713 -0.999462 0.0324625
    outer loop
      vertex 33.4156 0.0032196 11.4074
      vertex 31.1118 1.52588e-05 11.6428
      vertex 33.4028 1.52588e-05 11.3106
    endloop
  endfacet
  facet normal 0.00476633 -0.999461 0.0324706
    outer loop
      vertex 31.1118 1.52588e-05 11.6428
      vertex 31.1161 0.0032196 11.7408
      vertex 31.1009 1.52588e-05 11.6444
    endloop
  endfacet
  facet normal 0.00470822 -0.999462 0.0324732
    outer loop
      vertex 31.1161 0.0032196 11.7408
      vertex 31.1118 1.52588e-05 11.6428
      vertex 33.4156 0.0032196 11.4074
    endloop
  endfacet
  facet normal 0.00549636 0.999473 0.0319929
    outer loop
      vertex 31.2103 20.5 12.3353
      vertex 28.9455 20.4983 12.7775
      vertex 31.2185 20.4983 12.387
    endloop
  endfacet
  facet normal 0.00550333 0.999472 0.0320286
    outer loop
      vertex 31.2103 20.5 12.3353
      vertex 28.9359 20.5 12.7261
      vertex 28.9455 20.4983 12.7775
    endloop
  endfacet
  facet normal 0.0165235 0.99523 0.0961446
    outer loop
      vertex 31.2185 20.4983 12.387
      vertex 28.955 20.4932 12.8288
      vertex 31.2266 20.4932 12.4384
    endloop
  endfacet
  facet normal 0.0164743 0.995255 0.0958927
    outer loop
      vertex 31.2185 20.4983 12.387
      vertex 28.9455 20.4983 12.7775
      vertex 28.955 20.4932 12.8288
    endloop
  endfacet
  facet normal 0.0278219 0.986412 0.161917
    outer loop
      vertex 31.2266 20.4932 12.4384
      vertex 28.9644 20.4846 12.8795
      vertex 31.2347 20.4846 12.4894
    endloop
  endfacet
  facet normal 0.0278668 0.986373 0.162147
    outer loop
      vertex 31.2266 20.4932 12.4384
      vertex 28.955 20.4932 12.8288
      vertex 28.9644 20.4846 12.8795
    endloop
  endfacet
  facet normal 0.0384634 0.973868 0.223836
    outer loop
      vertex 31.2347 20.4846 12.4894
      vertex 28.9737 20.4727 12.9297
      vertex 31.2427 20.4727 12.5398
    endloop
  endfacet
  facet normal 0.0384447 0.97389 0.22374
    outer loop
      vertex 31.2347 20.4846 12.4894
      vertex 28.9644 20.4846 12.8795
      vertex 28.9737 20.4727 12.9297
    endloop
  endfacet
  facet normal 0.0488571 0.957467 0.284377
    outer loop
      vertex 31.2427 20.4727 12.5398
      vertex 28.9828 20.4576 12.9789
      vertex 31.2505 20.4576 12.5893
    endloop
  endfacet
  facet normal 0.0489341 0.957346 0.284769
    outer loop
      vertex 31.2427 20.4727 12.5398
      vertex 28.9737 20.4727 12.9297
      vertex 28.9828 20.4576 12.9789
    endloop
  endfacet
  facet normal 0.0598032 0.935554 0.348084
    outer loop
      vertex 31.2505 20.4576 12.5893
      vertex 28.9917 20.4391 13.0271
      vertex 31.2582 20.4391 12.6377
    endloop
  endfacet
  facet normal 0.0597958 0.935568 0.348046
    outer loop
      vertex 31.2505 20.4576 12.5893
      vertex 28.9828 20.4576 12.9789
      vertex 28.9917 20.4391 13.0271
    endloop
  endfacet
  facet normal 0.0698616 0.910921 0.406623
    outer loop
      vertex 31.2582 20.4391 12.6377
      vertex 29.0004 20.4175 13.074
      vertex 31.2657 20.4175 12.6848
    endloop
  endfacet
  facet normal 0.0698532 0.910941 0.40658
    outer loop
      vertex 31.2582 20.4391 12.6377
      vertex 28.9917 20.4391 13.0271
      vertex 29.0004 20.4175 13.074
    endloop
  endfacet
  facet normal 0.0800418 0.88129 0.465748
    outer loop
      vertex 31.2657 20.4175 12.6848
      vertex 29.0088 20.3928 13.1194
      vertex 31.2729 20.3928 12.7303
    endloop
  endfacet
  facet normal 0.0798796 0.881736 0.464931
    outer loop
      vertex 31.2657 20.4175 12.6848
      vertex 29.0004 20.4175 13.074
      vertex 29.0088 20.3928 13.1194
    endloop
  endfacet
  facet normal 0.0892042 0.849992 0.519188
    outer loop
      vertex 31.2729 20.3928 12.7303
      vertex 29.0169 20.3652 13.1631
      vertex 31.2798 20.3652 12.7743
    endloop
  endfacet
  facet normal 0.0893591 0.849501 0.519964
    outer loop
      vertex 31.2729 20.3928 12.7303
      vertex 29.0088 20.3928 13.1194
      vertex 29.0169 20.3652 13.1631
    endloop
  endfacet
  facet normal 0.0986835 0.812622 0.574376
    outer loop
      vertex 31.2798 20.3652 12.7743
      vertex 29.0247 20.3347 13.2049
      vertex 31.2865 20.3347 12.8163
    endloop
  endfacet
  facet normal 0.0987029 0.812551 0.574472
    outer loop
      vertex 31.2798 20.3652 12.7743
      vertex 29.0169 20.3652 13.1631
      vertex 29.0247 20.3347 13.2049
    endloop
  endfacet
  facet normal 0.107363 0.773278 0.624911
    outer loop
      vertex 31.2865 20.3347 12.8163
      vertex 29.0321 20.3015 13.2447
      vertex 31.2928 20.3015 12.8563
    endloop
  endfacet
  facet normal 0.107383 0.773195 0.625011
    outer loop
      vertex 31.2865 20.3347 12.8163
      vertex 29.0247 20.3347 13.2049
      vertex 29.0321 20.3015 13.2447
    endloop
  endfacet
  facet normal 0.115848 0.729402 0.674204
    outer loop
      vertex 31.2928 20.3015 12.8563
      vertex 29.039 20.2657 13.2823
      vertex 31.2988 20.2657 12.894
    endloop
  endfacet
  facet normal 0.115745 0.729883 0.673701
    outer loop
      vertex 31.2928 20.3015 12.8563
      vertex 29.0321 20.3015 13.2447
      vertex 29.039 20.2657 13.2823
    endloop
  endfacet
  facet normal 0.123682 0.683188 0.719693
    outer loop
      vertex 31.2988 20.2657 12.894
      vertex 29.0455 20.2275 13.3175
      vertex 31.3044 20.2275 12.9293
    endloop
  endfacet
  facet normal 0.123578 0.683736 0.719189
    outer loop
      vertex 31.2988 20.2657 12.894
      vertex 29.039 20.2657 13.2823
      vertex 29.0455 20.2275 13.3175
    endloop
  endfacet
  facet normal 0.13077 0.635167 0.761224
    outer loop
      vertex 31.3044 20.2275 12.9293
      vertex 29.0516 20.187 13.3501
      vertex 31.3096 20.187 12.9622
    endloop
  endfacet
  facet normal 0.131045 0.633533 0.762537
    outer loop
      vertex 31.3044 20.2275 12.9293
      vertex 29.0455 20.2275 13.3175
      vertex 29.0516 20.187 13.3501
    endloop
  endfacet
  facet normal 0.1376 0.582769 0.800904
    outer loop
      vertex 31.3096 20.187 12.9622
      vertex 29.0572 20.1445 13.3801
      vertex 31.3144 20.1445 12.9923
    endloop
  endfacet
  facet normal 0.13753 0.583235 0.800577
    outer loop
      vertex 31.3096 20.187 12.9622
      vertex 29.0516 20.187 13.3501
      vertex 29.0572 20.1445 13.3801
    endloop
  endfacet
  facet normal 0.143853 0.527545 0.837259
    outer loop
      vertex 31.3144 20.1445 12.9923
      vertex 29.0622 20.1 13.4073
      vertex 31.3187 20.1 13.0196
    endloop
  endfacet
  facet normal 0.143817 0.52782 0.837092
    outer loop
      vertex 31.3144 20.1445 12.9923
      vertex 29.0572 20.1445 13.3801
      vertex 29.0622 20.1 13.4073
    endloop
  endfacet
  facet normal 0.149521 0.469882 0.869974
    outer loop
      vertex 31.3187 20.1 13.0196
      vertex 29.0667 20.0538 13.4316
      vertex 31.3225 20.0538 13.0439
    endloop
  endfacet
  facet normal 0.149316 0.471644 0.869055
    outer loop
      vertex 31.3187 20.1 13.0196
      vertex 29.0622 20.1 13.4073
      vertex 29.0667 20.0538 13.4316
    endloop
  endfacet
  facet normal 0.154176 0.413564 0.897326
    outer loop
      vertex 31.3225 20.0538 13.0439
      vertex 29.0706 20.0061 13.4528
      vertex 31.3259 20.0061 13.0653
    endloop
  endfacet
  facet normal 0.154357 0.411782 0.898114
    outer loop
      vertex 31.3225 20.0538 13.0439
      vertex 29.0667 20.0538 13.4316
      vertex 29.0706 20.0061 13.4528
    endloop
  endfacet
  facet normal 0.160774 0.351605 0.922239
    outer loop
      vertex 31.3259 20.0061 13.0653
      vertex 31.2885 19.9773 13.0828
      vertex 31.3277 19.9759 13.0765
    endloop
  endfacet
  facet normal 0.158301 0.354422 0.921589
    outer loop
      vertex 31.2885 19.9773 13.0828
      vertex 31.3259 20.0061 13.0653
      vertex 29.9984 19.9773 13.3044
    endloop
  endfacet
  facet normal 0.158458 0.35264 0.922245
    outer loop
      vertex 29.0706 20.0061 13.4528
      vertex 29.9984 19.9773 13.3044
      vertex 31.3259 20.0061 13.0653
    endloop
  endfacet
  facet normal 0.158775 0.352995 0.922055
    outer loop
      vertex 29.1114 19.9773 13.4568
      vertex 29.0706 20.0061 13.4528
      vertex 29.0727 19.9759 13.464
    endloop
  endfacet
  facet normal 0.15846 0.352577 0.922269
    outer loop
      vertex 29.9984 19.9773 13.3044
      vertex 29.0706 20.0061 13.4528
      vertex 29.1114 19.9773 13.4568
    endloop
  endfacet
  facet normal 0.167004 -0.227309 0.959396
    outer loop
      vertex 31.2885 1.11648 13.0828
      vertex 31.3275 1.11179 13.0749
      vertex 31.3277 1.11869 13.0765
    endloop
  endfacet
  facet normal 0.164197 -0.244381 0.955676
    outer loop
      vertex 29.1833 1.11648 13.4445
      vertex 31.3275 1.11179 13.0749
      vertex 31.2885 1.11648 13.0828
    endloop
  endfacet
  facet normal 0.164563 -0.236105 0.957692
    outer loop
      vertex 31.3275 1.11179 13.0749
      vertex 29.1833 1.11648 13.4445
      vertex 29.0724 1.11179 13.4624
    endloop
  endfacet
  facet normal 0.1645 -0.219744 0.961589
    outer loop
      vertex 29.1114 1.11648 13.4568
      vertex 29.0724 1.11179 13.4624
      vertex 29.1833 1.11648 13.4445
    endloop
  endfacet
  facet normal 0.16536 -0.229913 0.95906
    outer loop
      vertex 29.0724 1.11179 13.4624
      vertex 29.1114 1.11648 13.4568
      vertex 29.0727 1.11868 13.464
    endloop
  endfacet
  facet normal 0.16207 -0.28991 0.943232
    outer loop
      vertex 31.3275 1.11179 13.0749
      vertex 29.0672 1.01785 13.4344
      vertex 31.323 1.01785 13.0468
    endloop
  endfacet
  facet normal 0.162068 -0.290096 0.943174
    outer loop
      vertex 29.0724 1.11179 13.4624
      vertex 29.0672 1.01785 13.4344
      vertex 31.3275 1.11179 13.0749
    endloop
  endfacet
  facet normal 0.158498 -0.351755 0.922576
    outer loop
      vertex 31.323 1.01785 13.0468
      vertex 29.0609 0.92598 13.4004
      vertex 31.3176 0.92598 13.0127
    endloop
  endfacet
  facet normal 0.158489 -0.352236 0.922394
    outer loop
      vertex 29.0672 1.01785 13.4344
      vertex 29.0609 0.92598 13.4004
      vertex 31.323 1.01785 13.0468
    endloop
  endfacet
  facet normal 0.154217 -0.413384 0.897402
    outer loop
      vertex 31.3176 0.92598 13.0127
      vertex 29.0535 0.836578 13.3606
      vertex 31.3113 0.836578 12.9726
    endloop
  endfacet
  facet normal 0.154245 -0.41246 0.897822
    outer loop
      vertex 29.0609 0.92598 13.4004
      vertex 29.0535 0.836578 13.3606
      vertex 31.3176 0.92598 13.0127
    endloop
  endfacet
  facet normal 0.149372 -0.471391 0.869183
    outer loop
      vertex 31.3113 0.836578 12.9726
      vertex 29.0451 0.75 13.3151
      vertex 31.304 0.75 12.9269
    endloop
  endfacet
  facet normal 0.149376 -0.471305 0.869229
    outer loop
      vertex 29.0535 0.836578 13.3606
      vertex 29.0451 0.75 13.3151
      vertex 31.3113 0.836578 12.9726
    endloop
  endfacet
  facet normal 0.143857 -0.527384 0.837359
    outer loop
      vertex 31.304 0.75 12.9269
      vertex 29.0357 0.666656 13.2641
      vertex 31.2959 0.666656 12.8758
    endloop
  endfacet
  facet normal 0.143808 -0.528278 0.836804
    outer loop
      vertex 29.0451 0.75 13.3151
      vertex 29.0357 0.666656 13.2641
      vertex 31.304 0.75 12.9269
    endloop
  endfacet
  facet normal 0.137626 -0.582585 0.801033
    outer loop
      vertex 31.2959 0.666656 12.8758
      vertex 29.0252 0.586868 13.2079
      vertex 31.287 0.586868 12.8193
    endloop
  endfacet
  facet normal 0.137637 -0.582418 0.801153
    outer loop
      vertex 29.0357 0.666656 13.2641
      vertex 29.0252 0.586868 13.2079
      vertex 31.2959 0.666656 12.8758
    endloop
  endfacet
  facet normal 0.13091 -0.634372 0.761862
    outer loop
      vertex 31.287 0.586868 12.8193
      vertex 29.0139 0.510986 13.1467
      vertex 31.2772 0.510986 12.7578
    endloop
  endfacet
  facet normal 0.130931 -0.634119 0.76207
    outer loop
      vertex 29.0252 0.586868 13.2079
      vertex 29.0139 0.510986 13.1467
      vertex 31.287 0.586868 12.8193
    endloop
  endfacet
  facet normal 0.123583 -0.683714 0.71921
    outer loop
      vertex 31.2772 0.510986 12.7578
      vertex 29.0017 0.439346 13.0807
      vertex 31.2667 0.439346 12.6915
    endloop
  endfacet
  facet normal 0.123588 -0.683671 0.719249
    outer loop
      vertex 29.0139 0.510986 13.1467
      vertex 29.0017 0.439346 13.0807
      vertex 31.2772 0.510986 12.7578
    endloop
  endfacet
  facet normal 0.115754 -0.730052 0.673517
    outer loop
      vertex 31.2667 0.439346 12.6915
      vertex 28.9886 0.372253 13.0103
      vertex 31.2555 0.372253 12.6207
    endloop
  endfacet
  facet normal 0.115795 -0.729708 0.673883
    outer loop
      vertex 29.0017 0.439346 13.0807
      vertex 28.9886 0.372253 13.0103
      vertex 31.2667 0.439346 12.6915
    endloop
  endfacet
  facet normal 0.107485 -0.77283 0.625445
    outer loop
      vertex 31.2555 0.372253 12.6207
      vertex 28.9748 0.309982 12.9357
      vertex 31.2436 0.309982 12.5458
    endloop
  endfacet
  facet normal 0.10747 -0.772937 0.625315
    outer loop
      vertex 28.9886 0.372253 13.0103
      vertex 28.9748 0.309982 12.9357
      vertex 31.2555 0.372253 12.6207
    endloop
  endfacet
  facet normal 0.0986551 -0.812762 0.574182
    outer loop
      vertex 31.2436 0.309982 12.5458
      vertex 28.9602 0.252808 12.8572
      vertex 31.2312 0.252808 12.467
    endloop
  endfacet
  facet normal 0.0986115 -0.813028 0.573813
    outer loop
      vertex 28.9748 0.309982 12.9357
      vertex 28.9602 0.252808 12.8572
      vertex 31.2436 0.309982 12.5458
    endloop
  endfacet
  facet normal 0.0894543 -0.849128 0.520557
    outer loop
      vertex 31.2312 0.252808 12.467
      vertex 28.9451 0.200974 12.7753
      vertex 31.2181 0.200974 12.3847
    endloop
  endfacet
  facet normal 0.0894847 -0.84897 0.520809
    outer loop
      vertex 28.9602 0.252808 12.8572
      vertex 28.9451 0.200974 12.7753
      vertex 31.2312 0.252808 12.467
    endloop
  endfacet
  facet normal 0.0798406 -0.881848 0.464726
    outer loop
      vertex 31.2181 0.200974 12.3847
      vertex 28.9293 0.154694 12.6901
      vertex 31.2046 0.154694 12.2992
    endloop
  endfacet
  facet normal 0.0797922 -0.88206 0.464331
    outer loop
      vertex 28.9451 0.200974 12.7753
      vertex 28.9293 0.154694 12.6901
      vertex 31.2181 0.200974 12.3847
    endloop
  endfacet
  facet normal 0.0698914 -0.910835 0.40681
    outer loop
      vertex 31.2046 0.154694 12.2992
      vertex 28.913 0.114182 12.6022
      vertex 31.1906 0.114182 12.2109
    endloop
  endfacet
  facet normal 0.0698936 -0.910827 0.406828
    outer loop
      vertex 28.9293 0.154694 12.6901
      vertex 28.913 0.114182 12.6022
      vertex 31.2046 0.154694 12.2992
    endloop
  endfacet
  facet normal 0.0596237 -0.93598 0.346968
    outer loop
      vertex 31.1906 0.114182 12.2109
      vertex 28.8962 0.0796051 12.5119
      vertex 31.1762 0.0796051 12.1201
    endloop
  endfacet
  facet normal 0.0596599 -0.935871 0.347256
    outer loop
      vertex 28.913 0.114182 12.6022
      vertex 28.8962 0.0796051 12.5119
      vertex 31.1906 0.114182 12.2109
    endloop
  endfacet
  facet normal 0.0491438 -0.956971 0.285991
    outer loop
      vertex 31.1762 0.0796051 12.1201
      vertex 28.8791 0.0511169 12.4195
      vertex 31.1615 0.0511169 12.0273
    endloop
  endfacet
  facet normal 0.0491394 -0.956982 0.285957
    outer loop
      vertex 28.8962 0.0796051 12.5119
      vertex 28.8791 0.0511169 12.4195
      vertex 31.1762 0.0796051 12.1201
    endloop
  endfacet
  facet normal 0.0384725 -0.973851 0.223907
    outer loop
      vertex 31.1615 0.0511169 12.0273
      vertex 28.8617 0.0288239 12.3255
      vertex 31.1466 0.0288239 11.9329
    endloop
  endfacet
  facet normal 0.0384642 -0.973866 0.223842
    outer loop
      vertex 28.8791 0.0511169 12.4195
      vertex 28.8617 0.0288239 12.3255
      vertex 31.1615 0.0511169 12.0273
    endloop
  endfacet
  facet normal 0.0275764 -0.986651 0.160498
    outer loop
      vertex 31.1466 0.0288239 11.9329
      vertex 28.8441 0.0128479 12.2303
      vertex 31.1314 0.0128479 11.8373
    endloop
  endfacet
  facet normal 0.0275739 -0.986654 0.160478
    outer loop
      vertex 28.8617 0.0288239 12.3255
      vertex 28.8441 0.0128479 12.2303
      vertex 31.1466 0.0288239 11.9329
    endloop
  endfacet
  facet normal 0.016611 -0.995179 0.0966604
    outer loop
      vertex 31.1314 0.0128479 11.8373
      vertex 28.8263 0.0032196 12.1343
      vertex 31.1161 0.0032196 11.7408
    endloop
  endfacet
  facet normal 0.0166198 -0.995172 0.096729
    outer loop
      vertex 28.8441 0.0128479 12.2303
      vertex 28.8263 0.0032196 12.1343
      vertex 31.1314 0.0128479 11.8373
    endloop
  endfacet
  facet normal 0.00555732 -0.999461 0.0323459
    outer loop
      vertex 31.1161 0.0032196 11.7408
      vertex 28.8193 1.52588e-05 12.0364
      vertex 31.1009 1.52588e-05 11.6444
    endloop
  endfacet
  facet normal 0.0056836 -0.999462 0.0323068
    outer loop
      vertex 28.8193 1.52588e-05 12.0364
      vertex 28.8263 0.0032196 12.1343
      vertex 28.8085 1.52588e-05 12.0383
    endloop
  endfacet
  facet normal 0.00555349 -0.999462 0.0323161
    outer loop
      vertex 28.8263 0.0032196 12.1343
      vertex 28.8193 1.52588e-05 12.0364
      vertex 31.1161 0.0032196 11.7408
    endloop
  endfacet
  facet normal 0.00634063 0.999472 0.0318722
    outer loop
      vertex 28.9359 20.5 12.7261
      vertex 26.6835 20.4983 13.2275
      vertex 28.9455 20.4983 12.7775
    endloop
  endfacet
  facet normal 0.00633288 0.999473 0.0318374
    outer loop
      vertex 28.9359 20.5 12.7261
      vertex 26.6726 20.5 13.1763
      vertex 26.6835 20.4983 13.2275
    endloop
  endfacet
  facet normal 0.0189786 0.995255 0.095429
    outer loop
      vertex 28.9455 20.4983 12.7775
      vertex 26.6943 20.4932 13.2784
      vertex 28.955 20.4932 12.8288
    endloop
  endfacet
  facet normal 0.0190344 0.99523 0.0956798
    outer loop
      vertex 28.9455 20.4983 12.7775
      vertex 26.6835 20.4983 13.2275
      vertex 26.6943 20.4932 13.2784
    endloop
  endfacet
  facet normal 0.0321024 0.986373 0.161362
    outer loop
      vertex 28.955 20.4932 12.8288
      vertex 26.705 20.4846 13.329
      vertex 28.9644 20.4846 12.8795
    endloop
  endfacet
  facet normal 0.0319976 0.986453 0.160892
    outer loop
      vertex 28.955 20.4932 12.8288
      vertex 26.6943 20.4932 13.2784
      vertex 26.705 20.4846 13.329
    endloop
  endfacet
  facet normal 0.0442832 0.97389 0.222659
    outer loop
      vertex 28.9644 20.4846 12.8795
      vertex 26.7156 20.4727 13.3788
      vertex 28.9737 20.4727 12.9297
    endloop
  endfacet
  facet normal 0.0444111 0.973753 0.223231
    outer loop
      vertex 28.9644 20.4846 12.8795
      vertex 26.705 20.4846 13.329
      vertex 26.7156 20.4727 13.3788
    endloop
  endfacet
  facet normal 0.0563722 0.957346 0.283393
    outer loop
      vertex 28.9737 20.4727 12.9297
      vertex 26.7261 20.4576 13.4278
      vertex 28.9828 20.4576 12.9789
    endloop
  endfacet
  facet normal 0.0562833 0.957468 0.282996
    outer loop
      vertex 28.9737 20.4727 12.9297
      vertex 26.7156 20.4727 13.3788
      vertex 26.7261 20.4576 13.4278
    endloop
  endfacet
  facet normal 0.0689042 0.935566 0.346364
    outer loop
      vertex 28.9828 20.4576 12.9789
      vertex 26.7362 20.4391 13.4758
      vertex 28.9917 20.4391 13.0271
    endloop
  endfacet
  facet normal 0.0688518 0.935657 0.34613
    outer loop
      vertex 28.9828 20.4576 12.9789
      vertex 26.7261 20.4576 13.4278
      vertex 26.7362 20.4391 13.4758
    endloop
  endfacet
  facet normal 0.0804837 0.910942 0.404608
    outer loop
      vertex 28.9917 20.4391 13.0271
      vertex 26.7462 20.4175 13.5224
      vertex 29.0004 20.4175 13.074
    endloop
  endfacet
  facet normal 0.0805477 0.910809 0.404893
    outer loop
      vertex 28.9917 20.4391 13.0271
      vertex 26.7362 20.4391 13.4758
      vertex 26.7462 20.4175 13.5224
    endloop
  endfacet
  facet normal 0.0920194 0.881734 0.462684
    outer loop
      vertex 29.0004 20.4175 13.074
      vertex 26.7557 20.3928 13.5675
      vertex 29.0088 20.3928 13.1194
    endloop
  endfacet
  facet normal 0.092159 0.881395 0.463303
    outer loop
      vertex 29.0004 20.4175 13.074
      vertex 26.7462 20.4175 13.5224
      vertex 26.7557 20.3928 13.5675
    endloop
  endfacet
  facet normal 0.10292 0.849501 0.51745
    outer loop
      vertex 29.0088 20.3928 13.1194
      vertex 26.765 20.3652 13.611
      vertex 29.0169 20.3652 13.1631
    endloop
  endfacet
  facet normal 0.102848 0.849703 0.517134
    outer loop
      vertex 29.0088 20.3928 13.1194
      vertex 26.7557 20.3928 13.5675
      vertex 26.765 20.3652 13.611
    endloop
  endfacet
  facet normal 0.11373 0.81256 0.571674
    outer loop
      vertex 29.0169 20.3652 13.1631
      vertex 26.7738 20.3347 13.6527
      vertex 29.0247 20.3347 13.2049
    endloop
  endfacet
  facet normal 0.113535 0.813189 0.570819
    outer loop
      vertex 29.0169 20.3652 13.1631
      vertex 26.765 20.3652 13.611
      vertex 26.7738 20.3347 13.6527
    endloop
  endfacet
  facet normal 0.123716 0.7732 0.621978
    outer loop
      vertex 29.0247 20.3347 13.2049
      vertex 26.7823 20.3015 13.6922
      vertex 29.0321 20.3015 13.2447
    endloop
  endfacet
  facet normal 0.123883 0.772587 0.622706
    outer loop
      vertex 29.0247 20.3347 13.2049
      vertex 26.7738 20.3347 13.6527
      vertex 26.7823 20.3015 13.6922
    endloop
  endfacet
  facet normal 0.133357 0.729867 0.670455
    outer loop
      vertex 29.0321 20.3015 13.2447
      vertex 26.7902 20.2657 13.7296
      vertex 29.039 20.2657 13.2823
    endloop
  endfacet
  facet normal 0.13336 0.729858 0.670464
    outer loop
      vertex 29.0321 20.3015 13.2447
      vertex 26.7823 20.3015 13.6922
      vertex 26.7902 20.2657 13.7296
    endloop
  endfacet
  facet normal 0.142353 0.68373 0.715716
    outer loop
      vertex 29.039 20.2657 13.2823
      vertex 26.7976 20.2275 13.7646
      vertex 29.0455 20.2275 13.3175
    endloop
  endfacet
  facet normal 0.142398 0.68352 0.715907
    outer loop
      vertex 29.039 20.2657 13.2823
      vertex 26.7902 20.2657 13.7296
      vertex 26.7976 20.2275 13.7646
    endloop
  endfacet
  facet normal 0.15095 0.63355 0.758834
    outer loop
      vertex 29.0455 20.2275 13.3175
      vertex 26.8045 20.187 13.7971
      vertex 29.0516 20.187 13.3501
    endloop
  endfacet
  facet normal 0.150824 0.634212 0.758305
    outer loop
      vertex 29.0455 20.2275 13.3175
      vertex 26.7976 20.2275 13.7646
      vertex 26.8045 20.187 13.7971
    endloop
  endfacet
  facet normal 0.158465 0.583248 0.796687
    outer loop
      vertex 29.0516 20.187 13.3501
      vertex 26.8109 20.1445 13.8269
      vertex 29.0572 20.1445 13.3801
    endloop
  endfacet
  facet normal 0.15855 0.582742 0.797041
    outer loop
      vertex 29.0516 20.187 13.3501
      vertex 26.8045 20.187 13.7971
      vertex 26.8109 20.1445 13.8269
    endloop
  endfacet
  facet normal 0.165711 0.527805 0.833043
    outer loop
      vertex 29.0572 20.1445 13.3801
      vertex 26.8166 20.1 13.854
      vertex 29.0622 20.1 13.4073
    endloop
  endfacet
  facet normal 0.165633 0.528335 0.832723
    outer loop
      vertex 29.0572 20.1445 13.3801
      vertex 26.8109 20.1445 13.8269
      vertex 26.8166 20.1 13.854
    endloop
  endfacet
  facet normal 0.172014 0.471643 0.864849
    outer loop
      vertex 29.0622 20.1 13.4073
      vertex 26.8218 20.0538 13.8781
      vertex 29.0667 20.0538 13.4316
    endloop
  endfacet
  facet normal 0.172129 0.470758 0.865308
    outer loop
      vertex 29.0622 20.1 13.4073
      vertex 26.8166 20.1 13.854
      vertex 26.8218 20.0538 13.8781
    endloop
  endfacet
  facet normal 0.177776 0.41177 0.893779
    outer loop
      vertex 29.0667 20.0538 13.4316
      vertex 26.8263 20.0061 13.8992
      vertex 29.0706 20.0061 13.4528
    endloop
  endfacet
  facet normal 0.177742 0.412071 0.893647
    outer loop
      vertex 29.0667 20.0538 13.4316
      vertex 26.8218 20.0538 13.8781
      vertex 26.8263 20.0061 13.8992
    endloop
  endfacet
  facet normal 0.184379 0.353003 0.917275
    outer loop
      vertex 29.0706 20.0061 13.4528
      vertex 29.0342 19.9773 13.4712
      vertex 29.0727 19.9759 13.464
    endloop
  endfacet
  facet normal 0.182333 0.355286 0.916802
    outer loop
      vertex 29.0342 19.9773 13.4712
      vertex 29.0706 20.0061 13.4528
      vertex 27.7495 19.9773 13.7267
    endloop
  endfacet
  facet normal 0.182422 0.354374 0.917138
    outer loop
      vertex 26.8263 20.0061 13.8992
      vertex 27.7495 19.9773 13.7267
      vertex 29.0706 20.0061 13.4528
    endloop
  endfacet
  facet normal 0.182941 0.354068 0.917152
    outer loop
      vertex 26.867 19.9773 13.9022
      vertex 26.8263 20.0061 13.8992
      vertex 26.8286 19.9759 13.9104
    endloop
  endfacet
  facet normal 0.18246 0.353424 0.917497
    outer loop
      vertex 27.7495 19.9773 13.7267
      vertex 26.8263 20.0061 13.8992
      vertex 26.867 19.9773 13.9022
    endloop
  endfacet
  facet normal 0.19158 -0.229919 0.954167
    outer loop
      vertex 29.0342 1.11648 13.4712
      vertex 29.0724 1.11179 13.4624
      vertex 29.0727 1.11868 13.464
    endloop
  endfacet
  facet normal 0.18917 -0.243919 0.951167
    outer loop
      vertex 26.939 1.11649 13.8879
      vertex 29.0724 1.11179 13.4624
      vertex 29.0342 1.11648 13.4712
    endloop
  endfacet
  facet normal 0.189974 -0.227705 0.955018
    outer loop
      vertex 29.0724 1.11179 13.4624
      vertex 26.939 1.11649 13.8879
      vertex 26.8283 1.11179 13.9088
    endloop
  endfacet
  facet normal 0.189986 -0.22108 0.956572
    outer loop
      vertex 26.867 1.11649 13.9022
      vertex 26.8283 1.11179 13.9088
      vertex 26.939 1.11649 13.8879
    endloop
  endfacet
  facet normal 0.190631 -0.229291 0.954508
    outer loop
      vertex 26.8283 1.11179 13.9088
      vertex 26.867 1.11649 13.9022
      vertex 26.8286 1.1187 13.9104
    endloop
  endfacet
  facet normal 0.186693 -0.290099 0.93861
    outer loop
      vertex 29.0724 1.11179 13.4624
      vertex 26.8224 1.01785 13.8809
      vertex 29.0672 1.01785 13.4344
    endloop
  endfacet
  facet normal 0.186688 -0.290458 0.9385
    outer loop
      vertex 26.8283 1.11179 13.9088
      vertex 26.8224 1.01785 13.8809
      vertex 29.0724 1.11179 13.4624
    endloop
  endfacet
  facet normal 0.182588 -0.352235 0.917928
    outer loop
      vertex 29.0672 1.01785 13.4344
      vertex 26.8152 0.92598 13.8471
      vertex 29.0609 0.92598 13.4004
    endloop
  endfacet
  facet normal 0.182593 -0.352052 0.917997
    outer loop
      vertex 26.8224 1.01785 13.8809
      vertex 26.8152 0.92598 13.8471
      vertex 29.0672 1.01785 13.4344
    endloop
  endfacet
  facet normal 0.177723 -0.412465 0.893469
    outer loop
      vertex 29.0609 0.92598 13.4004
      vertex 26.8068 0.836578 13.8075
      vertex 29.0535 0.836578 13.3606
    endloop
  endfacet
  facet normal 0.177724 -0.412456 0.893473
    outer loop
      vertex 26.8152 0.92598 13.8471
      vertex 26.8068 0.836578 13.8075
      vertex 29.0609 0.92598 13.4004
    endloop
  endfacet
  facet normal 0.172044 -0.471298 0.865031
    outer loop
      vertex 29.0535 0.836578 13.3606
      vertex 26.7971 0.75 13.7622
      vertex 29.0451 0.75 13.3151
    endloop
  endfacet
  facet normal 0.172018 -0.471754 0.864788
    outer loop
      vertex 26.8068 0.836578 13.8075
      vertex 26.7971 0.75 13.7622
      vertex 29.0535 0.836578 13.3606
    endloop
  endfacet
  facet normal 0.165642 -0.528268 0.832764
    outer loop
      vertex 29.0451 0.75 13.3151
      vertex 26.7864 0.666656 13.7115
      vertex 29.0357 0.666656 13.2641
    endloop
  endfacet
  facet normal 0.165663 -0.52797 0.832949
    outer loop
      vertex 26.7971 0.75 13.7622
      vertex 26.7864 0.666656 13.7115
      vertex 29.0451 0.75 13.3151
    endloop
  endfacet
  facet normal 0.158588 -0.582433 0.797259
    outer loop
      vertex 29.0357 0.666656 13.2641
      vertex 26.7745 0.586868 13.6556
      vertex 29.0252 0.586868 13.2079
    endloop
  endfacet
  facet normal 0.1586 -0.58229 0.797361
    outer loop
      vertex 26.7864 0.666656 13.7115
      vertex 26.7745 0.586868 13.6556
      vertex 29.0357 0.666656 13.2641
    endloop
  endfacet
  facet normal 0.150842 -0.634112 0.758385
    outer loop
      vertex 29.0252 0.586868 13.2079
      vertex 26.7615 0.510986 13.5947
      vertex 29.0139 0.510986 13.1467
    endloop
  endfacet
  facet normal 0.150818 -0.63434 0.7582
    outer loop
      vertex 26.7745 0.586868 13.6556
      vertex 26.7615 0.510986 13.5947
      vertex 29.0252 0.586868 13.2079
    endloop
  endfacet
  facet normal 0.142385 -0.683667 0.71577
    outer loop
      vertex 29.0139 0.510986 13.1467
      vertex 26.7476 0.439346 13.5291
      vertex 29.0017 0.439346 13.0807
    endloop
  endfacet
  facet normal 0.142427 -0.683338 0.716076
    outer loop
      vertex 26.7615 0.510986 13.5947
      vertex 26.7476 0.439346 13.5291
      vertex 29.0139 0.510986 13.1467
    endloop
  endfacet
  facet normal 0.133386 -0.729714 0.670616
    outer loop
      vertex 29.0017 0.439346 13.0807
      vertex 26.7327 0.372253 13.459
      vertex 28.9886 0.372253 13.0103
    endloop
  endfacet
  facet normal 0.133346 -0.729985 0.670329
    outer loop
      vertex 26.7476 0.439346 13.5291
      vertex 26.7327 0.372253 13.459
      vertex 29.0017 0.439346 13.0807
    endloop
  endfacet
  facet normal 0.123776 -0.772934 0.622296
    outer loop
      vertex 28.9886 0.372253 13.0103
      vertex 26.7169 0.309982 13.3848
      vertex 28.9748 0.309982 12.9357
    endloop
  endfacet
  facet normal 0.123777 -0.772925 0.622307
    outer loop
      vertex 26.7327 0.372253 13.459
      vertex 26.7169 0.309982 13.3848
      vertex 28.9886 0.372253 13.0103
    endloop
  endfacet
  facet normal 0.11358 -0.813032 0.571032
    outer loop
      vertex 28.9748 0.309982 12.9357
      vertex 26.7003 0.252808 13.3067
      vertex 28.9602 0.252808 12.8572
    endloop
  endfacet
  facet normal 0.113581 -0.813025 0.571043
    outer loop
      vertex 26.7169 0.309982 13.3848
      vertex 26.7003 0.252808 13.3067
      vertex 28.9748 0.309982 12.9357
    endloop
  endfacet
  facet normal 0.103082 -0.848964 0.518299
    outer loop
      vertex 28.9602 0.252808 12.8572
      vertex 26.683 0.200974 13.2252
      vertex 28.9451 0.200974 12.7753
    endloop
  endfacet
  facet normal 0.103058 -0.849069 0.518132
    outer loop
      vertex 26.7003 0.252808 13.3067
      vertex 26.683 0.200974 13.2252
      vertex 28.9602 0.252808 12.8572
    endloop
  endfacet
  facet normal 0.0919147 -0.88206 0.462083
    outer loop
      vertex 28.9451 0.200974 12.7753
      vertex 26.665 0.154694 13.1405
      vertex 28.9293 0.154694 12.6901
    endloop
  endfacet
  facet normal 0.0919529 -0.881922 0.46234
    outer loop
      vertex 26.683 0.200974 13.2252
      vertex 26.665 0.154694 13.1405
      vertex 28.9451 0.200974 12.7753
    endloop
  endfacet
  facet normal 0.0805385 -0.910828 0.404854
    outer loop
      vertex 28.9293 0.154694 12.6901
      vertex 26.6464 0.114182 13.0531
      vertex 28.913 0.114182 12.6022
    endloop
  endfacet
  facet normal 0.0805624 -0.910755 0.405012
    outer loop
      vertex 26.665 0.154694 13.1405
      vertex 26.6464 0.114182 13.0531
      vertex 28.9293 0.154694 12.6901
    endloop
  endfacet
  facet normal 0.0687359 -0.935873 0.345568
    outer loop
      vertex 28.913 0.114182 12.6022
      vertex 26.6273 0.0796051 12.9632
      vertex 28.8962 0.0796051 12.5119
    endloop
  endfacet
  facet normal 0.0687074 -0.935944 0.345381
    outer loop
      vertex 26.6464 0.114182 13.0531
      vertex 26.6273 0.0796051 12.9632
      vertex 28.913 0.114182 12.6022
    endloop
  endfacet
  facet normal 0.0566067 -0.956981 0.284575
    outer loop
      vertex 28.8962 0.0796051 12.5119
      vertex 26.6078 0.0511169 12.8713
      vertex 28.8791 0.0511169 12.4195
    endloop
  endfacet
  facet normal 0.0566162 -0.956962 0.284637
    outer loop
      vertex 26.6273 0.0796051 12.9632
      vertex 26.6078 0.0511169 12.8713
      vertex 28.8962 0.0796051 12.5119
    endloop
  endfacet
  facet normal 0.0443109 -0.973866 0.222759
    outer loop
      vertex 28.8791 0.0511169 12.4195
      vertex 26.5879 0.0288239 12.7778
      vertex 28.8617 0.0288239 12.3255
    endloop
  endfacet
  facet normal 0.0443118 -0.973865 0.222765
    outer loop
      vertex 26.6078 0.0511169 12.8713
      vertex 26.5879 0.0288239 12.7778
      vertex 28.8791 0.0511169 12.4195
    endloop
  endfacet
  facet normal 0.0317679 -0.986654 0.159702
    outer loop
      vertex 28.8617 0.0288239 12.3255
      vertex 26.5678 0.0128479 12.6831
      vertex 28.8441 0.0128479 12.2303
    endloop
  endfacet
  facet normal 0.0317686 -0.986653 0.159707
    outer loop
      vertex 26.5879 0.0288239 12.7778
      vertex 26.5678 0.0128479 12.6831
      vertex 28.8617 0.0288239 12.3255
    endloop
  endfacet
  facet normal 0.0191432 -0.995172 0.0962611
    outer loop
      vertex 28.8441 0.0128479 12.2303
      vertex 26.5474 0.0032196 12.5875
      vertex 28.8263 0.0032196 12.1343
    endloop
  endfacet
  facet normal 0.0191257 -0.995183 0.0961481
    outer loop
      vertex 26.5678 0.0128479 12.6831
      vertex 26.5474 0.0032196 12.5875
      vertex 28.8441 0.0128479 12.2303
    endloop
  endfacet
  facet normal 0.00639911 -0.999462 0.0321741
    outer loop
      vertex 28.8263 0.0032196 12.1343
      vertex 26.5379 1.52588e-05 12.4899
      vertex 28.8085 1.52588e-05 12.0383
    endloop
  endfacet
  facet normal 0.00626192 -0.999462 0.0322042
    outer loop
      vertex 26.5379 1.52588e-05 12.4899
      vertex 26.5474 0.0032196 12.5875
      vertex 26.5271 1.52588e-05 12.492
    endloop
  endfacet
  facet normal 0.00640167 -0.999461 0.0321906
    outer loop
      vertex 26.5474 0.0032196 12.5875
      vertex 26.5379 1.52588e-05 12.4899
      vertex 28.8263 0.0032196 12.1343
    endloop
  endfacet
  facet normal 0.0071639 0.999473 0.0316605
    outer loop
      vertex 26.6726 20.5 13.1763
      vertex 24.434 20.4983 13.7365
      vertex 26.6835 20.4983 13.2275
    endloop
  endfacet
  facet normal 0.00716476 0.999473 0.0316639
    outer loop
      vertex 26.6726 20.5 13.1763
      vertex 24.4218 20.5 13.6856
      vertex 24.434 20.4983 13.7365
    endloop
  endfacet
  facet normal 0.0215306 0.99523 0.0951502
    outer loop
      vertex 26.6835 20.4983 13.2275
      vertex 24.4462 20.4932 13.7871
      vertex 26.6943 20.4932 13.2784
    endloop
  endfacet
  facet normal 0.0215232 0.995233 0.0951207
    outer loop
      vertex 26.6835 20.4983 13.2275
      vertex 24.434 20.4983 13.7365
      vertex 24.4462 20.4932 13.7871
    endloop
  endfacet
  facet normal 0.0362048 0.986453 0.160002
    outer loop
      vertex 26.6943 20.4932 13.2784
      vertex 24.4582 20.4846 13.8374
      vertex 26.705 20.4846 13.329
    endloop
  endfacet
  facet normal 0.0362091 0.98645 0.160019
    outer loop
      vertex 26.6943 20.4932 13.2784
      vertex 24.4462 20.4932 13.7871
      vertex 24.4582 20.4846 13.8374
    endloop
  endfacet
  facet normal 0.0502313 0.973754 0.221992
    outer loop
      vertex 26.705 20.4846 13.329
      vertex 24.4701 20.4727 13.8869
      vertex 26.7156 20.4727 13.3788
    endloop
  endfacet
  facet normal 0.0502371 0.973748 0.222016
    outer loop
      vertex 26.705 20.4846 13.329
      vertex 24.4582 20.4846 13.8374
      vertex 24.4701 20.4727 13.8869
    endloop
  endfacet
  facet normal 0.0636732 0.957472 0.281413
    outer loop
      vertex 26.7156 20.4727 13.3788
      vertex 24.4818 20.4576 13.9356
      vertex 26.7261 20.4576 13.4278
    endloop
  endfacet
  facet normal 0.0637089 0.957428 0.281556
    outer loop
      vertex 26.7156 20.4727 13.3788
      vertex 24.4701 20.4727 13.8869
      vertex 24.4818 20.4576 13.9356
    endloop
  endfacet
  facet normal 0.0778879 0.93565 0.344226
    outer loop
      vertex 26.7261 20.4576 13.4278
      vertex 24.4933 20.4391 13.9833
      vertex 26.7362 20.4391 13.4758
    endloop
  endfacet
  facet normal 0.0778628 0.935689 0.344126
    outer loop
      vertex 26.7261 20.4576 13.4278
      vertex 24.4818 20.4576 13.9356
      vertex 24.4933 20.4391 13.9833
    endloop
  endfacet
  facet normal 0.0911116 0.910817 0.40263
    outer loop
      vertex 26.7362 20.4391 13.4758
      vertex 24.5044 20.4175 14.0297
      vertex 26.7462 20.4175 13.5224
    endloop
  endfacet
  facet normal 0.0910276 0.910972 0.402297
    outer loop
      vertex 26.7362 20.4391 13.4758
      vertex 24.4933 20.4391 13.9833
      vertex 24.5044 20.4175 14.0297
    endloop
  endfacet
  facet normal 0.104262 0.881386 0.460748
    outer loop
      vertex 26.7462 20.4175 13.5224
      vertex 24.5152 20.3928 14.0745
      vertex 26.7557 20.3928 13.5675
    endloop
  endfacet
  facet normal 0.104273 0.881361 0.460792
    outer loop
      vertex 26.7462 20.4175 13.5224
      vertex 24.5044 20.4175 14.0297
      vertex 24.5152 20.3928 14.0745
    endloop
  endfacet
  facet normal 0.116374 0.84971 0.514247
    outer loop
      vertex 26.7557 20.3928 13.5675
      vertex 24.5255 20.3652 14.1178
      vertex 26.765 20.3652 13.611
    endloop
  endfacet
  facet normal 0.11632 0.849846 0.514034
    outer loop
      vertex 26.7557 20.3928 13.5675
      vertex 24.5152 20.3928 14.0745
      vertex 24.5255 20.3652 14.1178
    endloop
  endfacet
  facet normal 0.128455 0.813178 0.567662
    outer loop
      vertex 26.765 20.3652 13.611
      vertex 24.5355 20.3347 14.1592
      vertex 26.7738 20.3347 13.6527
    endloop
  endfacet
  facet normal 0.128517 0.812999 0.567905
    outer loop
      vertex 26.765 20.3652 13.611
      vertex 24.5255 20.3652 14.1178
      vertex 24.5355 20.3347 14.1592
    endloop
  endfacet
  facet normal 0.140125 0.772607 0.619228
    outer loop
      vertex 26.7738 20.3347 13.6527
      vertex 24.5449 20.3015 14.1985
      vertex 26.7823 20.3015 13.6922
    endloop
  endfacet
  facet normal 0.140116 0.772635 0.619195
    outer loop
      vertex 26.7738 20.3347 13.6527
      vertex 24.5355 20.3347 14.1592
      vertex 24.5449 20.3015 14.1985
    endloop
  endfacet
  facet normal 0.150887 0.729846 0.666751
    outer loop
      vertex 26.7823 20.3015 13.6922
      vertex 24.5538 20.2657 14.2357
      vertex 26.7902 20.2657 13.7296
    endloop
  endfacet
  facet normal 0.150825 0.730075 0.666515
    outer loop
      vertex 26.7823 20.3015 13.6922
      vertex 24.5449 20.3015 14.1985
      vertex 24.5538 20.2657 14.2357
    endloop
  endfacet
  facet normal 0.16109 0.68351 0.711944
    outer loop
      vertex 26.7902 20.2657 13.7296
      vertex 24.5622 20.2275 14.2704
      vertex 26.7976 20.2275 13.7646
    endloop
  endfacet
  facet normal 0.161264 0.682777 0.712607
    outer loop
      vertex 26.7902 20.2657 13.7296
      vertex 24.5538 20.2657 14.2357
      vertex 24.5622 20.2275 14.2704
    endloop
  endfacet
  facet normal 0.17063 0.63421 0.754097
    outer loop
      vertex 26.7976 20.2275 13.7646
      vertex 24.57 20.187 14.3027
      vertex 26.8045 20.187 13.7971
    endloop
  endfacet
  facet normal 0.170621 0.634251 0.754065
    outer loop
      vertex 26.7976 20.2275 13.7646
      vertex 24.5622 20.2275 14.2704
      vertex 24.57 20.187 14.3027
    endloop
  endfacet
  facet normal 0.179362 0.582763 0.792601
    outer loop
      vertex 26.8045 20.187 13.7971
      vertex 24.5771 20.1445 14.3324
      vertex 26.8109 20.1445 13.8269
    endloop
  endfacet
  facet normal 0.179229 0.583482 0.792102
    outer loop
      vertex 26.8045 20.187 13.7971
      vertex 24.57 20.187 14.3027
      vertex 24.5771 20.1445 14.3324
    endloop
  endfacet
  facet normal 0.187383 0.528314 0.828114
    outer loop
      vertex 26.8109 20.1445 13.8269
      vertex 24.5835 20.1 14.3593
      vertex 26.8166 20.1 13.854
    endloop
  endfacet
  facet normal 0.187475 0.527755 0.828449
    outer loop
      vertex 26.8109 20.1445 13.8269
      vertex 24.5771 20.1445 14.3324
      vertex 24.5835 20.1 14.3593
    endloop
  endfacet
  facet normal 0.194723 0.470787 0.86049
    outer loop
      vertex 26.8166 20.1 13.854
      vertex 24.5893 20.0538 14.3833
      vertex 26.8218 20.0538 13.8781
    endloop
  endfacet
  facet normal 0.194649 0.471305 0.860223
    outer loop
      vertex 26.8166 20.1 13.854
      vertex 24.5835 20.1 14.3593
      vertex 24.5893 20.0538 14.3833
    endloop
  endfacet
  facet normal 0.201107 0.412077 0.888678
    outer loop
      vertex 26.8218 20.0538 13.8781
      vertex 24.5943 20.0061 14.4043
      vertex 26.8263 20.0061 13.8992
    endloop
  endfacet
  facet normal 0.201082 0.412281 0.888589
    outer loop
      vertex 26.8218 20.0538 13.8781
      vertex 24.5893 20.0538 14.3833
      vertex 24.5943 20.0061 14.4043
    endloop
  endfacet
  facet normal 0.207636 0.354003 0.911904
    outer loop
      vertex 26.8263 20.0061 13.8992
      vertex 26.7902 19.9773 13.9186
      vertex 26.8286 19.9759 13.9104
    endloop
  endfacet
  facet normal 0.206245 0.355553 0.911617
    outer loop
      vertex 26.7902 19.9773 13.9186
      vertex 26.8263 20.0061 13.8992
      vertex 25.5128 19.9773 14.2076
    endloop
  endfacet
  facet normal 0.206474 0.353422 0.912393
    outer loop
      vertex 24.5943 20.0061 14.4043
      vertex 25.5128 19.9773 14.2076
      vertex 26.8263 20.0061 13.8992
    endloop
  endfacet
  facet normal 0.208278 0.35377 0.911848
    outer loop
      vertex 24.6349 19.9773 14.4062
      vertex 24.5943 20.0061 14.4043
      vertex 24.597 19.9759 14.4154
    endloop
  endfacet
  facet normal 0.206571 0.351449 0.913133
    outer loop
      vertex 25.5128 19.9773 14.2076
      vertex 24.5943 20.0061 14.4043
      vertex 24.6349 19.9773 14.4062
    endloop
  endfacet
  facet normal 0.215872 -0.229147 0.949153
    outer loop
      vertex 26.7902 1.11649 13.9186
      vertex 26.8283 1.11179 13.9088
      vertex 26.8286 1.1187 13.9104
    endloop
  endfacet
  facet normal 0.214332 -0.237874 0.947353
    outer loop
      vertex 24.7066 1.11649 14.39
      vertex 26.8283 1.11179 13.9088
      vertex 26.7902 1.11649 13.9186
    endloop
  endfacet
  facet normal 0.215254 -0.22088 0.951251
    outer loop
      vertex 26.8283 1.11179 13.9088
      vertex 24.7066 1.11649 14.39
      vertex 24.5966 1.11179 14.4138
    endloop
  endfacet
  facet normal 0.215296 -0.214269 0.952752
    outer loop
      vertex 24.6349 1.11648 14.4062
      vertex 24.5966 1.11179 14.4138
      vertex 24.7066 1.11649 14.39
    endloop
  endfacet
  facet normal 0.216613 -0.232426 0.948186
    outer loop
      vertex 24.5966 1.11179 14.4138
      vertex 24.6349 1.11648 14.4062
      vertex 24.597 1.11869 14.4154
    endloop
  endfacet
  facet normal 0.211207 -0.29045 0.93329
    outer loop
      vertex 26.8283 1.11179 13.9088
      vertex 24.59 1.01785 14.3861
      vertex 26.8224 1.01785 13.8809
    endloop
  endfacet
  facet normal 0.211216 -0.290072 0.933406
    outer loop
      vertex 24.5966 1.11179 14.4138
      vertex 24.59 1.01785 14.3861
      vertex 26.8283 1.11179 13.9088
    endloop
  endfacet
  facet normal 0.20659 -0.352055 0.912895
    outer loop
      vertex 26.8224 1.01785 13.8809
      vertex 24.5819 0.92598 14.3525
      vertex 26.8152 0.92598 13.8471
    endloop
  endfacet
  facet normal 0.206589 -0.352087 0.912883
    outer loop
      vertex 24.59 1.01785 14.3861
      vertex 24.5819 0.92598 14.3525
      vertex 26.8224 1.01785 13.8809
    endloop
  endfacet
  facet normal 0.201053 -0.412452 0.888516
    outer loop
      vertex 26.8152 0.92598 13.8471
      vertex 24.5724 0.836578 14.3131
      vertex 26.8068 0.836578 13.8075
    endloop
  endfacet
  facet normal 0.201032 -0.412856 0.888333
    outer loop
      vertex 24.5819 0.92598 14.3525
      vertex 24.5724 0.836578 14.3131
      vertex 26.8152 0.92598 13.8471
    endloop
  endfacet
  facet normal 0.194615 -0.471768 0.859977
    outer loop
      vertex 26.8068 0.836578 13.8075
      vertex 24.5616 0.75 14.2681
      vertex 26.7971 0.75 13.7622
    endloop
  endfacet
  facet normal 0.194643 -0.471373 0.860187
    outer loop
      vertex 24.5724 0.836578 14.3131
      vertex 24.5616 0.75 14.2681
      vertex 26.8068 0.836578 13.8075
    endloop
  endfacet
  facet normal 0.187447 -0.527955 0.828328
    outer loop
      vertex 26.7971 0.75 13.7622
      vertex 24.5495 0.666656 14.2177
      vertex 26.7864 0.666656 13.7115
    endloop
  endfacet
  facet normal 0.187436 -0.528076 0.828253
    outer loop
      vertex 24.5616 0.75 14.2681
      vertex 24.5495 0.666656 14.2177
      vertex 26.7971 0.75 13.7622
    endloop
  endfacet
  facet normal 0.179431 -0.582294 0.792931
    outer loop
      vertex 26.7864 0.666656 13.7115
      vertex 24.5362 0.586868 14.1621
      vertex 26.7745 0.586868 13.6556
    endloop
  endfacet
  facet normal 0.179419 -0.582404 0.792852
    outer loop
      vertex 24.5495 0.666656 14.2177
      vertex 24.5362 0.586868 14.1621
      vertex 26.7864 0.666656 13.7115
    endloop
  endfacet
  facet normal 0.170605 -0.634349 0.753987
    outer loop
      vertex 26.7745 0.586868 13.6556
      vertex 24.5217 0.510986 14.1015
      vertex 26.7615 0.510986 13.5947
    endloop
  endfacet
  facet normal 0.170575 -0.634583 0.753796
    outer loop
      vertex 24.5362 0.586868 14.1621
      vertex 24.5217 0.510986 14.1015
      vertex 26.7745 0.586868 13.6556
    endloop
  endfacet
  facet normal 0.161126 -0.683332 0.712107
    outer loop
      vertex 26.7615 0.510986 13.5947
      vertex 24.506 0.439346 14.0363
      vertex 26.7476 0.439346 13.5291
    endloop
  endfacet
  facet normal 0.161121 -0.68337 0.712071
    outer loop
      vertex 24.5217 0.510986 14.1015
      vertex 24.506 0.439346 14.0363
      vertex 26.7615 0.510986 13.5947
    endloop
  endfacet
  facet normal 0.15083 -0.729985 0.666612
    outer loop
      vertex 26.7476 0.439346 13.5291
      vertex 24.4893 0.372253 13.9666
      vertex 26.7327 0.372253 13.459
    endloop
  endfacet
  facet normal 0.150824 -0.730019 0.666577
    outer loop
      vertex 24.506 0.439346 14.0363
      vertex 24.4893 0.372253 13.9666
      vertex 26.7476 0.439346 13.5291
    endloop
  endfacet
  facet normal 0.140036 -0.772928 0.618847
    outer loop
      vertex 26.7327 0.372253 13.459
      vertex 24.4715 0.309982 13.8929
      vertex 26.7169 0.309982 13.3848
    endloop
  endfacet
  facet normal 0.140074 -0.772738 0.619076
    outer loop
      vertex 24.4893 0.372253 13.9666
      vertex 24.4715 0.309982 13.8929
      vertex 26.7327 0.372253 13.459
    endloop
  endfacet
  facet normal 0.128512 -0.813025 0.567869
    outer loop
      vertex 26.7169 0.309982 13.3848
      vertex 24.4529 0.252808 13.8153
      vertex 26.7003 0.252808 13.3067
    endloop
  endfacet
  facet normal 0.12855 -0.812865 0.568089
    outer loop
      vertex 24.4715 0.309982 13.8929
      vertex 24.4529 0.252808 13.8153
      vertex 26.7169 0.309982 13.3848
    endloop
  endfacet
  facet normal 0.116589 -0.849067 0.515259
    outer loop
      vertex 26.7003 0.252808 13.3067
      vertex 24.4335 0.200974 13.7342
      vertex 26.683 0.200974 13.2252
    endloop
  endfacet
  facet normal 0.116531 -0.849276 0.514928
    outer loop
      vertex 24.4529 0.252808 13.8153
      vertex 24.4335 0.200974 13.7342
      vertex 26.7003 0.252808 13.3067
    endloop
  endfacet
  facet normal 0.104034 -0.881922 0.459772
    outer loop
      vertex 26.683 0.200974 13.2252
      vertex 24.4133 0.154694 13.65
      vertex 26.665 0.154694 13.1405
    endloop
  endfacet
  facet normal 0.104036 -0.881917 0.459781
    outer loop
      vertex 24.4335 0.200974 13.7342
      vertex 24.4133 0.154694 13.65
      vertex 26.683 0.200974 13.2252
    endloop
  endfacet
  facet normal 0.091131 -0.910756 0.402763
    outer loop
      vertex 26.665 0.154694 13.1405
      vertex 24.3924 0.114182 13.5631
      vertex 26.6464 0.114182 13.0531
    endloop
  endfacet
  facet normal 0.0911176 -0.910791 0.402688
    outer loop
      vertex 24.4133 0.154694 13.65
      vertex 24.3924 0.114182 13.5631
      vertex 26.665 0.154694 13.1405
    endloop
  endfacet
  facet normal 0.0777227 -0.935944 0.343465
    outer loop
      vertex 26.6464 0.114182 13.0531
      vertex 24.3709 0.0796051 13.4738
      vertex 26.6273 0.0796051 12.9632
    endloop
  endfacet
  facet normal 0.0777556 -0.935874 0.343649
    outer loop
      vertex 24.3924 0.114182 13.5631
      vertex 24.3709 0.0796051 13.4738
      vertex 26.6464 0.114182 13.0531
    endloop
  endfacet
  facet normal 0.064048 -0.956961 0.28306
    outer loop
      vertex 26.6273 0.0796051 12.9632
      vertex 24.349 0.0511169 13.3824
      vertex 26.6078 0.0511169 12.8713
    endloop
  endfacet
  facet normal 0.064027 -0.956997 0.282942
    outer loop
      vertex 24.3709 0.0796051 13.4738
      vertex 24.349 0.0511169 13.3824
      vertex 26.6273 0.0796051 12.9632
    endloop
  endfacet
  facet normal 0.0501306 -0.973865 0.221527
    outer loop
      vertex 26.6078 0.0511169 12.8713
      vertex 24.3267 0.0288239 13.2895
      vertex 26.5879 0.0288239 12.7778
    endloop
  endfacet
  facet normal 0.0501529 -0.973836 0.22165
    outer loop
      vertex 24.349 0.0511169 13.3824
      vertex 24.3267 0.0288239 13.2895
      vertex 26.6078 0.0511169 12.8713
    endloop
  endfacet
  facet normal 0.0359362 -0.986653 0.158822
    outer loop
      vertex 26.5879 0.0288239 12.7778
      vertex 24.3041 0.0128479 13.1953
      vertex 26.5678 0.0128479 12.6831
    endloop
  endfacet
  facet normal 0.0359174 -0.98667 0.158719
    outer loop
      vertex 24.3267 0.0288239 13.2895
      vertex 24.3041 0.0128479 13.1953
      vertex 26.5879 0.0288239 12.7778
    endloop
  endfacet
  facet normal 0.0216363 -0.995183 0.0956124
    outer loop
      vertex 26.5678 0.0128479 12.6831
      vertex 24.2813 0.0032196 13.1003
      vertex 26.5474 0.0032196 12.5875
    endloop
  endfacet
  facet normal 0.0216462 -0.995178 0.0956667
    outer loop
      vertex 24.3041 0.0128479 13.1953
      vertex 24.2813 0.0032196 13.1003
      vertex 26.5678 0.0128479 12.6831
    endloop
  endfacet
  facet normal 0.00724123 -0.999462 0.031996
    outer loop
      vertex 26.5474 0.0032196 12.5875
      vertex 24.2692 1.52588e-05 13.003
      vertex 26.5271 1.52588e-05 12.492
    endloop
  endfacet
  facet normal 0.00718243 -0.999461 0.0320217
    outer loop
      vertex 24.2692 1.52588e-05 13.003
      vertex 24.2813 0.0032196 13.1003
      vertex 24.2585 1.52588e-05 13.0054
    endloop
  endfacet
  facet normal 0.00724449 -0.999461 0.0320139
    outer loop
      vertex 24.2813 0.0032196 13.1003
      vertex 24.2692 1.52588e-05 13.003
      vertex 26.5474 0.0032196 12.5875
    endloop
  endfacet
  facet normal 0.00799104 0.999473 0.0314659
    outer loop
      vertex 24.4218 20.5 13.6856
      vertex 22.1986 20.4983 14.3042
      vertex 24.434 20.4983 13.7365
    endloop
  endfacet
  facet normal 0.00798619 0.999473 0.0314484
    outer loop
      vertex 24.4218 20.5 13.6856
      vertex 22.1851 20.5 14.2536
      vertex 22.1986 20.4983 14.3042
    endloop
  endfacet
  facet normal 0.024006 0.995233 0.0945221
    outer loop
      vertex 24.434 20.4983 13.7365
      vertex 22.2121 20.4932 14.3545
      vertex 24.4462 20.4932 13.7871
    endloop
  endfacet
  facet normal 0.0239915 0.995239 0.0944698
    outer loop
      vertex 24.434 20.4983 13.7365
      vertex 22.1986 20.4983 14.3042
      vertex 22.2121 20.4932 14.3545
    endloop
  endfacet
  facet normal 0.0403843 0.986449 0.159023
    outer loop
      vertex 24.4462 20.4932 13.7871
      vertex 22.2255 20.4846 14.4044
      vertex 24.4582 20.4846 13.8374
    endloop
  endfacet
  facet normal 0.04042 0.986426 0.159151
    outer loop
      vertex 24.4462 20.4932 13.7871
      vertex 22.2121 20.4932 14.3545
      vertex 22.2255 20.4846 14.4044
    endloop
  endfacet
  facet normal 0.0560308 0.973748 0.220623
    outer loop
      vertex 24.4582 20.4846 13.8374
      vertex 22.2387 20.4727 14.4536
      vertex 24.4701 20.4727 13.8869
    endloop
  endfacet
  facet normal 0.0559975 0.973777 0.220504
    outer loop
      vertex 24.4582 20.4846 13.8374
      vertex 22.2255 20.4846 14.4044
      vertex 22.2387 20.4727 14.4536
    endloop
  endfacet
  facet normal 0.0710608 0.957428 0.27979
    outer loop
      vertex 24.4701 20.4727 13.8869
      vertex 22.2517 20.4576 14.502
      vertex 24.4818 20.4576 13.9356
    endloop
  endfacet
  facet normal 0.0710193 0.957474 0.279641
    outer loop
      vertex 24.4701 20.4727 13.8869
      vertex 22.2387 20.4727 14.4536
      vertex 22.2517 20.4576 14.502
    endloop
  endfacet
  facet normal 0.086848 0.935692 0.341961
    outer loop
      vertex 24.4818 20.4576 13.9356
      vertex 22.2643 20.4391 14.5494
      vertex 24.4933 20.4391 13.9833
    endloop
  endfacet
  facet normal 0.086882 0.935645 0.342083
    outer loop
      vertex 24.4818 20.4576 13.9356
      vertex 22.2517 20.4576 14.502
      vertex 22.2643 20.4391 14.5494
    endloop
  endfacet
  facet normal 0.101521 0.910969 0.399786
    outer loop
      vertex 24.4933 20.4391 13.9833
      vertex 22.2767 20.4175 14.5954
      vertex 24.5044 20.4175 14.0297
    endloop
  endfacet
  facet normal 0.101653 0.910749 0.400254
    outer loop
      vertex 24.4933 20.4391 13.9833
      vertex 22.2643 20.4391 14.5494
      vertex 22.2767 20.4175 14.5954
    endloop
  endfacet
  facet normal 0.116294 0.881366 0.457897
    outer loop
      vertex 24.5044 20.4175 14.0297
      vertex 22.2886 20.3928 14.64
      vertex 24.5152 20.3928 14.0745
    endloop
  endfacet
  facet normal 0.116128 0.881694 0.457307
    outer loop
      vertex 24.5044 20.4175 14.0297
      vertex 22.2767 20.4175 14.5954
      vertex 22.2886 20.3928 14.64
    endloop
  endfacet
  facet normal 0.12974 0.849833 0.510833
    outer loop
      vertex 24.5152 20.3928 14.0745
      vertex 22.3001 20.3652 14.683
      vertex 24.5255 20.3652 14.1178
    endloop
  endfacet
  facet normal 0.129729 0.849858 0.510795
    outer loop
      vertex 24.5152 20.3928 14.0745
      vertex 22.2886 20.3928 14.64
      vertex 22.3001 20.3652 14.683
    endloop
  endfacet
  facet normal 0.143317 0.813009 0.564338
    outer loop
      vertex 24.5255 20.3652 14.1178
      vertex 22.3111 20.3347 14.7241
      vertex 24.5355 20.3347 14.1592
    endloop
  endfacet
  facet normal 0.143427 0.81272 0.564726
    outer loop
      vertex 24.5255 20.3652 14.1178
      vertex 22.3001 20.3652 14.683
      vertex 22.3111 20.3347 14.7241
    endloop
  endfacet
  facet normal 0.156287 0.772628 0.615322
    outer loop
      vertex 24.5355 20.3347 14.1592
      vertex 22.3216 20.3015 14.7632
      vertex 24.5449 20.3015 14.1985
    endloop
  endfacet
  facet normal 0.156089 0.77322 0.614628
    outer loop
      vertex 24.5355 20.3347 14.1592
      vertex 22.3111 20.3347 14.7241
      vertex 22.3216 20.3015 14.7632
    endloop
  endfacet
  facet normal 0.168217 0.730068 0.662347
    outer loop
      vertex 24.5449 20.3015 14.1985
      vertex 22.3315 20.2657 14.8001
      vertex 24.5538 20.2657 14.2357
    endloop
  endfacet
  facet normal 0.168334 0.72967 0.662756
    outer loop
      vertex 24.5449 20.3015 14.1985
      vertex 22.3216 20.3015 14.7632
      vertex 22.3315 20.2657 14.8001
    endloop
  endfacet
  facet normal 0.179853 0.682795 0.708127
    outer loop
      vertex 24.5538 20.2657 14.2357
      vertex 22.3408 20.2275 14.8346
      vertex 24.5622 20.2275 14.2704
    endloop
  endfacet
  facet normal 0.179779 0.683078 0.707873
    outer loop
      vertex 24.5538 20.2657 14.2357
      vertex 22.3315 20.2657 14.8001
      vertex 22.3408 20.2275 14.8346
    endloop
  endfacet
  facet normal 0.190318 0.634264 0.749325
    outer loop
      vertex 24.5622 20.2275 14.2704
      vertex 22.3494 20.187 14.8667
      vertex 24.57 20.187 14.3027
    endloop
  endfacet
  facet normal 0.19031 0.634299 0.749298
    outer loop
      vertex 24.5622 20.2275 14.2704
      vertex 22.3408 20.2275 14.8346
      vertex 22.3494 20.187 14.8667
    endloop
  endfacet
  facet normal 0.199924 0.583472 0.787141
    outer loop
      vertex 24.57 20.187 14.3027
      vertex 22.3573 20.1445 14.8962
      vertex 24.5771 20.1445 14.3324
    endloop
  endfacet
  facet normal 0.199916 0.583511 0.787114
    outer loop
      vertex 24.57 20.187 14.3027
      vertex 22.3494 20.187 14.8667
      vertex 22.3573 20.1445 14.8962
    endloop
  endfacet
  facet normal 0.209092 0.527735 0.823272
    outer loop
      vertex 24.5771 20.1445 14.3324
      vertex 22.3644 20.1 14.9229
      vertex 24.5835 20.1 14.3593
    endloop
  endfacet
  facet normal 0.209145 0.527438 0.823448
    outer loop
      vertex 24.5771 20.1445 14.3324
      vertex 22.3573 20.1445 14.8962
      vertex 22.3644 20.1 14.9229
    endloop
  endfacet
  facet normal 0.217088 0.47132 0.854828
    outer loop
      vertex 24.5835 20.1 14.3593
      vertex 22.3708 20.0538 14.9467
      vertex 24.5893 20.0538 14.3833
    endloop
  endfacet
  facet normal 0.217195 0.470634 0.855178
    outer loop
      vertex 24.5835 20.1 14.3593
      vertex 22.3644 20.1 14.9229
      vertex 22.3708 20.0538 14.9467
    endloop
  endfacet
  facet normal 0.224271 0.412264 0.88303
    outer loop
      vertex 24.5893 20.0538 14.3833
      vertex 22.3764 20.0061 14.9676
      vertex 24.5943 20.0061 14.4043
    endloop
  endfacet
  facet normal 0.224162 0.413068 0.882681
    outer loop
      vertex 24.5893 20.0538 14.3833
      vertex 22.3708 20.0538 14.9467
      vertex 22.3764 20.0061 14.9676
    endloop
  endfacet
  facet normal 0.2301 0.353786 0.906581
    outer loop
      vertex 24.5943 20.0061 14.4043
      vertex 24.5586 19.9773 14.4246
      vertex 24.597 19.9759 14.4154
    endloop
  endfacet
  facet normal 0.230259 0.353609 0.90661
    outer loop
      vertex 24.5586 19.9773 14.4246
      vertex 24.5943 20.0061 14.4043
      vertex 23.2892 19.9773 14.747
    endloop
  endfacet
  facet normal 0.230262 0.353582 0.906619
    outer loop
      vertex 22.3764 20.0061 14.9676
      vertex 23.2892 19.9773 14.747
      vertex 24.5943 20.0061 14.4043
    endloop
  endfacet
  facet normal 0.230996 0.352494 0.906857
    outer loop
      vertex 22.4176 19.9773 14.9683
      vertex 22.3764 20.0061 14.9676
      vertex 22.3793 19.9759 14.9786
    endloop
  endfacet
  facet normal 0.230378 0.351622 0.907352
    outer loop
      vertex 23.2892 19.9773 14.747
      vertex 22.3764 20.0061 14.9676
      vertex 22.4176 19.9773 14.9683
    endloop
  endfacet
  facet normal 0.239239 -0.232471 0.94272
    outer loop
      vertex 24.5586 1.11648 14.4246
      vertex 24.5966 1.11179 14.4138
      vertex 24.597 1.11869 14.4154
    endloop
  endfacet
  facet normal 0.23948 -0.231134 0.942988
    outer loop
      vertex 22.4886 1.1165 14.9503
      vertex 24.5966 1.11179 14.4138
      vertex 24.5586 1.11648 14.4246
    endloop
  endfacet
  facet normal 0.239427 -0.232006 0.942787
    outer loop
      vertex 24.5966 1.11179 14.4138
      vertex 22.4886 1.1165 14.9503
      vertex 22.3789 1.11179 14.977
    endloop
  endfacet
  facet normal 0.239561 -0.222946 0.944937
    outer loop
      vertex 22.4176 1.1165 14.9683
      vertex 22.3789 1.11179 14.977
      vertex 22.4886 1.1165 14.9503
    endloop
  endfacet
  facet normal 0.240149 -0.232152 0.942568
    outer loop
      vertex 22.3789 1.11179 14.977
      vertex 22.4176 1.1165 14.9683
      vertex 22.3793 1.1187 14.9786
    endloop
  endfacet
  facet normal 0.23557 -0.29006 0.927562
    outer loop
      vertex 24.5966 1.11179 14.4138
      vertex 22.3716 1.01785 14.9495
      vertex 24.59 1.01785 14.3861
    endloop
  endfacet
  facet normal 0.235576 -0.289859 0.927624
    outer loop
      vertex 22.3789 1.11179 14.977
      vertex 22.3716 1.01785 14.9495
      vertex 24.5966 1.11179 14.4138
    endloop
  endfacet
  facet normal 0.230379 -0.352095 0.907169
    outer loop
      vertex 24.59 1.01785 14.3861
      vertex 22.3626 0.92598 14.9161
      vertex 24.5819 0.92598 14.3525
    endloop
  endfacet
  facet normal 0.230367 -0.352342 0.907076
    outer loop
      vertex 22.3716 1.01785 14.9495
      vertex 22.3626 0.92598 14.9161
      vertex 24.59 1.01785 14.3861
    endloop
  endfacet
  facet normal 0.2242 -0.412865 0.882767
    outer loop
      vertex 24.5819 0.92598 14.3525
      vertex 22.3521 0.836578 14.877
      vertex 24.5724 0.836578 14.3131
    endloop
  endfacet
  facet normal 0.224225 -0.412487 0.882937
    outer loop
      vertex 22.3626 0.92598 14.9161
      vertex 22.3521 0.836578 14.877
      vertex 24.5819 0.92598 14.3525
    endloop
  endfacet
  facet normal 0.217095 -0.471372 0.854797
    outer loop
      vertex 24.5724 0.836578 14.3131
      vertex 22.3401 0.75 14.8323
      vertex 24.5616 0.75 14.2681
    endloop
  endfacet
  facet normal 0.217092 -0.471409 0.854778
    outer loop
      vertex 22.3521 0.836578 14.877
      vertex 22.3401 0.75 14.8323
      vertex 24.5724 0.836578 14.3131
    endloop
  endfacet
  facet normal 0.209026 -0.528076 0.82307
    outer loop
      vertex 24.5616 0.75 14.2681
      vertex 22.3267 0.666656 14.7822
      vertex 24.5495 0.666656 14.2177
    endloop
  endfacet
  facet normal 0.209004 -0.52829 0.822938
    outer loop
      vertex 22.3401 0.75 14.8323
      vertex 22.3267 0.666656 14.7822
      vertex 24.5616 0.75 14.2681
    endloop
  endfacet
  facet normal 0.200099 -0.582396 0.787893
    outer loop
      vertex 24.5495 0.666656 14.2177
      vertex 22.3119 0.586868 14.727
      vertex 24.5362 0.586868 14.1621
    endloop
  endfacet
  facet normal 0.200115 -0.582271 0.787981
    outer loop
      vertex 22.3267 0.666656 14.7822
      vertex 22.3119 0.586868 14.727
      vertex 24.5495 0.666656 14.2177
    endloop
  endfacet
  facet normal 0.19024 -0.634575 0.749082
    outer loop
      vertex 24.5362 0.586868 14.1621
      vertex 22.2958 0.510986 14.6668
      vertex 24.5217 0.510986 14.1015
    endloop
  endfacet
  facet normal 0.190235 -0.634612 0.749051
    outer loop
      vertex 22.3119 0.586868 14.727
      vertex 22.2958 0.510986 14.6668
      vertex 24.5362 0.586868 14.1621
    endloop
  endfacet
  facet normal 0.179697 -0.683377 0.707605
    outer loop
      vertex 24.5217 0.510986 14.1015
      vertex 22.2784 0.439346 14.602
      vertex 24.506 0.439346 14.0363
    endloop
  endfacet
  facet normal 0.179668 -0.683544 0.707451
    outer loop
      vertex 22.2958 0.510986 14.6668
      vertex 22.2784 0.439346 14.602
      vertex 24.5217 0.510986 14.1015
    endloop
  endfacet
  facet normal 0.16823 -0.730015 0.662402
    outer loop
      vertex 24.506 0.439346 14.0363
      vertex 22.2599 0.372253 14.5328
      vertex 24.4893 0.372253 13.9666
    endloop
  endfacet
  facet normal 0.16827 -0.729817 0.66261
    outer loop
      vertex 22.2784 0.439346 14.602
      vertex 22.2599 0.372253 14.5328
      vertex 24.506 0.439346 14.0363
    endloop
  endfacet
  facet normal 0.156223 -0.77275 0.615185
    outer loop
      vertex 24.4893 0.372253 13.9666
      vertex 22.2403 0.309982 14.4595
      vertex 24.4715 0.309982 13.8929
    endloop
  endfacet
  facet normal 0.156169 -0.772977 0.614913
    outer loop
      vertex 22.2599 0.372253 14.5328
      vertex 22.2403 0.309982 14.4595
      vertex 24.4893 0.372253 13.9666
    endloop
  endfacet
  facet normal 0.143377 -0.812862 0.564533
    outer loop
      vertex 24.4715 0.309982 13.8929
      vertex 22.2196 0.252808 14.3825
      vertex 24.4529 0.252808 13.8153
    endloop
  endfacet
  facet normal 0.143438 -0.812639 0.56484
    outer loop
      vertex 22.2403 0.309982 14.4595
      vertex 22.2196 0.252808 14.3825
      vertex 24.4715 0.309982 13.8929
    endloop
  endfacet
  facet normal 0.129949 -0.849271 0.511715
    outer loop
      vertex 24.4529 0.252808 13.8153
      vertex 22.198 0.200974 14.3019
      vertex 24.4335 0.200974 13.7342
    endloop
  endfacet
  facet normal 0.129898 -0.849432 0.51146
    outer loop
      vertex 22.2196 0.252808 14.3825
      vertex 22.198 0.200974 14.3019
      vertex 24.4529 0.252808 13.8153
    endloop
  endfacet
  facet normal 0.116038 -0.881916 0.456902
    outer loop
      vertex 24.4335 0.200974 13.7342
      vertex 22.1756 0.154694 14.2183
      vertex 24.4133 0.154694 13.65
    endloop
  endfacet
  facet normal 0.116071 -0.881826 0.457068
    outer loop
      vertex 22.198 0.200974 14.3019
      vertex 22.1756 0.154694 14.2183
      vertex 24.4335 0.200974 13.7342
    endloop
  endfacet
  facet normal 0.101634 -0.910792 0.40016
    outer loop
      vertex 24.4133 0.154694 13.65
      vertex 22.1525 0.114182 14.132
      vertex 24.3924 0.114182 13.5631
    endloop
  endfacet
  facet normal 0.101665 -0.910723 0.40031
    outer loop
      vertex 22.1756 0.154694 14.2183
      vertex 22.1525 0.114182 14.132
      vertex 24.4133 0.154694 13.65
    endloop
  endfacet
  facet normal 0.0867207 -0.935876 0.341491
    outer loop
      vertex 24.3924 0.114182 13.5631
      vertex 22.1287 0.0796051 14.0432
      vertex 24.3709 0.0796051 13.4738
    endloop
  endfacet
  facet normal 0.0866654 -0.935979 0.341223
    outer loop
      vertex 22.1525 0.114182 14.132
      vertex 22.1287 0.0796051 14.0432
      vertex 24.3924 0.114182 13.5631
    endloop
  endfacet
  facet normal 0.0714142 -0.956996 0.281172
    outer loop
      vertex 24.3709 0.0796051 13.4738
      vertex 22.1044 0.0511169 13.9525
      vertex 24.349 0.0511169 13.3824
    endloop
  endfacet
  facet normal 0.0714646 -0.956921 0.281415
    outer loop
      vertex 22.1287 0.0796051 14.0432
      vertex 22.1044 0.0511169 13.9525
      vertex 24.3709 0.0796051 13.4738
    endloop
  endfacet
  facet normal 0.0559424 -0.973836 0.22026
    outer loop
      vertex 24.349 0.0511169 13.3824
      vertex 22.0797 0.0288239 13.8602
      vertex 24.3267 0.0288239 13.2895
    endloop
  endfacet
  facet normal 0.0559382 -0.97384 0.22024
    outer loop
      vertex 22.1044 0.0511169 13.9525
      vertex 22.0797 0.0288239 13.8602
      vertex 24.349 0.0511169 13.3824
    endloop
  endfacet
  facet normal 0.0400572 -0.98667 0.157726
    outer loop
      vertex 24.3267 0.0288239 13.2895
      vertex 22.0546 0.0128479 13.7666
      vertex 24.3041 0.0128479 13.1953
    endloop
  endfacet
  facet normal 0.0400459 -0.986679 0.157671
    outer loop
      vertex 22.0797 0.0288239 13.8602
      vertex 22.0546 0.0128479 13.7666
      vertex 24.3267 0.0288239 13.2895
    endloop
  endfacet
  facet normal 0.0241466 -0.995178 0.0950666
    outer loop
      vertex 24.3041 0.0128479 13.1953
      vertex 22.0293 0.0032196 13.6723
      vertex 24.2813 0.0032196 13.1003
    endloop
  endfacet
  facet normal 0.0241594 -0.995172 0.0951281
    outer loop
      vertex 22.0546 0.0128479 13.7666
      vertex 22.0293 0.0032196 13.6723
      vertex 24.3041 0.0128479 13.1953
    endloop
  endfacet
  facet normal 0.00807713 -0.999461 0.0318067
    outer loop
      vertex 24.2813 0.0032196 13.1003
      vertex 22.0147 1.52588e-05 13.5752
      vertex 24.2585 1.52588e-05 13.0054
    endloop
  endfacet
  facet normal 0.00809136 -0.999463 0.0317661
    outer loop
      vertex 22.0147 1.52588e-05 13.5752
      vertex 22.0293 0.0032196 13.6723
      vertex 22.0041 1.52588e-05 13.5779
    endloop
  endfacet
  facet normal 0.00806931 -0.999463 0.0317694
    outer loop
      vertex 22.0293 0.0032196 13.6723
      vertex 22.0147 1.52588e-05 13.5752
      vertex 24.2813 0.0032196 13.1003
    endloop
  endfacet
  facet normal 0.00880731 0.999473 0.0312294
    outer loop
      vertex 22.1851 20.5 14.2536
      vertex 19.9789 20.4983 14.9302
      vertex 22.1986 20.4983 14.3042
    endloop
  endfacet
  facet normal 0.00880821 0.999473 0.0312323
    outer loop
      vertex 22.1851 20.5 14.2536
      vertex 19.964 20.5 14.88
      vertex 19.9789 20.4983 14.9302
    endloop
  endfacet
  facet normal 0.0264585 0.995239 0.0938077
    outer loop
      vertex 22.1986 20.4983 14.3042
      vertex 19.9937 20.4932 14.9802
      vertex 22.2121 20.4932 14.3545
    endloop
  endfacet
  facet normal 0.0264236 0.99525 0.0936941
    outer loop
      vertex 22.1986 20.4983 14.3042
      vertex 19.9789 20.4983 14.9302
      vertex 19.9937 20.4932 14.9802
    endloop
  endfacet
  facet normal 0.0445718 0.986427 0.158036
    outer loop
      vertex 22.2121 20.4932 14.3545
      vertex 20.0084 20.4846 15.0297
      vertex 22.2255 20.4846 14.4044
    endloop
  endfacet
  facet normal 0.0446009 0.98641 0.158131
    outer loop
      vertex 22.2121 20.4932 14.3545
      vertex 19.9937 20.4932 14.9802
      vertex 20.0084 20.4846 15.0297
    endloop
  endfacet
  facet normal 0.0617603 0.973778 0.218958
    outer loop
      vertex 22.2255 20.4846 14.4044
      vertex 20.0229 20.4727 15.0786
      vertex 22.2387 20.4727 14.4536
    endloop
  endfacet
  facet normal 0.0616806 0.973841 0.218698
    outer loop
      vertex 22.2255 20.4846 14.4044
      vertex 20.0084 20.4846 15.0297
      vertex 20.0229 20.4727 15.0786
    endloop
  endfacet
  facet normal 0.0783165 0.957476 0.277681
    outer loop
      vertex 22.2387 20.4727 14.4536
      vertex 20.0371 20.4576 15.1266
      vertex 22.2517 20.4576 14.502
    endloop
  endfacet
  facet normal 0.0784086 0.957381 0.27798
    outer loop
      vertex 22.2387 20.4727 14.4536
      vertex 20.0229 20.4727 15.0786
      vertex 20.0371 20.4576 15.1266
    endloop
  endfacet
  facet normal 0.0958053 0.935639 0.339708
    outer loop
      vertex 22.2517 20.4576 14.502
      vertex 20.051 20.4391 15.1736
      vertex 22.2643 20.4391 14.5494
    endloop
  endfacet
  facet normal 0.095865 0.935562 0.339902
    outer loop
      vertex 22.2517 20.4576 14.502
      vertex 20.0371 20.4576 15.1266
      vertex 20.051 20.4391 15.1736
    endloop
  endfacet
  facet normal 0.11209 0.910755 0.397443
    outer loop
      vertex 22.2643 20.4391 14.5494
      vertex 20.0645 20.4175 15.2193
      vertex 22.2767 20.4175 14.5954
    endloop
  endfacet
  facet normal 0.112069 0.910787 0.397376
    outer loop
      vertex 22.2643 20.4391 14.5494
      vertex 20.051 20.4391 15.1736
      vertex 20.0645 20.4175 15.2193
    endloop
  endfacet
  facet normal 0.128086 0.881688 0.454114
    outer loop
      vertex 22.2767 20.4175 14.5954
      vertex 20.0777 20.3928 15.2636
      vertex 22.2886 20.3928 14.64
    endloop
  endfacet
  facet normal 0.127935 0.881961 0.453627
    outer loop
      vertex 22.2767 20.4175 14.5954
      vertex 20.0645 20.4175 15.2193
      vertex 20.0777 20.3928 15.2636
    endloop
  endfacet
  facet normal 0.143048 0.849855 0.507231
    outer loop
      vertex 22.2886 20.3928 14.64
      vertex 20.0903 20.3652 15.3062
      vertex 22.3001 20.3652 14.683
    endloop
  endfacet
  facet normal 0.143267 0.849396 0.507938
    outer loop
      vertex 22.2886 20.3928 14.64
      vertex 20.0777 20.3928 15.2636
      vertex 20.0903 20.3652 15.3062
    endloop
  endfacet
  facet normal 0.158153 0.812717 0.560783
    outer loop
      vertex 22.3001 20.3652 14.683
      vertex 20.1024 20.3347 15.347
      vertex 22.3111 20.3347 14.7241
    endloop
  endfacet
  facet normal 0.158126 0.812781 0.560699
    outer loop
      vertex 22.3001 20.3652 14.683
      vertex 20.0903 20.3652 15.3062
      vertex 20.1024 20.3347 15.347
    endloop
  endfacet
  facet normal 0.17212 0.773224 0.610327
    outer loop
      vertex 22.3111 20.3347 14.7241
      vertex 20.1139 20.3015 15.3858
      vertex 22.3216 20.3015 14.7632
    endloop
  endfacet
  facet normal 0.172169 0.773091 0.610482
    outer loop
      vertex 22.3111 20.3347 14.7241
      vertex 20.1024 20.3347 15.347
      vertex 20.1139 20.3015 15.3858
    endloop
  endfacet
  facet normal 0.185587 0.729673 0.65813
    outer loop
      vertex 22.3216 20.3015 14.7632
      vertex 20.1247 20.2657 15.4224
      vertex 22.3315 20.2657 14.8001
    endloop
  endfacet
  facet normal 0.185715 0.729276 0.658534
    outer loop
      vertex 22.3216 20.3015 14.7632
      vertex 20.1139 20.3015 15.3858
      vertex 20.1247 20.2657 15.4224
    endloop
  endfacet
  facet normal 0.198233 0.683092 0.702914
    outer loop
      vertex 22.3315 20.2657 14.8001
      vertex 20.1349 20.2275 15.4567
      vertex 22.3408 20.2275 14.8346
    endloop
  endfacet
  facet normal 0.198084 0.68362 0.702444
    outer loop
      vertex 22.3315 20.2657 14.8001
      vertex 20.1247 20.2657 15.4224
      vertex 20.1349 20.2275 15.4567
    endloop
  endfacet
  facet normal 0.209847 0.634299 0.744063
    outer loop
      vertex 22.3408 20.2275 14.8346
      vertex 20.1443 20.187 15.4886
      vertex 22.3494 20.187 14.8667
    endloop
  endfacet
  facet normal 0.209776 0.63458 0.743843
    outer loop
      vertex 22.3408 20.2275 14.8346
      vertex 20.1349 20.2275 15.4567
      vertex 20.1443 20.187 15.4886
    endloop
  endfacet
  facet normal 0.220413 0.583509 0.781623
    outer loop
      vertex 22.3494 20.187 14.8667
      vertex 20.153 20.1445 15.5178
      vertex 22.3573 20.1445 14.8962
    endloop
  endfacet
  facet normal 0.220614 0.582606 0.78224
    outer loop
      vertex 22.3494 20.187 14.8667
      vertex 20.1443 20.187 15.4886
      vertex 20.153 20.1445 15.5178
    endloop
  endfacet
  facet normal 0.23059 0.527419 0.817715
    outer loop
      vertex 22.3573 20.1445 14.8962
      vertex 20.1608 20.1 15.5443
      vertex 22.3644 20.1 14.9229
    endloop
  endfacet
  facet normal 0.230597 0.527385 0.817735
    outer loop
      vertex 22.3573 20.1445 14.8962
      vertex 20.153 20.1445 15.5178
      vertex 20.1608 20.1 15.5443
    endloop
  endfacet
  facet normal 0.239495 0.470643 0.849198
    outer loop
      vertex 22.3644 20.1 14.9229
      vertex 20.1678 20.0538 15.568
      vertex 22.3708 20.0538 14.9467
    endloop
  endfacet
  facet normal 0.239327 0.471632 0.848697
    outer loop
      vertex 22.3644 20.1 14.9229
      vertex 20.1608 20.1 15.5443
      vertex 20.1678 20.0538 15.568
    endloop
  endfacet
  facet normal 0.247186 0.413068 0.876512
    outer loop
      vertex 22.3708 20.0538 14.9467
      vertex 20.174 20.0061 15.5887
      vertex 22.3764 20.0061 14.9676
    endloop
  endfacet
  facet normal 0.247255 0.412599 0.876714
    outer loop
      vertex 22.3708 20.0538 14.9467
      vertex 20.1678 20.0538 15.568
      vertex 20.174 20.0061 15.5887
    endloop
  endfacet
  facet normal 0.25339 0.352463 0.900868
    outer loop
      vertex 22.3764 20.0061 14.9676
      vertex 22.3418 19.9773 14.9886
      vertex 22.3793 19.9759 14.9786
    endloop
  endfacet
  facet normal 0.254144 0.351637 0.900978
    outer loop
      vertex 22.3418 19.9773 14.9886
      vertex 22.3764 20.0061 14.9676
      vertex 21.0815 19.9773 15.3441
    endloop
  endfacet
  facet normal 0.253853 0.353953 0.900153
    outer loop
      vertex 20.174 20.0061 15.5887
      vertex 21.0815 19.9773 15.3441
      vertex 22.3764 20.0061 14.9676
    endloop
  endfacet
  facet normal 0.252573 0.352051 0.901258
    outer loop
      vertex 20.2145 19.9773 15.5886
      vertex 20.174 20.0061 15.5887
      vertex 20.1772 19.9759 15.5996
    endloop
  endfacet
  facet normal 0.253859 0.353863 0.900187
    outer loop
      vertex 21.0815 19.9773 15.3441
      vertex 20.174 20.0061 15.5887
      vertex 20.2145 19.9773 15.5886
    endloop
  endfacet
  facet normal 0.263374 -0.23206 0.936367
    outer loop
      vertex 22.3418 1.11649 14.9886
      vertex 22.3789 1.11179 14.977
      vertex 22.3793 1.1187 14.9786
    endloop
  endfacet
  facet normal 0.264385 -0.226647 0.937407
    outer loop
      vertex 20.2846 1.11645 15.5688
      vertex 22.3789 1.11179 14.977
      vertex 22.3418 1.11649 14.9886
    endloop
  endfacet
  facet normal 0.264322 -0.227601 0.937193
    outer loop
      vertex 22.3789 1.11179 14.977
      vertex 20.2846 1.11645 15.5688
      vertex 20.1767 1.11179 15.5981
    endloop
  endfacet
  facet normal 0.264131 -0.23614 0.935132
    outer loop
      vertex 20.2145 1.11645 15.5886
      vertex 20.1767 1.11179 15.5981
      vertex 20.2846 1.11645 15.5688
    endloop
  endfacet
  facet normal 0.263436 -0.224042 0.9383
    outer loop
      vertex 20.1767 1.11179 15.5981
      vertex 20.2145 1.11645 15.5886
      vertex 20.1772 1.11866 15.5996
    endloop
  endfacet
  facet normal 0.259796 -0.289843 0.921139
    outer loop
      vertex 22.3789 1.11179 14.977
      vertex 20.1687 1.01785 15.5708
      vertex 22.3716 1.01785 14.9495
    endloop
  endfacet
  facet normal 0.259797 -0.28982 0.921146
    outer loop
      vertex 20.1767 1.11179 15.5981
      vertex 20.1687 1.01785 15.5708
      vertex 22.3789 1.11179 14.977
    endloop
  endfacet
  facet normal 0.254019 -0.352353 0.900734
    outer loop
      vertex 22.3716 1.01785 14.9495
      vertex 20.1588 0.92598 15.5376
      vertex 22.3626 0.92598 14.9161
    endloop
  endfacet
  facet normal 0.253992 -0.352815 0.900561
    outer loop
      vertex 20.1687 1.01785 15.5708
      vertex 20.1588 0.92598 15.5376
      vertex 22.3716 1.01785 14.9495
    endloop
  endfacet
  facet normal 0.247265 -0.412492 0.876761
    outer loop
      vertex 22.3626 0.92598 14.9161
      vertex 20.1473 0.836578 15.4988
      vertex 22.3521 0.836578 14.877
    endloop
  endfacet
  facet normal 0.247276 -0.412346 0.876827
    outer loop
      vertex 20.1588 0.92598 15.5376
      vertex 20.1473 0.836578 15.4988
      vertex 22.3626 0.92598 14.9161
    endloop
  endfacet
  facet normal 0.239377 -0.471414 0.848804
    outer loop
      vertex 22.3521 0.836578 14.877
      vertex 20.1342 0.75 15.4544
      vertex 22.3401 0.75 14.8323
    endloop
  endfacet
  facet normal 0.239369 -0.471492 0.848763
    outer loop
      vertex 20.1473 0.836578 15.4988
      vertex 20.1342 0.75 15.4544
      vertex 22.3521 0.836578 14.877
    endloop
  endfacet
  facet normal 0.230473 -0.528286 0.817188
    outer loop
      vertex 22.3401 0.75 14.8323
      vertex 20.1195 0.666656 15.4047
      vertex 22.3267 0.666656 14.7822
    endloop
  endfacet
  facet normal 0.230501 -0.52805 0.817333
    outer loop
      vertex 20.1342 0.75 15.4544
      vertex 20.1195 0.666656 15.4047
      vertex 22.3401 0.75 14.8323
    endloop
  endfacet
  facet normal 0.220673 -0.582273 0.782471
    outer loop
      vertex 22.3267 0.666656 14.7822
      vertex 20.1032 0.586868 15.3499
      vertex 22.3119 0.586868 14.727
    endloop
  endfacet
  facet normal 0.220652 -0.582422 0.782366
    outer loop
      vertex 20.1195 0.666656 15.4047
      vertex 20.1032 0.586868 15.3499
      vertex 22.3267 0.666656 14.7822
    endloop
  endfacet
  facet normal 0.209788 -0.634608 0.743816
    outer loop
      vertex 22.3119 0.586868 14.727
      vertex 20.0855 0.510986 15.2902
      vertex 22.2958 0.510986 14.6668
    endloop
  endfacet
  facet normal 0.209837 -0.634322 0.744046
    outer loop
      vertex 20.1032 0.586868 15.3499
      vertex 20.0855 0.510986 15.2902
      vertex 22.3119 0.586868 14.727
    endloop
  endfacet
  facet normal 0.198149 -0.683549 0.702494
    outer loop
      vertex 22.2958 0.510986 14.6668
      vertex 20.0665 0.439346 15.2259
      vertex 22.2784 0.439346 14.602
    endloop
  endfacet
  facet normal 0.1982 -0.683294 0.702728
    outer loop
      vertex 20.0855 0.510986 15.2902
      vertex 20.0665 0.439346 15.2259
      vertex 22.2958 0.510986 14.6668
    endloop
  endfacet
  facet normal 0.185582 -0.729812 0.657977
    outer loop
      vertex 22.2784 0.439346 14.602
      vertex 20.0461 0.372253 15.1572
      vertex 22.2599 0.372253 14.5328
    endloop
  endfacet
  facet normal 0.185544 -0.729977 0.657805
    outer loop
      vertex 20.0665 0.439346 15.2259
      vertex 20.0461 0.372253 15.1572
      vertex 22.2784 0.439346 14.602
    endloop
  endfacet
  facet normal 0.172215 -0.772973 0.610619
    outer loop
      vertex 22.2599 0.372253 14.5328
      vertex 20.0246 0.309982 15.0844
      vertex 22.2403 0.309982 14.4595
    endloop
  endfacet
  facet normal 0.172177 -0.773114 0.61045
    outer loop
      vertex 20.0461 0.372253 15.1572
      vertex 20.0246 0.309982 15.0844
      vertex 22.2599 0.372253 14.5328
    endloop
  endfacet
  facet normal 0.158171 -0.812645 0.560883
    outer loop
      vertex 22.2403 0.309982 14.4595
      vertex 20.0019 0.252808 15.0079
      vertex 22.2196 0.252808 14.3825
    endloop
  endfacet
  facet normal 0.158106 -0.812858 0.560593
    outer loop
      vertex 20.0246 0.309982 15.0844
      vertex 20.0019 0.252808 15.0079
      vertex 22.2403 0.309982 14.4595
    endloop
  endfacet
  facet normal 0.143255 -0.849432 0.50788
    outer loop
      vertex 22.2196 0.252808 14.3825
      vertex 19.9783 0.200974 14.928
      vertex 22.198 0.200974 14.3019
    endloop
  endfacet
  facet normal 0.143389 -0.849061 0.508464
    outer loop
      vertex 20.0019 0.252808 15.0079
      vertex 19.9783 0.200974 14.928
      vertex 22.2196 0.252808 14.3825
    endloop
  endfacet
  facet normal 0.128016 -0.881825 0.453868
    outer loop
      vertex 22.198 0.200974 14.3019
      vertex 19.9537 0.154694 14.845
      vertex 22.1756 0.154694 14.2183
    endloop
  endfacet
  facet normal 0.127997 -0.88187 0.453786
    outer loop
      vertex 19.9783 0.200974 14.928
      vertex 19.9537 0.154694 14.845
      vertex 22.198 0.200974 14.3019
    endloop
  endfacet
  facet normal 0.112112 -0.910722 0.397513
    outer loop
      vertex 22.1756 0.154694 14.2183
      vertex 19.9283 0.114182 14.7593
      vertex 22.1525 0.114182 14.132
    endloop
  endfacet
  facet normal 0.112071 -0.910803 0.397338
    outer loop
      vertex 19.9537 0.154694 14.845
      vertex 19.9283 0.114182 14.7593
      vertex 22.1756 0.154694 14.2183
    endloop
  endfacet
  facet normal 0.0955711 -0.935979 0.338836
    outer loop
      vertex 22.1525 0.114182 14.132
      vertex 19.9022 0.0796051 14.6712
      vertex 22.1287 0.0796051 14.0432
    endloop
  endfacet
  facet normal 0.0956089 -0.935916 0.338998
    outer loop
      vertex 19.9283 0.114182 14.7593
      vertex 19.9022 0.0796051 14.6712
      vertex 22.1525 0.114182 14.132
    endloop
  endfacet
  facet normal 0.0788104 -0.956921 0.279447
    outer loop
      vertex 22.1287 0.0796051 14.0432
      vertex 19.8755 0.0511169 14.5811
      vertex 22.1044 0.0511169 13.9525
    endloop
  endfacet
  facet normal 0.0787625 -0.956985 0.279243
    outer loop
      vertex 19.9022 0.0796051 14.6712
      vertex 19.8755 0.0511169 14.5811
      vertex 22.1287 0.0796051 14.0432
    endloop
  endfacet
  facet normal 0.0616814 -0.97384 0.218703
    outer loop
      vertex 22.1044 0.0511169 13.9525
      vertex 19.8484 0.0288239 14.4895
      vertex 22.0797 0.0288239 13.8602
    endloop
  endfacet
  facet normal 0.061693 -0.973828 0.218752
    outer loop
      vertex 19.8755 0.0511169 14.5811
      vertex 19.8484 0.0288239 14.4895
      vertex 22.1044 0.0511169 13.9525
    endloop
  endfacet
  facet normal 0.0441572 -0.986679 0.156569
    outer loop
      vertex 22.0797 0.0288239 13.8602
      vertex 19.8208 0.0128479 14.3966
      vertex 22.0546 0.0128479 13.7666
    endloop
  endfacet
  facet normal 0.0441554 -0.986681 0.156561
    outer loop
      vertex 19.8484 0.0288239 14.4895
      vertex 19.8208 0.0128479 14.3966
      vertex 22.0797 0.0288239 13.8602
    endloop
  endfacet
  facet normal 0.0266382 -0.995172 0.0944631
    outer loop
      vertex 22.0546 0.0128479 13.7666
      vertex 19.7931 0.0032196 14.3029
      vertex 22.0293 0.0032196 13.6723
    endloop
  endfacet
  facet normal 0.0266213 -0.995179 0.0943914
    outer loop
      vertex 19.8208 0.0128479 14.3966
      vertex 19.7931 0.0032196 14.3029
      vertex 22.0546 0.0128479 13.7666
    endloop
  endfacet
  facet normal 0.00889835 -0.999463 0.0315506
    outer loop
      vertex 22.0293 0.0032196 13.6723
      vertex 19.776 1.52588e-05 14.2063
      vertex 22.0041 1.52588e-05 13.5779
    endloop
  endfacet
  facet normal 0.00893537 -0.999462 0.0315716
    outer loop
      vertex 19.776 1.52588e-05 14.2063
      vertex 19.7931 0.0032196 14.3029
      vertex 19.7654 1.52588e-05 14.2093
    endloop
  endfacet
  facet normal 0.00890462 -0.999462 0.0315771
    outer loop
      vertex 19.7931 0.0032196 14.3029
      vertex 19.776 1.52588e-05 14.2063
      vertex 22.0293 0.0032196 13.6723
    endloop
  endfacet
  facet normal 0.00962249 0.999473 0.0309906
    outer loop
      vertex 19.964 20.5 14.88
      vertex 17.7763 20.4983 15.6141
      vertex 19.9789 20.4983 14.9302
    endloop
  endfacet
  facet normal 0.00964651 0.999471 0.0310622
    outer loop
      vertex 19.964 20.5 14.88
      vertex 17.7602 20.5 15.5644
      vertex 17.7763 20.4983 15.6141
    endloop
  endfacet
  facet normal 0.0288673 0.99525 0.0929708
    outer loop
      vertex 19.9789 20.4983 14.9302
      vertex 17.7924 20.4932 15.6637
      vertex 19.9937 20.4932 14.9802
    endloop
  endfacet
  facet normal 0.0288652 0.995251 0.0929647
    outer loop
      vertex 19.9789 20.4983 14.9302
      vertex 17.7763 20.4983 15.6141
      vertex 17.7924 20.4932 15.6637
    endloop
  endfacet
  facet normal 0.04872 0.986411 0.156908
    outer loop
      vertex 19.9937 20.4932 14.9802
      vertex 17.8084 20.4846 15.7128
      vertex 20.0084 20.4846 15.0297
    endloop
  endfacet
  facet normal 0.0487165 0.986413 0.156898
    outer loop
      vertex 19.9937 20.4932 14.9802
      vertex 17.7924 20.4932 15.6637
      vertex 17.8084 20.4846 15.7128
    endloop
  endfacet
  facet normal 0.0673785 0.973842 0.217009
    outer loop
      vertex 20.0084 20.4846 15.0297
      vertex 17.8241 20.4727 15.7613
      vertex 20.0229 20.4727 15.0786
    endloop
  endfacet
  facet normal 0.0674138 0.973816 0.217114
    outer loop
      vertex 20.0084 20.4846 15.0297
      vertex 17.8084 20.4846 15.7128
      vertex 17.8241 20.4727 15.7613
    endloop
  endfacet
  facet normal 0.0856451 0.957381 0.275839
    outer loop
      vertex 20.0229 20.4727 15.0786
      vertex 17.8396 20.4576 15.8089
      vertex 20.0371 20.4576 15.1266
    endloop
  endfacet
  facet normal 0.0856393 0.957386 0.275822
    outer loop
      vertex 20.0229 20.4727 15.0786
      vertex 17.8241 20.4727 15.7613
      vertex 17.8396 20.4576 15.8089
    endloop
  endfacet
  facet normal 0.104723 0.935561 0.337282
    outer loop
      vertex 20.0371 20.4576 15.1266
      vertex 17.8548 20.4391 15.8555
      vertex 20.051 20.4391 15.1736
    endloop
  endfacet
  facet normal 0.104716 0.935569 0.337261
    outer loop
      vertex 20.0371 20.4576 15.1266
      vertex 17.8396 20.4576 15.8089
      vertex 17.8548 20.4391 15.8555
    endloop
  endfacet
  facet normal 0.122443 0.910784 0.39431
    outer loop
      vertex 20.051 20.4391 15.1736
      vertex 17.8695 20.4175 15.9009
      vertex 20.0645 20.4175 15.2193
    endloop
  endfacet
  facet normal 0.122283 0.91101 0.393838
    outer loop
      vertex 20.051 20.4391 15.1736
      vertex 17.8548 20.4391 15.8555
      vertex 17.8695 20.4175 15.9009
    endloop
  endfacet
  facet normal 0.139758 0.881969 0.450109
    outer loop
      vertex 20.0645 20.4175 15.2193
      vertex 17.8838 20.3928 15.9448
      vertex 20.0777 20.3928 15.2636
    endloop
  endfacet
  facet normal 0.1399 0.881732 0.450529
    outer loop
      vertex 20.0645 20.4175 15.2193
      vertex 17.8695 20.4175 15.9009
      vertex 17.8838 20.3928 15.9448
    endloop
  endfacet
  facet normal 0.156507 0.849393 0.504021
    outer loop
      vertex 20.0777 20.3928 15.2636
      vertex 17.8975 20.3652 15.9871
      vertex 20.0903 20.3652 15.3062
    endloop
  endfacet
  facet normal 0.156397 0.849605 0.503698
    outer loop
      vertex 20.0777 20.3928 15.2636
      vertex 17.8838 20.3928 15.9448
      vertex 17.8975 20.3652 15.9871
    endloop
  endfacet
  facet normal 0.172761 0.812784 0.55636
    outer loop
      vertex 20.0903 20.3652 15.3062
      vertex 17.9106 20.3347 16.0276
      vertex 20.1024 20.3347 15.347
    endloop
  endfacet
  facet normal 0.172732 0.812849 0.556274
    outer loop
      vertex 20.0903 20.3652 15.3062
      vertex 17.8975 20.3652 15.9871
      vertex 17.9106 20.3347 16.0276
    endloop
  endfacet
  facet normal 0.188087 0.773093 0.605765
    outer loop
      vertex 20.1024 20.3347 15.347
      vertex 17.9232 20.3015 16.066
      vertex 20.1139 20.3015 15.3858
    endloop
  endfacet
  facet normal 0.188256 0.772663 0.60626
    outer loop
      vertex 20.1024 20.3347 15.347
      vertex 17.9106 20.3347 16.0276
      vertex 17.9232 20.3015 16.066
    endloop
  endfacet
  facet normal 0.202924 0.729266 0.653447
    outer loop
      vertex 20.1139 20.3015 15.3858
      vertex 17.935 20.2657 16.1024
      vertex 20.1247 20.2657 15.4224
    endloop
  endfacet
  facet normal 0.202596 0.730209 0.652495
    outer loop
      vertex 20.1139 20.3015 15.3858
      vertex 17.9232 20.3015 16.066
      vertex 17.935 20.2657 16.1024
    endloop
  endfacet
  facet normal 0.216433 0.68363 0.696999
    outer loop
      vertex 20.1247 20.2657 15.4224
      vertex 17.946 20.2275 16.1364
      vertex 20.1349 20.2275 15.4567
    endloop
  endfacet
  facet normal 0.216587 0.683128 0.697442
    outer loop
      vertex 20.1247 20.2657 15.4224
      vertex 17.935 20.2657 16.1024
      vertex 17.946 20.2275 16.1364
    endloop
  endfacet
  facet normal 0.22919 0.634566 0.738104
    outer loop
      vertex 20.1349 20.2275 15.4567
      vertex 17.9563 20.187 16.168
      vertex 20.1443 20.187 15.4886
    endloop
  endfacet
  facet normal 0.229251 0.634342 0.738278
    outer loop
      vertex 20.1349 20.2275 15.4567
      vertex 17.946 20.2275 16.1364
      vertex 17.9563 20.187 16.168
    endloop
  endfacet
  facet normal 0.24102 0.582622 0.776183
    outer loop
      vertex 20.1443 20.187 15.4886
      vertex 17.9657 20.1445 16.197
      vertex 20.153 20.1445 15.5178
    endloop
  endfacet
  facet normal 0.24097 0.582831 0.776042
    outer loop
      vertex 20.1443 20.187 15.4886
      vertex 17.9563 20.187 16.168
      vertex 17.9657 20.1445 16.197
    endloop
  endfacet
  facet normal 0.251967 0.527368 0.811416
    outer loop
      vertex 20.153 20.1445 15.5178
      vertex 17.9742 20.1 16.2233
      vertex 20.1608 20.1 15.5443
    endloop
  endfacet
  facet normal 0.251919 0.527596 0.811282
    outer loop
      vertex 20.153 20.1445 15.5178
      vertex 17.9657 20.1445 16.197
      vertex 17.9742 20.1 16.2233
    endloop
  endfacet
  facet normal 0.261511 0.471624 0.84213
    outer loop
      vertex 20.1608 20.1 15.5443
      vertex 17.9819 20.0538 16.2468
      vertex 20.1678 20.0538 15.568
    endloop
  endfacet
  facet normal 0.261466 0.471871 0.842006
    outer loop
      vertex 20.1608 20.1 15.5443
      vertex 17.9742 20.1 16.2233
      vertex 17.9819 20.0538 16.2468
    endloop
  endfacet
  facet normal 0.270114 0.412626 0.86993
    outer loop
      vertex 20.1678 20.0538 15.568
      vertex 17.9885 20.0061 16.2673
      vertex 20.174 20.0061 15.5887
    endloop
  endfacet
  facet normal 0.270296 0.411478 0.870417
    outer loop
      vertex 20.1678 20.0538 15.568
      vertex 17.9819 20.0538 16.2468
      vertex 17.9885 20.0061 16.2673
    endloop
  endfacet
  facet normal 0.27868 0.352031 0.893539
    outer loop
      vertex 20.174 20.0061 15.5887
      vertex 20.1392 19.9773 15.6109
      vertex 20.1772 19.9759 15.5996
    endloop
  endfacet
  facet normal 0.277431 0.353418 0.89338
    outer loop
      vertex 20.1392 19.9773 15.6109
      vertex 20.174 20.0061 15.5887
      vertex 18.8888 19.9773 15.9992
    endloop
  endfacet
  facet normal 0.277243 0.354802 0.89289
    outer loop
      vertex 17.9885 20.0061 16.2673
      vertex 18.8888 19.9773 15.9992
      vertex 20.174 20.0061 15.5887
    endloop
  endfacet
  facet normal 0.276068 0.352654 0.894104
    outer loop
      vertex 18.0295 19.9773 16.266
      vertex 17.9885 20.0061 16.2673
      vertex 17.9921 19.9759 16.2781
    endloop
  endfacet
  facet normal 0.277273 0.354419 0.893032
    outer loop
      vertex 18.8888 19.9773 15.9992
      vertex 17.9885 20.0061 16.2673
      vertex 18.0295 19.9773 16.266
    endloop
  endfacet
  facet normal 0.289625 -0.224245 0.930501
    outer loop
      vertex 20.1392 1.11647 15.6109
      vertex 20.1767 1.11179 15.5981
      vertex 20.1772 1.11866 15.5996
    endloop
  endfacet
  facet normal 0.288628 -0.229547 0.929517
    outer loop
      vertex 18.0997 1.1165 16.2442
      vertex 20.1767 1.11179 15.5981
      vertex 20.1392 1.11647 15.6109
    endloop
  endfacet
  facet normal 0.288584 -0.230147 0.929382
    outer loop
      vertex 20.1767 1.11179 15.5981
      vertex 18.0997 1.1165 16.2442
      vertex 17.9916 1.11179 16.2766
    endloop
  endfacet
  facet normal 0.288568 -0.230735 0.929242
    outer loop
      vertex 18.0295 1.1165 16.266
      vertex 17.9916 1.11179 16.2766
      vertex 18.0997 1.1165 16.2442
    endloop
  endfacet
  facet normal 0.288169 -0.223004 0.931251
    outer loop
      vertex 17.9916 1.11179 16.2766
      vertex 18.0295 1.1165 16.266
      vertex 17.9921 1.1187 16.2781
    endloop
  endfacet
  facet normal 0.283801 -0.289799 0.914042
    outer loop
      vertex 20.1767 1.11179 15.5981
      vertex 17.9828 1.01785 16.2495
      vertex 20.1687 1.01785 15.5708
    endloop
  endfacet
  facet normal 0.283781 -0.290231 0.913912
    outer loop
      vertex 17.9916 1.11179 16.2766
      vertex 17.9828 1.01785 16.2495
      vertex 20.1767 1.11179 15.5981
    endloop
  endfacet
  facet normal 0.277475 -0.35283 0.893599
    outer loop
      vertex 20.1687 1.01785 15.5708
      vertex 17.9721 0.92598 16.2166
      vertex 20.1588 0.92598 15.5376
    endloop
  endfacet
  facet normal 0.277504 -0.35239 0.893763
    outer loop
      vertex 17.9828 1.01785 16.2495
      vertex 17.9721 0.92598 16.2166
      vertex 20.1687 1.01785 15.5708
    endloop
  endfacet
  facet normal 0.270158 -0.412348 0.870048
    outer loop
      vertex 20.1588 0.92598 15.5376
      vertex 17.9596 0.836578 16.1781
      vertex 20.1473 0.836578 15.4988
    endloop
  endfacet
  facet normal 0.27015 -0.412432 0.870011
    outer loop
      vertex 17.9721 0.92598 16.2166
      vertex 17.9596 0.836578 16.1781
      vertex 20.1588 0.92598 15.5376
    endloop
  endfacet
  facet normal 0.261523 -0.471481 0.842206
    outer loop
      vertex 20.1473 0.836578 15.4988
      vertex 17.9453 0.75 16.1341
      vertex 20.1342 0.75 15.4544
    endloop
  endfacet
  facet normal 0.261546 -0.471274 0.842315
    outer loop
      vertex 17.9596 0.836578 16.1781
      vertex 17.9453 0.75 16.1341
      vertex 20.1473 0.836578 15.4988
    endloop
  endfacet
  facet normal 0.251836 -0.528046 0.811015
    outer loop
      vertex 20.1342 0.75 15.4544
      vertex 17.9293 0.666656 16.0848
      vertex 20.1195 0.666656 15.4047
    endloop
  endfacet
  facet normal 0.251833 -0.528072 0.811
    outer loop
      vertex 17.9453 0.75 16.1341
      vertex 17.9293 0.666656 16.0848
      vertex 20.1342 0.75 15.4544
    endloop
  endfacet
  facet normal 0.241049 -0.582434 0.776316
    outer loop
      vertex 20.1195 0.666656 15.4047
      vertex 17.9116 0.586868 16.0304
      vertex 20.1032 0.586868 15.3499
    endloop
  endfacet
  facet normal 0.241013 -0.582657 0.77616
    outer loop
      vertex 17.9293 0.666656 16.0848
      vertex 17.9116 0.586868 16.0304
      vertex 20.1195 0.666656 15.4047
    endloop
  endfacet
  facet normal 0.229244 -0.634325 0.738295
    outer loop
      vertex 20.1032 0.586868 15.3499
      vertex 17.8923 0.510986 15.9712
      vertex 20.0855 0.510986 15.2902
    endloop
  endfacet
  facet normal 0.229248 -0.634306 0.73831
    outer loop
      vertex 17.9116 0.586868 16.0304
      vertex 17.8923 0.510986 15.9712
      vertex 20.1032 0.586868 15.3499
    endloop
  endfacet
  facet normal 0.21651 -0.683288 0.69731
    outer loop
      vertex 20.0855 0.510986 15.2902
      vertex 17.8716 0.439346 15.9074
      vertex 20.0665 0.439346 15.2259
    endloop
  endfacet
  facet normal 0.216478 -0.683432 0.697179
    outer loop
      vertex 17.8923 0.510986 15.9712
      vertex 17.8716 0.439346 15.9074
      vertex 20.0855 0.510986 15.2902
    endloop
  endfacet
  facet normal 0.202659 -0.729982 0.652729
    outer loop
      vertex 20.0665 0.439346 15.2259
      vertex 17.8495 0.372253 15.8392
      vertex 20.0461 0.372253 15.1572
    endloop
  endfacet
  facet normal 0.202627 -0.730109 0.652597
    outer loop
      vertex 17.8716 0.439346 15.9074
      vertex 17.8495 0.372253 15.8392
      vertex 20.0665 0.439346 15.2259
    endloop
  endfacet
  facet normal 0.188093 -0.773107 0.605744
    outer loop
      vertex 20.0461 0.372253 15.1572
      vertex 17.826 0.309982 15.7671
      vertex 20.0246 0.309982 15.0844
    endloop
  endfacet
  facet normal 0.188185 -0.772798 0.60611
    outer loop
      vertex 17.8495 0.372253 15.8392
      vertex 17.826 0.309982 15.7671
      vertex 20.0461 0.372253 15.1572
    endloop
  endfacet
  facet normal 0.172729 -0.812861 0.556256
    outer loop
      vertex 20.0246 0.309982 15.0844
      vertex 17.8014 0.252808 15.6912
      vertex 20.0019 0.252808 15.0079
    endloop
  endfacet
  facet normal 0.17274 -0.812828 0.556301
    outer loop
      vertex 17.826 0.309982 15.7671
      vertex 17.8014 0.252808 15.6912
      vertex 20.0246 0.309982 15.0844
    endloop
  endfacet
  facet normal 0.156652 -0.849056 0.504543
    outer loop
      vertex 20.0019 0.252808 15.0079
      vertex 17.7756 0.200974 15.6119
      vertex 19.9783 0.200974 14.928
    endloop
  endfacet
  facet normal 0.156562 -0.849282 0.504191
    outer loop
      vertex 17.8014 0.252808 15.6912
      vertex 17.7756 0.200974 15.6119
      vertex 20.0019 0.252808 15.0079
    endloop
  endfacet
  facet normal 0.139815 -0.881871 0.450284
    outer loop
      vertex 19.9783 0.200974 14.928
      vertex 17.7489 0.154694 15.5296
      vertex 19.9537 0.154694 14.845
    endloop
  endfacet
  facet normal 0.139864 -0.881767 0.450472
    outer loop
      vertex 17.7756 0.200974 15.6119
      vertex 17.7489 0.154694 15.5296
      vertex 19.9783 0.200974 14.928
    endloop
  endfacet
  facet normal 0.12242 -0.910804 0.394271
    outer loop
      vertex 19.9537 0.154694 14.845
      vertex 17.7212 0.114182 15.4446
      vertex 19.9283 0.114182 14.7593
    endloop
  endfacet
  facet normal 0.122407 -0.910827 0.394221
    outer loop
      vertex 17.7489 0.154694 15.5296
      vertex 17.7212 0.114182 15.4446
      vertex 19.9537 0.154694 14.845
    endloop
  endfacet
  facet normal 0.104443 -0.935917 0.336381
    outer loop
      vertex 19.9283 0.114182 14.7593
      vertex 17.6928 0.0796051 15.3572
      vertex 19.9022 0.0796051 14.6712
    endloop
  endfacet
  facet normal 0.104432 -0.935934 0.336337
    outer loop
      vertex 17.7212 0.114182 15.4446
      vertex 17.6928 0.0796051 15.3572
      vertex 19.9283 0.114182 14.7593
    endloop
  endfacet
  facet normal 0.0860435 -0.956985 0.277086
    outer loop
      vertex 19.9022 0.0796051 14.6712
      vertex 17.6638 0.0511169 15.2679
      vertex 19.8755 0.0511169 14.5811
    endloop
  endfacet
  facet normal 0.0861025 -0.956915 0.27731
    outer loop
      vertex 17.6928 0.0796051 15.3572
      vertex 17.6638 0.0511169 15.2679
      vertex 19.9022 0.0796051 14.6712
    endloop
  endfacet
  facet normal 0.0673913 -0.973828 0.217066
    outer loop
      vertex 19.8755 0.0511169 14.5811
      vertex 17.6343 0.0288239 15.1769
      vertex 19.8484 0.0288239 14.4895
    endloop
  endfacet
  facet normal 0.0673116 -0.973901 0.216763
    outer loop
      vertex 17.6638 0.0511169 15.2679
      vertex 17.6343 0.0288239 15.1769
      vertex 19.8755 0.0511169 14.5811
    endloop
  endfacet
  facet normal 0.0482343 -0.986681 0.155349
    outer loop
      vertex 19.8484 0.0288239 14.4895
      vertex 17.6043 0.0128479 15.0848
      vertex 19.8208 0.0128479 14.3966
    endloop
  endfacet
  facet normal 0.0482562 -0.986667 0.155432
    outer loop
      vertex 17.6343 0.0288239 15.1769
      vertex 17.6043 0.0128479 15.0848
      vertex 19.8484 0.0288239 14.4895
    endloop
  endfacet
  facet normal 0.0290838 -0.995179 0.0936634
    outer loop
      vertex 19.8208 0.0128479 14.3966
      vertex 17.5742 0.0032196 14.9919
      vertex 19.7931 0.0032196 14.3029
    endloop
  endfacet
  facet normal 0.0290971 -0.995174 0.0937138
    outer loop
      vertex 17.6043 0.0128479 15.0848
      vertex 17.5742 0.0032196 14.9919
      vertex 19.8208 0.0128479 14.3966
    endloop
  endfacet
  facet normal 0.00973018 -0.999462 0.0313364
    outer loop
      vertex 19.7931 0.0032196 14.3029
      vertex 17.5545 1.52588e-05 14.8958
      vertex 19.7654 1.52588e-05 14.2093
    endloop
  endfacet
  facet normal 0.00983989 -0.999461 0.0313087
    outer loop
      vertex 17.5545 1.52588e-05 14.8958
      vertex 17.5742 0.0032196 14.9919
      vertex 17.544 1.52588e-05 14.8991
    endloop
  endfacet
  facet normal 0.00972888 -0.999462 0.0313315
    outer loop
      vertex 17.5742 0.0032196 14.9919
      vertex 17.5545 1.52588e-05 14.8958
      vertex 19.7931 0.0032196 14.3029
    endloop
  endfacet
  facet normal 0.0104561 0.999471 0.0307999
    outer loop
      vertex 17.7602 20.5 15.5644
      vertex 15.5924 20.4983 16.3555
      vertex 17.7763 20.4983 15.6141
    endloop
  endfacet
  facet normal 0.0104409 0.999472 0.0307584
    outer loop
      vertex 17.7602 20.5 15.5644
      vertex 15.5749 20.5 16.3062
      vertex 15.5924 20.4983 16.3555
    endloop
  endfacet
  facet normal 0.0312904 0.995251 0.0921775
    outer loop
      vertex 17.7763 20.4983 15.6141
      vertex 15.6098 20.4932 16.4046
      vertex 17.7924 20.4932 15.6637
    endloop
  endfacet
  facet normal 0.0313256 0.995241 0.0922742
    outer loop
      vertex 17.7763 20.4983 15.6141
      vertex 15.5924 20.4983 16.3555
      vertex 15.6098 20.4932 16.4046
    endloop
  endfacet
  facet normal 0.0528081 0.986413 0.155565
    outer loop
      vertex 17.7924 20.4932 15.6637
      vertex 15.627 20.4846 16.4533
      vertex 17.8084 20.4846 15.7128
    endloop
  endfacet
  facet normal 0.0528007 0.986417 0.155544
    outer loop
      vertex 17.7924 20.4932 15.6637
      vertex 15.6098 20.4932 16.4046
      vertex 15.627 20.4846 16.4533
    endloop
  endfacet
  facet normal 0.0730737 0.973814 0.215281
    outer loop
      vertex 17.8084 20.4846 15.7128
      vertex 15.644 20.4727 16.5013
      vertex 17.8241 20.4727 15.7613
    endloop
  endfacet
  facet normal 0.0731546 0.973759 0.215502
    outer loop
      vertex 17.8084 20.4846 15.7128
      vertex 15.627 20.4846 16.4533
      vertex 15.644 20.4727 16.5013
    endloop
  endfacet
  facet normal 0.0928448 0.957387 0.273476
    outer loop
      vertex 17.8241 20.4727 15.7613
      vertex 15.6608 20.4576 16.5486
      vertex 17.8396 20.4576 15.8089
    endloop
  endfacet
  facet normal 0.092602 0.9576 0.272813
    outer loop
      vertex 17.8241 20.4727 15.7613
      vertex 15.644 20.4727 16.5013
      vertex 15.6608 20.4576 16.5486
    endloop
  endfacet
  facet normal 0.113507 0.935573 0.334395
    outer loop
      vertex 17.8396 20.4576 15.8089
      vertex 15.6771 20.4391 16.5947
      vertex 17.8548 20.4391 15.8555
    endloop
  endfacet
  facet normal 0.113768 0.935287 0.335106
    outer loop
      vertex 17.8396 20.4576 15.8089
      vertex 15.6608 20.4576 16.5486
      vertex 15.6771 20.4391 16.5947
    endloop
  endfacet
  facet normal 0.132556 0.911005 0.39051
    outer loop
      vertex 17.8548 20.4391 15.8555
      vertex 15.693 20.4175 16.6397
      vertex 17.8695 20.4175 15.9009
    endloop
  endfacet
  facet normal 0.132539 0.911028 0.390463
    outer loop
      vertex 17.8548 20.4391 15.8555
      vertex 15.6771 20.4391 16.5947
      vertex 15.693 20.4175 16.6397
    endloop
  endfacet
  facet normal 0.151628 0.881736 0.446711
    outer loop
      vertex 17.8695 20.4175 15.9009
      vertex 15.7084 20.3928 16.6832
      vertex 17.8838 20.3928 15.9448
    endloop
  endfacet
  facet normal 0.151697 0.881629 0.446899
    outer loop
      vertex 17.8695 20.4175 15.9009
      vertex 15.693 20.4175 16.6397
      vertex 15.7084 20.3928 16.6832
    endloop
  endfacet
  facet normal 0.169528 0.849599 0.499442
    outer loop
      vertex 17.8838 20.3928 15.9448
      vertex 15.7233 20.3652 16.7251
      vertex 17.8975 20.3652 15.9871
    endloop
  endfacet
  facet normal 0.169508 0.849636 0.499386
    outer loop
      vertex 17.8838 20.3928 15.9448
      vertex 15.7084 20.3928 16.6832
      vertex 15.7233 20.3652 16.7251
    endloop
  endfacet
  facet normal 0.187219 0.812839 0.551581
    outer loop
      vertex 17.8975 20.3652 15.9871
      vertex 15.7375 20.3347 16.7652
      vertex 17.9106 20.3347 16.0276
    endloop
  endfacet
  facet normal 0.187299 0.812676 0.551795
    outer loop
      vertex 17.8975 20.3652 15.9871
      vertex 15.7233 20.3652 16.7251
      vertex 15.7375 20.3347 16.7652
    endloop
  endfacet
  facet normal 0.204055 0.772687 0.601096
    outer loop
      vertex 17.9106 20.3347 16.0276
      vertex 15.751 20.3015 16.8034
      vertex 17.9232 20.3015 16.066
    endloop
  endfacet
  facet normal 0.203728 0.773455 0.600219
    outer loop
      vertex 17.9106 20.3347 16.0276
      vertex 15.7375 20.3347 16.7652
      vertex 15.751 20.3015 16.8034
    endloop
  endfacet
  facet normal 0.219611 0.730203 0.646974
    outer loop
      vertex 17.9232 20.3015 16.066
      vertex 15.7638 20.2657 16.8394
      vertex 17.935 20.2657 16.1024
    endloop
  endfacet
  facet normal 0.219803 0.729691 0.647485
    outer loop
      vertex 17.9232 20.3015 16.066
      vertex 15.751 20.3015 16.8034
      vertex 15.7638 20.2657 16.8394
    endloop
  endfacet
  facet normal 0.234745 0.683116 0.691554
    outer loop
      vertex 17.935 20.2657 16.1024
      vertex 15.7757 20.2275 16.8731
      vertex 17.946 20.2275 16.1364
    endloop
  endfacet
  facet normal 0.234728 0.683169 0.691508
    outer loop
      vertex 17.935 20.2657 16.1024
      vertex 15.7638 20.2657 16.8394
      vertex 15.7757 20.2275 16.8731
    endloop
  endfacet
  facet normal 0.248473 0.634351 0.732024
    outer loop
      vertex 17.946 20.2275 16.1364
      vertex 15.7868 20.187 16.9044
      vertex 17.9563 20.187 16.168
    endloop
  endfacet
  facet normal 0.248563 0.634044 0.73226
    outer loop
      vertex 17.946 20.2275 16.1364
      vertex 15.7757 20.2275 16.8731
      vertex 15.7868 20.187 16.9044
    endloop
  endfacet
  facet normal 0.261209 0.582824 0.769471
    outer loop
      vertex 17.9563 20.187 16.168
      vertex 15.797 20.1445 16.9332
      vertex 17.9657 20.1445 16.197
    endloop
  endfacet
  facet normal 0.260989 0.583679 0.768898
    outer loop
      vertex 17.9563 20.187 16.168
      vertex 15.7868 20.187 16.9044
      vertex 15.797 20.1445 16.9332
    endloop
  endfacet
  facet normal 0.273052 0.527581 0.804426
    outer loop
      vertex 17.9657 20.1445 16.197
      vertex 15.8062 20.1 16.9592
      vertex 17.9742 20.1 16.2233
    endloop
  endfacet
  facet normal 0.273235 0.526766 0.804897
    outer loop
      vertex 17.9657 20.1445 16.197
      vertex 15.797 20.1445 16.9332
      vertex 15.8062 20.1 16.9592
    endloop
  endfacet
  facet normal 0.283376 0.471894 0.834874
    outer loop
      vertex 17.9742 20.1 16.2233
      vertex 15.8144 20.0538 16.9825
      vertex 17.9819 20.0538 16.2468
    endloop
  endfacet
  facet normal 0.283459 0.471469 0.835086
    outer loop
      vertex 17.9742 20.1 16.2233
      vertex 15.8062 20.1 16.9592
      vertex 15.8144 20.0538 16.9825
    endloop
  endfacet
  facet normal 0.292983 0.411454 0.863057
    outer loop
      vertex 17.9819 20.0538 16.2468
      vertex 15.8216 20.0061 17.0029
      vertex 17.9885 20.0061 16.2673
    endloop
  endfacet
  facet normal 0.292719 0.41301 0.862402
    outer loop
      vertex 17.9819 20.0538 16.2468
      vertex 15.8144 20.0538 16.9825
      vertex 15.8216 20.0061 17.0029
    endloop
  endfacet
  facet normal 0.300687 0.352727 0.886099
    outer loop
      vertex 17.9885 20.0061 16.2673
      vertex 17.9548 19.9773 16.2902
      vertex 17.9921 19.9759 16.2781
    endloop
  endfacet
  facet normal 0.300824 0.352577 0.886112
    outer loop
      vertex 17.9548 19.9773 16.2902
      vertex 17.9885 20.0061 16.2673
      vertex 16.7144 19.9773 16.7113
    endloop
  endfacet
  facet normal 0.300744 0.353132 0.885918
    outer loop
      vertex 15.8216 20.0061 17.0029
      vertex 16.7144 19.9773 16.7113
      vertex 17.9885 20.0061 16.2673
    endloop
  endfacet
  facet normal 0.299822 0.351896 0.886722
    outer loop
      vertex 15.8625 19.9773 17.0005
      vertex 15.8216 20.0061 17.0029
      vertex 15.8254 19.9759 17.0136
    endloop
  endfacet
  facet normal 0.300732 0.353259 0.885871
    outer loop
      vertex 16.7144 19.9773 16.7113
      vertex 15.8216 20.0061 17.0029
      vertex 15.8625 19.9773 17.0005
    endloop
  endfacet
  facet normal 0.312779 -0.223052 0.923264
    outer loop
      vertex 17.9548 1.11648 16.2902
      vertex 17.9916 1.11179 16.2766
      vertex 17.9921 1.1187 16.2781
    endloop
  endfacet
  facet normal 0.313738 -0.21805 0.924134
    outer loop
      vertex 15.9321 1.1165 16.9769
      vertex 17.9916 1.11179 16.2766
      vertex 17.9548 1.11648 16.2902
    endloop
  endfacet
  facet normal 0.312623 -0.232627 0.920952
    outer loop
      vertex 17.9916 1.11179 16.2766
      vertex 15.9321 1.1165 16.9769
      vertex 15.8249 1.11179 17.0121
    endloop
  endfacet
  facet normal 0.312875 -0.225179 0.922715
    outer loop
      vertex 15.8625 1.1165 17.0005
      vertex 15.8249 1.11179 17.0121
      vertex 15.9321 1.1165 16.9769
    endloop
  endfacet
  facet normal 0.312764 -0.222745 0.923344
    outer loop
      vertex 15.8249 1.11179 17.0121
      vertex 15.8625 1.1165 17.0005
      vertex 15.8254 1.11871 17.0136
    endloop
  endfacet
  facet normal 0.307591 -0.29023 0.906176
    outer loop
      vertex 17.9916 1.11179 16.2766
      vertex 15.8154 1.01785 16.9852
      vertex 17.9828 1.01785 16.2495
    endloop
  endfacet
  facet normal 0.307573 -0.290562 0.906075
    outer loop
      vertex 15.8249 1.11179 17.0121
      vertex 15.8154 1.01785 16.9852
      vertex 17.9916 1.11179 16.2766
    endloop
  endfacet
  facet normal 0.300818 -0.352393 0.886187
    outer loop
      vertex 17.9828 1.01785 16.2495
      vertex 15.8039 0.92598 16.9526
      vertex 17.9721 0.92598 16.2166
    endloop
  endfacet
  facet normal 0.300837 -0.352152 0.886276
    outer loop
      vertex 15.8154 1.01785 16.9852
      vertex 15.8039 0.92598 16.9526
      vertex 17.9828 1.01785 16.2495
    endloop
  endfacet
  facet normal 0.292836 -0.41243 0.86264
    outer loop
      vertex 17.9721 0.92598 16.2166
      vertex 15.7903 0.836578 16.9145
      vertex 17.9596 0.836578 16.1781
    endloop
  endfacet
  facet normal 0.292857 -0.412217 0.862735
    outer loop
      vertex 15.8039 0.92598 16.9526
      vertex 15.7903 0.836578 16.9145
      vertex 17.9721 0.92598 16.2166
    endloop
  endfacet
  facet normal 0.283487 -0.471275 0.835186
    outer loop
      vertex 17.9596 0.836578 16.1781
      vertex 15.7749 0.75 16.8708
      vertex 17.9453 0.75 16.1341
    endloop
  endfacet
  facet normal 0.283418 -0.471825 0.834898
    outer loop
      vertex 15.7903 0.836578 16.9145
      vertex 15.7749 0.75 16.8708
      vertex 17.9596 0.836578 16.1781
    endloop
  endfacet
  facet normal 0.272969 -0.528068 0.804134
    outer loop
      vertex 17.9453 0.75 16.1341
      vertex 15.7576 0.666656 16.822
      vertex 17.9293 0.666656 16.0848
    endloop
  endfacet
  facet normal 0.273032 -0.527659 0.804381
    outer loop
      vertex 15.7749 0.75 16.8708
      vertex 15.7576 0.666656 16.822
      vertex 17.9453 0.75 16.1341
    endloop
  endfacet
  facet normal 0.261249 -0.582661 0.769581
    outer loop
      vertex 17.9293 0.666656 16.0848
      vertex 15.7385 0.586868 16.7681
      vertex 17.9116 0.586868 16.0304
    endloop
  endfacet
  facet normal 0.261277 -0.582503 0.769691
    outer loop
      vertex 15.7576 0.666656 16.822
      vertex 15.7385 0.586868 16.7681
      vertex 17.9293 0.666656 16.0848
    endloop
  endfacet
  facet normal 0.248503 -0.634316 0.732045
    outer loop
      vertex 17.9116 0.586868 16.0304
      vertex 15.7177 0.510986 16.7094
      vertex 17.8923 0.510986 15.9712
    endloop
  endfacet
  facet normal 0.248492 -0.634369 0.732003
    outer loop
      vertex 15.7385 0.586868 16.7681
      vertex 15.7177 0.510986 16.7094
      vertex 17.9116 0.586868 16.0304
    endloop
  endfacet
  facet normal 0.234641 -0.683428 0.691281
    outer loop
      vertex 17.8923 0.510986 15.9712
      vertex 15.6953 0.439346 16.6461
      vertex 17.8716 0.439346 15.9074
    endloop
  endfacet
  facet normal 0.234544 -0.683824 0.690922
    outer loop
      vertex 15.7177 0.510986 16.7094
      vertex 15.6953 0.439346 16.6461
      vertex 17.8923 0.510986 15.9712
    endloop
  endfacet
  facet normal 0.219661 -0.730102 0.647071
    outer loop
      vertex 17.8716 0.439346 15.9074
      vertex 15.6714 0.372253 16.5786
      vertex 17.8495 0.372253 15.8392
    endloop
  endfacet
  facet normal 0.219775 -0.729701 0.647484
    outer loop
      vertex 15.6953 0.439346 16.6461
      vertex 15.6714 0.372253 16.5786
      vertex 17.8716 0.439346 15.9074
    endloop
  endfacet
  facet normal 0.204005 -0.772806 0.600961
    outer loop
      vertex 17.8495 0.372253 15.8392
      vertex 15.6461 0.309982 16.5071
      vertex 17.826 0.309982 15.7671
    endloop
  endfacet
  facet normal 0.203991 -0.772848 0.60091
    outer loop
      vertex 15.6714 0.372253 16.5786
      vertex 15.6461 0.309982 16.5071
      vertex 17.8495 0.372253 15.8392
    endloop
  endfacet
  facet normal 0.187244 -0.812823 0.551596
    outer loop
      vertex 17.826 0.309982 15.7671
      vertex 15.6194 0.252808 16.4319
      vertex 17.8014 0.252808 15.6912
    endloop
  endfacet
  facet normal 0.187228 -0.812865 0.551539
    outer loop
      vertex 15.6461 0.309982 16.5071
      vertex 15.6194 0.252808 16.4319
      vertex 17.826 0.309982 15.7671
    endloop
  endfacet
  facet normal 0.169706 -0.849284 0.499916
    outer loop
      vertex 17.8014 0.252808 15.6912
      vertex 15.5916 0.200974 16.3533
      vertex 17.7756 0.200974 15.6119
    endloop
  endfacet
  facet normal 0.169731 -0.849227 0.500004
    outer loop
      vertex 15.6194 0.252808 16.4319
      vertex 15.5916 0.200974 16.3533
      vertex 17.8014 0.252808 15.6912
    endloop
  endfacet
  facet normal 0.151617 -0.881765 0.446658
    outer loop
      vertex 17.7756 0.200974 15.6119
      vertex 15.5627 0.154694 16.2717
      vertex 17.7489 0.154694 15.5296
    endloop
  endfacet
  facet normal 0.151565 -0.881865 0.446477
    outer loop
      vertex 15.5916 0.200974 16.3533
      vertex 15.5627 0.154694 16.2717
      vertex 17.7756 0.200974 15.6119
    endloop
  endfacet
  facet normal 0.132679 -0.910831 0.390875
    outer loop
      vertex 17.7489 0.154694 15.5296
      vertex 15.5329 0.114182 16.1874
      vertex 17.7212 0.114182 15.4446
    endloop
  endfacet
  facet normal 0.132666 -0.910852 0.39083
    outer loop
      vertex 15.5627 0.154694 16.2717
      vertex 15.5329 0.114182 16.1874
      vertex 17.7489 0.154694 15.5296
    endloop
  endfacet
  facet normal 0.113202 -0.935934 0.333487
    outer loop
      vertex 17.7212 0.114182 15.4446
      vertex 15.5022 0.0796051 16.1008
      vertex 17.6928 0.0796051 15.3572
    endloop
  endfacet
  facet normal 0.113219 -0.935911 0.333546
    outer loop
      vertex 15.5329 0.114182 16.1874
      vertex 15.5022 0.0796051 16.1008
      vertex 17.7212 0.114182 15.4446
    endloop
  endfacet
  facet normal 0.0933378 -0.956914 0.27496
    outer loop
      vertex 17.6928 0.0796051 15.3572
      vertex 15.4709 0.0511169 16.0123
      vertex 17.6638 0.0511169 15.2679
    endloop
  endfacet
  facet normal 0.0933523 -0.956899 0.27501
    outer loop
      vertex 15.5022 0.0796051 16.1008
      vertex 15.4709 0.0511169 16.0123
      vertex 17.6928 0.0796051 15.3572
    endloop
  endfacet
  facet normal 0.0729652 -0.9739 0.214931
    outer loop
      vertex 17.6638 0.0511169 15.2679
      vertex 15.4389 0.0288239 15.9222
      vertex 17.6343 0.0288239 15.1769
    endloop
  endfacet
  facet normal 0.0729958 -0.973874 0.215036
    outer loop
      vertex 15.4709 0.0511169 16.0123
      vertex 15.4389 0.0288239 15.9222
      vertex 17.6638 0.0511169 15.2679
    endloop
  endfacet
  facet normal 0.0523187 -0.986668 0.154109
    outer loop
      vertex 17.6343 0.0288239 15.1769
      vertex 15.4066 0.0128479 15.8309
      vertex 17.6043 0.0128479 15.0848
    endloop
  endfacet
  facet normal 0.052327 -0.986663 0.154138
    outer loop
      vertex 15.4389 0.0288239 15.9222
      vertex 15.4066 0.0128479 15.8309
      vertex 17.6343 0.0288239 15.1769
    endloop
  endfacet
  facet normal 0.0315438 -0.995174 0.092921
    outer loop
      vertex 17.6043 0.0128479 15.0848
      vertex 15.374 0.0032196 15.7388
      vertex 17.5742 0.0032196 14.9919
    endloop
  endfacet
  facet normal 0.0315309 -0.995178 0.0928769
    outer loop
      vertex 15.4066 0.0128479 15.8309
      vertex 15.374 0.0032196 15.7388
      vertex 17.6043 0.0128479 15.0848
    endloop
  endfacet
  facet normal 0.0105488 -0.999461 0.031078
    outer loop
      vertex 17.5742 0.0032196 14.9919
      vertex 15.3518 1.52588e-05 15.6432
      vertex 17.544 1.52588e-05 14.8991
    endloop
  endfacet
  facet normal 0.0107334 -0.999462 0.0310077
    outer loop
      vertex 15.3518 1.52588e-05 15.6432
      vertex 15.374 0.0032196 15.7388
      vertex 15.3414 1.52588e-05 15.6468
    endloop
  endfacet
  facet normal 0.0105413 -0.999462 0.0310523
    outer loop
      vertex 15.374 0.0032196 15.7388
      vertex 15.3518 1.52588e-05 15.6432
      vertex 17.5742 0.0032196 14.9919
    endloop
  endfacet
  facet normal 0.0112416 0.999472 0.0304742
    outer loop
      vertex 15.5749 20.5 16.3062
      vertex 13.4286 20.4983 17.1537
      vertex 15.5924 20.4983 16.3555
    endloop
  endfacet
  facet normal 0.0112538 0.999471 0.0305052
    outer loop
      vertex 15.5749 20.5 16.3062
      vertex 13.4099 20.5 17.1049
      vertex 13.4286 20.4983 17.1537
    endloop
  endfacet
  facet normal 0.0337281 0.995241 0.0914228
    outer loop
      vertex 15.5924 20.4983 16.3555
      vertex 13.4473 20.4932 17.2024
      vertex 15.6098 20.4932 16.4046
    endloop
  endfacet
  facet normal 0.0336774 0.995254 0.0912943
    outer loop
      vertex 15.5924 20.4983 16.3555
      vertex 13.4286 20.4983 17.1537
      vertex 13.4473 20.4932 17.2024
    endloop
  endfacet
  facet normal 0.0568545 0.986416 0.154113
    outer loop
      vertex 15.6098 20.4932 16.4046
      vertex 13.4658 20.4846 17.2506
      vertex 15.627 20.4846 16.4533
    endloop
  endfacet
  facet normal 0.0568763 0.986406 0.154168
    outer loop
      vertex 15.6098 20.4932 16.4046
      vertex 13.4473 20.4932 17.2024
      vertex 13.4658 20.4846 17.2506
    endloop
  endfacet
  facet normal 0.0787756 0.973759 0.213511
    outer loop
      vertex 15.627 20.4846 16.4533
      vertex 13.4841 20.4727 17.2982
      vertex 15.644 20.4727 16.5013
    endloop
  endfacet
  facet normal 0.0786592 0.973833 0.213217
    outer loop
      vertex 15.627 20.4846 16.4533
      vertex 13.4658 20.4846 17.2506
      vertex 13.4841 20.4727 17.2982
    endloop
  endfacet
  facet normal 0.0997117 0.957602 0.270288
    outer loop
      vertex 15.644 20.4727 16.5013
      vertex 13.502 20.4576 17.345
      vertex 15.6608 20.4576 16.5486
    endloop
  endfacet
  facet normal 0.0998833 0.957462 0.270721
    outer loop
      vertex 15.644 20.4727 16.5013
      vertex 13.4841 20.4727 17.2982
      vertex 13.502 20.4576 17.345
    endloop
  endfacet
  facet normal 0.122497 0.935285 0.332019
    outer loop
      vertex 15.6608 20.4576 16.5486
      vertex 13.5196 20.4391 17.3907
      vertex 15.6771 20.4391 16.5947
    endloop
  endfacet
  facet normal 0.122323 0.935464 0.33158
    outer loop
      vertex 15.6608 20.4576 16.5486
      vertex 13.502 20.4576 17.345
      vertex 13.5196 20.4391 17.3907
    endloop
  endfacet
  facet normal 0.142721 0.911025 0.386864
    outer loop
      vertex 15.6771 20.4391 16.5947
      vertex 13.5367 20.4175 17.4352
      vertex 15.693 20.4175 16.6397
    endloop
  endfacet
  facet normal 0.142864 0.910851 0.387222
    outer loop
      vertex 15.6771 20.4391 16.5947
      vertex 13.5196 20.4391 17.3907
      vertex 13.5367 20.4175 17.4352
    endloop
  endfacet
  facet normal 0.163349 0.881628 0.442774
    outer loop
      vertex 15.693 20.4175 16.6397
      vertex 13.5532 20.3928 17.4783
      vertex 15.7084 20.3928 16.6832
    endloop
  endfacet
  facet normal 0.163333 0.881652 0.442733
    outer loop
      vertex 15.693 20.4175 16.6397
      vertex 13.5367 20.4175 17.4352
      vertex 13.5532 20.3928 17.4783
    endloop
  endfacet
  facet normal 0.182522 0.849644 0.494764
    outer loop
      vertex 15.7084 20.3928 16.6832
      vertex 13.5691 20.3652 17.5198
      vertex 15.7233 20.3652 16.7251
    endloop
  endfacet
  facet normal 0.182615 0.849489 0.494996
    outer loop
      vertex 15.7084 20.3928 16.6832
      vertex 13.5532 20.3928 17.4783
      vertex 13.5691 20.3652 17.5198
    endloop
  endfacet
  facet normal 0.201706 0.812676 0.546693
    outer loop
      vertex 15.7233 20.3652 16.7251
      vertex 13.5844 20.3347 17.5596
      vertex 15.7375 20.3347 16.7652
    endloop
  endfacet
  facet normal 0.201372 0.813318 0.54586
    outer loop
      vertex 15.7233 20.3652 16.7251
      vertex 13.5691 20.3652 17.5198
      vertex 13.5844 20.3347 17.5596
    endloop
  endfacet
  facet normal 0.219376 0.77345 0.594684
    outer loop
      vertex 15.7375 20.3347 16.7652
      vertex 13.5989 20.3015 17.5973
      vertex 15.751 20.3015 16.8034
    endloop
  endfacet
  facet normal 0.219807 0.772504 0.595754
    outer loop
      vertex 15.7375 20.3347 16.7652
      vertex 13.5844 20.3347 17.5596
      vertex 13.5989 20.3015 17.5973
    endloop
  endfacet
  facet normal 0.236657 0.729703 0.641504
    outer loop
      vertex 15.751 20.3015 16.8034
      vertex 13.6126 20.2657 17.633
      vertex 15.7638 20.2657 16.8394
    endloop
  endfacet
  facet normal 0.23655 0.729971 0.641239
    outer loop
      vertex 15.751 20.3015 16.8034
      vertex 13.5989 20.3015 17.5973
      vertex 13.6126 20.2657 17.633
    endloop
  endfacet
  facet normal 0.252762 0.683161 0.68513
    outer loop
      vertex 15.7638 20.2657 16.8394
      vertex 13.6254 20.2275 17.6664
      vertex 15.7757 20.2275 16.8731
    endloop
  endfacet
  facet normal 0.252654 0.683467 0.684864
    outer loop
      vertex 15.7638 20.2657 16.8394
      vertex 13.6126 20.2657 17.633
      vertex 13.6254 20.2275 17.6664
    endloop
  endfacet
  facet normal 0.267652 0.634049 0.725496
    outer loop
      vertex 15.7757 20.2275 16.8731
      vertex 13.6373 20.187 17.6974
      vertex 15.7868 20.187 16.9044
    endloop
  endfacet
  facet normal 0.267668 0.633997 0.725536
    outer loop
      vertex 15.7757 20.2275 16.8731
      vertex 13.6254 20.2275 17.6664
      vertex 13.6373 20.187 17.6974
    endloop
  endfacet
  facet normal 0.281031 0.583679 0.761801
    outer loop
      vertex 15.7868 20.187 16.9044
      vertex 13.6482 20.1445 17.7259
      vertex 15.797 20.1445 16.9332
    endloop
  endfacet
  facet normal 0.281167 0.583185 0.762129
    outer loop
      vertex 15.7868 20.187 16.9044
      vertex 13.6373 20.187 17.6974
      vertex 13.6482 20.1445 17.7259
    endloop
  endfacet
  facet normal 0.294224 0.526764 0.797466
    outer loop
      vertex 15.797 20.1445 16.9332
      vertex 13.6582 20.1 17.7517
      vertex 15.8062 20.1 16.9592
    endloop
  endfacet
  facet normal 0.293928 0.527994 0.796761
    outer loop
      vertex 15.797 20.1445 16.9332
      vertex 13.6482 20.1445 17.7259
      vertex 13.6582 20.1 17.7517
    endloop
  endfacet
  facet normal 0.305232 0.47145 0.827386
    outer loop
      vertex 15.8062 20.1 16.9592
      vertex 13.667 20.0538 17.7747
      vertex 15.8144 20.0538 16.9825
    endloop
  endfacet
  facet normal 0.305461 0.470354 0.827926
    outer loop
      vertex 15.8062 20.1 16.9592
      vertex 13.6582 20.1 17.7517
      vertex 13.667 20.0538 17.7747
    endloop
  endfacet
  facet normal 0.315208 0.413001 0.854444
    outer loop
      vertex 15.8144 20.0538 16.9825
      vertex 13.6747 20.0061 17.7949
      vertex 15.8216 20.0061 17.0029
    endloop
  endfacet
  facet normal 0.315249 0.41277 0.85454
    outer loop
      vertex 15.8144 20.0538 16.9825
      vertex 13.667 20.0538 17.7747
      vertex 13.6747 20.0061 17.7949
    endloop
  endfacet
  facet normal 0.324142 0.351908 0.878119
    outer loop
      vertex 15.8216 20.0061 17.0029
      vertex 15.7885 19.9772 17.0267
      vertex 15.8254 19.9759 17.0136
    endloop
  endfacet
  facet normal 0.32396 0.352106 0.878107
    outer loop
      vertex 15.7885 19.9772 17.0267
      vertex 15.8216 20.0061 17.0029
      vertex 14.559 19.9772 17.4803
    endloop
  endfacet
  facet normal 0.323824 0.352997 0.877799
    outer loop
      vertex 13.6747 20.0061 17.7949
      vertex 14.559 19.9772 17.4803
      vertex 15.8216 20.0061 17.0029
    endloop
  endfacet
  facet normal 0.322036 0.352169 0.878789
    outer loop
      vertex 13.7152 19.9773 17.7916
      vertex 13.6747 20.0061 17.7949
      vertex 13.6788 19.9759 17.8055
    endloop
  endfacet
  facet normal 0.323663 0.354639 0.877196
    outer loop
      vertex 14.559 19.9772 17.4803
      vertex 13.6747 20.0061 17.7949
      vertex 13.7152 19.9773 17.7916
    endloop
  endfacet
  facet normal 0.337867 -0.222638 0.914482
    outer loop
      vertex 15.7885 1.11652 17.0267
      vertex 15.8249 1.11179 17.0121
      vertex 15.8254 1.11871 17.0136
    endloop
  endfacet
  facet normal 0.337154 -0.226222 0.913866
    outer loop
      vertex 13.7846 1.11651 17.766
      vertex 15.8249 1.11179 17.0121
      vertex 15.7885 1.11652 17.0267
    endloop
  endfacet
  facet normal 0.33588 -0.241148 0.910512
    outer loop
      vertex 15.8249 1.11179 17.0121
      vertex 13.7846 1.11651 17.766
      vertex 13.6782 1.11179 17.804
    endloop
  endfacet
  facet normal 0.335861 -0.241582 0.910404
    outer loop
      vertex 13.7152 1.1165 17.7916
      vertex 13.6782 1.11179 17.804
      vertex 13.7846 1.11651 17.766
    endloop
  endfacet
  facet normal 0.335372 -0.228196 0.914031
    outer loop
      vertex 13.6782 1.11179 17.804
      vertex 13.7152 1.1165 17.7916
      vertex 13.6788 1.11868 17.8055
    endloop
  endfacet
  facet normal 0.331178 -0.290556 0.897718
    outer loop
      vertex 15.8249 1.11179 17.0121
      vertex 13.668 1.01785 17.7774
      vertex 15.8154 1.01785 16.9852
    endloop
  endfacet
  facet normal 0.331201 -0.29019 0.897828
    outer loop
      vertex 13.6782 1.11179 17.804
      vertex 13.668 1.01785 17.7774
      vertex 15.8249 1.11179 17.0121
    endloop
  endfacet
  facet normal 0.323965 -0.352143 0.87809
    outer loop
      vertex 15.8154 1.01785 16.9852
      vertex 13.6556 0.92598 17.7452
      vertex 15.8039 0.92598 16.9526
    endloop
  endfacet
  facet normal 0.324015 -0.351573 0.8783
    outer loop
      vertex 13.668 1.01785 17.7774
      vertex 13.6556 0.92598 17.7452
      vertex 15.8154 1.01785 16.9852
    endloop
  endfacet
  facet normal 0.31531 -0.41224 0.854773
    outer loop
      vertex 15.8039 0.92598 16.9526
      vertex 13.6411 0.836578 17.7073
      vertex 15.7903 0.836578 16.9145
    endloop
  endfacet
  facet normal 0.315192 -0.413287 0.854311
    outer loop
      vertex 13.6556 0.92598 17.7452
      vertex 13.6411 0.836578 17.7073
      vertex 15.8039 0.92598 16.9526
    endloop
  endfacet
  facet normal 0.305163 -0.471811 0.827206
    outer loop
      vertex 15.7903 0.836578 16.9145
      vertex 13.6245 0.75 17.6641
      vertex 15.7749 0.75 16.8708
    endloop
  endfacet
  facet normal 0.305223 -0.471385 0.827427
    outer loop
      vertex 13.6411 0.836578 17.7073
      vertex 13.6245 0.75 17.6641
      vertex 15.7903 0.836578 16.9145
    endloop
  endfacet
  facet normal 0.294021 -0.527663 0.796946
    outer loop
      vertex 15.7749 0.75 16.8708
      vertex 13.606 0.666656 17.6158
      vertex 15.7576 0.666656 16.822
    endloop
  endfacet
  facet normal 0.294087 -0.527267 0.797184
    outer loop
      vertex 13.6245 0.75 17.6641
      vertex 13.606 0.666656 17.6158
      vertex 15.7749 0.75 16.8708
    endloop
  endfacet
  facet normal 0.281338 -0.582505 0.762585
    outer loop
      vertex 15.7576 0.666656 16.822
      vertex 13.5855 0.586868 17.5624
      vertex 15.7385 0.586868 16.7681
    endloop
  endfacet
  facet normal 0.281318 -0.582609 0.762513
    outer loop
      vertex 13.606 0.666656 17.6158
      vertex 13.5855 0.586868 17.5624
      vertex 15.7576 0.666656 16.822
    endloop
  endfacet
  facet normal 0.267547 -0.634371 0.725253
    outer loop
      vertex 15.7385 0.586868 16.7681
      vertex 13.5632 0.510986 17.5042
      vertex 15.7177 0.510986 16.7094
    endloop
  endfacet
  facet normal 0.267477 -0.634676 0.725012
    outer loop
      vertex 13.5855 0.586868 17.5624
      vertex 13.5632 0.510986 17.5042
      vertex 15.7385 0.586868 16.7681
    endloop
  endfacet
  facet normal 0.252554 -0.683822 0.684547
    outer loop
      vertex 15.7177 0.510986 16.7094
      vertex 13.5391 0.439346 17.4416
      vertex 15.6953 0.439346 16.6461
    endloop
  endfacet
  facet normal 0.252654 -0.683451 0.68488
    outer loop
      vertex 13.5632 0.510986 17.5042
      vertex 13.5391 0.439346 17.4416
      vertex 15.7177 0.510986 16.7094
    endloop
  endfacet
  facet normal 0.236656 -0.7297 0.641507
    outer loop
      vertex 15.6953 0.439346 16.6461
      vertex 13.5134 0.372253 17.3747
      vertex 15.6714 0.372253 16.5786
    endloop
  endfacet
  facet normal 0.236567 -0.729987 0.641214
    outer loop
      vertex 13.5391 0.439346 17.4416
      vertex 13.5134 0.372253 17.3747
      vertex 15.6953 0.439346 16.6461
    endloop
  endfacet
  facet normal 0.219645 -0.772846 0.595369
    outer loop
      vertex 15.6714 0.372253 16.5786
      vertex 13.4863 0.309982 17.3039
      vertex 15.6461 0.309982 16.5071
    endloop
  endfacet
  facet normal 0.219695 -0.772708 0.595531
    outer loop
      vertex 13.5134 0.372253 17.3747
      vertex 13.4863 0.309982 17.3039
      vertex 15.6714 0.372253 16.5786
    endloop
  endfacet
  facet normal 0.201595 -0.812871 0.546443
    outer loop
      vertex 15.6461 0.309982 16.5071
      vertex 13.4577 0.252808 17.2294
      vertex 15.6194 0.252808 16.4319
    endloop
  endfacet
  facet normal 0.201594 -0.812874 0.546439
    outer loop
      vertex 13.4863 0.309982 17.3039
      vertex 13.4577 0.252808 17.2294
      vertex 15.6461 0.309982 16.5071
    endloop
  endfacet
  facet normal 0.182767 -0.849225 0.495392
    outer loop
      vertex 15.6194 0.252808 16.4319
      vertex 13.4278 0.200974 17.1516
      vertex 15.5916 0.200974 16.3533
    endloop
  endfacet
  facet normal 0.182799 -0.849158 0.495495
    outer loop
      vertex 13.4577 0.252808 17.2294
      vertex 13.4278 0.200974 17.1516
      vertex 15.6194 0.252808 16.4319
    endloop
  endfacet
  facet normal 0.163205 -0.881866 0.442354
    outer loop
      vertex 15.5916 0.200974 16.3533
      vertex 13.3968 0.154694 17.0708
      vertex 15.5627 0.154694 16.2717
    endloop
  endfacet
  facet normal 0.163235 -0.881812 0.44245
    outer loop
      vertex 13.4278 0.200974 17.1516
      vertex 13.3968 0.154694 17.0708
      vertex 15.5916 0.200974 16.3533
    endloop
  endfacet
  facet normal 0.142857 -0.91085 0.387227
    outer loop
      vertex 15.5627 0.154694 16.2717
      vertex 13.3647 0.114182 16.9873
      vertex 15.5329 0.114182 16.1874
    endloop
  endfacet
  facet normal 0.142804 -0.910929 0.38706
    outer loop
      vertex 13.3968 0.154694 17.0708
      vertex 13.3647 0.114182 16.9873
      vertex 15.5627 0.154694 16.2717
    endloop
  endfacet
  facet normal 0.121914 -0.935912 0.330464
    outer loop
      vertex 15.5329 0.114182 16.1874
      vertex 13.3318 0.0796051 16.9015
      vertex 15.5022 0.0796051 16.1008
    endloop
  endfacet
  facet normal 0.121903 -0.935925 0.330429
    outer loop
      vertex 13.3647 0.114182 16.9873
      vertex 13.3318 0.0796051 16.9015
      vertex 15.5329 0.114182 16.1874
    endloop
  endfacet
  facet normal 0.100511 -0.956898 0.272478
    outer loop
      vertex 15.5022 0.0796051 16.1008
      vertex 13.2981 0.0511169 16.8138
      vertex 15.4709 0.0511169 16.0123
    endloop
  endfacet
  facet normal 0.100442 -0.956967 0.272262
    outer loop
      vertex 13.3318 0.0796051 16.9015
      vertex 13.2981 0.0511169 16.8138
      vertex 15.5022 0.0796051 16.1008
    endloop
  endfacet
  facet normal 0.0785971 -0.973876 0.213047
    outer loop
      vertex 15.4709 0.0511169 16.0123
      vertex 13.2639 0.0288239 16.7246
      vertex 15.4389 0.0288239 15.9222
    endloop
  endfacet
  facet normal 0.0786542 -0.973832 0.213225
    outer loop
      vertex 13.2981 0.0511169 16.8138
      vertex 13.2639 0.0288239 16.7246
      vertex 15.4709 0.0511169 16.0123
    endloop
  endfacet
  facet normal 0.0563414 -0.986663 0.152717
    outer loop
      vertex 15.4389 0.0288239 15.9222
      vertex 13.2292 0.0128479 16.6342
      vertex 15.4066 0.0128479 15.8309
    endloop
  endfacet
  facet normal 0.0563483 -0.986659 0.152739
    outer loop
      vertex 13.2639 0.0288239 16.7246
      vertex 13.2292 0.0128479 16.6342
      vertex 15.4389 0.0288239 15.9222
    endloop
  endfacet
  facet normal 0.0339495 -0.995178 0.0920208
    outer loop
      vertex 15.4066 0.0128479 15.8309
      vertex 13.1942 0.0032196 16.543
      vertex 15.374 0.0032196 15.7388
    endloop
  endfacet
  facet normal 0.0339537 -0.995177 0.0920338
    outer loop
      vertex 13.2292 0.0128479 16.6342
      vertex 13.1942 0.0032196 16.543
      vertex 15.4066 0.0128479 15.8309
    endloop
  endfacet
  facet normal 0.011357 -0.999461 0.0307867
    outer loop
      vertex 15.374 0.0032196 15.7388
      vertex 13.1695 1.52588e-05 16.448
      vertex 15.3414 1.52588e-05 15.6468
    endloop
  endfacet
  facet normal 0.0113488 -0.999462 0.0307611
    outer loop
      vertex 13.1695 1.52588e-05 16.448
      vertex 13.1942 0.0032196 16.543
      vertex 13.1592 1.52588e-05 16.4518
    endloop
  endfacet
  facet normal 0.0113488 -0.999462 0.0307611
    outer loop
      vertex 13.1942 0.0032196 16.543
      vertex 13.1695 1.52588e-05 16.448
      vertex 15.374 0.0032196 15.7388
    endloop
  endfacet
  facet normal 0.0120499 0.999471 0.0302002
    outer loop
      vertex 13.4099 20.5 17.1049
      vertex 11.2865 20.4983 18.0084
      vertex 13.4286 20.4983 17.1537
    endloop
  endfacet
  facet normal 0.0120231 0.999473 0.0301372
    outer loop
      vertex 13.4099 20.5 17.1049
      vertex 11.2665 20.5 17.96
      vertex 11.2865 20.4983 18.0084
    endloop
  endfacet
  facet normal 0.0360568 0.995254 0.0903806
    outer loop
      vertex 13.4286 20.4983 17.1537
      vertex 11.3064 20.4932 18.0565
      vertex 13.4473 20.4932 17.2024
    endloop
  endfacet
  facet normal 0.0361385 0.995234 0.0905725
    outer loop
      vertex 13.4286 20.4983 17.1537
      vertex 11.2865 20.4983 18.0084
      vertex 11.3064 20.4932 18.0565
    endloop
  endfacet
  facet normal 0.0608909 0.986406 0.152627
    outer loop
      vertex 13.4473 20.4932 17.2024
      vertex 11.3262 20.4846 18.1042
      vertex 13.4658 20.4846 17.2506
    endloop
  endfacet
  facet normal 0.0608699 0.986415 0.152577
    outer loop
      vertex 13.4473 20.4932 17.2024
      vertex 11.3064 20.4932 18.0565
      vertex 11.3262 20.4846 18.1042
    endloop
  endfacet
  facet normal 0.0842103 0.973834 0.211083
    outer loop
      vertex 13.4658 20.4846 17.2506
      vertex 11.3457 20.4727 18.1513
      vertex 13.4841 20.4727 17.2982
    endloop
  endfacet
  facet normal 0.0842431 0.973814 0.21116
    outer loop
      vertex 13.4658 20.4846 17.2506
      vertex 11.3262 20.4846 18.1042
      vertex 11.3457 20.4727 18.1513
    endloop
  endfacet
  facet normal 0.106929 0.957459 0.268026
    outer loop
      vertex 13.4841 20.4727 17.2982
      vertex 11.3649 20.4576 18.1976
      vertex 13.502 20.4576 17.345
    endloop
  endfacet
  facet normal 0.106893 0.957487 0.267942
    outer loop
      vertex 13.4841 20.4727 17.2982
      vertex 11.3457 20.4727 18.1513
      vertex 11.3649 20.4576 18.1976
    endloop
  endfacet
  facet normal 0.130963 0.935467 0.328253
    outer loop
      vertex 13.502 20.4576 17.345
      vertex 11.3836 20.4391 18.2429
      vertex 13.5196 20.4391 17.3907
    endloop
  endfacet
  facet normal 0.130874 0.935553 0.328044
    outer loop
      vertex 13.502 20.4576 17.345
      vertex 11.3649 20.4576 18.1976
      vertex 11.3836 20.4391 18.2429
    endloop
  endfacet
  facet normal 0.152942 0.910852 0.383351
    outer loop
      vertex 13.5196 20.4391 17.3907
      vertex 11.4019 20.4175 18.2869
      vertex 13.5367 20.4175 17.4352
    endloop
  endfacet
  facet normal 0.152997 0.910788 0.383481
    outer loop
      vertex 13.5196 20.4391 17.3907
      vertex 11.3836 20.4391 18.2429
      vertex 11.4019 20.4175 18.2869
    endloop
  endfacet
  facet normal 0.174877 0.881647 0.438311
    outer loop
      vertex 13.5367 20.4175 17.4352
      vertex 11.4195 20.3928 18.3296
      vertex 13.5532 20.3928 17.4783
    endloop
  endfacet
  facet normal 0.174764 0.8818 0.438048
    outer loop
      vertex 13.5367 20.4175 17.4352
      vertex 11.4019 20.4175 18.2869
      vertex 11.4195 20.3928 18.3296
    endloop
  endfacet
  facet normal 0.195507 0.849485 0.490054
    outer loop
      vertex 13.5532 20.3928 17.4783
      vertex 11.4365 20.3652 18.3706
      vertex 13.5691 20.3652 17.5198
    endloop
  endfacet
  facet normal 0.195699 0.849182 0.490501
    outer loop
      vertex 13.5532 20.3928 17.4783
      vertex 11.4195 20.3928 18.3296
      vertex 11.4365 20.3652 18.3706
    endloop
  endfacet
  facet normal 0.215591 0.813322 0.540396
    outer loop
      vertex 13.5691 20.3652 17.5198
      vertex 11.4528 20.3347 18.41
      vertex 13.5844 20.3347 17.5596
    endloop
  endfacet
  facet normal 0.215594 0.813316 0.540405
    outer loop
      vertex 13.5691 20.3652 17.5198
      vertex 11.4365 20.3652 18.3706
      vertex 11.4528 20.3347 18.41
    endloop
  endfacet
  facet normal 0.235324 0.772509 0.58979
    outer loop
      vertex 13.5844 20.3347 17.5596
      vertex 11.4683 20.3015 18.4474
      vertex 13.5989 20.3015 17.5973
    endloop
  endfacet
  facet normal 0.234981 0.773216 0.588999
    outer loop
      vertex 13.5844 20.3347 17.5596
      vertex 11.4528 20.3347 18.41
      vertex 11.4683 20.3015 18.4474
    endloop
  endfacet
  facet normal 0.253278 0.72997 0.634818
    outer loop
      vertex 13.5989 20.3015 17.5973
      vertex 11.4829 20.2657 18.4827
      vertex 13.6126 20.2657 17.633
    endloop
  endfacet
  facet normal 0.253422 0.729631 0.635151
    outer loop
      vertex 13.5989 20.3015 17.5973
      vertex 11.4683 20.3015 18.4474
      vertex 11.4829 20.2657 18.4827
    endloop
  endfacet
  facet normal 0.2705 0.683462 0.678019
    outer loop
      vertex 13.6126 20.2657 17.633
      vertex 11.4966 20.2275 18.5157
      vertex 13.6254 20.2275 17.6664
    endloop
  endfacet
  facet normal 0.270646 0.683074 0.678351
    outer loop
      vertex 13.6126 20.2657 17.633
      vertex 11.4829 20.2657 18.4827
      vertex 11.4966 20.2275 18.5157
    endloop
  endfacet
  facet normal 0.286569 0.633997 0.71828
    outer loop
      vertex 13.6254 20.2275 17.6664
      vertex 11.5093 20.187 18.5464
      vertex 13.6373 20.187 17.6974
    endloop
  endfacet
  facet normal 0.286502 0.6342 0.718128
    outer loop
      vertex 13.6254 20.2275 17.6664
      vertex 11.4966 20.2275 18.5157
      vertex 11.5093 20.187 18.5464
    endloop
  endfacet
  facet normal 0.301032 0.583173 0.754513
    outer loop
      vertex 13.6373 20.187 17.6974
      vertex 11.521 20.1445 18.5746
      vertex 13.6482 20.1445 17.7259
    endloop
  endfacet
  facet normal 0.300966 0.583398 0.754365
    outer loop
      vertex 13.6373 20.187 17.6974
      vertex 11.5093 20.187 18.5464
      vertex 11.521 20.1445 18.5746
    endloop
  endfacet
  facet normal 0.314679 0.528026 0.788775
    outer loop
      vertex 13.6482 20.1445 17.7259
      vertex 11.5316 20.1 18.6001
      vertex 13.6582 20.1 17.7517
    endloop
  endfacet
  facet normal 0.314877 0.527251 0.789214
    outer loop
      vertex 13.6482 20.1445 17.7259
      vertex 11.521 20.1445 18.5746
      vertex 11.5316 20.1 18.6001
    endloop
  endfacet
  facet normal 0.327015 0.470343 0.819658
    outer loop
      vertex 13.6582 20.1 17.7517
      vertex 11.541 20.0538 18.6229
      vertex 13.667 20.0538 17.7747
    endloop
  endfacet
  facet normal 0.326894 0.470887 0.819393
    outer loop
      vertex 13.6582 20.1 17.7517
      vertex 11.5316 20.1 18.6001
      vertex 11.541 20.0538 18.6229
    endloop
  endfacet
  facet normal 0.337538 0.412749 0.845994
    outer loop
      vertex 13.667 20.0538 17.7747
      vertex 11.5493 20.0061 18.6429
      vertex 13.6747 20.0061 17.7949
    endloop
  endfacet
  facet normal 0.337427 0.413328 0.845756
    outer loop
      vertex 13.667 20.0538 17.7747
      vertex 11.541 20.0538 18.6229
      vertex 11.5493 20.0061 18.6429
    endloop
  endfacet
  facet normal 0.347745 0.352197 0.868925
    outer loop
      vertex 13.6747 20.0061 17.7949
      vertex 13.6419 19.9773 17.8197
      vertex 13.6788 19.9759 17.8055
    endloop
  endfacet
  facet normal 0.346634 0.353419 0.868873
    outer loop
      vertex 13.6419 19.9773 17.8197
      vertex 13.6747 20.0061 17.7949
      vertex 12.4272 19.9773 18.3043
    endloop
  endfacet
  facet normal 0.346835 0.35218 0.869296
    outer loop
      vertex 11.5493 20.0061 18.6429
      vertex 12.4272 19.9773 18.3043
      vertex 13.6747 20.0061 17.7949
    endloop
  endfacet
  facet normal 0.348169 0.352706 0.868549
    outer loop
      vertex 11.5902 19.9773 18.6382
      vertex 11.5493 20.0061 18.6429
      vertex 11.5537 19.9759 18.6534
    endloop
  endfacet
  facet normal 0.34698 0.350816 0.869789
    outer loop
      vertex 12.4272 19.9773 18.3043
      vertex 11.5493 20.0061 18.6429
      vertex 11.5902 19.9773 18.6382
    endloop
  endfacet
  facet normal 0.361705 -0.228286 0.903911
    outer loop
      vertex 13.6419 1.11644 17.8197
      vertex 13.6782 1.11179 17.804
      vertex 13.6788 1.11868 17.8055
    endloop
  endfacet
  facet normal 0.360092 -0.236187 0.902524
    outer loop
      vertex 11.6566 1.11643 18.6118
      vertex 13.6782 1.11179 17.804
      vertex 13.6419 1.11644 17.8197
    endloop
  endfacet
  facet normal 0.359761 -0.239757 0.901714
    outer loop
      vertex 13.6782 1.11179 17.804
      vertex 11.6566 1.11643 18.6118
      vertex 11.553 1.11179 18.6519
    endloop
  endfacet
  facet normal 0.360954 -0.213338 0.907854
    outer loop
      vertex 11.5902 1.11643 18.6382
      vertex 11.553 1.11179 18.6519
      vertex 11.6566 1.11643 18.6118
    endloop
  endfacet
  facet normal 0.361567 -0.234222 0.902446
    outer loop
      vertex 11.553 1.11179 18.6519
      vertex 11.5902 1.11643 18.6382
      vertex 11.5537 1.11865 18.6534
    endloop
  endfacet
  facet normal 0.354631 -0.290188 0.888835
    outer loop
      vertex 13.6782 1.11179 17.804
      vertex 11.5421 1.01785 18.6256
      vertex 13.668 1.01785 17.7774
    endloop
  endfacet
  facet normal 0.354644 -0.290008 0.888889
    outer loop
      vertex 11.553 1.11179 18.6519
      vertex 11.5421 1.01785 18.6256
      vertex 13.6782 1.11179 17.804
    endloop
  endfacet
  facet normal 0.346876 -0.351582 0.869521
    outer loop
      vertex 13.668 1.01785 17.7774
      vertex 11.5289 0.92598 18.5936
      vertex 13.6556 0.92598 17.7452
    endloop
  endfacet
  facet normal 0.346781 -0.35257 0.869159
    outer loop
      vertex 11.5421 1.01785 18.6256
      vertex 11.5289 0.92598 18.5936
      vertex 13.668 1.01785 17.7774
    endloop
  endfacet
  facet normal 0.337443 -0.413277 0.845774
    outer loop
      vertex 13.6556 0.92598 17.7452
      vertex 11.5134 0.836578 18.5562
      vertex 13.6411 0.836578 17.7073
    endloop
  endfacet
  facet normal 0.337542 -0.412484 0.846122
    outer loop
      vertex 11.5289 0.92598 18.5936
      vertex 11.5134 0.836578 18.5562
      vertex 13.6556 0.92598 17.7452
    endloop
  endfacet
  facet normal 0.326836 -0.471388 0.819129
    outer loop
      vertex 13.6411 0.836578 17.7073
      vertex 11.4957 0.75 18.5135
      vertex 13.6245 0.75 17.6641
    endloop
  endfacet
  facet normal 0.326904 -0.470938 0.81936
    outer loop
      vertex 11.5134 0.836578 18.5562
      vertex 11.4957 0.75 18.5135
      vertex 13.6411 0.836578 17.7073
    endloop
  endfacet
  facet normal 0.314856 -0.52726 0.789216
    outer loop
      vertex 13.6245 0.75 17.6641
      vertex 11.4759 0.666656 18.4656
      vertex 13.606 0.666656 17.6158
    endloop
  endfacet
  facet normal 0.314708 -0.528071 0.788733
    outer loop
      vertex 11.4957 0.75 18.5135
      vertex 11.4759 0.666656 18.4656
      vertex 13.6245 0.75 17.6641
    endloop
  endfacet
  facet normal 0.301177 -0.582609 0.75489
    outer loop
      vertex 13.606 0.666656 17.6158
      vertex 11.454 0.586868 18.4128
      vertex 13.5855 0.586868 17.5624
    endloop
  endfacet
  facet normal 0.301233 -0.58235 0.755067
    outer loop
      vertex 11.4759 0.666656 18.4656
      vertex 11.454 0.586868 18.4128
      vertex 13.606 0.666656 17.6158
    endloop
  endfacet
  facet normal 0.286366 -0.634669 0.717767
    outer loop
      vertex 13.5855 0.586868 17.5624
      vertex 11.4302 0.510986 18.3552
      vertex 13.5632 0.510986 17.5042
    endloop
  endfacet
  facet normal 0.286369 -0.634661 0.717774
    outer loop
      vertex 11.454 0.586868 18.4128
      vertex 11.4302 0.510986 18.3552
      vertex 13.5855 0.586868 17.5624
    endloop
  endfacet
  facet normal 0.270497 -0.683461 0.678021
    outer loop
      vertex 13.5632 0.510986 17.5042
      vertex 11.4045 0.439346 18.2932
      vertex 13.5391 0.439346 17.4416
    endloop
  endfacet
  facet normal 0.27044 -0.683654 0.677849
    outer loop
      vertex 11.4302 0.510986 18.3552
      vertex 11.4045 0.439346 18.2932
      vertex 13.5632 0.510986 17.5042
    endloop
  endfacet
  facet normal 0.253262 -0.729989 0.634803
    outer loop
      vertex 13.5391 0.439346 17.4416
      vertex 11.3771 0.372253 18.227
      vertex 13.5134 0.372253 17.3747
    endloop
  endfacet
  facet normal 0.253294 -0.729893 0.634901
    outer loop
      vertex 11.4045 0.439346 18.2932
      vertex 11.3771 0.372253 18.227
      vertex 13.5391 0.439346 17.4416
    endloop
  endfacet
  facet normal 0.235196 -0.7727 0.58959
    outer loop
      vertex 13.5134 0.372253 17.3747
      vertex 11.348 0.309982 18.1569
      vertex 13.4863 0.309982 17.3039
    endloop
  endfacet
  facet normal 0.235051 -0.773073 0.589159
    outer loop
      vertex 11.3771 0.372253 18.227
      vertex 11.348 0.309982 18.1569
      vertex 13.5134 0.372253 17.3747
    endloop
  endfacet
  facet normal 0.215815 -0.812875 0.540979
    outer loop
      vertex 13.4863 0.309982 17.3039
      vertex 11.3175 0.252808 18.0832
      vertex 13.4577 0.252808 17.2294
    endloop
  endfacet
  facet normal 0.215876 -0.812739 0.541158
    outer loop
      vertex 11.348 0.309982 18.1569
      vertex 11.3175 0.252808 18.0832
      vertex 13.4863 0.309982 17.3039
    endloop
  endfacet
  facet normal 0.195694 -0.84916 0.490541
    outer loop
      vertex 13.4577 0.252808 17.2294
      vertex 11.2856 0.200974 18.0062
      vertex 13.4278 0.200974 17.1516
    endloop
  endfacet
  facet normal 0.195697 -0.849155 0.49055
    outer loop
      vertex 11.3175 0.252808 18.0832
      vertex 11.2856 0.200974 18.0062
      vertex 13.4577 0.252808 17.2294
    endloop
  endfacet
  facet normal 0.17474 -0.881811 0.438035
    outer loop
      vertex 13.4278 0.200974 17.1516
      vertex 11.2525 0.154694 17.9262
      vertex 13.3968 0.154694 17.0708
    endloop
  endfacet
  facet normal 0.174692 -0.88189 0.437895
    outer loop
      vertex 11.2856 0.200974 18.0062
      vertex 11.2525 0.154694 17.9262
      vertex 13.4278 0.200974 17.1516
    endloop
  endfacet
  facet normal 0.152867 -0.910931 0.383193
    outer loop
      vertex 13.3968 0.154694 17.0708
      vertex 11.2182 0.114182 17.8436
      vertex 13.3647 0.114182 16.9873
    endloop
  endfacet
  facet normal 0.152893 -0.910895 0.383268
    outer loop
      vertex 11.2525 0.154694 17.9262
      vertex 11.2182 0.114182 17.8436
      vertex 13.3968 0.154694 17.0708
    endloop
  endfacet
  facet normal 0.130518 -0.935924 0.327125
    outer loop
      vertex 13.3647 0.114182 16.9873
      vertex 11.1831 0.0796051 17.7588
      vertex 13.3318 0.0796051 16.9015
    endloop
  endfacet
  facet normal 0.130643 -0.935781 0.327486
    outer loop
      vertex 11.2182 0.114182 17.8436
      vertex 11.1831 0.0796051 17.7588
      vertex 13.3647 0.114182 16.9873
    endloop
  endfacet
  facet normal 0.107538 -0.956967 0.269535
    outer loop
      vertex 13.3318 0.0796051 16.9015
      vertex 11.1471 0.0511169 17.672
      vertex 13.2981 0.0511169 16.8138
    endloop
  endfacet
  facet normal 0.107523 -0.956981 0.269491
    outer loop
      vertex 11.1831 0.0796051 17.7588
      vertex 11.1471 0.0511169 17.672
      vertex 13.3318 0.0796051 16.9015
    endloop
  endfacet
  facet normal 0.0842189 -0.973831 0.211091
    outer loop
      vertex 13.2981 0.0511169 16.8138
      vertex 11.1106 0.0288239 17.5837
      vertex 13.2639 0.0288239 16.7246
    endloop
  endfacet
  facet normal 0.0842067 -0.97384 0.211056
    outer loop
      vertex 11.1471 0.0511169 17.672
      vertex 11.1106 0.0288239 17.5837
      vertex 13.2981 0.0511169 16.8138
    endloop
  endfacet
  facet normal 0.060325 -0.986659 0.151212
    outer loop
      vertex 13.2639 0.0288239 16.7246
      vertex 11.0735 0.0128479 17.4942
      vertex 13.2292 0.0128479 16.6342
    endloop
  endfacet
  facet normal 0.0602961 -0.986673 0.15113
    outer loop
      vertex 11.1106 0.0288239 17.5837
      vertex 11.0735 0.0128479 17.4942
      vertex 13.2639 0.0288239 16.7246
    endloop
  endfacet
  facet normal 0.0363473 -0.995177 0.0911152
    outer loop
      vertex 13.2292 0.0128479 16.6342
      vertex 11.0361 0.0032196 17.4039
      vertex 13.1942 0.0032196 16.543
    endloop
  endfacet
  facet normal 0.0363297 -0.995182 0.0910651
    outer loop
      vertex 11.0735 0.0128479 17.4942
      vertex 11.0361 0.0032196 17.4039
      vertex 13.2292 0.0128479 16.6342
    endloop
  endfacet
  facet normal 0.0121505 -0.999462 0.0304534
    outer loop
      vertex 13.1942 0.0032196 16.543
      vertex 11.009 1.52588e-05 17.3097
      vertex 13.1592 1.52588e-05 16.4518
    endloop
  endfacet
  facet normal 0.0119809 -0.999461 0.0305513
    outer loop
      vertex 11.009 1.52588e-05 17.3097
      vertex 11.0361 0.0032196 17.4039
      vertex 10.9988 1.52588e-05 17.3137
    endloop
  endfacet
  facet normal 0.0121661 -0.999461 0.030498
    outer loop
      vertex 11.0361 0.0032196 17.4039
      vertex 11.009 1.52588e-05 17.3097
      vertex 13.1942 0.0032196 16.543
    endloop
  endfacet
  facet normal 0.0128084 0.999473 0.0298128
    outer loop
      vertex 11.2665 20.5 17.96
      vertex 9.16745 20.4983 18.9188
      vertex 11.2865 20.4983 18.0084
    endloop
  endfacet
  facet normal 0.0128202 0.999473 0.0298387
    outer loop
      vertex 11.2665 20.5 17.96
      vertex 9.14617 20.5 18.871
      vertex 9.16745 20.4983 18.9188
    endloop
  endfacet
  facet normal 0.0384957 0.995234 0.0895973
    outer loop
      vertex 11.2865 20.4983 18.0084
      vertex 9.18864 20.4932 18.9664
      vertex 11.3064 20.4932 18.0565
    endloop
  endfacet
  facet normal 0.0384573 0.995243 0.0895132
    outer loop
      vertex 11.2865 20.4983 18.0084
      vertex 9.16745 20.4983 18.9188
      vertex 9.18864 20.4932 18.9664
    endloop
  endfacet
  facet normal 0.0648413 0.986416 0.150929
    outer loop
      vertex 11.3064 20.4932 18.0565
      vertex 9.20965 20.4846 19.0135
      vertex 11.3262 20.4846 18.1042
    endloop
  endfacet
  facet normal 0.0649362 0.986378 0.151137
    outer loop
      vertex 11.3064 20.4932 18.0565
      vertex 9.18864 20.4932 18.9664
      vertex 9.20965 20.4846 19.0135
    endloop
  endfacet
  facet normal 0.0897425 0.973814 0.208883
    outer loop
      vertex 11.3262 20.4846 18.1042
      vertex 9.23039 20.4727 19.0601
      vertex 11.3457 20.4727 18.1513
    endloop
  endfacet
  facet normal 0.0896896 0.973844 0.208768
    outer loop
      vertex 11.3262 20.4846 18.1042
      vertex 9.20965 20.4846 19.0135
      vertex 9.23039 20.4727 19.0601
    endloop
  endfacet
  facet normal 0.113873 0.957488 0.265048
    outer loop
      vertex 11.3457 20.4727 18.1513
      vertex 9.25076 20.4576 19.1059
      vertex 11.3649 20.4576 18.1976
    endloop
  endfacet
  facet normal 0.113867 0.957492 0.265036
    outer loop
      vertex 11.3457 20.4727 18.1513
      vertex 9.23039 20.4727 19.0601
      vertex 9.25076 20.4576 19.1059
    endloop
  endfacet
  facet normal 0.139425 0.935549 0.324512
    outer loop
      vertex 11.3649 20.4576 18.1976
      vertex 9.27069 20.4391 19.1507
      vertex 11.3836 20.4391 18.2429
    endloop
  endfacet
  facet normal 0.139356 0.935611 0.324363
    outer loop
      vertex 11.3649 20.4576 18.1976
      vertex 9.25076 20.4576 19.1059
      vertex 9.27069 20.4391 19.1507
    endloop
  endfacet
  facet normal 0.162973 0.910794 0.379335
    outer loop
      vertex 11.3836 20.4391 18.2429
      vertex 9.29008 20.4175 19.1942
      vertex 11.4019 20.4175 18.2869
    endloop
  endfacet
  facet normal 0.163061 0.910699 0.379525
    outer loop
      vertex 11.3836 20.4391 18.2429
      vertex 9.27069 20.4391 19.1507
      vertex 9.29008 20.4175 19.1942
    endloop
  endfacet
  facet normal 0.186176 0.881792 0.433338
    outer loop
      vertex 11.4019 20.4175 18.2869
      vertex 9.30886 20.3928 19.2364
      vertex 11.4195 20.3928 18.3296
    endloop
  endfacet
  facet normal 0.186155 0.881819 0.433292
    outer loop
      vertex 11.4019 20.4175 18.2869
      vertex 9.29008 20.4175 19.1942
      vertex 9.30886 20.3928 19.2364
    endloop
  endfacet
  facet normal 0.208475 0.849184 0.485205
    outer loop
      vertex 11.4195 20.3928 18.3296
      vertex 9.32694 20.3652 19.277
      vertex 11.4365 20.3652 18.3706
    endloop
  endfacet
  facet normal 0.208263 0.849498 0.484747
    outer loop
      vertex 11.4195 20.3928 18.3296
      vertex 9.30886 20.3928 19.2364
      vertex 9.32694 20.3652 19.277
    endloop
  endfacet
  facet normal 0.229672 0.813312 0.534578
    outer loop
      vertex 11.4365 20.3652 18.3706
      vertex 9.34425 20.3347 19.3159
      vertex 11.4528 20.3347 18.41
    endloop
  endfacet
  facet normal 0.229902 0.81292 0.535076
    outer loop
      vertex 11.4365 20.3652 18.3706
      vertex 9.32694 20.3652 19.277
      vertex 9.34425 20.3347 19.3159
    endloop
  endfacet
  facet normal 0.250325 0.773218 0.582642
    outer loop
      vertex 11.4528 20.3347 18.41
      vertex 9.36071 20.3015 19.3529
      vertex 11.4683 20.3015 18.4474
    endloop
  endfacet
  facet normal 0.25028 0.773306 0.582545
    outer loop
      vertex 11.4528 20.3347 18.41
      vertex 9.34425 20.3347 19.3159
      vertex 9.36071 20.3015 19.3529
    endloop
  endfacet
  facet normal 0.269947 0.729626 0.628311
    outer loop
      vertex 11.4683 20.3015 18.4474
      vertex 9.37625 20.2657 19.3878
      vertex 11.4829 20.2657 18.4827
    endloop
  endfacet
  facet normal 0.269933 0.729658 0.62828
    outer loop
      vertex 11.4683 20.3015 18.4474
      vertex 9.36071 20.3015 19.3529
      vertex 9.37625 20.2657 19.3878
    endloop
  endfacet
  facet normal 0.288293 0.683082 0.671034
    outer loop
      vertex 11.4829 20.2657 18.4827
      vertex 9.39081 20.2275 19.4204
      vertex 11.4966 20.2275 18.5157
    endloop
  endfacet
  facet normal 0.288407 0.682796 0.671276
    outer loop
      vertex 11.4829 20.2657 18.4827
      vertex 9.37625 20.2657 19.3878
      vertex 9.39081 20.2275 19.4204
    endloop
  endfacet
  facet normal 0.305214 0.634195 0.710381
    outer loop
      vertex 11.4966 20.2275 18.5157
      vertex 9.40432 20.187 19.4508
      vertex 11.5093 20.187 18.5464
    endloop
  endfacet
  facet normal 0.305037 0.634698 0.710007
    outer loop
      vertex 11.4966 20.2275 18.5157
      vertex 9.39081 20.2275 19.4204
      vertex 9.40432 20.187 19.4508
    endloop
  endfacet
  facet normal 0.320583 0.583404 0.746235
    outer loop
      vertex 11.5093 20.187 18.5464
      vertex 9.41672 20.1445 19.4786
      vertex 11.521 20.1445 18.5746
    endloop
  endfacet
  facet normal 0.320939 0.582252 0.746981
    outer loop
      vertex 11.5093 20.187 18.5464
      vertex 9.40432 20.187 19.4508
      vertex 9.41672 20.1445 19.4786
    endloop
  endfacet
  facet normal 0.335416 0.527263 0.780698
    outer loop
      vertex 11.521 20.1445 18.5746
      vertex 9.42796 20.1 19.5039
      vertex 11.5316 20.1 18.6001
    endloop
  endfacet
  facet normal 0.33516 0.528212 0.780167
    outer loop
      vertex 11.521 20.1445 18.5746
      vertex 9.41672 20.1445 19.4786
      vertex 9.42796 20.1 19.5039
    endloop
  endfacet
  facet normal 0.348237 0.470871 0.810562
    outer loop
      vertex 11.5316 20.1 18.6001
      vertex 9.438 20.0538 19.5264
      vertex 11.541 20.0538 18.6229
    endloop
  endfacet
  facet normal 0.348317 0.470529 0.810726
    outer loop
      vertex 11.5316 20.1 18.6001
      vertex 9.42796 20.1 19.5039
      vertex 9.438 20.0538 19.5264
    endloop
  endfacet
  facet normal 0.359442 0.413334 0.836634
    outer loop
      vertex 11.541 20.0538 18.6229
      vertex 9.44679 20.0061 19.5462
      vertex 11.5493 20.0061 18.6429
    endloop
  endfacet
  facet normal 0.359411 0.413487 0.836571
    outer loop
      vertex 11.541 20.0538 18.6229
      vertex 9.438 20.0538 19.5264
      vertex 9.44679 20.0061 19.5462
    endloop
  endfacet
  facet normal 0.369525 0.35273 0.85967
    outer loop
      vertex 11.5493 20.0061 18.6429
      vertex 11.5177 19.9773 18.6683
      vertex 11.5537 19.9759 18.6534
    endloop
  endfacet
  facet normal 0.369327 0.352944 0.859667
    outer loop
      vertex 11.5177 19.9773 18.6683
      vertex 11.5493 20.0061 18.6429
      vertex 10.315 19.9773 19.185
    endloop
  endfacet
  facet normal 0.369397 0.352535 0.859805
    outer loop
      vertex 9.44679 20.0061 19.5462
      vertex 10.315 19.9773 19.185
      vertex 11.5493 20.0061 18.6429
    endloop
  endfacet
  facet normal 0.370209 0.352705 0.859386
    outer loop
      vertex 9.48746 19.9773 19.5405
      vertex 9.44679 20.0061 19.5462
      vertex 9.45142 19.9759 19.5566
    endloop
  endfacet
  facet normal 0.36951 0.351566 0.860153
    outer loop
      vertex 10.315 19.9773 19.185
      vertex 9.44679 20.0061 19.5462
      vertex 9.48746 19.9773 19.5405
    endloop
  endfacet
  facet normal 0.38391 -0.23446 0.893108
    outer loop
      vertex 11.5177 1.11646 18.6683
      vertex 11.553 1.11179 18.6519
      vertex 11.5537 1.11865 18.6534
    endloop
  endfacet
  facet normal 0.3836 -0.235922 0.892856
    outer loop
      vertex 9.55369 1.11645 19.5121
      vertex 11.553 1.11179 18.6519
      vertex 11.5177 1.11646 18.6683
    endloop
  endfacet
  facet normal 0.383827 -0.233589 0.893372
    outer loop
      vertex 11.553 1.11179 18.6519
      vertex 9.55369 1.11645 19.5121
      vertex 9.45077 1.11179 19.5551
    endloop
  endfacet
  facet normal 0.384618 -0.218075 0.896946
    outer loop
      vertex 9.48746 1.11645 19.5405
      vertex 9.45077 1.11179 19.5551
      vertex 9.55369 1.11645 19.5121
    endloop
  endfacet
  facet normal 0.384929 -0.231495 0.893443
    outer loop
      vertex 9.45077 1.11179 19.5551
      vertex 9.48746 1.11645 19.5405
      vertex 9.45142 1.11866 19.5566
    endloop
  endfacet
  facet normal 0.377784 -0.29001 0.879303
    outer loop
      vertex 11.553 1.11179 18.6519
      vertex 9.43918 1.01785 19.5291
      vertex 11.5421 1.01785 18.6256
    endloop
  endfacet
  facet normal 0.377787 -0.289979 0.879312
    outer loop
      vertex 9.45077 1.11179 19.5551
      vertex 9.43918 1.01785 19.5291
      vertex 11.553 1.11179 18.6519
    endloop
  endfacet
  facet normal 0.369413 -0.352558 0.859789
    outer loop
      vertex 11.5421 1.01785 18.6256
      vertex 9.42512 0.92598 19.4975
      vertex 11.5289 0.92598 18.5936
    endloop
  endfacet
  facet normal 0.369439 -0.352308 0.85988
    outer loop
      vertex 9.43918 1.01785 19.5291
      vertex 9.42512 0.92598 19.4975
      vertex 11.5421 1.01785 18.6256
    endloop
  endfacet
  facet normal 0.359605 -0.412485 0.836982
    outer loop
      vertex 11.5289 0.92598 18.5936
      vertex 9.40864 0.836578 19.4605
      vertex 11.5134 0.836578 18.5562
    endloop
  endfacet
  facet normal 0.359583 -0.412649 0.836911
    outer loop
      vertex 9.42512 0.92598 19.4975
      vertex 9.40864 0.836578 19.4605
      vertex 11.5289 0.92598 18.5936
    endloop
  endfacet
  facet normal 0.348211 -0.470941 0.810533
    outer loop
      vertex 11.5134 0.836578 18.5562
      vertex 9.38982 0.75 19.4182
      vertex 11.4957 0.75 18.5135
    endloop
  endfacet
  facet normal 0.348112 -0.471532 0.810232
    outer loop
      vertex 9.40864 0.836578 19.4605
      vertex 9.38982 0.75 19.4182
      vertex 11.5134 0.836578 18.5562
    endloop
  endfacet
  facet normal 0.335216 -0.528063 0.780243
    outer loop
      vertex 11.4957 0.75 18.5135
      vertex 9.36874 0.666656 19.3709
      vertex 11.4759 0.666656 18.4656
    endloop
  endfacet
  facet normal 0.335283 -0.527725 0.780443
    outer loop
      vertex 9.38982 0.75 19.4182
      vertex 9.36874 0.666656 19.3709
      vertex 11.4957 0.75 18.5135
    endloop
  endfacet
  facet normal 0.320873 -0.582355 0.746929
    outer loop
      vertex 11.4759 0.666656 18.4656
      vertex 9.34548 0.586868 19.3186
      vertex 11.454 0.586868 18.4128
    endloop
  endfacet
  facet normal 0.320751 -0.582876 0.746575
    outer loop
      vertex 9.36874 0.666656 19.3709
      vertex 9.34548 0.586868 19.3186
      vertex 11.4759 0.666656 18.4656
    endloop
  endfacet
  facet normal 0.305072 -0.634652 0.710034
    outer loop
      vertex 11.454 0.586868 18.4128
      vertex 9.32015 0.510986 19.2618
      vertex 11.4302 0.510986 18.3552
    endloop
  endfacet
  facet normal 0.30529 -0.633854 0.710653
    outer loop
      vertex 9.34548 0.586868 19.3186
      vertex 9.32015 0.510986 19.2618
      vertex 11.454 0.586868 18.4128
    endloop
  endfacet
  facet normal 0.288077 -0.683656 0.670541
    outer loop
      vertex 11.4302 0.510986 18.3552
      vertex 9.29286 0.439346 19.2004
      vertex 11.4045 0.439346 18.2932
    endloop
  endfacet
  facet normal 0.287946 -0.68407 0.670175
    outer loop
      vertex 9.32015 0.510986 19.2618
      vertex 9.29286 0.439346 19.2004
      vertex 11.4302 0.510986 18.3552
    endloop
  endfacet
  facet normal 0.269838 -0.72989 0.628051
    outer loop
      vertex 11.4045 0.439346 18.2932
      vertex 9.26372 0.372253 19.135
      vertex 11.3771 0.372253 18.227
    endloop
  endfacet
  facet normal 0.269921 -0.729661 0.628282
    outer loop
      vertex 9.29286 0.439346 19.2004
      vertex 9.26372 0.372253 19.135
      vertex 11.4045 0.439346 18.2932
    endloop
  endfacet
  facet normal 0.250405 -0.77308 0.582791
    outer loop
      vertex 11.3771 0.372253 18.227
      vertex 9.23286 0.309982 19.0657
      vertex 11.348 0.309982 18.1569
    endloop
  endfacet
  facet normal 0.250474 -0.772914 0.58298
    outer loop
      vertex 9.26372 0.372253 19.135
      vertex 9.23286 0.309982 19.0657
      vertex 11.3771 0.372253 18.227
    endloop
  endfacet
  facet normal 0.229995 -0.812737 0.535313
    outer loop
      vertex 11.348 0.309982 18.1569
      vertex 9.20041 0.252808 18.9928
      vertex 11.3175 0.252808 18.0832
    endloop
  endfacet
  facet normal 0.229937 -0.812857 0.535156
    outer loop
      vertex 9.23286 0.309982 19.0657
      vertex 9.20041 0.252808 18.9928
      vertex 11.348 0.309982 18.1569
    endloop
  endfacet
  facet normal 0.208494 -0.849155 0.485249
    outer loop
      vertex 11.3175 0.252808 18.0832
      vertex 9.1665 0.200974 18.9167
      vertex 11.2856 0.200974 18.0062
    endloop
  endfacet
  facet normal 0.208547 -0.84906 0.485392
    outer loop
      vertex 9.20041 0.252808 18.9928
      vertex 9.1665 0.200974 18.9167
      vertex 11.3175 0.252808 18.0832
    endloop
  endfacet
  facet normal 0.186116 -0.881888 0.433167
    outer loop
      vertex 11.2856 0.200974 18.0062
      vertex 9.1313 0.154694 18.8376
      vertex 11.2525 0.154694 17.9262
    endloop
  endfacet
  facet normal 0.186113 -0.881893 0.433159
    outer loop
      vertex 9.1665 0.200974 18.9167
      vertex 9.1313 0.154694 18.8376
      vertex 11.2856 0.200974 18.0062
    endloop
  endfacet
  facet normal 0.162894 -0.910898 0.379117
    outer loop
      vertex 11.2525 0.154694 17.9262
      vertex 9.09493 0.114182 18.7559
      vertex 11.2182 0.114182 17.8436
    endloop
  endfacet
  facet normal 0.162907 -0.910882 0.379152
    outer loop
      vertex 9.1313 0.154694 18.8376
      vertex 9.09493 0.114182 18.7559
      vertex 11.2525 0.154694 17.9262
    endloop
  endfacet
  facet normal 0.139181 -0.93578 0.323952
    outer loop
      vertex 11.2182 0.114182 17.8436
      vertex 9.05757 0.0796051 18.672
      vertex 11.1831 0.0796051 17.7588
    endloop
  endfacet
  facet normal 0.139103 -0.935862 0.323746
    outer loop
      vertex 9.09493 0.114182 18.7559
      vertex 9.05757 0.0796051 18.672
      vertex 11.2182 0.114182 17.8436
    endloop
  endfacet
  facet normal 0.114539 -0.956982 0.266582
    outer loop
      vertex 11.1831 0.0796051 17.7588
      vertex 9.01936 0.0511169 18.5862
      vertex 11.1471 0.0511169 17.672
    endloop
  endfacet
  facet normal 0.114585 -0.956942 0.266705
    outer loop
      vertex 9.05757 0.0796051 18.672
      vertex 9.01936 0.0511169 18.5862
      vertex 11.1831 0.0796051 17.7588
    endloop
  endfacet
  facet normal 0.0896951 -0.973839 0.208787
    outer loop
      vertex 11.1471 0.0511169 17.672
      vertex 8.98048 0.0288239 18.4988
      vertex 11.1106 0.0288239 17.5837
    endloop
  endfacet
  facet normal 0.0896051 -0.973898 0.20855
    outer loop
      vertex 9.01936 0.0511169 18.5862
      vertex 8.98048 0.0288239 18.4988
      vertex 11.1471 0.0511169 17.672
    endloop
  endfacet
  facet normal 0.0642325 -0.986673 0.149498
    outer loop
      vertex 11.1106 0.0288239 17.5837
      vertex 8.94109 0.0128479 18.4104
      vertex 11.0735 0.0128479 17.4942
    endloop
  endfacet
  facet normal 0.0642946 -0.986645 0.149661
    outer loop
      vertex 8.98048 0.0288239 18.4988
      vertex 8.94109 0.0128479 18.4104
      vertex 11.1106 0.0288239 17.5837
    endloop
  endfacet
  facet normal 0.0387038 -0.995182 0.0900818
    outer loop
      vertex 11.0735 0.0128479 17.4942
      vertex 8.90135 0.0032196 18.3211
      vertex 11.0361 0.0032196 17.4039
    endloop
  endfacet
  facet normal 0.0387021 -0.995183 0.0900772
    outer loop
      vertex 8.94109 0.0128479 18.4104
      vertex 8.90135 0.0032196 18.3211
      vertex 11.0735 0.0128479 17.4942
    endloop
  endfacet
  facet normal 0.0129538 -0.999461 0.030149
    outer loop
      vertex 11.0361 0.0032196 17.4039
      vertex 8.87176 1.52588e-05 18.2276
      vertex 10.9988 1.52588e-05 17.3137
    endloop
  endfacet
  facet normal 0.0128289 -0.999462 0.0301926
    outer loop
      vertex 8.87176 1.52588e-05 18.2276
      vertex 8.90135 0.0032196 18.3211
      vertex 8.86164 1.52588e-05 18.2319
    endloop
  endfacet
  facet normal 0.0129551 -0.999461 0.0301526
    outer loop
      vertex 8.90135 0.0032196 18.3211
      vertex 8.87176 1.52588e-05 18.2276
      vertex 11.0361 0.0032196 17.4039
    endloop
  endfacet
  facet normal 0.0135957 0.999473 0.0294934
    outer loop
      vertex 9.14617 20.5 18.871
      vertex 7.07297 20.4983 19.8843
      vertex 9.16745 20.4983 18.9188
    endloop
  endfacet
  facet normal 0.0136027 0.999472 0.0295078
    outer loop
      vertex 9.14617 20.5 18.871
      vertex 7.05045 20.5 19.8371
      vertex 7.07297 20.4983 19.8843
    endloop
  endfacet
  facet normal 0.040788 0.995243 0.0884757
    outer loop
      vertex 9.16745 20.4983 18.9188
      vertex 7.0954 20.4932 19.9314
      vertex 9.18864 20.4932 18.9664
    endloop
  endfacet
  facet normal 0.0407351 0.995255 0.0883675
    outer loop
      vertex 9.16745 20.4983 18.9188
      vertex 7.07297 20.4983 19.8843
      vertex 7.0954 20.4932 19.9314
    endloop
  endfacet
  facet normal 0.0688709 0.986378 0.149382
    outer loop
      vertex 9.18864 20.4932 18.9664
      vertex 7.11764 20.4846 19.978
      vertex 9.20965 20.4846 19.0135
    endloop
  endfacet
  facet normal 0.0687879 0.98641 0.149212
    outer loop
      vertex 9.18864 20.4932 18.9664
      vertex 7.0954 20.4932 19.9314
      vertex 7.11764 20.4846 19.978
    endloop
  endfacet
  facet normal 0.0951298 0.973844 0.206347
    outer loop
      vertex 9.20965 20.4846 19.0135
      vertex 7.13959 20.4727 20.024
      vertex 9.23039 20.4727 19.0601
    endloop
  endfacet
  facet normal 0.095201 0.973806 0.206492
    outer loop
      vertex 9.20965 20.4846 19.0135
      vertex 7.11764 20.4846 19.978
      vertex 7.13959 20.4727 20.024
    endloop
  endfacet
  facet normal 0.120766 0.957491 0.261967
    outer loop
      vertex 9.23039 20.4727 19.0601
      vertex 7.16116 20.4576 20.0692
      vertex 9.25076 20.4576 19.1059
    endloop
  endfacet
  facet normal 0.120865 0.957423 0.262169
    outer loop
      vertex 9.23039 20.4727 19.0601
      vertex 7.13959 20.4727 20.024
      vertex 7.16116 20.4576 20.0692
    endloop
  endfacet
  facet normal 0.14779 0.935611 0.32061
    outer loop
      vertex 9.25076 20.4576 19.1059
      vertex 7.18225 20.4391 20.1134
      vertex 9.27069 20.4391 19.1507
    endloop
  endfacet
  facet normal 0.147955 0.935469 0.320946
    outer loop
      vertex 9.25076 20.4576 19.1059
      vertex 7.16116 20.4576 20.0692
      vertex 7.18225 20.4391 20.1134
    endloop
  endfacet
  facet normal 0.172941 0.9107 0.375122
    outer loop
      vertex 9.27069 20.4391 19.1507
      vertex 7.20278 20.4175 20.1565
      vertex 9.29008 20.4175 19.1942
    endloop
  endfacet
  facet normal 0.17258 0.911071 0.374387
    outer loop
      vertex 9.27069 20.4391 19.1507
      vertex 7.18225 20.4391 20.1134
      vertex 7.20278 20.4175 20.1565
    endloop
  endfacet
  facet normal 0.197426 0.881818 0.428276
    outer loop
      vertex 9.29008 20.4175 19.1942
      vertex 7.22265 20.3928 20.1981
      vertex 9.30886 20.3928 19.2364
    endloop
  endfacet
  facet normal 0.197738 0.881441 0.428907
    outer loop
      vertex 9.29008 20.4175 19.1942
      vertex 7.20278 20.4175 20.1565
      vertex 7.22265 20.3928 20.1981
    endloop
  endfacet
  facet normal 0.220888 0.849498 0.479126
    outer loop
      vertex 9.30886 20.3928 19.2364
      vertex 7.24179 20.3652 20.2383
      vertex 9.32694 20.3652 19.277
    endloop
  endfacet
  facet normal 0.220582 0.849926 0.478508
    outer loop
      vertex 9.30886 20.3928 19.2364
      vertex 7.22265 20.3928 20.1981
      vertex 7.24179 20.3652 20.2383
    endloop
  endfacet
  facet normal 0.243818 0.812918 0.528882
    outer loop
      vertex 9.32694 20.3652 19.277
      vertex 7.26011 20.3347 20.2767
      vertex 9.34425 20.3347 19.3159
    endloop
  endfacet
  facet normal 0.243943 0.812716 0.529135
    outer loop
      vertex 9.32694 20.3652 19.277
      vertex 7.24179 20.3652 20.2383
      vertex 7.26011 20.3347 20.2767
    endloop
  endfacet
  facet normal 0.265433 0.773303 0.575801
    outer loop
      vertex 9.34425 20.3347 19.3159
      vertex 7.27754 20.3015 20.3132
      vertex 9.36071 20.3015 19.3529
    endloop
  endfacet
  facet normal 0.265633 0.772935 0.576204
    outer loop
      vertex 9.34425 20.3347 19.3159
      vertex 7.26011 20.3347 20.2767
      vertex 7.27754 20.3015 20.3132
    endloop
  endfacet
  facet normal 0.286275 0.729658 0.621004
    outer loop
      vertex 9.36071 20.3015 19.3529
      vertex 7.29398 20.2657 20.3477
      vertex 9.37625 20.2657 19.3878
    endloop
  endfacet
  facet normal 0.286217 0.729779 0.620889
    outer loop
      vertex 9.36071 20.3015 19.3529
      vertex 7.27754 20.3015 20.3132
      vertex 7.29398 20.2657 20.3477
    endloop
  endfacet
  facet normal 0.305886 0.682807 0.663482
    outer loop
      vertex 9.37625 20.2657 19.3878
      vertex 7.30939 20.2275 20.38
      vertex 9.39081 20.2275 19.4204
    endloop
  endfacet
  facet normal 0.305529 0.683657 0.662771
    outer loop
      vertex 9.37625 20.2657 19.3878
      vertex 7.29398 20.2657 20.3477
      vertex 7.30939 20.2275 20.38
    endloop
  endfacet
  facet normal 0.32353 0.634691 0.70178
    outer loop
      vertex 9.39081 20.2275 19.4204
      vertex 7.32369 20.187 20.41
      vertex 9.40432 20.187 19.4508
    endloop
  endfacet
  facet normal 0.323668 0.634321 0.702051
    outer loop
      vertex 9.39081 20.2275 19.4204
      vertex 7.30939 20.2275 20.38
      vertex 7.32369 20.187 20.41
    endloop
  endfacet
  facet normal 0.340386 0.582259 0.738317
    outer loop
      vertex 9.40432 20.187 19.4508
      vertex 7.33681 20.1445 20.4375
      vertex 9.41672 20.1445 19.4786
    endloop
  endfacet
  facet normal 0.340267 0.582625 0.738083
    outer loop
      vertex 9.40432 20.187 19.4508
      vertex 7.32369 20.187 20.41
      vertex 7.33681 20.1445 20.4375
    endloop
  endfacet
  facet normal 0.355478 0.528204 0.771126
    outer loop
      vertex 9.41672 20.1445 19.4786
      vertex 7.34872 20.1 20.4624
      vertex 9.42796 20.1 19.5039
    endloop
  endfacet
  facet normal 0.355803 0.527064 0.771757
    outer loop
      vertex 9.41672 20.1445 19.4786
      vertex 7.33681 20.1445 20.4375
      vertex 7.34872 20.1 20.4624
    endloop
  endfacet
  facet normal 0.369425 0.470537 0.801324
    outer loop
      vertex 9.42796 20.1 19.5039
      vertex 7.35934 20.0538 20.4847
      vertex 9.438 20.0538 19.5264
    endloop
  endfacet
  facet normal 0.3692 0.471446 0.800893
    outer loop
      vertex 9.42796 20.1 19.5039
      vertex 7.34872 20.1 20.4624
      vertex 7.35934 20.0538 20.4847
    endloop
  endfacet
  facet normal 0.381182 0.413478 0.826883
    outer loop
      vertex 9.438 20.0538 19.5264
      vertex 7.36864 20.0061 20.5042
      vertex 9.44679 20.0061 19.5462
    endloop
  endfacet
  facet normal 0.381381 0.412544 0.827258
    outer loop
      vertex 9.438 20.0538 19.5264
      vertex 7.35934 20.0538 20.4847
      vertex 7.36864 20.0061 20.5042
    endloop
  endfacet
  facet normal 0.39203 0.352699 0.849656
    outer loop
      vertex 9.44679 20.0061 19.5462
      vertex 9.4157 19.9773 19.5725
      vertex 9.45142 19.9759 19.5566
    endloop
  endfacet
  facet normal 0.391691 0.353068 0.849659
    outer loop
      vertex 9.4157 19.9773 19.5725
      vertex 9.44679 20.0061 19.5462
      vertex 8.22589 19.9773 20.121
    endloop
  endfacet
  facet normal 0.391628 0.353417 0.849543
    outer loop
      vertex 7.36864 20.0061 20.5042
      vertex 8.22589 19.9773 20.121
      vertex 9.44679 20.0061 19.5462
    endloop
  endfacet
  facet normal 0.39221 0.35342 0.849274
    outer loop
      vertex 7.40854 19.9772 20.4978
      vertex 7.36864 20.0061 20.5042
      vertex 7.37355 19.9759 20.5145
    endloop
  endfacet
  facet normal 0.391727 0.352631 0.849824
    outer loop
      vertex 8.22589 19.9773 20.121
      vertex 7.36864 20.0061 20.5042
      vertex 7.40854 19.9772 20.4978
    endloop
  endfacet
  facet normal 0.407427 -0.231436 0.883425
    outer loop
      vertex 9.4157 1.11647 19.5725
      vertex 9.45077 1.11179 19.5551
      vertex 9.45142 1.11866 19.5566
    endloop
  endfacet
  facet normal 0.407195 -0.23252 0.883248
    outer loop
      vertex 7.47611 1.11651 20.4667
      vertex 9.45077 1.11179 19.5551
      vertex 9.4157 1.11647 19.5725
    endloop
  endfacet
  facet normal 0.406102 -0.242968 0.880935
    outer loop
      vertex 9.45077 1.11179 19.5551
      vertex 7.47611 1.11651 20.4667
      vertex 7.37285 1.11179 20.513
    endloop
  endfacet
  facet normal 0.406956 -0.22909 0.884254
    outer loop
      vertex 7.40854 1.11652 20.4978
      vertex 7.37285 1.11179 20.513
      vertex 7.47611 1.11651 20.4667
    endloop
  endfacet
  facet normal 0.407019 -0.232639 0.883298
    outer loop
      vertex 7.37285 1.11179 20.513
      vertex 7.40854 1.11652 20.4978
      vertex 7.37355 1.11871 20.5145
    endloop
  endfacet
  facet normal 0.400656 -0.289982 0.869129
    outer loop
      vertex 9.45077 1.11179 19.5551
      vertex 7.36059 1.01785 20.4873
      vertex 9.43918 1.01785 19.5291
    endloop
  endfacet
  facet normal 0.400649 -0.290058 0.869107
    outer loop
      vertex 7.37285 1.11179 20.513
      vertex 7.36059 1.01785 20.4873
      vertex 9.45077 1.11179 19.5551
    endloop
  endfacet
  facet normal 0.391809 -0.352306 0.849921
    outer loop
      vertex 9.43918 1.01785 19.5291
      vertex 7.3457 0.92598 20.4561
      vertex 9.42512 0.92598 19.4975
    endloop
  endfacet
  facet normal 0.391825 -0.352165 0.849972
    outer loop
      vertex 7.36059 1.01785 20.4873
      vertex 7.3457 0.92598 20.4561
      vertex 9.43918 1.01785 19.5291
    endloop
  endfacet
  facet normal 0.381363 -0.41265 0.827213
    outer loop
      vertex 9.42512 0.92598 19.4975
      vertex 7.32826 0.836578 20.4196
      vertex 9.40864 0.836578 19.4605
    endloop
  endfacet
  facet normal 0.381428 -0.412209 0.827403
    outer loop
      vertex 7.3457 0.92598 20.4561
      vertex 7.32826 0.836578 20.4196
      vertex 9.42512 0.92598 19.4975
    endloop
  endfacet
  facet normal 0.369203 -0.471529 0.800843
    outer loop
      vertex 9.40864 0.836578 19.4605
      vertex 7.30834 0.75 20.3778
      vertex 9.38982 0.75 19.4182
    endloop
  endfacet
  facet normal 0.369194 -0.47158 0.800817
    outer loop
      vertex 7.32826 0.836578 20.4196
      vertex 7.30834 0.75 20.3778
      vertex 9.40864 0.836578 19.4605
    endloop
  endfacet
  facet normal 0.355602 -0.527729 0.771394
    outer loop
      vertex 9.38982 0.75 19.4182
      vertex 7.28603 0.666656 20.331
      vertex 9.36874 0.666656 19.3709
    endloop
  endfacet
  facet normal 0.355506 -0.528176 0.771132
    outer loop
      vertex 7.30834 0.75 20.3778
      vertex 7.28603 0.666656 20.331
      vertex 9.38982 0.75 19.4182
    endloop
  endfacet
  facet normal 0.340197 -0.582872 0.73792
    outer loop
      vertex 9.36874 0.666656 19.3709
      vertex 7.26141 0.586868 20.2794
      vertex 9.34548 0.586868 19.3186
    endloop
  endfacet
  facet normal 0.340309 -0.582426 0.738221
    outer loop
      vertex 7.28603 0.666656 20.331
      vertex 7.26141 0.586868 20.2794
      vertex 9.36874 0.666656 19.3709
    endloop
  endfacet
  facet normal 0.323798 -0.63386 0.702407
    outer loop
      vertex 9.34548 0.586868 19.3186
      vertex 7.23461 0.510986 20.2232
      vertex 9.32015 0.510986 19.2618
    endloop
  endfacet
  facet normal 0.323672 -0.63429 0.702077
    outer loop
      vertex 7.26141 0.586868 20.2794
      vertex 7.23461 0.510986 20.2232
      vertex 9.34548 0.586868 19.3186
    endloop
  endfacet
  facet normal 0.305384 -0.684064 0.662418
    outer loop
      vertex 9.32015 0.510986 19.2618
      vertex 7.20572 0.439346 20.1626
      vertex 9.29286 0.439346 19.2004
    endloop
  endfacet
  facet normal 0.305488 -0.683757 0.662687
    outer loop
      vertex 7.23461 0.510986 20.2232
      vertex 7.20572 0.439346 20.1626
      vertex 9.32015 0.510986 19.2618
    endloop
  endfacet
  facet normal 0.286289 -0.729663 0.620991
    outer loop
      vertex 9.29286 0.439346 19.2004
      vertex 7.17487 0.372253 20.098
      vertex 9.26372 0.372253 19.135
    endloop
  endfacet
  facet normal 0.286309 -0.729613 0.621042
    outer loop
      vertex 7.20572 0.439346 20.1626
      vertex 7.17487 0.372253 20.098
      vertex 9.29286 0.439346 19.2004
    endloop
  endfacet
  facet normal 0.265643 -0.772915 0.576226
    outer loop
      vertex 9.26372 0.372253 19.135
      vertex 7.14221 0.309982 20.0295
      vertex 9.23286 0.309982 19.0657
    endloop
  endfacet
  facet normal 0.265593 -0.773026 0.5761
    outer loop
      vertex 7.17487 0.372253 20.098
      vertex 7.14221 0.309982 20.0295
      vertex 9.26372 0.372253 19.135
    endloop
  endfacet
  facet normal 0.243859 -0.812857 0.528958
    outer loop
      vertex 9.23286 0.309982 19.0657
      vertex 7.10786 0.252808 19.9575
      vertex 9.20041 0.252808 18.9928
    endloop
  endfacet
  facet normal 0.243898 -0.812781 0.529056
    outer loop
      vertex 7.14221 0.309982 20.0295
      vertex 7.10786 0.252808 19.9575
      vertex 9.23286 0.309982 19.0657
    endloop
  endfacet
  facet normal 0.221159 -0.849062 0.479774
    outer loop
      vertex 9.20041 0.252808 18.9928
      vertex 7.07198 0.200974 19.8822
      vertex 9.1665 0.200974 18.9167
    endloop
  endfacet
  facet normal 0.220991 -0.849341 0.479357
    outer loop
      vertex 7.10786 0.252808 19.9575
      vertex 7.07198 0.200974 19.8822
      vertex 9.20041 0.252808 18.9928
    endloop
  endfacet
  facet normal 0.197371 -0.881892 0.428148
    outer loop
      vertex 9.1665 0.200974 18.9167
      vertex 7.03471 0.154694 19.8041
      vertex 9.1313 0.154694 18.8376
    endloop
  endfacet
  facet normal 0.197437 -0.881798 0.428312
    outer loop
      vertex 7.07198 0.200974 19.8822
      vertex 7.03471 0.154694 19.8041
      vertex 9.1665 0.200974 18.9167
    endloop
  endfacet
  facet normal 0.172764 -0.910881 0.374764
    outer loop
      vertex 9.1313 0.154694 18.8376
      vertex 6.99621 0.114182 19.7234
      vertex 9.09493 0.114182 18.7559
    endloop
  endfacet
  facet normal 0.172788 -0.910853 0.374822
    outer loop
      vertex 7.03471 0.154694 19.8041
      vertex 6.99621 0.114182 19.7234
      vertex 9.1313 0.154694 18.8376
    endloop
  endfacet
  facet normal 0.147518 -0.935863 0.32
    outer loop
      vertex 9.09493 0.114182 18.7559
      vertex 6.95667 0.0796051 19.6405
      vertex 9.05757 0.0796051 18.672
    endloop
  endfacet
  facet normal 0.147512 -0.935868 0.319986
    outer loop
      vertex 6.99621 0.114182 19.7234
      vertex 6.95667 0.0796051 19.6405
      vertex 9.09493 0.114182 18.7559
    endloop
  endfacet
  facet normal 0.121522 -0.956943 0.263616
    outer loop
      vertex 9.05757 0.0796051 18.672
      vertex 6.91623 0.0511169 19.5557
      vertex 9.01936 0.0511169 18.5862
    endloop
  endfacet
  facet normal 0.121494 -0.956964 0.263549
    outer loop
      vertex 6.95667 0.0796051 19.6405
      vertex 6.91623 0.0511169 19.5557
      vertex 9.05757 0.0796051 18.672
    endloop
  endfacet
  facet normal 0.0950296 -0.973898 0.206137
    outer loop
      vertex 9.01936 0.0511169 18.5862
      vertex 6.87507 0.0288239 19.4694
      vertex 8.98048 0.0288239 18.4988
    endloop
  endfacet
  facet normal 0.0950676 -0.973875 0.206229
    outer loop
      vertex 6.91623 0.0511169 19.5557
      vertex 6.87507 0.0288239 19.4694
      vertex 9.01936 0.0511169 18.5862
    endloop
  endfacet
  facet normal 0.06819 -0.986645 0.147926
    outer loop
      vertex 8.98048 0.0288239 18.4988
      vertex 6.83338 0.0128479 19.382
      vertex 8.94109 0.0128479 18.4104
    endloop
  endfacet
  facet normal 0.0681559 -0.98666 0.147843
    outer loop
      vertex 6.87507 0.0288239 19.4694
      vertex 6.83338 0.0128479 19.382
      vertex 8.98048 0.0288239 18.4988
    endloop
  endfacet
  facet normal 0.0410443 -0.995182 0.0890349
    outer loop
      vertex 8.94109 0.0128479 18.4104
      vertex 6.79133 0.0032196 19.2938
      vertex 8.90135 0.0032196 18.3211
    endloop
  endfacet
  facet normal 0.0410563 -0.995179 0.0890643
    outer loop
      vertex 6.83338 0.0128479 19.382
      vertex 6.79133 0.0032196 19.2938
      vertex 8.94109 0.0128479 18.4104
    endloop
  endfacet
  facet normal 0.0137334 -0.999462 0.0297899
    outer loop
      vertex 8.90135 0.0032196 18.3211
      vertex 6.75929 1.52588e-05 19.2011
      vertex 8.86164 1.52588e-05 18.2319
    endloop
  endfacet
  facet normal 0.0137121 -0.999462 0.0298089
    outer loop
      vertex 6.75929 1.52588e-05 19.2011
      vertex 6.79133 0.0032196 19.2938
      vertex 6.74929 1.52588e-05 19.2057
    endloop
  endfacet
  facet normal 0.0137376 -0.999461 0.0298
    outer loop
      vertex 6.79133 0.0032196 19.2938
      vertex 6.75929 1.52588e-05 19.2011
      vertex 8.90135 0.0032196 18.3211
    endloop
  endfacet
  facet normal 0.0143713 0.999472 0.0291411
    outer loop
      vertex 7.05045 20.5 19.8371
      vertex 5.00449 20.4983 20.9044
      vertex 7.07297 20.4983 19.8843
    endloop
  endfacet
  facet normal 0.0143696 0.999472 0.0291378
    outer loop
      vertex 7.05045 20.5 19.8371
      vertex 4.98074 20.5 20.8578
      vertex 5.00449 20.4983 20.9044
    endloop
  endfacet
  facet normal 0.0430353 0.995255 0.0872721
    outer loop
      vertex 7.07297 20.4983 19.8843
      vertex 5.02814 20.4932 20.9508
      vertex 7.0954 20.4932 19.9314
    endloop
  endfacet
  facet normal 0.0431109 0.995239 0.0874169
    outer loop
      vertex 7.07297 20.4983 19.8843
      vertex 5.00449 20.4983 20.9044
      vertex 5.02814 20.4932 20.9508
    endloop
  endfacet
  facet normal 0.072666 0.98641 0.147361
    outer loop
      vertex 7.0954 20.4932 19.9314
      vertex 5.05159 20.4846 20.9968
      vertex 7.11764 20.4846 19.978
    endloop
  endfacet
  facet normal 0.0726703 0.986408 0.147369
    outer loop
      vertex 7.0954 20.4932 19.9314
      vertex 5.02814 20.4932 20.9508
      vertex 5.05159 20.4846 20.9968
    endloop
  endfacet
  facet normal 0.10057 0.973806 0.20393
    outer loop
      vertex 7.11764 20.4846 19.978
      vertex 5.07474 20.4727 21.0423
      vertex 7.13959 20.4727 20.024
    endloop
  endfacet
  facet normal 0.100409 0.973887 0.203622
    outer loop
      vertex 7.11764 20.4846 19.978
      vertex 5.05159 20.4846 20.9968
      vertex 5.07474 20.4727 21.0423
    endloop
  endfacet
  facet normal 0.127684 0.957424 0.258915
    outer loop
      vertex 7.13959 20.4727 20.024
      vertex 5.09749 20.4576 21.0869
      vertex 7.16116 20.4576 20.0692
    endloop
  endfacet
  facet normal 0.127724 0.957398 0.258991
    outer loop
      vertex 7.13959 20.4727 20.024
      vertex 5.07474 20.4727 21.0423
      vertex 5.09749 20.4576 21.0869
    endloop
  endfacet
  facet normal 0.156317 0.93547 0.316956
    outer loop
      vertex 7.16116 20.4576 20.0692
      vertex 5.11973 20.4391 21.1306
      vertex 7.18225 20.4391 20.1134
    endloop
  endfacet
  facet normal 0.156141 0.935613 0.316619
    outer loop
      vertex 7.16116 20.4576 20.0692
      vertex 5.09749 20.4576 21.0869
      vertex 5.11973 20.4391 21.1306
    endloop
  endfacet
  facet normal 0.182325 0.911069 0.369744
    outer loop
      vertex 7.18225 20.4391 20.1134
      vertex 5.14138 20.4175 21.173
      vertex 7.20278 20.4175 20.1565
    endloop
  endfacet
  facet normal 0.182767 0.910638 0.370587
    outer loop
      vertex 7.18225 20.4391 20.1134
      vertex 5.11973 20.4391 21.1306
      vertex 5.14138 20.4175 21.173
    endloop
  endfacet
  facet normal 0.208898 0.881444 0.423578
    outer loop
      vertex 7.20278 20.4175 20.1565
      vertex 5.16233 20.3928 21.2142
      vertex 7.22265 20.3928 20.1981
    endloop
  endfacet
  facet normal 0.208459 0.881949 0.422741
    outer loop
      vertex 7.20278 20.4175 20.1565
      vertex 5.14138 20.4175 21.173
      vertex 5.16233 20.3928 21.2142
    endloop
  endfacet
  facet normal 0.233042 0.849922 0.472572
    outer loop
      vertex 7.22265 20.3928 20.1981
      vertex 5.18252 20.3652 21.2538
      vertex 7.24179 20.3652 20.2383
    endloop
  endfacet
  facet normal 0.233337 0.84953 0.473131
    outer loop
      vertex 7.22265 20.3928 20.1981
      vertex 5.16233 20.3928 21.2142
      vertex 5.18252 20.3652 21.2538
    endloop
  endfacet
  facet normal 0.257698 0.812717 0.522574
    outer loop
      vertex 7.24179 20.3652 20.2383
      vertex 5.20184 20.3347 21.2917
      vertex 7.26011 20.3347 20.2767
    endloop
  endfacet
  facet normal 0.257724 0.812677 0.522623
    outer loop
      vertex 7.24179 20.3652 20.2383
      vertex 5.18252 20.3652 21.2538
      vertex 5.20184 20.3347 21.2917
    endloop
  endfacet
  facet normal 0.280632 0.772938 0.569045
    outer loop
      vertex 7.26011 20.3347 20.2767
      vertex 5.22021 20.3015 21.3278
      vertex 7.27754 20.3015 20.3132
    endloop
  endfacet
  facet normal 0.280382 0.773376 0.568573
    outer loop
      vertex 7.26011 20.3347 20.2767
      vertex 5.20184 20.3347 21.2917
      vertex 5.22021 20.3015 21.3278
    endloop
  endfacet
  facet normal 0.302384 0.729775 0.613182
    outer loop
      vertex 7.27754 20.3015 20.3132
      vertex 5.23756 20.2657 21.3618
      vertex 7.29398 20.2657 20.3477
    endloop
  endfacet
  facet normal 0.30259 0.729365 0.613569
    outer loop
      vertex 7.27754 20.3015 20.3132
      vertex 5.22021 20.3015 21.3278
      vertex 5.23756 20.2657 21.3618
    endloop
  endfacet
  facet normal 0.322782 0.683658 0.654541
    outer loop
      vertex 7.29398 20.2657 20.3477
      vertex 5.2538 20.2275 21.3937
      vertex 7.30939 20.2275 20.38
    endloop
  endfacet
  facet normal 0.322745 0.683743 0.65447
    outer loop
      vertex 7.29398 20.2657 20.3477
      vertex 5.23756 20.2657 21.3618
      vertex 5.2538 20.2275 21.3937
    endloop
  endfacet
  facet normal 0.341916 0.634318 0.69335
    outer loop
      vertex 7.30939 20.2275 20.38
      vertex 5.26888 20.187 21.4233
      vertex 7.32369 20.187 20.41
    endloop
  endfacet
  facet normal 0.341977 0.634161 0.693463
    outer loop
      vertex 7.30939 20.2275 20.38
      vertex 5.2538 20.2275 21.3937
      vertex 5.26888 20.187 21.4233
    endloop
  endfacet
  facet normal 0.359476 0.582626 0.72892
    outer loop
      vertex 7.32369 20.187 20.41
      vertex 5.28272 20.1445 21.4505
      vertex 7.33681 20.1445 20.4375
    endloop
  endfacet
  facet normal 0.359262 0.58325 0.728526
    outer loop
      vertex 7.32369 20.187 20.41
      vertex 5.26888 20.187 21.4233
      vertex 5.28272 20.1445 21.4505
    endloop
  endfacet
  facet normal 0.375882 0.527075 0.762171
    outer loop
      vertex 7.33681 20.1445 20.4375
      vertex 5.29528 20.1 21.4751
      vertex 7.34872 20.1 20.4624
    endloop
  endfacet
  facet normal 0.375806 0.527329 0.762033
    outer loop
      vertex 7.33681 20.1445 20.4375
      vertex 5.28272 20.1445 21.4505
      vertex 5.29528 20.1 21.4751
    endloop
  endfacet
  facet normal 0.390066 0.471441 0.790944
    outer loop
      vertex 7.34872 20.1 20.4624
      vertex 5.30648 20.0538 21.4971
      vertex 7.35934 20.0538 20.4847
    endloop
  endfacet
  facet normal 0.390115 0.471255 0.791031
    outer loop
      vertex 7.34872 20.1 20.4624
      vertex 5.29528 20.1 21.4751
      vertex 5.30648 20.0538 21.4971
    endloop
  endfacet
  facet normal 0.402895 0.412544 0.816996
    outer loop
      vertex 7.35934 20.0538 20.4847
      vertex 5.31629 20.0061 21.5163
      vertex 7.36864 20.0061 20.5042
    endloop
  endfacet
  facet normal 0.403049 0.411855 0.817268
    outer loop
      vertex 7.35934 20.0538 20.4847
      vertex 5.30648 20.0538 21.4971
      vertex 5.31629 20.0061 21.5163
    endloop
  endfacet
  facet normal 0.413571 0.353416 0.839081
    outer loop
      vertex 7.36864 20.0061 20.5042
      vertex 7.33766 19.9773 20.5316
      vertex 7.37355 19.9759 20.5145
    endloop
  endfacet
  facet normal 0.413779 0.353186 0.839075
    outer loop
      vertex 7.33766 19.9773 20.5316
      vertex 7.36864 20.0061 20.5042
      vertex 6.16314 19.9773 21.1108
    endloop
  endfacet
  facet normal 0.413805 0.353051 0.839119
    outer loop
      vertex 5.31629 20.0061 21.5163
      vertex 6.16314 19.9773 21.1108
      vertex 7.36864 20.0061 20.5042
    endloop
  endfacet
  facet normal 0.414544 0.354104 0.83831
    outer loop
      vertex 5.35675 19.9772 21.5085
      vertex 5.31629 20.0061 21.5163
      vertex 5.32146 19.9759 21.5265
    endloop
  endfacet
  facet normal 0.413829 0.352869 0.839183
    outer loop
      vertex 6.16314 19.9773 21.1108
      vertex 5.31629 20.0061 21.5163
      vertex 5.35675 19.9772 21.5085
    endloop
  endfacet
  facet normal 0.43002 -0.232591 0.872344
    outer loop
      vertex 7.33766 1.11649 20.5316
      vertex 7.37285 1.11179 20.513
      vertex 7.37355 1.11871 20.5145
    endloop
  endfacet
  facet normal 0.430273 -0.231431 0.872528
    outer loop
      vertex 5.42257 1.11651 21.476
      vertex 7.37285 1.11179 20.513
      vertex 7.33766 1.11649 20.5316
    endloop
  endfacet
  facet normal 0.430825 -0.226225 0.87362
    outer loop
      vertex 7.37285 1.11179 20.513
      vertex 5.42257 1.11651 21.476
      vertex 5.32073 1.11179 21.525
    endloop
  endfacet
  facet normal 0.430098 -0.237255 0.871048
    outer loop
      vertex 5.35675 1.11651 21.5085
      vertex 5.32073 1.11179 21.525
      vertex 5.42257 1.11651 21.476
    endloop
  endfacet
  facet normal 0.430075 -0.233397 0.872102
    outer loop
      vertex 5.32073 1.11179 21.525
      vertex 5.35675 1.11651 21.5085
      vertex 5.32146 1.11874 21.5265
    endloop
  endfacet
  facet normal 0.423298 -0.290058 0.858304
    outer loop
      vertex 7.37285 1.11179 20.513
      vertex 5.30779 1.01785 21.4997
      vertex 7.36059 1.01785 20.4873
    endloop
  endfacet
  facet normal 0.423349 -0.289517 0.858461
    outer loop
      vertex 5.32073 1.11179 21.525
      vertex 5.30779 1.01785 21.4997
      vertex 7.37285 1.11179 20.513
    endloop
  endfacet
  facet normal 0.41398 -0.352167 0.839404
    outer loop
      vertex 7.36059 1.01785 20.4873
      vertex 5.2921 0.92598 21.4689
      vertex 7.3457 0.92598 20.4561
    endloop
  endfacet
  facet normal 0.413985 -0.352123 0.83942
    outer loop
      vertex 5.30779 1.01785 21.4997
      vertex 5.2921 0.92598 21.4689
      vertex 7.36059 1.01785 20.4873
    endloop
  endfacet
  facet normal 0.402964 -0.412215 0.817128
    outer loop
      vertex 7.3457 0.92598 20.4561
      vertex 5.2737 0.836578 21.4328
      vertex 7.32826 0.836578 20.4196
    endloop
  endfacet
  facet normal 0.402876 -0.412772 0.81689
    outer loop
      vertex 5.2921 0.92598 21.4689
      vertex 5.2737 0.836578 21.4328
      vertex 7.3457 0.92598 20.4561
    endloop
  endfacet
  facet normal 0.390012 -0.471577 0.790889
    outer loop
      vertex 7.32826 0.836578 20.4196
      vertex 5.2527 0.75 21.3915
      vertex 7.30834 0.75 20.3778
    endloop
  endfacet
  facet normal 0.389967 -0.471809 0.790773
    outer loop
      vertex 5.2737 0.836578 21.4328
      vertex 5.2527 0.75 21.3915
      vertex 7.32826 0.836578 20.4196
    endloop
  endfacet
  facet normal 0.375554 -0.528174 0.761572
    outer loop
      vertex 7.30834 0.75 20.3778
      vertex 5.22917 0.666656 21.3453
      vertex 7.28603 0.666656 20.331
    endloop
  endfacet
  facet normal 0.375552 -0.528185 0.761565
    outer loop
      vertex 5.2527 0.75 21.3915
      vertex 5.22917 0.666656 21.3453
      vertex 7.30834 0.75 20.3778
    endloop
  endfacet
  facet normal 0.359531 -0.582427 0.729051
    outer loop
      vertex 7.28603 0.666656 20.331
      vertex 5.20321 0.586868 21.2944
      vertex 7.26141 0.586868 20.2794
    endloop
  endfacet
  facet normal 0.359595 -0.582191 0.729209
    outer loop
      vertex 5.22917 0.666656 21.3453
      vertex 5.20321 0.586868 21.2944
      vertex 7.28603 0.666656 20.331
    endloop
  endfacet
  facet normal 0.341927 -0.634289 0.693371
    outer loop
      vertex 7.26141 0.586868 20.2794
      vertex 5.17494 0.510986 21.2389
      vertex 7.23461 0.510986 20.2232
    endloop
  endfacet
  facet normal 0.341884 -0.634425 0.693268
    outer loop
      vertex 5.20321 0.586868 21.2944
      vertex 5.17494 0.510986 21.2389
      vertex 7.26141 0.586868 20.2794
    endloop
  endfacet
  facet normal 0.322744 -0.683755 0.654458
    outer loop
      vertex 7.23461 0.510986 20.2232
      vertex 5.14447 0.439346 21.1791
      vertex 7.20572 0.439346 20.1626
    endloop
  endfacet
  facet normal 0.322781 -0.683654 0.654546
    outer loop
      vertex 5.17494 0.510986 21.2389
      vertex 5.14447 0.439346 21.1791
      vertex 7.23461 0.510986 20.2232
    endloop
  endfacet
  facet normal 0.302457 -0.729617 0.613334
    outer loop
      vertex 7.20572 0.439346 20.1626
      vertex 5.11195 0.372253 21.1153
      vertex 7.17487 0.372253 20.098
    endloop
  endfacet
  facet normal 0.302415 -0.729718 0.613235
    outer loop
      vertex 5.14447 0.439346 21.1791
      vertex 5.11195 0.372253 21.1153
      vertex 7.20572 0.439346 20.1626
    endloop
  endfacet
  facet normal 0.280578 -0.773025 0.568954
    outer loop
      vertex 7.17487 0.372253 20.098
      vertex 5.07751 0.309982 21.0477
      vertex 7.14221 0.309982 20.0295
    endloop
  endfacet
  facet normal 0.280617 -0.772943 0.569046
    outer loop
      vertex 5.11195 0.372253 21.1153
      vertex 5.07751 0.309982 21.0477
      vertex 7.17487 0.372253 20.098
    endloop
  endfacet
  facet normal 0.257658 -0.812782 0.522492
    outer loop
      vertex 7.14221 0.309982 20.0295
      vertex 5.04128 0.252808 20.9766
      vertex 7.10786 0.252808 19.9575
    endloop
  endfacet
  facet normal 0.257612 -0.812866 0.522384
    outer loop
      vertex 5.07751 0.309982 21.0477
      vertex 5.04128 0.252808 20.9766
      vertex 7.14221 0.309982 20.0295
    endloop
  endfacet
  facet normal 0.233463 -0.849338 0.473412
    outer loop
      vertex 7.10786 0.252808 19.9575
      vertex 5.00344 0.200974 20.9023
      vertex 7.07198 0.200974 19.8822
    endloop
  endfacet
  facet normal 0.233518 -0.849253 0.473538
    outer loop
      vertex 5.04128 0.252808 20.9766
      vertex 5.00344 0.200974 20.9023
      vertex 7.10786 0.252808 19.9575
    endloop
  endfacet
  facet normal 0.208596 -0.881799 0.422987
    outer loop
      vertex 7.07198 0.200974 19.8822
      vertex 4.96414 0.154694 20.8252
      vertex 7.03471 0.154694 19.8041
    endloop
  endfacet
  facet normal 0.208594 -0.881801 0.422983
    outer loop
      vertex 5.00344 0.200974 20.9023
      vertex 4.96414 0.154694 20.8252
      vertex 7.07198 0.200974 19.8822
    endloop
  endfacet
  facet normal 0.182543 -0.910853 0.370168
    outer loop
      vertex 7.03471 0.154694 19.8041
      vertex 4.92355 0.114182 20.7455
      vertex 6.99621 0.114182 19.7234
    endloop
  endfacet
  facet normal 0.182501 -0.910901 0.370072
    outer loop
      vertex 4.96414 0.154694 20.8252
      vertex 4.92355 0.114182 20.7455
      vertex 7.03471 0.154694 19.8041
    endloop
  endfacet
  facet normal 0.155841 -0.935868 0.316013
    outer loop
      vertex 6.99621 0.114182 19.7234
      vertex 4.88184 0.0796051 20.6637
      vertex 6.95667 0.0796051 19.6405
    endloop
  endfacet
  facet normal 0.155878 -0.935834 0.316095
    outer loop
      vertex 4.92355 0.114182 20.7455
      vertex 4.88184 0.0796051 20.6637
      vertex 6.99621 0.114182 19.7234
    endloop
  endfacet
  facet normal 0.128357 -0.956964 0.260276
    outer loop
      vertex 6.95667 0.0796051 19.6405
      vertex 4.8392 0.0511169 20.58
      vertex 6.91623 0.0511169 19.5557
    endloop
  endfacet
  facet normal 0.128372 -0.956953 0.260311
    outer loop
      vertex 4.88184 0.0796051 20.6637
      vertex 4.8392 0.0511169 20.58
      vertex 6.95667 0.0796051 19.6405
    endloop
  endfacet
  facet normal 0.100439 -0.973874 0.203667
    outer loop
      vertex 6.91623 0.0511169 19.5557
      vertex 4.7958 0.0288239 20.4948
      vertex 6.87507 0.0288239 19.4694
    endloop
  endfacet
  facet normal 0.100436 -0.973877 0.203659
    outer loop
      vertex 4.8392 0.0511169 20.58
      vertex 4.7958 0.0288239 20.4948
      vertex 6.91623 0.0511169 19.5557
    endloop
  endfacet
  facet normal 0.0720026 -0.98666 0.146008
    outer loop
      vertex 6.87507 0.0288239 19.4694
      vertex 4.75183 0.0128479 20.4085
      vertex 6.83338 0.0128479 19.382
    endloop
  endfacet
  facet normal 0.0719882 -0.986666 0.145975
    outer loop
      vertex 4.7958 0.0288239 20.4948
      vertex 4.75183 0.0128479 20.4085
      vertex 6.87507 0.0288239 19.4694
    endloop
  endfacet
  facet normal 0.0433782 -0.995179 0.0879573
    outer loop
      vertex 6.83338 0.0128479 19.382
      vertex 4.70748 0.0032196 20.3215
      vertex 6.79133 0.0032196 19.2938
    endloop
  endfacet
  facet normal 0.0434019 -0.995174 0.088011
    outer loop
      vertex 4.75183 0.0128479 20.4085
      vertex 4.70748 0.0032196 20.3215
      vertex 6.83338 0.0128479 19.382
    endloop
  endfacet
  facet normal 0.0145119 -0.999462 0.0294272
    outer loop
      vertex 6.79133 0.0032196 19.2938
      vertex 4.67303 1.52588e-05 20.2296
      vertex 6.74929 1.52588e-05 19.2057
    endloop
  endfacet
  facet normal 0.0145863 -0.999462 0.029381
    outer loop
      vertex 4.67303 1.52588e-05 20.2296
      vertex 4.70748 0.0032196 20.3215
      vertex 4.66316 1.52588e-05 20.2345
    endloop
  endfacet
  facet normal 0.014505 -0.999462 0.0294115
    outer loop
      vertex 4.70748 0.0032196 20.3215
      vertex 4.67303 1.52588e-05 20.2296
      vertex 6.79133 0.0032196 19.2938
    endloop
  endfacet
  facet normal 0.0151275 0.999472 0.0287516
    outer loop
      vertex 4.98074 20.5 20.8578
      vertex 2.96342 20.4983 21.9783
      vertex 5.00449 20.4983 20.9044
    endloop
  endfacet
  facet normal 0.0151178 0.999473 0.028734
    outer loop
      vertex 4.98074 20.5 20.8578
      vertex 2.93846 20.5 21.9323
      vertex 2.96342 20.4983 21.9783
    endloop
  endfacet
  facet normal 0.0453822 0.995239 0.0862592
    outer loop
      vertex 5.00449 20.4983 20.9044
      vertex 2.98828 20.4932 22.024
      vertex 5.02814 20.4932 20.9508
    endloop
  endfacet
  facet normal 0.0454328 0.995228 0.0863502
    outer loop
      vertex 5.00449 20.4983 20.9044
      vertex 2.96342 20.4983 21.9783
      vertex 2.98828 20.4932 22.024
    endloop
  endfacet
  facet normal 0.0765065 0.986408 0.145414
    outer loop
      vertex 5.02814 20.4932 20.9508
      vertex 3.01293 20.4846 22.0694
      vertex 5.05159 20.4846 20.9968
    endloop
  endfacet
  facet normal 0.0764648 0.986423 0.145339
    outer loop
      vertex 5.02814 20.4932 20.9508
      vertex 2.98828 20.4932 22.024
      vertex 3.01293 20.4846 22.0694
    endloop
  endfacet
  facet normal 0.105706 0.973886 0.200927
    outer loop
      vertex 5.05159 20.4846 20.9968
      vertex 3.03726 20.4727 22.1142
      vertex 5.07474 20.4727 21.0423
    endloop
  endfacet
  facet normal 0.10585 0.973817 0.201185
    outer loop
      vertex 5.05159 20.4846 20.9968
      vertex 3.01293 20.4846 22.0694
      vertex 3.03726 20.4727 22.1142
    endloop
  endfacet
  facet normal 0.134459 0.957399 0.255556
    outer loop
      vertex 5.07474 20.4727 21.0423
      vertex 3.06116 20.4576 22.1583
      vertex 5.09749 20.4576 21.0869
    endloop
  endfacet
  facet normal 0.13422 0.957546 0.255127
    outer loop
      vertex 5.07474 20.4727 21.0423
      vertex 3.03726 20.4727 22.1142
      vertex 3.06116 20.4576 22.1583
    endloop
  endfacet
  facet normal 0.164368 0.935612 0.312432
    outer loop
      vertex 5.09749 20.4576 21.0869
      vertex 3.08454 20.4391 22.2013
      vertex 5.11973 20.4391 21.1306
    endloop
  endfacet
  facet normal 0.164641 0.9354 0.312921
    outer loop
      vertex 5.09749 20.4576 21.0869
      vertex 3.06116 20.4576 22.1583
      vertex 3.08454 20.4391 22.2013
    endloop
  endfacet
  facet normal 0.192393 0.910642 0.365674
    outer loop
      vertex 5.11973 20.4391 21.1306
      vertex 3.10729 20.4175 22.2432
      vertex 5.14138 20.4175 21.173
    endloop
  endfacet
  facet normal 0.192148 0.910869 0.365236
    outer loop
      vertex 5.11973 20.4391 21.1306
      vertex 3.08454 20.4391 22.2013
      vertex 3.10729 20.4175 22.2432
    endloop
  endfacet
  facet normal 0.219465 0.881945 0.417142
    outer loop
      vertex 5.14138 20.4175 21.173
      vertex 3.12932 20.3928 22.2838
      vertex 5.16233 20.3928 21.2142
    endloop
  endfacet
  facet normal 0.219574 0.881826 0.417337
    outer loop
      vertex 5.14138 20.4175 21.173
      vertex 3.10729 20.4175 22.2432
      vertex 3.12932 20.3928 22.2838
    endloop
  endfacet
  facet normal 0.245632 0.849532 0.466863
    outer loop
      vertex 5.16233 20.3928 21.2142
      vertex 3.15053 20.3652 22.3229
      vertex 5.18252 20.3652 21.2538
    endloop
  endfacet
  facet normal 0.245497 0.849704 0.46662
    outer loop
      vertex 5.16233 20.3928 21.2142
      vertex 3.12932 20.3928 22.2838
      vertex 3.15053 20.3652 22.3229
    endloop
  endfacet
  facet normal 0.271327 0.812678 0.51569
    outer loop
      vertex 5.18252 20.3652 21.2538
      vertex 3.17084 20.3347 22.3603
      vertex 5.20184 20.3347 21.2917
    endloop
  endfacet
  facet normal 0.271245 0.812798 0.515544
    outer loop
      vertex 5.18252 20.3652 21.2538
      vertex 3.15053 20.3652 22.3229
      vertex 3.17084 20.3347 22.3603
    endloop
  endfacet
  facet normal 0.295163 0.773372 0.561047
    outer loop
      vertex 5.20184 20.3347 21.2917
      vertex 3.19015 20.3015 22.3958
      vertex 5.22021 20.3015 21.3278
    endloop
  endfacet
  facet normal 0.295593 0.772655 0.561809
    outer loop
      vertex 5.20184 20.3347 21.2917
      vertex 3.17084 20.3347 22.3603
      vertex 3.19015 20.3015 22.3958
    endloop
  endfacet
  facet normal 0.318535 0.72937 0.605437
    outer loop
      vertex 5.22021 20.3015 21.3278
      vertex 3.20838 20.2657 22.4294
      vertex 5.23756 20.2657 21.3618
    endloop
  endfacet
  facet normal 0.318273 0.729868 0.604975
    outer loop
      vertex 5.22021 20.3015 21.3278
      vertex 3.19015 20.3015 22.3958
      vertex 3.20838 20.2657 22.4294
    endloop
  endfacet
  facet normal 0.339781 0.68374 0.645794
    outer loop
      vertex 5.23756 20.2657 21.3618
      vertex 3.22546 20.2275 22.4609
      vertex 5.2538 20.2275 21.3937
    endloop
  endfacet
  facet normal 0.339606 0.684117 0.645486
    outer loop
      vertex 5.23756 20.2657 21.3618
      vertex 3.20838 20.2657 22.4294
      vertex 3.22546 20.2275 22.4609
    endloop
  endfacet
  facet normal 0.360025 0.634161 0.684268
    outer loop
      vertex 5.2538 20.2275 21.3937
      vertex 3.24131 20.187 22.4901
      vertex 5.26888 20.187 21.4233
    endloop
  endfacet
  facet normal 0.360004 0.634212 0.684231
    outer loop
      vertex 5.2538 20.2275 21.3937
      vertex 3.22546 20.2275 22.4609
      vertex 3.24131 20.187 22.4901
    endloop
  endfacet
  facet normal 0.378193 0.583244 0.718886
    outer loop
      vertex 5.26888 20.187 21.4233
      vertex 3.25585 20.1445 22.5168
      vertex 5.28272 20.1445 21.4505
    endloop
  endfacet
  facet normal 0.378721 0.581771 0.7198
    outer loop
      vertex 5.26888 20.187 21.4233
      vertex 3.24131 20.187 22.4901
      vertex 3.25585 20.1445 22.5168
    endloop
  endfacet
  facet normal 0.395597 0.527337 0.751943
    outer loop
      vertex 5.28272 20.1445 21.4505
      vertex 3.26905 20.1 22.5411
      vertex 5.29528 20.1 21.4751
    endloop
  endfacet
  facet normal 0.395457 0.527785 0.751703
    outer loop
      vertex 5.28272 20.1445 21.4505
      vertex 3.25585 20.1445 22.5168
      vertex 3.26905 20.1 22.5411
    endloop
  endfacet
  facet normal 0.410656 0.471251 0.780566
    outer loop
      vertex 5.29528 20.1 21.4751
      vertex 3.28082 20.0538 22.5628
      vertex 5.30648 20.0538 21.4971
    endloop
  endfacet
  facet normal 0.410657 0.47125 0.780567
    outer loop
      vertex 5.29528 20.1 21.4751
      vertex 3.26905 20.1 22.5411
      vertex 3.28082 20.0538 22.5628
    endloop
  endfacet
  facet normal 0.424293 0.411864 0.806439
    outer loop
      vertex 5.30648 20.0538 21.4971
      vertex 3.29113 20.0061 22.5818
      vertex 5.31629 20.0061 21.5163
    endloop
  endfacet
  facet normal 0.424087 0.412749 0.806095
    outer loop
      vertex 5.30648 20.0538 21.4971
      vertex 3.28082 20.0538 22.5628
      vertex 3.29113 20.0061 22.5818
    endloop
  endfacet
  facet normal 0.433952 0.354092 0.828435
    outer loop
      vertex 5.31629 20.0061 21.5163
      vertex 5.2868 19.9772 21.5441
      vertex 5.32146 19.9759 21.5265
    endloop
  endfacet
  facet normal 0.435853 0.352035 0.828314
    outer loop
      vertex 5.2868 19.9772 21.5441
      vertex 5.31629 20.0061 21.5163
      vertex 4.12639 19.9772 22.1547
    endloop
  endfacet
  facet normal 0.435486 0.353895 0.827714
    outer loop
      vertex 3.29113 20.0061 22.5818
      vertex 4.12639 19.9772 22.1547
      vertex 5.31629 20.0061 21.5163
    endloop
  endfacet
  facet normal 0.435006 0.35269 0.82848
    outer loop
      vertex 3.33124 19.9773 22.573
      vertex 3.29113 20.0061 22.5818
      vertex 3.29657 19.9759 22.5918
    endloop
  endfacet
  facet normal 0.435526 0.353619 0.827811
    outer loop
      vertex 4.12639 19.9772 22.1547
      vertex 3.29113 20.0061 22.5818
      vertex 3.33124 19.9773 22.573
    endloop
  endfacet
  facet normal 0.45184 -0.233298 0.861053
    outer loop
      vertex 5.2868 1.11657 21.5441
      vertex 5.32073 1.11179 21.525
      vertex 5.32146 1.11874 21.5265
    endloop
  endfacet
  facet normal 0.453698 -0.225014 0.86228
    outer loop
      vertex 3.39609 1.1165 22.5389
      vertex 5.32073 1.11179 21.525
      vertex 5.2868 1.11657 21.5441
    endloop
  endfacet
  facet normal 0.452972 -0.231546 0.860931
    outer loop
      vertex 5.32073 1.11179 21.525
      vertex 3.39609 1.1165 22.5389
      vertex 3.2958 1.11179 22.5904
    endloop
  endfacet
  facet normal 0.453304 -0.226839 0.862009
    outer loop
      vertex 3.33124 1.11649 22.573
      vertex 3.2958 1.11179 22.5904
      vertex 3.39609 1.1165 22.5389
    endloop
  endfacet
  facet normal 0.453298 -0.224936 0.862511
    outer loop
      vertex 3.2958 1.11179 22.5904
      vertex 3.33124 1.11649 22.573
      vertex 3.29657 1.11871 22.5918
    endloop
  endfacet
  facet normal 0.445667 -0.289527 0.847086
    outer loop
      vertex 5.32073 1.11179 21.525
      vertex 3.2822 1.01785 22.5654
      vertex 5.30779 1.01785 21.4997
    endloop
  endfacet
  facet normal 0.445628 -0.289918 0.846973
    outer loop
      vertex 3.2958 1.11179 22.5904
      vertex 3.2822 1.01785 22.5654
      vertex 5.32073 1.11179 21.525
    endloop
  endfacet
  facet normal 0.435781 -0.352122 0.828315
    outer loop
      vertex 5.30779 1.01785 21.4997
      vertex 3.2657 0.92598 22.535
      vertex 5.2921 0.92598 21.4689
    endloop
  endfacet
  facet normal 0.435753 -0.352329 0.828241
    outer loop
      vertex 3.2822 1.01785 22.5654
      vertex 3.2657 0.92598 22.535
      vertex 5.30779 1.01785 21.4997
    endloop
  endfacet
  facet normal 0.424088 -0.412773 0.806082
    outer loop
      vertex 5.2921 0.92598 21.4689
      vertex 3.24637 0.836578 22.4994
      vertex 5.2737 0.836578 21.4328
    endloop
  endfacet
  facet normal 0.424102 -0.412693 0.806115
    outer loop
      vertex 3.2657 0.92598 22.535
      vertex 3.24637 0.836578 22.4994
      vertex 5.2921 0.92598 21.4689
    endloop
  endfacet
  facet normal 0.410537 -0.471801 0.780297
    outer loop
      vertex 5.2737 0.836578 21.4328
      vertex 3.2243 0.75 22.4587
      vertex 5.2527 0.75 21.3915
    endloop
  endfacet
  facet normal 0.41059 -0.471541 0.780426
    outer loop
      vertex 3.24637 0.836578 22.4994
      vertex 3.2243 0.75 22.4587
      vertex 5.2737 0.836578 21.4328
    endloop
  endfacet
  facet normal 0.395388 -0.528183 0.751459
    outer loop
      vertex 5.2527 0.75 21.3915
      vertex 3.19956 0.666656 22.4132
      vertex 5.22917 0.666656 21.3453
    endloop
  endfacet
  facet normal 0.395489 -0.527771 0.751696
    outer loop
      vertex 3.2243 0.75 22.4587
      vertex 3.19956 0.666656 22.4132
      vertex 5.2527 0.75 21.3915
    endloop
  endfacet
  facet normal 0.378561 -0.582195 0.719542
    outer loop
      vertex 5.22917 0.666656 21.3453
      vertex 3.17228 0.586868 22.3629
      vertex 5.20321 0.586868 21.2944
    endloop
  endfacet
  facet normal 0.378399 -0.582758 0.719171
    outer loop
      vertex 3.19956 0.666656 22.4132
      vertex 3.17228 0.586868 22.3629
      vertex 5.22917 0.666656 21.3453
    endloop
  endfacet
  facet normal 0.359918 -0.634424 0.68408
    outer loop
      vertex 5.20321 0.586868 21.2944
      vertex 3.14257 0.510986 22.3082
      vertex 5.17494 0.510986 21.2389
    endloop
  endfacet
  facet normal 0.359994 -0.634195 0.684252
    outer loop
      vertex 3.17228 0.586868 22.3629
      vertex 3.14257 0.510986 22.3082
      vertex 5.20321 0.586868 21.2944
    endloop
  endfacet
  facet normal 0.339809 -0.683654 0.645869
    outer loop
      vertex 5.17494 0.510986 21.2389
      vertex 3.11055 0.439346 22.2492
      vertex 5.14447 0.439346 21.1791
    endloop
  endfacet
  facet normal 0.339781 -0.683728 0.645805
    outer loop
      vertex 3.14257 0.510986 22.3082
      vertex 3.11055 0.439346 22.2492
      vertex 5.17494 0.510986 21.2389
    endloop
  endfacet
  facet normal 0.318368 -0.729719 0.605105
    outer loop
      vertex 5.14447 0.439346 21.1791
      vertex 3.07636 0.372253 22.1863
      vertex 5.11195 0.372253 21.1153
    endloop
  endfacet
  facet normal 0.318408 -0.729629 0.605193
    outer loop
      vertex 3.11055 0.439346 22.2492
      vertex 3.07636 0.372253 22.1863
      vertex 5.14447 0.439346 21.1791
    endloop
  endfacet
  facet normal 0.295421 -0.772943 0.561503
    outer loop
      vertex 5.11195 0.372253 21.1153
      vertex 3.04016 0.309982 22.1196
      vertex 5.07751 0.309982 21.0477
    endloop
  endfacet
  facet normal 0.295373 -0.773037 0.561399
    outer loop
      vertex 3.07636 0.372253 22.1863
      vertex 3.04016 0.309982 22.1196
      vertex 5.11195 0.372253 21.1153
    endloop
  endfacet
  facet normal 0.271203 -0.812866 0.515459
    outer loop
      vertex 5.07751 0.309982 21.0477
      vertex 3.00209 0.252808 22.0495
      vertex 5.04128 0.252808 20.9766
    endloop
  endfacet
  facet normal 0.271261 -0.812768 0.515582
    outer loop
      vertex 3.04016 0.309982 22.1196
      vertex 3.00209 0.252808 22.0495
      vertex 5.07751 0.309982 21.0477
    endloop
  endfacet
  facet normal 0.245841 -0.849252 0.467261
    outer loop
      vertex 5.04128 0.252808 20.9766
      vertex 2.96232 0.200974 21.9762
      vertex 5.00344 0.200974 20.9023
    endloop
  endfacet
  facet normal 0.245815 -0.849291 0.467204
    outer loop
      vertex 3.00209 0.252808 22.0495
      vertex 2.96232 0.200974 21.9762
      vertex 5.04128 0.252808 20.9766
    endloop
  endfacet
  facet normal 0.219586 -0.881802 0.417381
    outer loop
      vertex 5.00344 0.200974 20.9023
      vertex 2.92101 0.154694 21.9001
      vertex 4.96414 0.154694 20.8252
    endloop
  endfacet
  facet normal 0.219495 -0.881917 0.417185
    outer loop
      vertex 2.96232 0.200974 21.9762
      vertex 2.92101 0.154694 21.9001
      vertex 5.00344 0.200974 20.9023
    endloop
  endfacet
  facet normal 0.192135 -0.9109 0.365165
    outer loop
      vertex 4.96414 0.154694 20.8252
      vertex 2.87835 0.114182 21.8216
      vertex 4.92355 0.114182 20.7455
    endloop
  endfacet
  facet normal 0.192294 -0.91073 0.365506
    outer loop
      vertex 2.92101 0.154694 21.9001
      vertex 2.87835 0.114182 21.8216
      vertex 4.96414 0.154694 20.8252
    endloop
  endfacet
  facet normal 0.164094 -0.935835 0.311906
    outer loop
      vertex 4.92355 0.114182 20.7455
      vertex 2.83452 0.0796051 21.7408
      vertex 4.88184 0.0796051 20.6637
    endloop
  endfacet
  facet normal 0.163949 -0.935964 0.311595
    outer loop
      vertex 2.87835 0.114182 21.8216
      vertex 2.83452 0.0796051 21.7408
      vertex 4.92355 0.114182 20.7455
    endloop
  endfacet
  facet normal 0.135142 -0.956953 0.256863
    outer loop
      vertex 4.88184 0.0796051 20.6637
      vertex 2.78969 0.0511169 21.6583
      vertex 4.8392 0.0511169 20.58
    endloop
  endfacet
  facet normal 0.135193 -0.956916 0.256971
    outer loop
      vertex 2.83452 0.0796051 21.7408
      vertex 2.78969 0.0511169 21.6583
      vertex 4.88184 0.0796051 20.6637
    endloop
  endfacet
  facet normal 0.105734 -0.973877 0.20096
    outer loop
      vertex 4.8392 0.0511169 20.58
      vertex 2.74408 0.0288239 21.5743
      vertex 4.7958 0.0288239 20.4948
    endloop
  endfacet
  facet normal 0.105766 -0.973859 0.201027
    outer loop
      vertex 2.78969 0.0511169 21.6583
      vertex 2.74408 0.0288239 21.5743
      vertex 4.8392 0.0511169 20.58
    endloop
  endfacet
  facet normal 0.075787 -0.986666 0.14404
    outer loop
      vertex 4.7958 0.0288239 20.4948
      vertex 2.69787 0.0128479 21.4892
      vertex 4.75183 0.0128479 20.4085
    endloop
  endfacet
  facet normal 0.0758003 -0.98666 0.144068
    outer loop
      vertex 2.74408 0.0288239 21.5743
      vertex 2.69787 0.0128479 21.4892
      vertex 4.7958 0.0288239 20.4948
    endloop
  endfacet
  facet normal 0.0456899 -0.995174 0.0868446
    outer loop
      vertex 4.75183 0.0128479 20.4085
      vertex 2.65126 0.0032196 21.4033
      vertex 4.70748 0.0032196 20.3215
    endloop
  endfacet
  facet normal 0.0456564 -0.995181 0.0867737
    outer loop
      vertex 2.69787 0.0128479 21.4892
      vertex 2.65126 0.0032196 21.4033
      vertex 4.75183 0.0128479 20.4085
    endloop
  endfacet
  facet normal 0.0152739 -0.999462 0.0290308
    outer loop
      vertex 4.70748 0.0032196 20.3215
      vertex 2.61442 1.52588e-05 21.3124
      vertex 4.66316 1.52588e-05 20.2345
    endloop
  endfacet
  facet normal 0.0152057 -0.999462 0.0290697
    outer loop
      vertex 2.61442 1.52588e-05 21.3124
      vertex 2.65126 0.0032196 21.4033
      vertex 2.60467 1.52588e-05 21.3175
    endloop
  endfacet
  facet normal 0.0152784 -0.999461 0.0290403
    outer loop
      vertex 2.65126 0.0032196 21.4033
      vertex 2.61442 1.52588e-05 21.3124
      vertex 4.70748 0.0032196 20.3215
    endloop
  endfacet
  facet normal 0.0158646 0.999473 0.0283288
    outer loop
      vertex 2.93846 20.5 21.9323
      vertex 0.951164 20.4983 23.1052
      vertex 2.96342 20.4983 21.9783
    endloop
  endfacet
  facet normal 0.0158722 0.999472 0.0283415
    outer loop
      vertex 2.93846 20.5 21.9323
      vertex 0.925003 20.5 23.0599
      vertex 0.951164 20.4983 23.1052
    endloop
  endfacet
  facet normal 0.0476768 0.995229 0.0851295
    outer loop
      vertex 2.96342 20.4983 21.9783
      vertex 0.977211 20.4932 23.1503
      vertex 2.98828 20.4932 22.024
    endloop
  endfacet
  facet normal 0.0476235 0.995239 0.0850392
    outer loop
      vertex 2.96342 20.4983 21.9783
      vertex 0.951164 20.4983 23.1052
      vertex 0.977211 20.4932 23.1503
    endloop
  endfacet
  facet normal 0.0802448 0.986423 0.143286
    outer loop
      vertex 2.98828 20.4932 22.024
      vertex 1.00304 20.4846 23.195
      vertex 3.01293 20.4846 22.0694
    endloop
  endfacet
  facet normal 0.0802993 0.986405 0.143379
    outer loop
      vertex 2.98828 20.4932 22.024
      vertex 0.977211 20.4932 23.1503
      vertex 1.00304 20.4846 23.195
    endloop
  endfacet
  facet normal 0.111083 0.973817 0.198343
    outer loop
      vertex 3.01293 20.4846 22.0694
      vertex 1.02853 20.4727 23.2392
      vertex 3.03726 20.4727 22.1142
    endloop
  endfacet
  facet normal 0.11099 0.97386 0.198186
    outer loop
      vertex 3.01293 20.4846 22.0694
      vertex 1.00304 20.4846 23.195
      vertex 1.02853 20.4727 23.2392
    endloop
  endfacet
  facet normal 0.140862 0.957545 0.251527
    outer loop
      vertex 3.03726 20.4727 22.1142
      vertex 1.05358 20.4576 23.2826
      vertex 3.06116 20.4576 22.1583
    endloop
  endfacet
  facet normal 0.140993 0.957467 0.251748
    outer loop
      vertex 3.03726 20.4727 22.1142
      vertex 1.02853 20.4727 23.2392
      vertex 1.05358 20.4576 23.2826
    endloop
  endfacet
  facet normal 0.172773 0.935402 0.3085
    outer loop
      vertex 3.06116 20.4576 22.1583
      vertex 1.07808 20.4391 23.325
      vertex 3.08454 20.4391 22.2013
    endloop
  endfacet
  facet normal 0.172696 0.935459 0.308371
    outer loop
      vertex 3.06116 20.4576 22.1583
      vertex 1.05358 20.4576 23.2826
      vertex 1.07808 20.4391 23.325
    endloop
  endfacet
  facet normal 0.201657 0.910869 0.360073
    outer loop
      vertex 3.08454 20.4391 22.2013
      vertex 1.10192 20.4175 23.3663
      vertex 3.10729 20.4175 22.2432
    endloop
  endfacet
  facet normal 0.201624 0.910898 0.360017
    outer loop
      vertex 3.08454 20.4391 22.2013
      vertex 1.07808 20.4391 23.325
      vertex 1.10192 20.4175 23.3663
    endloop
  endfacet
  facet normal 0.230427 0.881825 0.411447
    outer loop
      vertex 3.10729 20.4175 22.2432
      vertex 1.125 20.3928 23.4063
      vertex 3.12932 20.3928 22.2838
    endloop
  endfacet
  facet normal 0.230469 0.88178 0.411518
    outer loop
      vertex 3.10729 20.4175 22.2432
      vertex 1.10192 20.4175 23.3663
      vertex 1.125 20.3928 23.4063
    endloop
  endfacet
  facet normal 0.257632 0.849702 0.460036
    outer loop
      vertex 3.12932 20.3928 22.2838
      vertex 1.14723 20.3652 23.4448
      vertex 3.15053 20.3652 22.3229
    endloop
  endfacet
  facet normal 0.257742 0.849568 0.46022
    outer loop
      vertex 3.12932 20.3928 22.2838
      vertex 1.125 20.3928 23.4063
      vertex 1.14723 20.3652 23.4448
    endloop
  endfacet
  facet normal 0.284633 0.812798 0.508275
    outer loop
      vertex 3.15053 20.3652 22.3229
      vertex 1.16851 20.3347 23.4816
      vertex 3.17084 20.3347 22.3603
    endloop
  endfacet
  facet normal 0.284863 0.812477 0.50866
    outer loop
      vertex 3.15053 20.3652 22.3229
      vertex 1.14723 20.3652 23.4448
      vertex 1.16851 20.3347 23.4816
    endloop
  endfacet
  facet normal 0.310198 0.772661 0.553871
    outer loop
      vertex 3.17084 20.3347 22.3603
      vertex 1.18874 20.3015 23.5167
      vertex 3.19015 20.3015 22.3958
    endloop
  endfacet
  facet normal 0.309714 0.773434 0.553062
    outer loop
      vertex 3.17084 20.3347 22.3603
      vertex 1.16851 20.3347 23.4816
      vertex 1.18874 20.3015 23.5167
    endloop
  endfacet
  facet normal 0.334028 0.729865 0.596424
    outer loop
      vertex 3.19015 20.3015 22.3958
      vertex 1.20785 20.2657 23.5498
      vertex 3.20838 20.2657 22.4294
    endloop
  endfacet
  facet normal 0.334059 0.72981 0.596475
    outer loop
      vertex 3.19015 20.3015 22.3958
      vertex 1.18874 20.3015 23.5167
      vertex 1.20785 20.2657 23.5498
    endloop
  endfacet
  facet normal 0.35639 0.684112 0.636378
    outer loop
      vertex 3.20838 20.2657 22.4294
      vertex 1.22574 20.2275 23.5808
      vertex 3.22546 20.2275 22.4609
    endloop
  endfacet
  facet normal 0.35659 0.6837 0.636709
    outer loop
      vertex 3.20838 20.2657 22.4294
      vertex 1.20785 20.2657 23.5498
      vertex 1.22574 20.2275 23.5808
    endloop
  endfacet
  facet normal 0.377764 0.634211 0.674589
    outer loop
      vertex 3.22546 20.2275 22.4609
      vertex 1.24235 20.187 23.6095
      vertex 3.24131 20.187 22.4901
    endloop
  endfacet
  facet normal 0.37808 0.63347 0.675109
    outer loop
      vertex 3.22546 20.2275 22.4609
      vertex 1.22574 20.2275 23.5808
      vertex 1.24235 20.187 23.6095
    endloop
  endfacet
  facet normal 0.397423 0.581784 0.709636
    outer loop
      vertex 3.24131 20.187 22.4901
      vertex 1.25759 20.1445 23.6359
      vertex 3.25585 20.1445 22.5168
    endloop
  endfacet
  facet normal 0.397042 0.582799 0.709016
    outer loop
      vertex 3.24131 20.187 22.4901
      vertex 1.24235 20.187 23.6095
      vertex 1.25759 20.1445 23.6359
    endloop
  endfacet
  facet normal 0.415044 0.527787 0.741066
    outer loop
      vertex 3.25585 20.1445 22.5168
      vertex 1.27142 20.1 23.6599
      vertex 3.26905 20.1 22.5411
    endloop
  endfacet
  facet normal 0.414837 0.528421 0.740731
    outer loop
      vertex 3.25585 20.1445 22.5168
      vertex 1.25759 20.1445 23.6359
      vertex 1.27142 20.1 23.6599
    endloop
  endfacet
  facet normal 0.430961 0.471246 0.769545
    outer loop
      vertex 3.26905 20.1 22.5411
      vertex 1.28375 20.0538 23.6812
      vertex 3.28082 20.0538 22.5628
    endloop
  endfacet
  facet normal 0.431279 0.470125 0.770053
    outer loop
      vertex 3.26905 20.1 22.5411
      vertex 1.27142 20.1 23.6599
      vertex 1.28375 20.0538 23.6812
    endloop
  endfacet
  facet normal 0.445049 0.412747 0.794715
    outer loop
      vertex 3.28082 20.0538 22.5628
      vertex 1.29456 20.0061 23.6999
      vertex 3.29113 20.0061 22.5818
    endloop
  endfacet
  facet normal 0.445116 0.412471 0.794821
    outer loop
      vertex 3.28082 20.0538 22.5628
      vertex 1.28375 20.0538 23.6812
      vertex 1.29456 20.0061 23.6999
    endloop
  endfacet
  facet normal 0.457364 0.352699 0.816346
    outer loop
      vertex 3.29113 20.0061 22.5818
      vertex 3.26219 19.9772 22.6105
      vertex 3.29657 19.9759 22.5918
    endloop
  endfacet
  facet normal 0.457205 0.352873 0.81636
    outer loop
      vertex 3.26219 19.9772 22.6105
      vertex 3.29113 20.0061 22.5818
      vertex 2.11819 19.9772 23.2512
    endloop
  endfacet
  facet normal 0.456953 0.354097 0.815972
    outer loop
      vertex 1.29456 20.0061 23.6999
      vertex 2.11819 19.9772 23.2512
      vertex 3.29113 20.0061 22.5818
    endloop
  endfacet
  facet normal 0.457681 0.353649 0.815758
    outer loop
      vertex 1.33418 19.9772 23.6902
      vertex 1.29456 20.0061 23.6999
      vertex 1.30025 19.9759 23.7098
    endloop
  endfacet
  facet normal 0.457166 0.35271 0.816453
    outer loop
      vertex 2.11819 19.9772 23.2512
      vertex 1.29456 20.0061 23.6999
      vertex 1.33418 19.9772 23.6902
    endloop
  endfacet
  facet normal 0.476585 -0.224967 0.849857
    outer loop
      vertex 3.26219 1.11652 22.6105
      vertex 3.2958 1.11179 22.5904
      vertex 3.29657 1.11871 22.5918
    endloop
  endfacet
  facet normal 0.475594 -0.229371 0.849235
    outer loop
      vertex 1.39925 1.11654 23.6538
      vertex 3.2958 1.11179 22.5904
      vertex 3.26219 1.11652 22.6105
    endloop
  endfacet
  facet normal 0.475449 -0.230601 0.848983
    outer loop
      vertex 3.2958 1.11179 22.5904
      vertex 1.39925 1.11654 23.6538
      vertex 1.29945 1.11179 23.7084
    endloop
  endfacet
  facet normal 0.476234 -0.22007 0.851334
    outer loop
      vertex 1.33418 1.11654 23.6902
      vertex 1.29945 1.11179 23.7084
      vertex 1.39925 1.11654 23.6538
    endloop
  endfacet
  facet normal 0.47623 -0.226616 0.849618
    outer loop
      vertex 1.29945 1.11179 23.7084
      vertex 1.33418 1.11654 23.6902
      vertex 1.30025 1.11872 23.7098
    endloop
  endfacet
  facet normal 0.467611 -0.289923 0.835035
    outer loop
      vertex 3.2958 1.11179 22.5904
      vertex 1.2852 1.01785 23.6837
      vertex 3.2822 1.01785 22.5654
    endloop
  endfacet
  facet normal 0.467555 -0.290444 0.834886
    outer loop
      vertex 1.29945 1.11179 23.7084
      vertex 1.2852 1.01785 23.6837
      vertex 3.2958 1.11179 22.5904
    endloop
  endfacet
  facet normal 0.457284 -0.352328 0.816551
    outer loop
      vertex 3.2822 1.01785 22.5654
      vertex 1.26791 0.92598 23.6538
      vertex 3.2657 0.92598 22.535
    endloop
  endfacet
  facet normal 0.457349 -0.351879 0.816709
    outer loop
      vertex 1.2852 1.01785 23.6837
      vertex 1.26791 0.92598 23.6538
      vertex 3.2822 1.01785 22.5654
    endloop
  endfacet
  facet normal 0.445061 -0.412693 0.794736
    outer loop
      vertex 3.2657 0.92598 22.535
      vertex 1.24766 0.836578 23.6187
      vertex 3.24637 0.836578 22.4994
    endloop
  endfacet
  facet normal 0.445041 -0.412806 0.794689
    outer loop
      vertex 1.26791 0.92598 23.6538
      vertex 1.24766 0.836578 23.6187
      vertex 3.2657 0.92598 22.535
    endloop
  endfacet
  facet normal 0.430911 -0.471536 0.769396
    outer loop
      vertex 3.24637 0.836578 22.4994
      vertex 1.22453 0.75 23.5787
      vertex 3.2243 0.75 22.4587
    endloop
  endfacet
  facet normal 0.431072 -0.4708 0.769756
    outer loop
      vertex 1.24766 0.836578 23.6187
      vertex 1.22453 0.75 23.5787
      vertex 3.24637 0.836578 22.4994
    endloop
  endfacet
  facet normal 0.415031 -0.527777 0.741081
    outer loop
      vertex 3.2243 0.75 22.4587
      vertex 1.19861 0.666656 23.5338
      vertex 3.19956 0.666656 22.4132
    endloop
  endfacet
  facet normal 0.414929 -0.528167 0.74086
    outer loop
      vertex 1.22453 0.75 23.5787
      vertex 1.19861 0.666656 23.5338
      vertex 3.2243 0.75 22.4587
    endloop
  endfacet
  facet normal 0.397073 -0.582753 0.709036
    outer loop
      vertex 3.19956 0.666656 22.4132
      vertex 1.17002 0.586868 23.4842
      vertex 3.17228 0.586868 22.3629
    endloop
  endfacet
  facet normal 0.397012 -0.58295 0.708908
    outer loop
      vertex 1.19861 0.666656 23.5338
      vertex 1.17002 0.586868 23.4842
      vertex 3.19956 0.666656 22.4132
    endloop
  endfacet
  facet normal 0.377784 -0.634197 0.674591
    outer loop
      vertex 3.17228 0.586868 22.3629
      vertex 1.13889 0.510986 23.4303
      vertex 3.14257 0.510986 22.3082
    endloop
  endfacet
  facet normal 0.377793 -0.634171 0.67461
    outer loop
      vertex 1.17002 0.586868 23.4842
      vertex 1.13889 0.510986 23.4303
      vertex 3.17228 0.586868 22.3629
    endloop
  endfacet
  facet normal 0.356571 -0.683726 0.636691
    outer loop
      vertex 3.14257 0.510986 22.3082
      vertex 1.10533 0.439346 23.3722
      vertex 3.11055 0.439346 22.2492
    endloop
  endfacet
  facet normal 0.356643 -0.683549 0.636841
    outer loop
      vertex 1.13889 0.510986 23.4303
      vertex 1.10533 0.439346 23.3722
      vertex 3.14257 0.510986 22.3082
    endloop
  endfacet
  facet normal 0.334141 -0.729633 0.596645
    outer loop
      vertex 3.11055 0.439346 22.2492
      vertex 1.06951 0.372253 23.3102
      vertex 3.07636 0.372253 22.1863
    endloop
  endfacet
  facet normal 0.334116 -0.729686 0.596594
    outer loop
      vertex 1.10533 0.439346 23.3722
      vertex 1.06951 0.372253 23.3102
      vertex 3.11055 0.439346 22.2492
    endloop
  endfacet
  facet normal 0.309972 -0.773036 0.553474
    outer loop
      vertex 3.07636 0.372253 22.1863
      vertex 1.03158 0.309982 23.2445
      vertex 3.04016 0.309982 22.1196
    endloop
  endfacet
  facet normal 0.310031 -0.772924 0.553596
    outer loop
      vertex 1.06951 0.372253 23.3102
      vertex 1.03158 0.309982 23.2445
      vertex 3.07636 0.372253 22.1863
    endloop
  endfacet
  facet normal 0.284667 -0.812769 0.508302
    outer loop
      vertex 3.04016 0.309982 22.1196
      vertex 0.991684 0.252808 23.1754
      vertex 3.00209 0.252808 22.0495
    endloop
  endfacet
  facet normal 0.284625 -0.812837 0.508216
    outer loop
      vertex 1.03158 0.309982 23.2445
      vertex 0.991684 0.252808 23.1754
      vertex 3.04016 0.309982 22.1196
    endloop
  endfacet
  facet normal 0.257966 -0.849289 0.460611
    outer loop
      vertex 3.00209 0.252808 22.0495
      vertex 0.950005 0.200974 23.1032
      vertex 2.96232 0.200974 21.9762
    endloop
  endfacet
  facet normal 0.25802 -0.849212 0.460721
    outer loop
      vertex 0.991684 0.252808 23.1754
      vertex 0.950005 0.200974 23.1032
      vertex 3.00209 0.252808 22.0495
    endloop
  endfacet
  facet normal 0.230345 -0.881917 0.411295
    outer loop
      vertex 2.96232 0.200974 21.9762
      vertex 0.906723 0.154694 23.0282
      vertex 2.92101 0.154694 21.9001
    endloop
  endfacet
  facet normal 0.230338 -0.881926 0.41128
    outer loop
      vertex 0.950005 0.200974 23.1032
      vertex 0.906723 0.154694 23.0282
      vertex 2.96232 0.200974 21.9762
    endloop
  endfacet
  facet normal 0.2018 -0.910731 0.360341
    outer loop
      vertex 2.92101 0.154694 21.9001
      vertex 0.862015 0.114182 22.9508
      vertex 2.87835 0.114182 21.8216
    endloop
  endfacet
  facet normal 0.20173 -0.910802 0.3602
    outer loop
      vertex 0.906723 0.154694 23.0282
      vertex 0.862015 0.114182 22.9508
      vertex 2.92101 0.154694 21.9001
    endloop
  endfacet
  facet normal 0.172045 -0.935963 0.307203
    outer loop
      vertex 2.87835 0.114182 21.8216
      vertex 0.816086 0.0796051 22.8712
      vertex 2.83452 0.0796051 21.7408
    endloop
  endfacet
  facet normal 0.172077 -0.935936 0.307267
    outer loop
      vertex 0.862015 0.114182 22.9508
      vertex 0.816086 0.0796051 22.8712
      vertex 2.87835 0.114182 21.8216
    endloop
  endfacet
  facet normal 0.141879 -0.956917 0.253338
    outer loop
      vertex 2.83452 0.0796051 21.7408
      vertex 0.769119 0.0511169 22.7899
      vertex 2.78969 0.0511169 21.6583
    endloop
  endfacet
  facet normal 0.141883 -0.956915 0.253345
    outer loop
      vertex 0.816086 0.0796051 22.8712
      vertex 0.769119 0.0511169 22.7899
      vertex 2.83452 0.0796051 21.7408
    endloop
  endfacet
  facet normal 0.110992 -0.973859 0.19819
    outer loop
      vertex 2.78969 0.0511169 21.6583
      vertex 0.721321 0.0288239 22.7071
      vertex 2.74408 0.0288239 21.5743
    endloop
  endfacet
  facet normal 0.110969 -0.973871 0.198145
    outer loop
      vertex 0.769119 0.0511169 22.7899
      vertex 0.721321 0.0288239 22.7071
      vertex 2.78969 0.0511169 21.6583
    endloop
  endfacet
  facet normal 0.0795413 -0.98666 0.142036
    outer loop
      vertex 2.74408 0.0288239 21.5743
      vertex 0.672897 0.0128479 22.6232
      vertex 2.69787 0.0128479 21.4892
    endloop
  endfacet
  facet normal 0.0795157 -0.98667 0.141985
    outer loop
      vertex 0.721321 0.0288239 22.7071
      vertex 0.672897 0.0128479 22.6232
      vertex 2.74408 0.0288239 21.5743
    endloop
  endfacet
  facet normal 0.0479109 -0.995181 0.0855504
    outer loop
      vertex 2.69787 0.0128479 21.4892
      vertex 0.624054 0.0032196 22.5386
      vertex 2.65126 0.0032196 21.4033
    endloop
  endfacet
  facet normal 0.0479303 -0.995177 0.0855887
    outer loop
      vertex 0.672897 0.0128479 22.6232
      vertex 0.624054 0.0032196 22.5386
      vertex 2.69787 0.0128479 21.4892
    endloop
  endfacet
  facet normal 0.0160298 -0.999462 0.0286222
    outer loop
      vertex 2.65126 0.0032196 21.4033
      vertex 0.584845 1.52588e-05 22.4487
      vertex 2.60467 1.52588e-05 21.3175
    endloop
  endfacet
  facet normal 0.0160803 -0.999461 0.0286109
    outer loop
      vertex 0.584845 1.52588e-05 22.4487
      vertex 0.624054 0.0032196 22.5386
      vertex 0.575237 1.52588e-05 22.4541
    endloop
  endfacet
  facet normal 0.0160343 -0.999461 0.028631
    outer loop
      vertex 0.624054 0.0032196 22.5386
      vertex 0.584845 1.52588e-05 22.4487
      vertex 2.65126 0.0032196 21.4033
    endloop
  endfacet
  facet normal 0.0166721 0.999468 0.0280225
    outer loop
      vertex 0.951164 20.4983 23.1052
      vertex 0 20.4992 23.639
      vertex 0 20.4983 23.6711
    endloop
  endfacet
  facet normal 0.0166115 0.999472 0.0279145
    outer loop
      vertex 0 20.4992 23.639
      vertex 0.951164 20.4983 23.1052
      vertex 0.925003 20.5 23.0599
    endloop
  endfacet
  facet normal 0.0165168 0.999478 0.0277633
    outer loop
      vertex 0.925003 20.5 23.0599
      vertex 0 20.5 23.6102
      vertex 0 20.4992 23.639
    endloop
  endfacet
  facet normal 0.0495056 0.995302 0.0832085
    outer loop
      vertex 0.977211 20.4932 23.1503
      vertex 0 20.4958 23.7006
      vertex 0 20.4932 23.7317
    endloop
  endfacet
  facet normal 0.0498215 0.995239 0.0837698
    outer loop
      vertex 0 20.4958 23.7006
      vertex 0.977211 20.4932 23.1503
      vertex 0.951164 20.4983 23.1052
    endloop
  endfacet
  facet normal 0.0501766 0.995173 0.0843367
    outer loop
      vertex 0.951164 20.4983 23.1052
      vertex 0 20.4983 23.6711
      vertex 0 20.4958 23.7006
    endloop
  endfacet
  facet normal 0.0838482 0.986463 0.140923
    outer loop
      vertex 1.00304 20.4846 23.195
      vertex 0 20.4889 23.7617
      vertex 0 20.4846 23.7918
    endloop
  endfacet
  facet normal 0.0840204 0.986405 0.141229
    outer loop
      vertex 0 20.4889 23.7617
      vertex 1.00304 20.4846 23.195
      vertex 0.977211 20.4932 23.1503
    endloop
  endfacet
  facet normal 0.0841155 0.986375 0.14138
    outer loop
      vertex 0.977211 20.4932 23.1503
      vertex 0 20.4932 23.7317
      vertex 0 20.4889 23.7617
    endloop
  endfacet
  facet normal 0.116269 0.9738 0.195434
    outer loop
      vertex 1.02853 20.4727 23.2392
      vertex 0 20.4785 23.8222
      vertex 0 20.4727 23.8511
    endloop
  endfacet
  facet normal 0.116144 0.97386 0.195213
    outer loop
      vertex 0 20.4785 23.8222
      vertex 1.02853 20.4727 23.2392
      vertex 1.00304 20.4846 23.195
    endloop
  endfacet
  facet normal 0.116263 0.973807 0.195402
    outer loop
      vertex 1.00304 20.4846 23.195
      vertex 0 20.4846 23.7918
      vertex 0 20.4785 23.8222
    endloop
  endfacet
  facet normal 0.146615 0.958003 0.246443
    outer loop
      vertex 1.05358 20.4576 23.2826
      vertex 0 20.4647 23.8818
      vertex 0 20.4576 23.9094
    endloop
  endfacet
  facet normal 0.147494 0.957467 0.247996
    outer loop
      vertex 0 20.4647 23.8818
      vertex 1.05358 20.4576 23.2826
      vertex 1.02853 20.4727 23.2392
    endloop
  endfacet
  facet normal 0.14836 0.956975 0.249375
    outer loop
      vertex 1.02853 20.4727 23.2392
      vertex 0 20.4727 23.8511
      vertex 0 20.4647 23.8818
    endloop
  endfacet
  facet normal 0.180578 0.935557 0.30352
    outer loop
      vertex 1.07808 20.4391 23.325
      vertex 0 20.4476 23.9402
      vertex 0 20.4391 23.9664
    endloop
  endfacet
  facet normal 0.180705 0.93546 0.303744
    outer loop
      vertex 0 20.4476 23.9402
      vertex 1.07808 20.4391 23.325
      vertex 1.05358 20.4576 23.2826
    endloop
  endfacet
  facet normal 0.180693 0.935469 0.303724
    outer loop
      vertex 1.05358 20.4576 23.2826
      vertex 0 20.4576 23.9094
      vertex 0 20.4476 23.9402
    endloop
  endfacet
  facet normal 0.240583 0.904342 0.35254
    outer loop
      vertex 0.000560658 20.4175 24.0215
      vertex 0 20.4272 23.997
      vertex 0 20.418 24.0206
    endloop
  endfacet
  facet normal 0.211545 0.910384 0.355597
    outer loop
      vertex 1.10192 20.4175 23.3663
      vertex 0 20.4272 23.997
      vertex 0.000560658 20.4175 24.0215
    endloop
  endfacet
  facet normal 0.210986 0.910898 0.354612
    outer loop
      vertex 0 20.4272 23.997
      vertex 1.10192 20.4175 23.3663
      vertex 1.07808 20.4391 23.325
    endloop
  endfacet
  facet normal 0.210791 0.911064 0.354303
    outer loop
      vertex 1.07808 20.4391 23.325
      vertex 0 20.4391 23.9664
      vertex 0 20.4272 23.997
    endloop
  endfacet
  facet normal 0.242014 0.880866 0.406823
    outer loop
      vertex 1.125 20.3928 23.4063
      vertex 0.0076468 20.4037 24.0474
      vertex 0.0131958 20.3928 24.0677
    endloop
  endfacet
  facet normal 0.241173 0.881779 0.405341
    outer loop
      vertex 0.0076468 20.4037 24.0474
      vertex 1.125 20.3928 23.4063
      vertex 1.10192 20.4175 23.3663
    endloop
  endfacet
  facet normal 0.240548 0.882405 0.404349
    outer loop
      vertex 1.10192 20.4175 23.3663
      vertex 0.000560658 20.4175 24.0215
      vertex 0.0076468 20.4037 24.0474
    endloop
  endfacet
  facet normal 0.270435 0.848654 0.45459
    outer loop
      vertex 1.14723 20.3652 23.4448
      vertex 0.0132307 20.3771 24.0972
      vertex 0.0132569 20.3652 24.1194
    endloop
  endfacet
  facet normal 0.269709 0.849568 0.453311
    outer loop
      vertex 0.0132307 20.3771 24.0972
      vertex 1.14723 20.3652 23.4448
      vertex 1.125 20.3928 23.4063
    endloop
  endfacet
  facet normal 0.269034 0.850352 0.452242
    outer loop
      vertex 1.125 20.3928 23.4063
      vertex 0.0131958 20.3928 24.0677
      vertex 0.0132307 20.3771 24.0972
    endloop
  endfacet
  facet normal 0.296883 0.814174 0.49898
    outer loop
      vertex 1.16851 20.3347 23.4816
      vertex 0.0251973 20.3476 24.1408
      vertex 0.0340188 20.3347 24.1566
    endloop
  endfacet
  facet normal 0.298051 0.812482 0.501038
    outer loop
      vertex 0.0251973 20.3476 24.1408
      vertex 1.16851 20.3347 23.4816
      vertex 1.14723 20.3652 23.4448
    endloop
  endfacet
  facet normal 0.298319 0.812122 0.501462
    outer loop
      vertex 1.14723 20.3652 23.4448
      vertex 0.0132569 20.3652 24.1194
      vertex 0.0251973 20.3476 24.1408
    endloop
  endfacet
  facet normal 0.324862 0.772172 0.546091
    outer loop
      vertex 1.18874 20.3015 23.5167
      vertex 0.0404603 20.3155 24.18
      vertex 0.0451603 20.3015 24.197
    endloop
  endfacet
  facet normal 0.324109 0.773428 0.54476
    outer loop
      vertex 0.0404603 20.3155 24.18
      vertex 1.18874 20.3015 23.5167
      vertex 1.16851 20.3347 23.4816
    endloop
  endfacet
  facet normal 0.324311 0.773119 0.545078
    outer loop
      vertex 1.16851 20.3347 23.4816
      vertex 0.0340188 20.3347 24.1566
      vertex 0.0404603 20.3155 24.18
    endloop
  endfacet
  facet normal 0.348898 0.731004 0.586433
    outer loop
      vertex 1.20785 20.2657 23.5498
      vertex 0.0459873 20.2805 24.2226
      vertex 0.0465732 20.2657 24.2407
    endloop
  endfacet
  facet normal 0.349526 0.72981 0.587545
    outer loop
      vertex 0.0459873 20.2805 24.2226
      vertex 1.20785 20.2657 23.5498
      vertex 1.18874 20.3015 23.5167
    endloop
  endfacet
  facet normal 0.349472 0.729904 0.58746
    outer loop
      vertex 1.18874 20.3015 23.5167
      vertex 0.0451603 20.3015 24.197
      vertex 0.0459873 20.2805 24.2226
    endloop
  endfacet
  facet normal 0.373109 0.68368 0.627193
    outer loop
      vertex 1.22574 20.2275 23.5808
      vertex 0.0567565 20.2432 24.2591
      vertex 0.0638402 20.2275 24.272
    endloop
  endfacet
  facet normal 0.373101 0.683699 0.627178
    outer loop
      vertex 0.0567565 20.2432 24.2591
      vertex 1.22574 20.2275 23.5808
      vertex 1.20785 20.2657 23.5498
    endloop
  endfacet
  facet normal 0.373625 0.682661 0.627996
    outer loop
      vertex 1.20785 20.2657 23.5498
      vertex 0.0465732 20.2657 24.2407
      vertex 0.0567565 20.2432 24.2591
    endloop
  endfacet
  facet normal 0.395616 0.63348 0.664974
    outer loop
      vertex 1.22574 20.2275 23.5808
      vertex 0.0729785 20.187 24.3052
      vertex 1.24235 20.187 23.6095
    endloop
  endfacet
  facet normal 0.395643 0.633423 0.665013
    outer loop
      vertex 0.0729785 20.187 24.3052
      vertex 1.22574 20.2275 23.5808
      vertex 0.0692534 20.2035 24.2917
    endloop
  endfacet
  facet normal 0.395195 0.634431 0.664318
    outer loop
      vertex 1.22574 20.2275 23.5808
      vertex 0.0638402 20.2275 24.272
      vertex 0.0692534 20.2035 24.2917
    endloop
  endfacet
  facet normal 0.415479 0.582798 0.698372
    outer loop
      vertex 1.24235 20.187 23.6095
      vertex 0.0739123 20.1445 24.3401
      vertex 1.25759 20.1445 23.6359
    endloop
  endfacet
  facet normal 0.416001 0.581514 0.699132
    outer loop
      vertex 0.0739123 20.1445 24.3401
      vertex 1.24235 20.187 23.6095
      vertex 0.0735372 20.1616 24.3261
    endloop
  endfacet
  facet normal 0.415246 0.583447 0.697969
    outer loop
      vertex 1.24235 20.187 23.6095
      vertex 0.0729785 20.187 24.3052
      vertex 0.0735372 20.1616 24.3261
    endloop
  endfacet
  facet normal 0.434065 0.528413 0.729636
    outer loop
      vertex 1.25759 20.1445 23.6359
      vertex 0.0880397 20.1 24.3639
      vertex 1.27142 20.1 23.6599
    endloop
  endfacet
  facet normal 0.433739 0.529323 0.729169
    outer loop
      vertex 0.0880397 20.1 24.3639
      vertex 1.25759 20.1445 23.6359
      vertex 0.0824098 20.1177 24.3544
    endloop
  endfacet
  facet normal 0.434411 0.527357 0.730193
    outer loop
      vertex 1.25759 20.1445 23.6359
      vertex 0.0739123 20.1445 24.3401
      vertex 0.0824098 20.1177 24.3544
    endloop
  endfacet
  facet normal 0.451291 0.470136 0.758491
    outer loop
      vertex 1.27142 20.1 23.6599
      vertex 0.0948127 20.0538 24.3886
      vertex 1.28375 20.0538 23.6812
    endloop
  endfacet
  facet normal 0.451354 0.469933 0.758579
    outer loop
      vertex 0.0948127 20.0538 24.3886
      vertex 1.27142 20.1 23.6599
      vertex 0.0921259 20.0722 24.3788
    endloop
  endfacet
  facet normal 0.450666 0.472262 0.757541
    outer loop
      vertex 1.27142 20.1 23.6599
      vertex 0.0880397 20.1 24.3639
      vertex 0.0921259 20.0722 24.3788
    endloop
  endfacet
  facet normal 0.465701 0.412884 0.78272
    outer loop
      vertex 0.0942293 20.0061 24.4141
      vertex 1.28375 20.0538 23.6812
      vertex 0.0944575 20.0248 24.4041
    endloop
  endfacet
  facet normal 0.46581 0.412475 0.78287
    outer loop
      vertex 1.28375 20.0538 23.6812
      vertex 0.0942293 20.0061 24.4141
      vertex 1.29456 20.0061 23.6999
    endloop
  endfacet
  facet normal 0.465751 0.412685 0.782794
    outer loop
      vertex 0.0948127 20.0538 24.3886
      vertex 0.0944575 20.0248 24.4041
      vertex 1.28375 20.0538 23.6812
    endloop
  endfacet
  facet normal 0.478861 0.353627 0.803517
    outer loop
      vertex 1.29456 20.0061 23.6999
      vertex 1.26616 19.9773 23.7295
      vertex 1.30025 19.9759 23.7098
    endloop
  endfacet
  facet normal 0.478071 0.354496 0.803605
    outer loop
      vertex 1.26616 19.9773 23.7295
      vertex 1.29456 20.0061 23.6999
      vertex 0.140439 19.9773 24.3992
    endloop
  endfacet
  facet normal 0.478647 0.351802 0.804445
    outer loop
      vertex 0.0942293 20.0061 24.4141
      vertex 0.140439 19.9773 24.3992
      vertex 1.29456 20.0061 23.6999
    endloop
  endfacet
  facet normal 0.478651 0.351812 0.804438
    outer loop
      vertex 0.140439 19.9773 24.3992
      vertex 0.0942293 20.0061 24.4141
      vertex 0.100776 19.9773 24.4228
    endloop
  endfacet
  facet normal 0.49845 -0.226588 0.836783
    outer loop
      vertex 1.26616 1.11648 23.7295
      vertex 1.29945 1.11179 23.7084
      vertex 1.30025 1.11872 23.7098
    endloop
  endfacet
  facet normal 0.497454 -0.230955 0.836181
    outer loop
      vertex 1.26616 1.11648 23.7295
      vertex 0.108181 1.11179 24.4171
      vertex 1.29945 1.11179 23.7084
    endloop
  endfacet
  facet normal 0.496474 -0.239088 0.834476
    outer loop
      vertex 0.108181 1.11179 24.4171
      vertex 1.26616 1.11648 23.7295
      vertex 0.107928 1.1165 24.4186
    endloop
  endfacet
  facet normal 0.489248 -0.290442 0.822362
    outer loop
      vertex 0.103462 1.05508 24.3999
      vertex 1.2852 1.01785 23.6837
      vertex 1.29945 1.11179 23.7084
    endloop
  endfacet
  facet normal 0.48963 -0.288319 0.822882
    outer loop
      vertex 1.2852 1.01785 23.6837
      vertex 0.103462 1.05508 24.3999
      vertex 0.100362 1.01785 24.3887
    endloop
  endfacet
  facet normal 0.489281 -0.290159 0.822443
    outer loop
      vertex 0.108181 1.11179 24.4171
      vertex 0.103462 1.05508 24.3999
      vertex 1.29945 1.11179 23.7084
    endloop
  endfacet
  facet normal 0.478582 -0.351885 0.804448
    outer loop
      vertex 0.0878304 0.962437 24.3718
      vertex 1.26791 0.92598 23.6538
      vertex 1.2852 1.01785 23.6837
    endloop
  endfacet
  facet normal 0.47876 -0.351066 0.804699
    outer loop
      vertex 1.26791 0.92598 23.6538
      vertex 0.0878304 0.962437 24.3718
      vertex 0.0795859 0.92598 24.3608
    endloop
  endfacet
  facet normal 0.478355 -0.353365 0.803934
    outer loop
      vertex 0.100362 1.01785 24.3887
      vertex 0.0878304 0.962437 24.3718
      vertex 1.2852 1.01785 23.6837
    endloop
  endfacet
  facet normal 0.465727 -0.412803 0.782747
    outer loop
      vertex 0.0802392 0.872596 24.3323
      vertex 1.24766 0.836578 23.6187
      vertex 1.26791 0.92598 23.6538
    endloop
  endfacet
  facet normal 0.465525 -0.413584 0.782455
    outer loop
      vertex 1.24766 0.836578 23.6187
      vertex 0.0802392 0.872596 24.3323
      vertex 0.0806794 0.836578 24.313
    endloop
  endfacet
  facet normal 0.465824 -0.412295 0.782956
    outer loop
      vertex 1.26791 0.92598 23.6538
      vertex 0.0795859 0.92598 24.3608
      vertex 0.0802392 0.872596 24.3323
    endloop
  endfacet
  facet normal 0.451058 -0.470807 0.758214
    outer loop
      vertex 0.073199 0.785556 24.2857
      vertex 1.22453 0.75 23.5787
      vertex 1.24766 0.836578 23.6187
    endloop
  endfacet
  facet normal 0.450944 -0.471183 0.758047
    outer loop
      vertex 1.22453 0.75 23.5787
      vertex 0.073199 0.785556 24.2857
      vertex 0.0679866 0.75 24.2667
    endloop
  endfacet
  facet normal 0.450876 -0.471592 0.757833
    outer loop
      vertex 0.0806794 0.836578 24.313
      vertex 0.073199 0.785556 24.2857
      vertex 1.24766 0.836578 23.6187
    endloop
  endfacet
  facet normal 0.434152 -0.528167 0.729761
    outer loop
      vertex 0.0524366 0.70108 24.2406
      vertex 1.19861 0.666656 23.5338
      vertex 1.22453 0.75 23.5787
    endloop
  endfacet
  facet normal 0.434179 -0.52809 0.729801
    outer loop
      vertex 1.19861 0.666656 23.5338
      vertex 0.0524366 0.70108 24.2406
      vertex 0.041495 0.666656 24.2222
    endloop
  endfacet
  facet normal 0.434314 -0.527576 0.730092
    outer loop
      vertex 0.0679866 0.75 24.2667
      vertex 0.0524366 0.70108 24.2406
      vertex 1.22453 0.75 23.5787
    endloop
  endfacet
  facet normal 0.415452 -0.582943 0.698268
    outer loop
      vertex 0.040484 0.620473 24.1843
      vertex 1.17002 0.586868 23.4842
      vertex 1.19861 0.666656 23.5338
    endloop
  endfacet
  facet normal 0.415544 -0.58271 0.698406
    outer loop
      vertex 1.17002 0.586868 23.4842
      vertex 0.040484 0.620473 24.1843
      vertex 0.0397477 0.586868 24.1567
    endloop
  endfacet
  facet normal 0.415622 -0.582411 0.69861
    outer loop
      vertex 0.041495 0.666656 24.2222
      vertex 0.040484 0.620473 24.1843
      vertex 1.19861 0.666656 23.5338
    endloop
  endfacet
  facet normal 0.395351 -0.634173 0.664472
    outer loop
      vertex 0.0300212 0.543718 24.1213
      vertex 1.13889 0.510986 23.4303
      vertex 1.17002 0.586868 23.4842
    endloop
  endfacet
  facet normal 0.395072 -0.634784 0.664053
    outer loop
      vertex 1.13889 0.510986 23.4303
      vertex 0.0300212 0.543718 24.1213
      vertex 0.0226435 0.510986 24.0944
    endloop
  endfacet
  facet normal 0.395335 -0.634216 0.66444
    outer loop
      vertex 0.0397477 0.586868 24.1567
      vertex 0.0300212 0.543718 24.1213
      vertex 1.17002 0.586868 23.4842
    endloop
  endfacet
  facet normal 0.366466 -0.685067 0.629591
    outer loop
      vertex 0 0.439346 24.0298
      vertex 0.00433461 0.470522 24.0612
      vertex 0 0.460943 24.0533
    endloop
  endfacet
  facet normal 0.373168 -0.683617 0.627227
    outer loop
      vertex 0 0.439346 24.0298
      vertex 1.13889 0.510986 23.4303
      vertex 0.00433461 0.470522 24.0612
    endloop
  endfacet
  facet normal 0.373193 -0.683551 0.627284
    outer loop
      vertex 1.13889 0.510986 23.4303
      vertex 0 0.439346 24.0298
      vertex 1.10533 0.439346 23.3722
    endloop
  endfacet
  facet normal 0.3732 -0.683543 0.627289
    outer loop
      vertex 0.0226435 0.510986 24.0944
      vertex 0.00433461 0.470522 24.0612
      vertex 1.13889 0.510986 23.4303
    endloop
  endfacet
  facet normal 0.349834 -0.729197 0.588122
    outer loop
      vertex 0 0.372253 23.9465
      vertex 1.10533 0.439346 23.3722
      vertex 0 0.402498 23.984
    endloop
  endfacet
  facet normal 0.349615 -0.729689 0.587642
    outer loop
      vertex 1.10533 0.439346 23.3722
      vertex 0 0.372253 23.9465
      vertex 1.06951 0.372253 23.3102
    endloop
  endfacet
  facet normal 0.349427 -0.730026 0.587336
    outer loop
      vertex 0 0.439346 24.0298
      vertex 0 0.402498 23.984
      vertex 1.10533 0.439346 23.3722
    endloop
  endfacet
  facet normal 0.324585 -0.772572 0.54569
    outer loop
      vertex 0 0.309982 23.8582
      vertex 1.06951 0.372253 23.3102
      vertex 0 0.339224 23.8996
    endloop
  endfacet
  facet normal 0.324405 -0.772924 0.545298
    outer loop
      vertex 1.06951 0.372253 23.3102
      vertex 0 0.309982 23.8582
      vertex 1.03158 0.309982 23.2445
    endloop
  endfacet
  facet normal 0.324075 -0.773474 0.544714
    outer loop
      vertex 0 0.372253 23.9465
      vertex 0 0.339224 23.8996
      vertex 1.06951 0.372253 23.3102
    endloop
  endfacet
  facet normal 0.297927 -0.812667 0.500811
    outer loop
      vertex 0 0.252808 23.7654
      vertex 1.03158 0.309982 23.2445
      vertex 0 0.280786 23.8108
    endloop
  endfacet
  facet normal 0.297827 -0.812837 0.500594
    outer loop
      vertex 1.03158 0.309982 23.2445
      vertex 0 0.252808 23.7654
      vertex 0.991684 0.252808 23.1754
    endloop
  endfacet
  facet normal 0.29784 -0.812802 0.500645
    outer loop
      vertex 0 0.309982 23.8582
      vertex 0 0.280786 23.8108
      vertex 1.03158 0.309982 23.2445
    endloop
  endfacet
  facet normal 0.270196 -0.84891 0.454253
    outer loop
      vertex 0 0.200974 23.6684
      vertex 0.991684 0.252808 23.1754
      vertex 0 0.227408 23.7178
    endloop
  endfacet
  facet normal 0.269992 -0.849212 0.45381
    outer loop
      vertex 0.991684 0.252808 23.1754
      vertex 0 0.200974 23.6684
      vertex 0.950005 0.200974 23.1032
    endloop
  endfacet
  facet normal 0.26971 -0.849555 0.453334
    outer loop
      vertex 0 0.252808 23.7654
      vertex 0 0.227408 23.7178
      vertex 0.991684 0.252808 23.1754
    endloop
  endfacet
  facet normal 0.240832 -0.882144 0.404749
    outer loop
      vertex 0 0.154694 23.5676
      vertex 0.950005 0.200974 23.1032
      vertex 0 0.179287 23.6212
    endloop
  endfacet
  facet normal 0.241004 -0.881925 0.405124
    outer loop
      vertex 0.950005 0.200974 23.1032
      vertex 0 0.154694 23.5676
      vertex 0.906723 0.154694 23.0282
    endloop
  endfacet
  facet normal 0.241069 -0.881875 0.405195
    outer loop
      vertex 0 0.200974 23.6684
      vertex 0 0.179287 23.6212
      vertex 0.950005 0.200974 23.1032
    endloop
  endfacet
  facet normal 0.210976 -0.910903 0.354604
    outer loop
      vertex 0 0.114182 23.4636
      vertex 0.906723 0.154694 23.0282
      vertex 0 0.136605 23.5212
    endloop
  endfacet
  facet normal 0.211069 -0.910803 0.354806
    outer loop
      vertex 0.906723 0.154694 23.0282
      vertex 0 0.114182 23.4636
      vertex 0.862015 0.114182 22.9508
    endloop
  endfacet
  facet normal 0.211203 -0.910685 0.35503
    outer loop
      vertex 0 0.154694 23.5676
      vertex 0 0.136605 23.5212
      vertex 0.906723 0.154694 23.0282
    endloop
  endfacet
  facet normal 0.180077 -0.935917 0.302705
    outer loop
      vertex 0 0.0796051 23.3567
      vertex 0.862015 0.114182 22.9508
      vertex 0 0.0995285 23.4183
    endloop
  endfacet
  facet normal 0.180057 -0.935935 0.302662
    outer loop
      vertex 0.862015 0.114182 22.9508
      vertex 0 0.0796051 23.3567
      vertex 0.816086 0.0796051 22.8712
    endloop
  endfacet
  facet normal 0.180097 -0.935902 0.302743
    outer loop
      vertex 0 0.114182 23.4636
      vertex 0 0.0995285 23.4183
      vertex 0.862015 0.114182 22.9508
    endloop
  endfacet
  facet normal 0.148253 -0.957056 0.249129
    outer loop
      vertex 0 0.0511169 23.2474
      vertex 0.816086 0.0796051 22.8712
      vertex 0 0.0681931 23.313
    endloop
  endfacet
  facet normal 0.148444 -0.956915 0.249555
    outer loop
      vertex 0.816086 0.0796051 22.8712
      vertex 0 0.0511169 23.2474
      vertex 0.769119 0.0511169 22.7899
    endloop
  endfacet
  facet normal 0.148647 -0.956803 0.249864
    outer loop
      vertex 0 0.0796051 23.3567
      vertex 0 0.0681931 23.313
      vertex 0.816086 0.0796051 22.8712
    endloop
  endfacet
  facet normal 0.116188 -0.973829 0.195339
    outer loop
      vertex 0.769119 0.0511169 22.7899
      vertex 0 0.0368805 23.1764
      vertex 0.000395311 0.0288239 23.136
    endloop
  endfacet
  facet normal 0.116113 -0.973868 0.195189
    outer loop
      vertex 0 0.0368805 23.1764
      vertex 0.769119 0.0511169 22.7899
      vertex 0 0.0427129 23.2055
    endloop
  endfacet
  facet normal 0.116115 -0.973871 0.195174
    outer loop
      vertex 0.769119 0.0511169 22.7899
      vertex 0.000395311 0.0288239 23.136
      vertex 0.721321 0.0288239 22.7071
    endloop
  endfacet
  facet normal 0.116186 -0.973832 0.195324
    outer loop
      vertex 0 0.0511169 23.2474
      vertex 0 0.0427129 23.2055
      vertex 0.769119 0.0511169 22.7899
    endloop
  endfacet
  facet normal 0.0831622 -0.986686 0.13977
    outer loop
      vertex 0.00117919 0.0128479 23.0228
      vertex 0.721321 0.0288239 22.7071
      vertex 0.000671816 0.0231885 23.0961
    endloop
  endfacet
  facet normal 0.0832008 -0.98667 0.139858
    outer loop
      vertex 0.721321 0.0288239 22.7071
      vertex 0.00117919 0.0128479 23.0228
      vertex 0.672897 0.0128479 22.6232
    endloop
  endfacet
  facet normal 0.0832486 -0.986656 0.13993
    outer loop
      vertex 0.721321 0.0288239 22.7071
      vertex 0.000395311 0.0288239 23.136
      vertex 0.000671816 0.0231885 23.0961
    endloop
  endfacet
  facet normal 0.0501727 -0.995173 0.0843415
    outer loop
      vertex 0.00165162 0.0032196 22.9089
      vertex 0.672897 0.0128479 22.6232
      vertex 0.00133429 0.00968702 22.9854
    endloop
  endfacet
  facet normal 0.0501565 -0.995177 0.0843034
    outer loop
      vertex 0.672897 0.0128479 22.6232
      vertex 0.00165162 0.0032196 22.9089
      vertex 0.624054 0.0032196 22.5386
    endloop
  endfacet
  facet normal 0.0501589 -0.995176 0.0843158
    outer loop
      vertex 0.672897 0.0128479 22.6232
      vertex 0.00117919 0.0128479 23.0228
      vertex 0.00133429 0.00968702 22.9854
    endloop
  endfacet
  facet normal 0.0167534 -0.999462 0.0281956
    outer loop
      vertex 0.0368652 1.52588e-05 22.7744
      vertex 0.00169962 0.00224124 22.8742
      vertex 0.00172424 0.0017395 22.8564
    endloop
  endfacet
  facet normal 0.0167807 -0.999461 0.0282052
    outer loop
      vertex 0.0368652 1.52588e-05 22.7744
      vertex 0.624054 0.0032196 22.5386
      vertex 0.00169962 0.00224124 22.8742
    endloop
  endfacet
  facet normal 0.016781 -0.999461 0.0282061
    outer loop
      vertex 0.624054 0.0032196 22.5386
      vertex 0.0368652 1.52588e-05 22.7744
      vertex 0.575237 1.52588e-05 22.4541
    endloop
  endfacet
  facet normal 0.0167794 -0.999461 0.0282028
    outer loop
      vertex 0.624054 0.0032196 22.5386
      vertex 0.00165162 0.0032196 22.9089
      vertex 0.00169962 0.00224124 22.8742
    endloop
  endfacet
  facet normal 0 0 -1
    outer loop
      vertex 0 0.0368805 -5.72205e-07
      vertex 2.39999 1.52588e-05 -5.72205e-07
      vertex 0.0368652 1.52588e-05 -5.72205e-07
    endloop
  endfacet
  facet normal 0 0 -1
    outer loop
      vertex 89.9631 1.52588e-05 -5.72205e-07
      vertex 90 0.0368805 -5.72205e-07
      vertex 89.9983 0.0017395 -5.72205e-07
    endloop
  endfacet
  facet normal 0 0 -1
    outer loop
      vertex 87.6 1.52588e-05 -5.72205e-07
      vertex 90 0.0368805 -5.72205e-07
      vertex 89.9631 1.52588e-05 -5.72205e-07
    endloop
  endfacet
  facet normal -0 0 -1
    outer loop
      vertex 90 0.0368805 -5.72205e-07
      vertex 87.6 1.52588e-05 -5.72205e-07
      vertex 87.6 12.8511 -5.72205e-07
    endloop
  endfacet
  facet normal 0 0 -1
    outer loop
      vertex 90 0.0368805 -5.72205e-07
      vertex 87.6 12.8511 -5.72205e-07
      vertex 90 20.5 -5.72205e-07
    endloop
  endfacet
  facet normal 0 0 -1
    outer loop
      vertex 86.7514 12.6165 -5.72205e-07
      vertex 90 20.5 -5.72205e-07
      vertex 87.6 12.8511 -5.72205e-07
    endloop
  endfacet
  facet normal 0 0 -1
    outer loop
      vertex 86.1728 12.4566 -5.72205e-07
      vertex 90 20.5 -5.72205e-07
      vertex 86.7514 12.6165 -5.72205e-07
    endloop
  endfacet
  facet normal 0 0 -1
    outer loop
      vertex 83.8464 11.8529 -5.72205e-07
      vertex 90 20.5 -5.72205e-07
      vertex 86.1728 12.4566 -5.72205e-07
    endloop
  endfacet
  facet normal 0 0 -1
    outer loop
      vertex 83.1561 11.6737 -5.72205e-07
      vertex 90 20.5 -5.72205e-07
      vertex 83.8464 11.8529 -5.72205e-07
    endloop
  endfacet
  facet normal 0 0 -1
    outer loop
      vertex 80.9906 11.1489 -5.72205e-07
      vertex 90 20.5 -5.72205e-07
      vertex 83.1561 11.6737 -5.72205e-07
    endloop
  endfacet
  facet normal 0 0 -1
    outer loop
      vertex 80.1994 10.9571 -5.72205e-07
      vertex 90 20.5 -5.72205e-07
      vertex 80.9906 11.1489 -5.72205e-07
    endloop
  endfacet
  facet normal 0 0 -1
    outer loop
      vertex 78.1791 10.5023 -5.72205e-07
      vertex 90 20.5 -5.72205e-07
      vertex 80.1994 10.9571 -5.72205e-07
    endloop
  endfacet
  facet normal 0 0 -1
    outer loop
      vertex 77.297 10.3038 -5.72205e-07
      vertex 90 20.5 -5.72205e-07
      vertex 78.1791 10.5023 -5.72205e-07
    endloop
  endfacet
  facet normal 0 0 -1
    outer loop
      vertex 75.4072 9.91138 -5.72205e-07
      vertex 90 20.5 -5.72205e-07
      vertex 77.297 10.3038 -5.72205e-07
    endloop
  endfacet
  facet normal 0 0 -1
    outer loop
      vertex 74.4436 9.71128 -5.72205e-07
      vertex 90 20.5 -5.72205e-07
      vertex 75.4072 9.91138 -5.72205e-07
    endloop
  endfacet
  facet normal 0 0 -1
    outer loop
      vertex 72.6707 9.37428 -5.72205e-07
      vertex 90 20.5 -5.72205e-07
      vertex 74.4436 9.71128 -5.72205e-07
    endloop
  endfacet
  facet normal 0 0 -1
    outer loop
      vertex 71.6341 9.17725 -5.72205e-07
      vertex 90 20.5 -5.72205e-07
      vertex 72.6707 9.37428 -5.72205e-07
    endloop
  endfacet
  facet normal 0 0 -1
    outer loop
      vertex 69.9653 8.88958 -5.72205e-07
      vertex 90 20.5 -5.72205e-07
      vertex 71.6341 9.17725 -5.72205e-07
    endloop
  endfacet
  facet normal 0 0 -1
    outer loop
      vertex 68.8638 8.69972 -5.72205e-07
      vertex 90 20.5 -5.72205e-07
      vertex 69.9653 8.88958 -5.72205e-07
    endloop
  endfacet
  facet normal 0 0 -1
    outer loop
      vertex 67.2869 8.45601 -5.72205e-07
      vertex 90 20.5 -5.72205e-07
      vertex 68.8638 8.69972 -5.72205e-07
    endloop
  endfacet
  facet normal 0 0 -1
    outer loop
      vertex 66.1281 8.27692 -5.72205e-07
      vertex 90 20.5 -5.72205e-07
      vertex 67.2869 8.45601 -5.72205e-07
    endloop
  endfacet
  facet normal 0 0 -1
    outer loop
      vertex 64.6316 8.07248 -5.72205e-07
      vertex 90 20.5 -5.72205e-07
      vertex 66.1281 8.27692 -5.72205e-07
    endloop
  endfacet
  facet normal 0 0 -1
    outer loop
      vertex 63.4227 7.90732 -5.72205e-07
      vertex 90 20.5 -5.72205e-07
      vertex 64.6316 8.07248 -5.72205e-07
    endloop
  endfacet
  facet normal 0 0 -1
    outer loop
      vertex 61.9956 7.73808 -5.72205e-07
      vertex 90 20.5 -5.72205e-07
      vertex 63.4227 7.90732 -5.72205e-07
    endloop
  endfacet
  facet normal 0 0 -1
    outer loop
      vertex 60.7434 7.58958 -5.72205e-07
      vertex 90 20.5 -5.72205e-07
      vertex 61.9956 7.73808 -5.72205e-07
    endloop
  endfacet
  facet normal 0 0 -1
    outer loop
      vertex 59.3752 7.45211 -5.72205e-07
      vertex 90 20.5 -5.72205e-07
      vertex 60.7434 7.58958 -5.72205e-07
    endloop
  endfacet
  facet normal 0 0 -1
    outer loop
      vertex 58.0863 7.32258 -5.72205e-07
      vertex 90 20.5 -5.72205e-07
      vertex 59.3752 7.45211 -5.72205e-07
    endloop
  endfacet
  facet normal 0 0 -1
    outer loop
      vertex 56.7668 7.21398 -5.72205e-07
      vertex 90 20.5 -5.72205e-07
      vertex 58.0863 7.32258 -5.72205e-07
    endloop
  endfacet
  facet normal 0 0 -1
    outer loop
      vertex 55.4474 7.10538 -5.72205e-07
      vertex 90 20.5 -5.72205e-07
      vertex 56.7668 7.21398 -5.72205e-07
    endloop
  endfacet
  facet normal 0 0 -1
    outer loop
      vertex 54.1668 7.02333 -5.72205e-07
      vertex 90 20.5 -5.72205e-07
      vertex 55.4474 7.10538 -5.72205e-07
    endloop
  endfacet
  facet normal 0 0 -1
    outer loop
      vertex 52.8229 6.93722 -5.72205e-07
      vertex 90 20.5 -5.72205e-07
      vertex 54.1668 7.02333 -5.72205e-07
    endloop
  endfacet
  facet normal 0 0 -1
    outer loop
      vertex 51.5715 6.87991 -5.72205e-07
      vertex 90 20.5 -5.72205e-07
      vertex 52.8229 6.93722 -5.72205e-07
    endloop
  endfacet
  facet normal 0 0 -1
    outer loop
      vertex 50.2093 6.81752 -5.72205e-07
      vertex 90 20.5 -5.72205e-07
      vertex 51.5715 6.87991 -5.72205e-07
    endloop
  endfacet
  facet normal 0 0 -1
    outer loop
      vertex 48.9775 6.78365 -5.72205e-07
      vertex 90 20.5 -5.72205e-07
      vertex 50.2093 6.81752 -5.72205e-07
    endloop
  endfacet
  facet normal 0 0 -1
    outer loop
      vertex 47.6029 6.74586 -5.72205e-07
      vertex 90 20.5 -5.72205e-07
      vertex 48.9775 6.78365 -5.72205e-07
    endloop
  endfacet
  facet normal 0 0 -1
    outer loop
      vertex 46.3812 6.73466 -5.72205e-07
      vertex 90 20.5 -5.72205e-07
      vertex 47.6029 6.74586 -5.72205e-07
    endloop
  endfacet
  facet normal 0 0 -1
    outer loop
      vertex 45 6.722 -5.72205e-07
      vertex 90 20.5 -5.72205e-07
      vertex 46.3812 6.73466 -5.72205e-07
    endloop
  endfacet
  facet normal 0 0 -1
    outer loop
      vertex 43.779 6.7332 -5.72205e-07
      vertex 90 20.5 -5.72205e-07
      vertex 45 6.722 -5.72205e-07
    endloop
  endfacet
  facet normal 0 0 -1
    outer loop
      vertex 0 20.5 -5.72205e-07
      vertex 43.779 6.7332 -5.72205e-07
      vertex 42.3971 6.74586 -5.72205e-07
    endloop
  endfacet
  facet normal 0 0 -1
    outer loop
      vertex 0 20.5 -5.72205e-07
      vertex 42.3971 6.74586 -5.72205e-07
      vertex 41.1673 6.77967 -5.72205e-07
    endloop
  endfacet
  facet normal 0 0 -1
    outer loop
      vertex 0 20.5 -5.72205e-07
      vertex 41.1673 6.77967 -5.72205e-07
      vertex 39.7907 6.81752 -5.72205e-07
    endloop
  endfacet
  facet normal 0 0 -1
    outer loop
      vertex 0 20.5 -5.72205e-07
      vertex 39.7907 6.81752 -5.72205e-07
      vertex 38.5423 6.87469 -5.72205e-07
    endloop
  endfacet
  facet normal 0 0 -1
    outer loop
      vertex 0 20.5 -5.72205e-07
      vertex 38.5423 6.87469 -5.72205e-07
      vertex 37.177 6.93722 -5.72205e-07
    endloop
  endfacet
  facet normal 0 0 -1
    outer loop
      vertex 0 20.5 -5.72205e-07
      vertex 37.177 6.93722 -5.72205e-07
      vertex 35.9003 7.01903 -5.72205e-07
    endloop
  endfacet
  facet normal 0 0 -1
    outer loop
      vertex 0 20.5 -5.72205e-07
      vertex 35.9003 7.01903 -5.72205e-07
      vertex 34.5526 7.10538 -5.72205e-07
    endloop
  endfacet
  facet normal 0 0 -1
    outer loop
      vertex 0 20.5 -5.72205e-07
      vertex 34.5526 7.10538 -5.72205e-07
      vertex 33.2373 7.21364 -5.72205e-07
    endloop
  endfacet
  facet normal 0 0 -1
    outer loop
      vertex 0 20.5 -5.72205e-07
      vertex 33.2373 7.21364 -5.72205e-07
      vertex 31.9137 7.32258 -5.72205e-07
    endloop
  endfacet
  facet normal 0 0 -1
    outer loop
      vertex 0 20.5 -5.72205e-07
      vertex 31.9137 7.32258 -5.72205e-07
      vertex 30.5494 7.45968 -5.72205e-07
    endloop
  endfacet
  facet normal 0 0 -1
    outer loop
      vertex 0 20.5 -5.72205e-07
      vertex 30.5494 7.45968 -5.72205e-07
      vertex 29.2566 7.58958 -5.72205e-07
    endloop
  endfacet
  facet normal 0 0 -1
    outer loop
      vertex 0 20.5 -5.72205e-07
      vertex 29.2566 7.58958 -5.72205e-07
      vertex 27.8322 7.75851 -5.72205e-07
    endloop
  endfacet
  facet normal 0 0 -1
    outer loop
      vertex 0 20.5 -5.72205e-07
      vertex 27.8322 7.75851 -5.72205e-07
      vertex 26.5773 7.90732 -5.72205e-07
    endloop
  endfacet
  facet normal 0 0 -1
    outer loop
      vertex 0 20.5 -5.72205e-07
      vertex 26.5773 7.90732 -5.72205e-07
      vertex 25.0813 8.1117 -5.72205e-07
    endloop
  endfacet
  facet normal 0 0 -1
    outer loop
      vertex 0 20.5 -5.72205e-07
      vertex 25.0813 8.1117 -5.72205e-07
      vertex 23.8719 8.27692 -5.72205e-07
    endloop
  endfacet
  facet normal 0 0 -1
    outer loop
      vertex 0 20.5 -5.72205e-07
      vertex 23.8719 8.27692 -5.72205e-07
      vertex 22.2922 8.52106 -5.72205e-07
    endloop
  endfacet
  facet normal 0 0 -1
    outer loop
      vertex 0 20.5 -5.72205e-07
      vertex 22.2922 8.52106 -5.72205e-07
      vertex 21.1362 8.69972 -5.72205e-07
    endloop
  endfacet
  facet normal 0 0 -1
    outer loop
      vertex 0 20.5 -5.72205e-07
      vertex 21.1362 8.69972 -5.72205e-07
      vertex 19.4599 8.98866 -5.72205e-07
    endloop
  endfacet
  facet normal 0 0 -1
    outer loop
      vertex 0 20.5 -5.72205e-07
      vertex 19.4599 8.98866 -5.72205e-07
      vertex 18.3659 9.17725 -5.72205e-07
    endloop
  endfacet
  facet normal 0 0 -1
    outer loop
      vertex 0 20.5 -5.72205e-07
      vertex 18.3659 9.17725 -5.72205e-07
      vertex 16.5792 9.51685 -5.72205e-07
    endloop
  endfacet
  facet normal 0 0 -1
    outer loop
      vertex 0 20.5 -5.72205e-07
      vertex 16.5792 9.51685 -5.72205e-07
      vertex 15.5564 9.71128 -5.72205e-07
    endloop
  endfacet
  facet normal 0 0 -1
    outer loop
      vertex 0 20.5 -5.72205e-07
      vertex 15.5564 9.71128 -5.72205e-07
      vertex 13.6447 10.1083 -5.72205e-07
    endloop
  endfacet
  facet normal 0 0 -1
    outer loop
      vertex 0 20.5 -5.72205e-07
      vertex 13.6447 10.1083 -5.72205e-07
      vertex 12.703 10.3038 -5.72205e-07
    endloop
  endfacet
  facet normal 0 0 -1
    outer loop
      vertex 0 20.5 -5.72205e-07
      vertex 12.703 10.3038 -5.72205e-07
      vertex 10.6503 10.7659 -5.72205e-07
    endloop
  endfacet
  facet normal 0 0 -1
    outer loop
      vertex 0 20.5 -5.72205e-07
      vertex 10.6503 10.7659 -5.72205e-07
      vertex 9.80061 10.9571 -5.72205e-07
    endloop
  endfacet
  facet normal 0 0 -1
    outer loop
      vertex 0 20.5 -5.72205e-07
      vertex 9.80061 10.9571 -5.72205e-07
      vertex 7.58972 11.493 -5.72205e-07
    endloop
  endfacet
  facet normal 0 0 -1
    outer loop
      vertex 0 20.5 -5.72205e-07
      vertex 7.58972 11.493 -5.72205e-07
      vertex 6.84391 11.6737 -5.72205e-07
    endloop
  endfacet
  facet normal 0 0 -1
    outer loop
      vertex 0 20.5 -5.72205e-07
      vertex 6.84391 11.6737 -5.72205e-07
      vertex 4.4561 12.2934 -5.72205e-07
    endloop
  endfacet
  facet normal 0 0 -1
    outer loop
      vertex 0 20.5 -5.72205e-07
      vertex 4.4561 12.2934 -5.72205e-07
      vertex 3.82717 12.4566 -5.72205e-07
    endloop
  endfacet
  facet normal 0 0 -1
    outer loop
      vertex 0 20.5 -5.72205e-07
      vertex 3.82717 12.4566 -5.72205e-07
      vertex 2.39999 12.8511 -5.72205e-07
    endloop
  endfacet
  facet normal 0 0 -1
    outer loop
      vertex 0 0.0368805 -5.72205e-07
      vertex 0.0368652 1.52588e-05 -5.72205e-07
      vertex 0.00172424 0.0017395 -5.72205e-07
    endloop
  endfacet
  facet normal 0 0 -1
    outer loop
      vertex 2.39999 1.52588e-05 -5.72205e-07
      vertex 0 0.0368805 -5.72205e-07
      vertex 2.39999 12.8511 -5.72205e-07
    endloop
  endfacet
  facet normal 0 0 -1
    outer loop
      vertex 43.779 6.7332 -5.72205e-07
      vertex 0 20.5 -5.72205e-07
      vertex 90 20.5 -5.72205e-07
    endloop
  endfacet
  facet normal 0 0 -1
    outer loop
      vertex 0 20.5 -5.72205e-07
      vertex 2.39999 12.8511 -5.72205e-07
      vertex 0 0.0368805 -5.72205e-07
    endloop
  endfacet
endsolid OpenSCAD_Model
