solid OpenSCAD_Model
  facet normal 0 -1 0
    outer loop
      vertex 3 0 0
      vertex 87 0 2.5
      vertex 3 0 2.5
    endloop
  endfacet
  facet normal 0 -1 -0
    outer loop
      vertex 87 0 2.5
      vertex 3 0 0
      vertex 87 0 0
    endloop
  endfacet
  facet normal -1 0 0
    outer loop
      vertex 0 3 0
      vertex 0 59.9746 2.5
      vertex 0 59.9746 0
    endloop
  endfacet
  facet normal -1 -0 0
    outer loop
      vertex 0 59.9746 2.5
      vertex 0 3 0
      vertex 0 3 2.5
    endloop
  endfacet
  facet normal 1 -0 0
    outer loop
      vertex 90 3 2.5
      vertex 90 60.0091 0
      vertex 90 60.0091 2.5
    endloop
  endfacet
  facet normal 1 0 0
    outer loop
      vertex 90 60.0091 0
      vertex 90 3 2.5
      vertex 90 3 0
    endloop
  endfacet
  facet normal 0.707107 -0.707107 0
    outer loop
      vertex 87 0 2.5
      vertex 90 3 0
      vertex 90 3 2.5
    endloop
  endfacet
  facet normal 0.707107 -0.707107 0
    outer loop
      vertex 90 3 0
      vertex 87 0 2.5
      vertex 87 0 0
    endloop
  endfacet
  facet normal -0.707107 -0.707107 0
    outer loop
      vertex 3 0 0
      vertex 0 3 2.5
      vertex 0 3 0
    endloop
  endfacet
  facet normal -0.707107 -0.707107 0
    outer loop
      vertex 0 3 2.5
      vertex 3 0 0
      vertex 3 0 2.5
    endloop
  endfacet
  facet normal 0.998807 0.0488376 0
    outer loop
      vertex 90 60.0091 2.5
      vertex 89.9969 60.0725 0
      vertex 89.9969 60.0725 2.5
    endloop
  endfacet
  facet normal 0.998807 0.0488376 0
    outer loop
      vertex 89.9969 60.0725 0
      vertex 90 60.0091 2.5
      vertex 90 60.0091 0
    endloop
  endfacet
  facet normal -0.448012 0.894028 0
    outer loop
      vertex 89.9969 60.0725 0
      vertex 89.9073 60.0276 2.5
      vertex 89.9969 60.0725 2.5
    endloop
  endfacet
  facet normal -0.448012 0.894028 0
    outer loop
      vertex 89.9073 60.0276 2.5
      vertex 89.9969 60.0725 0
      vertex 89.9073 60.0276 0
    endloop
  endfacet
  facet normal -0.511304 0.8594 0
    outer loop
      vertex 89.9073 60.0276 0
      vertex 88.7341 59.3296 2.5
      vertex 89.9073 60.0276 2.5
    endloop
  endfacet
  facet normal -0.511304 0.8594 0
    outer loop
      vertex 88.7341 59.3296 2.5
      vertex 89.9073 60.0276 0
      vertex 88.7341 59.3296 0
    endloop
  endfacet
  facet normal -0.499428 0.866355 0
    outer loop
      vertex 88.7341 59.3296 0
      vertex 88.6661 59.2904 2.5
      vertex 88.7341 59.3296 2.5
    endloop
  endfacet
  facet normal -0.499428 0.866355 0
    outer loop
      vertex 88.6661 59.2904 2.5
      vertex 88.7341 59.3296 0
      vertex 88.6661 59.2904 0
    endloop
  endfacet
  facet normal -0.488621 0.872496 0
    outer loop
      vertex 88.6661 59.2904 0
      vertex 86.7378 58.2105 2.5
      vertex 88.6661 59.2904 2.5
    endloop
  endfacet
  facet normal -0.488621 0.872496 0
    outer loop
      vertex 86.7378 58.2105 2.5
      vertex 88.6661 59.2904 0
      vertex 86.7378 58.2105 0
    endloop
  endfacet
  facet normal -0.47698 0.878914 0
    outer loop
      vertex 86.7378 58.2105 0
      vertex 86.6687 58.173 2.5
      vertex 86.7378 58.2105 2.5
    endloop
  endfacet
  facet normal -0.47698 0.878914 0
    outer loop
      vertex 86.6687 58.173 2.5
      vertex 86.7378 58.2105 0
      vertex 86.6687 58.173 0
    endloop
  endfacet
  facet normal -0.465636 0.884976 0
    outer loop
      vertex 86.6687 58.173 0
      vertex 84.7132 57.1441 2.5
      vertex 86.6687 58.173 2.5
    endloop
  endfacet
  facet normal -0.465636 0.884976 0
    outer loop
      vertex 84.7132 57.1441 2.5
      vertex 86.6687 58.173 0
      vertex 84.7132 57.1441 0
    endloop
  endfacet
  facet normal -0.453315 0.89135 0
    outer loop
      vertex 84.7132 57.1441 0
      vertex 84.6432 57.1085 2.5
      vertex 84.7132 57.1441 2.5
    endloop
  endfacet
  facet normal -0.453315 0.89135 0
    outer loop
      vertex 84.6432 57.1085 2.5
      vertex 84.7132 57.1441 0
      vertex 84.6432 57.1085 0
    endloop
  endfacet
  facet normal -0.442299 0.896868 0
    outer loop
      vertex 84.6432 57.1085 0
      vertex 82.6623 56.1316 2.5
      vertex 84.6432 57.1085 2.5
    endloop
  endfacet
  facet normal -0.442299 0.896868 0
    outer loop
      vertex 82.6623 56.1316 2.5
      vertex 84.6432 57.1085 0
      vertex 82.6623 56.1316 0
    endloop
  endfacet
  facet normal -0.430329 0.902672 0
    outer loop
      vertex 82.6623 56.1316 0
      vertex 82.5914 56.0978 2.5
      vertex 82.6623 56.1316 2.5
    endloop
  endfacet
  facet normal -0.430329 0.902672 0
    outer loop
      vertex 82.5914 56.0978 2.5
      vertex 82.6623 56.1316 0
      vertex 82.5914 56.0978 0
    endloop
  endfacet
  facet normal -0.418665 0.908141 0
    outer loop
      vertex 82.5914 56.0978 0
      vertex 80.5843 55.1725 2.5
      vertex 82.5914 56.0978 2.5
    endloop
  endfacet
  facet normal -0.418665 0.908141 0
    outer loop
      vertex 80.5843 55.1725 2.5
      vertex 82.5914 56.0978 0
      vertex 80.5843 55.1725 0
    endloop
  endfacet
  facet normal -0.407083 0.913391 0
    outer loop
      vertex 80.5843 55.1725 0
      vertex 80.5125 55.1405 2.5
      vertex 80.5843 55.1725 2.5
    endloop
  endfacet
  facet normal -0.407083 0.913391 0
    outer loop
      vertex 80.5125 55.1405 2.5
      vertex 80.5843 55.1725 0
      vertex 80.5125 55.1405 0
    endloop
  endfacet
  facet normal -0.394728 0.918798 0
    outer loop
      vertex 80.5125 55.1405 0
      vertex 78.4823 54.2683 2.5
      vertex 80.5125 55.1405 2.5
    endloop
  endfacet
  facet normal -0.394728 0.918798 0
    outer loop
      vertex 78.4823 54.2683 2.5
      vertex 80.5125 55.1405 0
      vertex 78.4823 54.2683 0
    endloop
  endfacet
  facet normal -0.383439 0.923566 0
    outer loop
      vertex 78.4823 54.2683 0
      vertex 78.4098 54.2382 2.5
      vertex 78.4823 54.2683 2.5
    endloop
  endfacet
  facet normal -0.383439 0.923566 0
    outer loop
      vertex 78.4098 54.2382 2.5
      vertex 78.4823 54.2683 0
      vertex 78.4098 54.2382 0
    endloop
  endfacet
  facet normal -0.37054 0.928817 0
    outer loop
      vertex 78.4098 54.2382 0
      vertex 76.3581 53.4197 2.5
      vertex 78.4098 54.2382 2.5
    endloop
  endfacet
  facet normal -0.37054 0.928817 0
    outer loop
      vertex 76.3581 53.4197 2.5
      vertex 78.4098 54.2382 0
      vertex 76.3581 53.4197 0
    endloop
  endfacet
  facet normal -0.357955 0.933739 0
    outer loop
      vertex 76.3581 53.4197 0
      vertex 76.2848 53.3916 2.5
      vertex 76.3581 53.4197 2.5
    endloop
  endfacet
  facet normal -0.357955 0.933739 0
    outer loop
      vertex 76.2848 53.3916 2.5
      vertex 76.3581 53.4197 0
      vertex 76.2848 53.3916 0
    endloop
  endfacet
  facet normal -0.346125 0.938189 0
    outer loop
      vertex 76.2848 53.3916 0
      vertex 74.2115 52.6267 2.5
      vertex 76.2848 53.3916 2.5
    endloop
  endfacet
  facet normal -0.346125 0.938189 0
    outer loop
      vertex 74.2115 52.6267 2.5
      vertex 76.2848 53.3916 0
      vertex 74.2115 52.6267 0
    endloop
  endfacet
  facet normal -0.333753 0.942661 0
    outer loop
      vertex 74.2115 52.6267 0
      vertex 74.1375 52.6005 2.5
      vertex 74.2115 52.6267 2.5
    endloop
  endfacet
  facet normal -0.333753 0.942661 0
    outer loop
      vertex 74.1375 52.6005 2.5
      vertex 74.2115 52.6267 0
      vertex 74.1375 52.6005 0
    endloop
  endfacet
  facet normal -0.321464 0.946922 0
    outer loop
      vertex 74.1375 52.6005 0
      vertex 72.0452 51.8902 2.5
      vertex 74.1375 52.6005 2.5
    endloop
  endfacet
  facet normal -0.321464 0.946922 0
    outer loop
      vertex 72.0452 51.8902 2.5
      vertex 74.1375 52.6005 0
      vertex 72.0452 51.8902 0
    endloop
  endfacet
  facet normal -0.308193 0.951324 0
    outer loop
      vertex 72.0452 51.8902 0
      vertex 71.9705 51.866 2.5
      vertex 72.0452 51.8902 2.5
    endloop
  endfacet
  facet normal -0.308193 0.951324 0
    outer loop
      vertex 71.9705 51.866 2.5
      vertex 72.0452 51.8902 0
      vertex 71.9705 51.866 0
    endloop
  endfacet
  facet normal -0.29655 0.955017 0
    outer loop
      vertex 71.9705 51.866 0
      vertex 69.8608 51.2109 2.5
      vertex 71.9705 51.866 2.5
    endloop
  endfacet
  facet normal -0.29655 0.955017 0
    outer loop
      vertex 69.8608 51.2109 2.5
      vertex 71.9705 51.866 0
      vertex 69.8608 51.2109 0
    endloop
  endfacet
  facet normal -0.283958 0.958837 0
    outer loop
      vertex 69.8608 51.2109 0
      vertex 69.7855 51.1886 2.5
      vertex 69.8608 51.2109 2.5
    endloop
  endfacet
  facet normal -0.283958 0.958837 0
    outer loop
      vertex 69.7855 51.1886 2.5
      vertex 69.8608 51.2109 0
      vertex 69.7855 51.1886 0
    endloop
  endfacet
  facet normal -0.271457 0.962451 0
    outer loop
      vertex 69.7855 51.1886 0
      vertex 67.6582 50.5886 2.5
      vertex 69.7855 51.1886 2.5
    endloop
  endfacet
  facet normal -0.271457 0.962451 0
    outer loop
      vertex 67.6582 50.5886 2.5
      vertex 69.7855 51.1886 0
      vertex 67.6582 50.5886 0
    endloop
  endfacet
  facet normal -0.258376 0.966045 0
    outer loop
      vertex 67.6582 50.5886 0
      vertex 67.5823 50.5683 2.5
      vertex 67.6582 50.5886 2.5
    endloop
  endfacet
  facet normal -0.258376 0.966045 0
    outer loop
      vertex 67.5823 50.5683 2.5
      vertex 67.6582 50.5886 0
      vertex 67.5823 50.5683 0
    endloop
  endfacet
  facet normal -0.246145 0.969233 0
    outer loop
      vertex 67.5823 50.5683 0
      vertex 65.4414 50.0246 2.5
      vertex 67.5823 50.5683 2.5
    endloop
  endfacet
  facet normal -0.246145 0.969233 0
    outer loop
      vertex 65.4414 50.0246 2.5
      vertex 67.5823 50.5683 0
      vertex 65.4414 50.0246 0
    endloop
  endfacet
  facet normal -0.234143 0.972202 0
    outer loop
      vertex 65.4414 50.0246 0
      vertex 65.365 50.0062 2.5
      vertex 65.4414 50.0246 2.5
    endloop
  endfacet
  facet normal -0.234143 0.972202 0
    outer loop
      vertex 65.365 50.0062 2.5
      vertex 65.4414 50.0246 0
      vertex 65.365 50.0062 0
    endloop
  endfacet
  facet normal -0.220666 0.975349 0
    outer loop
      vertex 65.365 50.0062 0
      vertex 63.2098 49.5186 2.5
      vertex 65.365 50.0062 2.5
    endloop
  endfacet
  facet normal -0.220666 0.975349 0
    outer loop
      vertex 63.2098 49.5186 2.5
      vertex 65.365 50.0062 0
      vertex 63.2098 49.5186 0
    endloop
  endfacet
  facet normal -0.208574 0.978007 0
    outer loop
      vertex 63.2098 49.5186 0
      vertex 63.1329 49.5022 2.5
      vertex 63.2098 49.5186 2.5
    endloop
  endfacet
  facet normal -0.208574 0.978007 0
    outer loop
      vertex 63.1329 49.5022 2.5
      vertex 63.2098 49.5186 0
      vertex 63.1329 49.5022 0
    endloop
  endfacet
  facet normal -0.195063 0.980791 0
    outer loop
      vertex 63.1329 49.5022 0
      vertex 60.9658 49.0712 2.5
      vertex 63.1329 49.5022 2.5
    endloop
  endfacet
  facet normal -0.195063 0.980791 0
    outer loop
      vertex 60.9658 49.0712 2.5
      vertex 63.1329 49.5022 0
      vertex 60.9658 49.0712 0
    endloop
  endfacet
  facet normal -0.183366 0.983045 0
    outer loop
      vertex 60.9658 49.0712 0
      vertex 60.8886 49.0568 2.5
      vertex 60.9658 49.0712 2.5
    endloop
  endfacet
  facet normal -0.183366 0.983045 0
    outer loop
      vertex 60.8886 49.0568 2.5
      vertex 60.9658 49.0712 0
      vertex 60.8886 49.0568 0
    endloop
  endfacet
  facet normal -0.169308 0.985563 0
    outer loop
      vertex 60.8886 49.0568 0
      vertex 58.7115 48.6828 2.5
      vertex 60.8886 49.0568 2.5
    endloop
  endfacet
  facet normal -0.169308 0.985563 0
    outer loop
      vertex 58.7115 48.6828 2.5
      vertex 60.8886 49.0568 0
      vertex 58.7115 48.6828 0
    endloop
  endfacet
  facet normal -0.156551 0.98767 0
    outer loop
      vertex 58.7115 48.6828 0
      vertex 58.6339 48.6705 2.5
      vertex 58.7115 48.6828 2.5
    endloop
  endfacet
  facet normal -0.156551 0.98767 0
    outer loop
      vertex 58.6339 48.6705 2.5
      vertex 58.7115 48.6828 0
      vertex 58.6339 48.6705 0
    endloop
  endfacet
  facet normal -0.143505 0.98965 0
    outer loop
      vertex 58.6339 48.6705 0
      vertex 56.4464 48.3533 2.5
      vertex 58.6339 48.6705 2.5
    endloop
  endfacet
  facet normal -0.143505 0.98965 0
    outer loop
      vertex 56.4464 48.3533 2.5
      vertex 58.6339 48.6705 0
      vertex 56.4464 48.3533 0
    endloop
  endfacet
  facet normal -0.129993 0.991515 0
    outer loop
      vertex 56.4464 48.3533 0
      vertex 56.3686 48.3431 2.5
      vertex 56.4464 48.3533 2.5
    endloop
  endfacet
  facet normal -0.129993 0.991515 0
    outer loop
      vertex 56.3686 48.3431 2.5
      vertex 56.4464 48.3533 0
      vertex 56.3686 48.3431 0
    endloop
  endfacet
  facet normal -0.117558 0.993066 0
    outer loop
      vertex 56.3686 48.3431 0
      vertex 54.1748 48.0834 2.5
      vertex 56.3686 48.3431 2.5
    endloop
  endfacet
  facet normal -0.117558 0.993066 0
    outer loop
      vertex 54.1748 48.0834 2.5
      vertex 56.3686 48.3431 0
      vertex 54.1748 48.0834 0
    endloop
  endfacet
  facet normal -0.104288 0.994547 0
    outer loop
      vertex 54.1748 48.0834 0
      vertex 54.0966 48.0752 2.5
      vertex 54.1748 48.0834 2.5
    endloop
  endfacet
  facet normal -0.104288 0.994547 0
    outer loop
      vertex 54.0966 48.0752 2.5
      vertex 54.1748 48.0834 0
      vertex 54.0966 48.0752 0
    endloop
  endfacet
  facet normal -0.0915192 0.995803 0
    outer loop
      vertex 54.0966 48.0752 0
      vertex 51.8965 47.873 2.5
      vertex 54.0966 48.0752 2.5
    endloop
  endfacet
  facet normal -0.0915192 0.995803 0
    outer loop
      vertex 51.8965 47.873 2.5
      vertex 54.0966 48.0752 0
      vertex 51.8965 47.873 0
    endloop
  endfacet
  facet normal -0.0776701 0.996979 0
    outer loop
      vertex 51.8965 47.873 0
      vertex 51.8182 47.8669 2.5
      vertex 51.8965 47.873 2.5
    endloop
  endfacet
  facet normal -0.0776701 0.996979 0
    outer loop
      vertex 51.8182 47.8669 2.5
      vertex 51.8965 47.873 0
      vertex 51.8182 47.8669 0
    endloop
  endfacet
  facet normal -0.0654347 0.997857 0
    outer loop
      vertex 51.8182 47.8669 0
      vertex 49.6131 47.7223 2.5
      vertex 51.8182 47.8669 2.5
    endloop
  endfacet
  facet normal -0.0654347 0.997857 0
    outer loop
      vertex 49.6131 47.7223 2.5
      vertex 51.8182 47.8669 0
      vertex 49.6131 47.7223 0
    endloop
  endfacet
  facet normal -0.0522246 0.998635 0
    outer loop
      vertex 49.6131 47.7223 0
      vertex 49.5347 47.7182 2.5
      vertex 49.6131 47.7223 2.5
    endloop
  endfacet
  facet normal -0.0522246 0.998635 0
    outer loop
      vertex 49.5347 47.7182 2.5
      vertex 49.6131 47.7223 0
      vertex 49.5347 47.7182 0
    endloop
  endfacet
  facet normal -0.0392467 0.99923 0
    outer loop
      vertex 49.5347 47.7182 0
      vertex 47.3273 47.6315 2.5
      vertex 49.5347 47.7182 2.5
    endloop
  endfacet
  facet normal -0.0392467 0.99923 0
    outer loop
      vertex 47.3273 47.6315 2.5
      vertex 49.5347 47.7182 0
      vertex 47.3273 47.6315 0
    endloop
  endfacet
  facet normal -0.026708 0.999643 0
    outer loop
      vertex 47.3273 47.6315 0
      vertex 47.2487 47.6294 2.5
      vertex 47.3273 47.6315 2.5
    endloop
  endfacet
  facet normal -0.026708 0.999643 0
    outer loop
      vertex 47.2487 47.6294 2.5
      vertex 47.3273 47.6315 0
      vertex 47.2487 47.6294 0
    endloop
  endfacet
  facet normal -0.0130794 0.999914 0
    outer loop
      vertex 47.2487 47.6294 0
      vertex 45.0393 47.6005 2.5
      vertex 47.2487 47.6294 2.5
    endloop
  endfacet
  facet normal -0.0130794 0.999914 0
    outer loop
      vertex 45.0393 47.6005 2.5
      vertex 47.2487 47.6294 0
      vertex 45.0393 47.6005 0
    endloop
  endfacet
  facet normal 0 1 -0
    outer loop
      vertex 45.0393 47.6005 0
      vertex 44.9607 47.6005 2.5
      vertex 45.0393 47.6005 2.5
    endloop
  endfacet
  facet normal 0 1 0
    outer loop
      vertex 44.9607 47.6005 2.5
      vertex 45.0393 47.6005 0
      vertex 44.9607 47.6005 0
    endloop
  endfacet
  facet normal 0.0130794 0.999914 -0
    outer loop
      vertex 44.9607 47.6005 0
      vertex 42.7513 47.6294 2.5
      vertex 44.9607 47.6005 2.5
    endloop
  endfacet
  facet normal 0.0130794 0.999914 0
    outer loop
      vertex 42.7513 47.6294 2.5
      vertex 44.9607 47.6005 0
      vertex 42.7513 47.6294 0
    endloop
  endfacet
  facet normal 0.026708 0.999643 -0
    outer loop
      vertex 42.7513 47.6294 0
      vertex 42.6727 47.6315 2.5
      vertex 42.7513 47.6294 2.5
    endloop
  endfacet
  facet normal 0.026708 0.999643 0
    outer loop
      vertex 42.6727 47.6315 2.5
      vertex 42.7513 47.6294 0
      vertex 42.6727 47.6315 0
    endloop
  endfacet
  facet normal 0.0392467 0.99923 -0
    outer loop
      vertex 42.6727 47.6315 0
      vertex 40.4653 47.7182 2.5
      vertex 42.6727 47.6315 2.5
    endloop
  endfacet
  facet normal 0.0392467 0.99923 0
    outer loop
      vertex 40.4653 47.7182 2.5
      vertex 42.6727 47.6315 0
      vertex 40.4653 47.7182 0
    endloop
  endfacet
  facet normal 0.0522246 0.998635 -0
    outer loop
      vertex 40.4653 47.7182 0
      vertex 40.3869 47.7223 2.5
      vertex 40.4653 47.7182 2.5
    endloop
  endfacet
  facet normal 0.0522246 0.998635 0
    outer loop
      vertex 40.3869 47.7223 2.5
      vertex 40.4653 47.7182 0
      vertex 40.3869 47.7223 0
    endloop
  endfacet
  facet normal 0.0654318 0.997857 -0
    outer loop
      vertex 40.3869 47.7223 0
      vertex 38.1817 47.8669 2.5
      vertex 40.3869 47.7223 2.5
    endloop
  endfacet
  facet normal 0.0654318 0.997857 0
    outer loop
      vertex 38.1817 47.8669 2.5
      vertex 40.3869 47.7223 0
      vertex 38.1817 47.8669 0
    endloop
  endfacet
  facet normal 0.0777689 0.996971 -0
    outer loop
      vertex 38.1817 47.8669 0
      vertex 38.1035 47.873 2.5
      vertex 38.1817 47.8669 2.5
    endloop
  endfacet
  facet normal 0.0777689 0.996971 0
    outer loop
      vertex 38.1035 47.873 2.5
      vertex 38.1817 47.8669 0
      vertex 38.1035 47.873 0
    endloop
  endfacet
  facet normal 0.0915151 0.995804 -0
    outer loop
      vertex 38.1035 47.873 0
      vertex 35.9033 48.0752 2.5
      vertex 38.1035 47.873 2.5
    endloop
  endfacet
  facet normal 0.0915151 0.995804 0
    outer loop
      vertex 35.9033 48.0752 2.5
      vertex 38.1035 47.873 0
      vertex 35.9033 48.0752 0
    endloop
  endfacet
  facet normal 0.10442 0.994533 -0
    outer loop
      vertex 35.9033 48.0752 0
      vertex 35.8252 48.0834 2.5
      vertex 35.9033 48.0752 2.5
    endloop
  endfacet
  facet normal 0.10442 0.994533 0
    outer loop
      vertex 35.8252 48.0834 2.5
      vertex 35.9033 48.0752 0
      vertex 35.8252 48.0834 0
    endloop
  endfacet
  facet normal 0.117558 0.993066 -0
    outer loop
      vertex 35.8252 48.0834 0
      vertex 33.6314 48.3431 2.5
      vertex 35.8252 48.0834 2.5
    endloop
  endfacet
  facet normal 0.117558 0.993066 0
    outer loop
      vertex 33.6314 48.3431 2.5
      vertex 35.8252 48.0834 0
      vertex 33.6314 48.3431 0
    endloop
  endfacet
  facet normal 0.129993 0.991515 -0
    outer loop
      vertex 33.6314 48.3431 0
      vertex 33.5536 48.3533 2.5
      vertex 33.6314 48.3431 2.5
    endloop
  endfacet
  facet normal 0.129993 0.991515 0
    outer loop
      vertex 33.5536 48.3533 2.5
      vertex 33.6314 48.3431 0
      vertex 33.5536 48.3533 0
    endloop
  endfacet
  facet normal 0.143505 0.98965 -0
    outer loop
      vertex 33.5536 48.3533 0
      vertex 31.3661 48.6705 2.5
      vertex 33.5536 48.3533 2.5
    endloop
  endfacet
  facet normal 0.143505 0.98965 0
    outer loop
      vertex 31.3661 48.6705 2.5
      vertex 33.5536 48.3533 0
      vertex 31.3661 48.6705 0
    endloop
  endfacet
  facet normal 0.156551 0.98767 -0
    outer loop
      vertex 31.3661 48.6705 0
      vertex 31.2885 48.6828 2.5
      vertex 31.3661 48.6705 2.5
    endloop
  endfacet
  facet normal 0.156551 0.98767 0
    outer loop
      vertex 31.2885 48.6828 2.5
      vertex 31.3661 48.6705 0
      vertex 31.2885 48.6828 0
    endloop
  endfacet
  facet normal 0.169308 0.985563 -0
    outer loop
      vertex 31.2885 48.6828 0
      vertex 29.1114 49.0568 2.5
      vertex 31.2885 48.6828 2.5
    endloop
  endfacet
  facet normal 0.169308 0.985563 0
    outer loop
      vertex 29.1114 49.0568 2.5
      vertex 31.2885 48.6828 0
      vertex 29.1114 49.0568 0
    endloop
  endfacet
  facet normal 0.183366 0.983045 -0
    outer loop
      vertex 29.1114 49.0568 0
      vertex 29.0342 49.0712 2.5
      vertex 29.1114 49.0568 2.5
    endloop
  endfacet
  facet normal 0.183366 0.983045 0
    outer loop
      vertex 29.0342 49.0712 2.5
      vertex 29.1114 49.0568 0
      vertex 29.0342 49.0712 0
    endloop
  endfacet
  facet normal 0.195054 0.980792 -0
    outer loop
      vertex 29.0342 49.0712 0
      vertex 26.867 49.5022 2.5
      vertex 29.0342 49.0712 2.5
    endloop
  endfacet
  facet normal 0.195054 0.980792 0
    outer loop
      vertex 26.867 49.5022 2.5
      vertex 29.0342 49.0712 0
      vertex 26.867 49.5022 0
    endloop
  endfacet
  facet normal 0.208833 0.977951 -0
    outer loop
      vertex 26.867 49.5022 0
      vertex 26.7902 49.5186 2.5
      vertex 26.867 49.5022 2.5
    endloop
  endfacet
  facet normal 0.208833 0.977951 0
    outer loop
      vertex 26.7902 49.5186 2.5
      vertex 26.867 49.5022 0
      vertex 26.7902 49.5186 0
    endloop
  endfacet
  facet normal 0.220657 0.975352 -0
    outer loop
      vertex 26.7902 49.5186 0
      vertex 24.6349 50.0062 2.5
      vertex 26.7902 49.5186 2.5
    endloop
  endfacet
  facet normal 0.220657 0.975352 0
    outer loop
      vertex 24.6349 50.0062 2.5
      vertex 26.7902 49.5186 0
      vertex 24.6349 50.0062 0
    endloop
  endfacet
  facet normal 0.234433 0.972132 -0
    outer loop
      vertex 24.6349 50.0062 0
      vertex 24.5586 50.0246 2.5
      vertex 24.6349 50.0062 2.5
    endloop
  endfacet
  facet normal 0.234433 0.972132 0
    outer loop
      vertex 24.5586 50.0246 2.5
      vertex 24.6349 50.0062 0
      vertex 24.5586 50.0246 0
    endloop
  endfacet
  facet normal 0.246134 0.969236 -0
    outer loop
      vertex 24.5586 50.0246 0
      vertex 22.4176 50.5683 2.5
      vertex 24.5586 50.0246 2.5
    endloop
  endfacet
  facet normal 0.246134 0.969236 0
    outer loop
      vertex 22.4176 50.5683 2.5
      vertex 24.5586 50.0246 0
      vertex 22.4176 50.5683 0
    endloop
  endfacet
  facet normal 0.258694 0.965959 -0
    outer loop
      vertex 22.4176 50.5683 0
      vertex 22.3418 50.5886 2.5
      vertex 22.4176 50.5683 2.5
    endloop
  endfacet
  facet normal 0.258694 0.965959 0
    outer loop
      vertex 22.3418 50.5886 2.5
      vertex 22.4176 50.5683 0
      vertex 22.3418 50.5886 0
    endloop
  endfacet
  facet normal 0.271457 0.962451 -0
    outer loop
      vertex 22.3418 50.5886 0
      vertex 20.2145 51.1886 2.5
      vertex 22.3418 50.5886 2.5
    endloop
  endfacet
  facet normal 0.271457 0.962451 0
    outer loop
      vertex 20.2145 51.1886 2.5
      vertex 22.3418 50.5886 0
      vertex 20.2145 51.1886 0
    endloop
  endfacet
  facet normal 0.283958 0.958837 -0
    outer loop
      vertex 20.2145 51.1886 0
      vertex 20.1392 51.2109 2.5
      vertex 20.2145 51.1886 2.5
    endloop
  endfacet
  facet normal 0.283958 0.958837 0
    outer loop
      vertex 20.1392 51.2109 2.5
      vertex 20.2145 51.1886 0
      vertex 20.1392 51.2109 0
    endloop
  endfacet
  facet normal 0.29655 0.955017 -0
    outer loop
      vertex 20.1392 51.2109 0
      vertex 18.0295 51.866 2.5
      vertex 20.1392 51.2109 2.5
    endloop
  endfacet
  facet normal 0.29655 0.955017 0
    outer loop
      vertex 18.0295 51.866 2.5
      vertex 20.1392 51.2109 0
      vertex 18.0295 51.866 0
    endloop
  endfacet
  facet normal 0.308193 0.951324 -0
    outer loop
      vertex 18.0295 51.866 0
      vertex 17.9548 51.8902 2.5
      vertex 18.0295 51.866 2.5
    endloop
  endfacet
  facet normal 0.308193 0.951324 0
    outer loop
      vertex 17.9548 51.8902 2.5
      vertex 18.0295 51.866 0
      vertex 17.9548 51.8902 0
    endloop
  endfacet
  facet normal 0.321464 0.946922 -0
    outer loop
      vertex 17.9548 51.8902 0
      vertex 15.8625 52.6005 2.5
      vertex 17.9548 51.8902 2.5
    endloop
  endfacet
  facet normal 0.321464 0.946922 0
    outer loop
      vertex 15.8625 52.6005 2.5
      vertex 17.9548 51.8902 0
      vertex 15.8625 52.6005 0
    endloop
  endfacet
  facet normal 0.333753 0.942661 -0
    outer loop
      vertex 15.8625 52.6005 0
      vertex 15.7885 52.6267 2.5
      vertex 15.8625 52.6005 2.5
    endloop
  endfacet
  facet normal 0.333753 0.942661 0
    outer loop
      vertex 15.7885 52.6267 2.5
      vertex 15.8625 52.6005 0
      vertex 15.7885 52.6267 0
    endloop
  endfacet
  facet normal 0.346125 0.938189 -0
    outer loop
      vertex 15.7885 52.6267 0
      vertex 13.7152 53.3916 2.5
      vertex 15.7885 52.6267 2.5
    endloop
  endfacet
  facet normal 0.346125 0.938189 0
    outer loop
      vertex 13.7152 53.3916 2.5
      vertex 15.7885 52.6267 0
      vertex 13.7152 53.3916 0
    endloop
  endfacet
  facet normal 0.357955 0.933739 -0
    outer loop
      vertex 13.7152 53.3916 0
      vertex 13.6419 53.4197 2.5
      vertex 13.7152 53.3916 2.5
    endloop
  endfacet
  facet normal 0.357955 0.933739 0
    outer loop
      vertex 13.6419 53.4197 2.5
      vertex 13.7152 53.3916 0
      vertex 13.6419 53.4197 0
    endloop
  endfacet
  facet normal 0.37054 0.928817 -0
    outer loop
      vertex 13.6419 53.4197 0
      vertex 11.5902 54.2382 2.5
      vertex 13.6419 53.4197 2.5
    endloop
  endfacet
  facet normal 0.37054 0.928817 0
    outer loop
      vertex 11.5902 54.2382 2.5
      vertex 13.6419 53.4197 0
      vertex 11.5902 54.2382 0
    endloop
  endfacet
  facet normal 0.383439 0.923566 -0
    outer loop
      vertex 11.5902 54.2382 0
      vertex 11.5177 54.2683 2.5
      vertex 11.5902 54.2382 2.5
    endloop
  endfacet
  facet normal 0.383439 0.923566 0
    outer loop
      vertex 11.5177 54.2683 2.5
      vertex 11.5902 54.2382 0
      vertex 11.5177 54.2683 0
    endloop
  endfacet
  facet normal 0.394721 0.918801 -0
    outer loop
      vertex 11.5177 54.2683 0
      vertex 9.48746 55.1405 2.5
      vertex 11.5177 54.2683 2.5
    endloop
  endfacet
  facet normal 0.394721 0.918801 0
    outer loop
      vertex 9.48746 55.1405 2.5
      vertex 11.5177 54.2683 0
      vertex 9.48746 55.1405 0
    endloop
  endfacet
  facet normal 0.407272 0.913307 -0
    outer loop
      vertex 9.48746 55.1405 0
      vertex 9.4157 55.1725 2.5
      vertex 9.48746 55.1405 2.5
    endloop
  endfacet
  facet normal 0.407272 0.913307 0
    outer loop
      vertex 9.4157 55.1725 2.5
      vertex 9.48746 55.1405 0
      vertex 9.4157 55.1725 0
    endloop
  endfacet
  facet normal 0.418655 0.908145 -0
    outer loop
      vertex 9.4157 55.1725 0
      vertex 7.40854 56.0978 2.5
      vertex 9.4157 55.1725 2.5
    endloop
  endfacet
  facet normal 0.418655 0.908145 0
    outer loop
      vertex 7.40854 56.0978 2.5
      vertex 9.4157 55.1725 0
      vertex 7.40854 56.0978 0
    endloop
  endfacet
  facet normal 0.430428 0.902625 -0
    outer loop
      vertex 7.40854 56.0978 0
      vertex 7.33766 56.1316 2.5
      vertex 7.40854 56.0978 2.5
    endloop
  endfacet
  facet normal 0.430428 0.902625 0
    outer loop
      vertex 7.33766 56.1316 2.5
      vertex 7.40854 56.0978 0
      vertex 7.33766 56.1316 0
    endloop
  endfacet
  facet normal 0.442297 0.896869 -0
    outer loop
      vertex 7.33766 56.1316 0
      vertex 5.35675 57.1085 2.5
      vertex 7.33766 56.1316 2.5
    endloop
  endfacet
  facet normal 0.442297 0.896869 0
    outer loop
      vertex 5.35675 57.1085 2.5
      vertex 7.33766 56.1316 0
      vertex 5.35675 57.1085 0
    endloop
  endfacet
  facet normal 0.453573 0.891219 -0
    outer loop
      vertex 5.35675 57.1085 0
      vertex 5.2868 57.1441 2.5
      vertex 5.35675 57.1085 2.5
    endloop
  endfacet
  facet normal 0.453573 0.891219 0
    outer loop
      vertex 5.2868 57.1441 2.5
      vertex 5.35675 57.1085 0
      vertex 5.2868 57.1441 0
    endloop
  endfacet
  facet normal 0.465625 0.884982 -0
    outer loop
      vertex 5.2868 57.1441 0
      vertex 3.33124 58.173 2.5
      vertex 5.2868 57.1441 2.5
    endloop
  endfacet
  facet normal 0.465625 0.884982 0
    outer loop
      vertex 3.33124 58.173 2.5
      vertex 5.2868 57.1441 0
      vertex 3.33124 58.173 0
    endloop
  endfacet
  facet normal 0.477246 0.87877 -0
    outer loop
      vertex 3.33124 58.173 0
      vertex 3.26219 58.2105 2.5
      vertex 3.33124 58.173 2.5
    endloop
  endfacet
  facet normal 0.477246 0.87877 0
    outer loop
      vertex 3.26219 58.2105 2.5
      vertex 3.33124 58.173 0
      vertex 3.26219 58.2105 0
    endloop
  endfacet
  facet normal 0.488608 0.872503 -0
    outer loop
      vertex 3.26219 58.2105 0
      vertex 1.33418 59.2902 2.5
      vertex 3.26219 58.2105 2.5
    endloop
  endfacet
  facet normal 0.488608 0.872503 0
    outer loop
      vertex 1.33418 59.2902 2.5
      vertex 3.26219 58.2105 0
      vertex 1.33418 59.2902 0
    endloop
  endfacet
  facet normal 0.500273 0.865868 -0
    outer loop
      vertex 1.33418 59.2902 0
      vertex 1.26616 59.3295 2.5
      vertex 1.33418 59.2902 2.5
    endloop
  endfacet
  facet normal 0.500273 0.865868 0
    outer loop
      vertex 1.26616 59.3295 2.5
      vertex 1.33418 59.2902 0
      vertex 1.26616 59.3295 0
    endloop
  endfacet
  facet normal 0.51132 0.85939 -0
    outer loop
      vertex 1.26616 59.3295 0
      vertex 0.0632629 60.0452 2.5
      vertex 1.26616 59.3295 2.5
    endloop
  endfacet
  facet normal 0.51132 0.85939 0
    outer loop
      vertex 0.0632629 60.0452 2.5
      vertex 1.26616 59.3295 0
      vertex 0.0632629 60.0452 0
    endloop
  endfacet
  facet normal 0.468343 0.883547 -0
    outer loop
      vertex 0.0632629 60.0452 0
      vertex 0.00723267 60.0749 2.5
      vertex 0.0632629 60.0452 2.5
    endloop
  endfacet
  facet normal 0.468343 0.883547 0
    outer loop
      vertex 0.00723267 60.0749 2.5
      vertex 0.0632629 60.0452 0
      vertex 0.00723267 60.0749 0
    endloop
  endfacet
  facet normal -0.99741 0.0719236 0
    outer loop
      vertex 0 59.9746 0
      vertex 0.00723267 60.0749 2.5
      vertex 0.00723267 60.0749 0
    endloop
  endfacet
  facet normal -0.99741 0.0719236 0
    outer loop
      vertex 0.00723267 60.0749 2.5
      vertex 0 59.9746 0
      vertex 0 59.9746 2.5
    endloop
  endfacet
  facet normal 1 -0 0
    outer loop
      vertex 2.39999 2.4 2.5
      vertex 2.39999 52.2973 1.73549
      vertex 2.39999 53.5309 2.5
    endloop
  endfacet
  facet normal 1 0 0
    outer loop
      vertex 2.39999 2.4 2.5
      vertex 2.39999 51.3928 1.17495
      vertex 2.39999 52.2973 1.73549
    endloop
  endfacet
  facet normal 1 0 0
    outer loop
      vertex 2.39999 2.4 2.5
      vertex 2.39999 49.522 0
      vertex 2.39999 51.3928 1.17495
    endloop
  endfacet
  facet normal 1 0 0
    outer loop
      vertex 2.39999 49.522 0
      vertex 2.39999 2.4 2.5
      vertex 2.39999 2.4 0
    endloop
  endfacet
  facet normal -1 0 0
    outer loop
      vertex 87.6 2.4 2.5
      vertex 87.6 49.522 0
      vertex 87.6 2.4 0
    endloop
  endfacet
  facet normal -1 0 0
    outer loop
      vertex 87.6 49.522 0
      vertex 87.6 2.4 2.5
      vertex 87.6 49.8866 0.228976
    endloop
  endfacet
  facet normal -1 0 0
    outer loop
      vertex 87.6 49.8866 0.228976
      vertex 87.6 2.4 2.5
      vertex 87.6 51.3928 1.17497
    endloop
  endfacet
  facet normal -1 0 0
    outer loop
      vertex 87.6 51.3928 1.17497
      vertex 87.6 2.4 2.5
      vertex 87.6 53.5309 2.5
    endloop
  endfacet
  facet normal 0 1 -0
    outer loop
      vertex 87.6 2.4 0
      vertex 2.39999 2.4 2.5
      vertex 87.6 2.4 2.5
    endloop
  endfacet
  facet normal 0 1 0
    outer loop
      vertex 2.39999 2.4 2.5
      vertex 87.6 2.4 0
      vertex 2.39999 2.4 0
    endloop
  endfacet
  facet normal 0.267083 -0.507634 0.81913
    outer loop
      vertex 87.6 53.5309 2.5
      vertex 86.7409 53.0789 2.5
      vertex 87.6 51.3928 1.17497
    endloop
  endfacet
  facet normal 0.253654 -0.514476 0.81913
    outer loop
      vertex 86.4969 52.9586 2.5
      vertex 87.6 51.3928 1.17497
      vertex 86.7409 53.0789 2.5
    endloop
  endfacet
  facet normal 0.253665 -0.514469 0.819131
    outer loop
      vertex 87.6 51.3928 1.17497
      vertex 86.4969 52.9586 2.5
      vertex 87.6 49.8866 0.228976
    endloop
  endfacet
  facet normal 0.253707 -0.514452 0.819129
    outer loop
      vertex 84.5821 52.0143 2.5
      vertex 87.6 49.8866 0.228976
      vertex 86.4969 52.9586 2.5
    endloop
  endfacet
  facet normal 0.253697 -0.514463 0.819125
    outer loop
      vertex 86.1192 48.7918 0
      vertex 87.6 49.8866 0.228976
      vertex 84.5821 52.0143 2.5
    endloop
  endfacet
  facet normal 0.253676 -0.51444 0.819146
    outer loop
      vertex 87.6 49.8866 0.228976
      vertex 86.1192 48.7918 0
      vertex 87.6 49.522 0
    endloop
  endfacet
  facet normal 0.240204 -0.520899 0.819125
    outer loop
      vertex 84.3351 51.9004 2.5
      vertex 86.1192 48.7918 0
      vertex 84.5821 52.0143 2.5
    endloop
  endfacet
  facet normal 0.240173 -0.520915 0.819124
    outer loop
      vertex 86.1192 48.7918 0
      vertex 84.3351 51.9004 2.5
      vertex 85.4605 48.4881 0
    endloop
  endfacet
  facet normal 0.24015 -0.520924 0.819125
    outer loop
      vertex 82.3963 51.0066 2.5
      vertex 85.4605 48.4881 0
      vertex 84.3351 51.9004 2.5
    endloop
  endfacet
  facet normal 0.240162 -0.520912 0.819129
    outer loop
      vertex 85.4605 48.4881 0
      vertex 82.3963 51.0066 2.5
      vertex 83.8485 47.7449 0
    endloop
  endfacet
  facet normal 0.226414 -0.527033 0.819129
    outer loop
      vertex 82.1463 50.8992 2.5
      vertex 83.8485 47.7449 0
      vertex 82.3963 51.0066 2.5
    endloop
  endfacet
  facet normal 0.226395 -0.527043 0.819128
    outer loop
      vertex 83.8485 47.7449 0
      vertex 82.1463 50.8992 2.5
      vertex 83.182 47.4586 0
    endloop
  endfacet
  facet normal 0.226424 -0.527033 0.819127
    outer loop
      vertex 80.1848 50.0565 2.5
      vertex 83.182 47.4586 0
      vertex 82.1463 50.8992 2.5
    endloop
  endfacet
  facet normal 0.226432 -0.527026 0.819129
    outer loop
      vertex 83.182 47.4586 0
      vertex 80.1848 50.0565 2.5
      vertex 81.5511 46.7579 0
    endloop
  endfacet
  facet normal 0.212524 -0.532787 0.819129
    outer loop
      vertex 79.9321 49.9557 2.5
      vertex 81.5511 46.7579 0
      vertex 80.1848 50.0565 2.5
    endloop
  endfacet
  facet normal 0.212542 -0.532778 0.81913
    outer loop
      vertex 81.5511 46.7579 0
      vertex 79.9321 49.9557 2.5
      vertex 80.8773 46.4891 0
    endloop
  endfacet
  facet normal 0.212547 -0.532777 0.819129
    outer loop
      vertex 77.9491 49.1646 2.5
      vertex 80.8773 46.4891 0
      vertex 79.9321 49.9557 2.5
    endloop
  endfacet
  facet normal 0.212563 -0.532764 0.819134
    outer loop
      vertex 80.8773 46.4891 0
      vertex 77.9491 49.1646 2.5
      vertex 79.2286 45.8313 0
    endloop
  endfacet
  facet normal 0.198629 -0.538112 0.819135
    outer loop
      vertex 77.6939 49.0704 2.5
      vertex 79.2286 45.8313 0
      vertex 77.9491 49.1646 2.5
    endloop
  endfacet
  facet normal 0.198502 -0.538168 0.819129
    outer loop
      vertex 79.2286 45.8313 0
      vertex 77.6939 49.0704 2.5
      vertex 78.5481 45.5803 0
    endloop
  endfacet
  facet normal 0.198526 -0.538162 0.819127
    outer loop
      vertex 75.6909 48.3315 2.5
      vertex 78.5481 45.5803 0
      vertex 77.6939 49.0704 2.5
    endloop
  endfacet
  facet normal 0.198545 -0.538146 0.819133
    outer loop
      vertex 78.5481 45.5803 0
      vertex 75.6909 48.3315 2.5
      vertex 76.8828 44.9659 0
    endloop
  endfacet
  facet normal 0.184486 -0.543126 0.819133
    outer loop
      vertex 75.4333 48.244 2.5
      vertex 76.8828 44.9659 0
      vertex 75.6909 48.3315 2.5
    endloop
  endfacet
  facet normal 0.184377 -0.54317 0.819128
    outer loop
      vertex 76.8828 44.9659 0
      vertex 75.4333 48.244 2.5
      vertex 76.1958 44.7327 0
    endloop
  endfacet
  facet normal 0.184371 -0.543172 0.819129
    outer loop
      vertex 73.4117 47.5578 2.5
      vertex 76.1958 44.7327 0
      vertex 75.4333 48.244 2.5
    endloop
  endfacet
  facet normal 0.184391 -0.543156 0.819134
    outer loop
      vertex 76.1958 44.7327 0
      vertex 73.4117 47.5578 2.5
      vertex 74.515 44.1621 0
    endloop
  endfacet
  facet normal 0.170154 -0.547783 0.819135
    outer loop
      vertex 73.1519 47.4771 2.5
      vertex 74.515 44.1621 0
      vertex 73.4117 47.5578 2.5
    endloop
  endfacet
  facet normal 0.170083 -0.547809 0.819132
    outer loop
      vertex 74.515 44.1621 0
      vertex 73.1519 47.4771 2.5
      vertex 73.8222 43.947 0
    endloop
  endfacet
  facet normal 0.170099 -0.547806 0.819131
    outer loop
      vertex 71.113 46.844 2.5
      vertex 73.8222 43.947 0
      vertex 73.1519 47.4771 2.5
    endloop
  endfacet
  facet normal 0.170079 -0.54782 0.819125
    outer loop
      vertex 73.8222 43.947 0
      vertex 71.113 46.844 2.5
      vertex 72.127 43.4207 0
    endloop
  endfacet
  facet normal 0.155634 -0.552099 0.819125
    outer loop
      vertex 70.8512 46.7702 2.5
      vertex 72.127 43.4207 0
      vertex 71.113 46.844 2.5
    endloop
  endfacet
  facet normal 0.155712 -0.552071 0.819128
    outer loop
      vertex 72.127 43.4207 0
      vertex 70.8512 46.7702 2.5
      vertex 71.4289 43.2238 0
    endloop
  endfacet
  facet normal 0.155723 -0.552069 0.819128
    outer loop
      vertex 68.7964 46.1906 2.5
      vertex 71.4289 43.2238 0
      vertex 70.8512 46.7702 2.5
    endloop
  endfacet
  facet normal 0.155725 -0.552067 0.819128
    outer loop
      vertex 71.4289 43.2238 0
      vertex 68.7964 46.1906 2.5
      vertex 69.7205 42.7419 0
    endloop
  endfacet
  facet normal 0.141055 -0.555998 0.819128
    outer loop
      vertex 68.5327 46.1237 2.5
      vertex 69.7205 42.7419 0
      vertex 68.7964 46.1906 2.5
    endloop
  endfacet
  facet normal 0.141147 -0.555969 0.819132
    outer loop
      vertex 69.7205 42.7419 0
      vertex 68.5327 46.1237 2.5
      vertex 69.0174 42.5634 0
    endloop
  endfacet
  facet normal 0.141193 -0.55596 0.819129
    outer loop
      vertex 66.4635 45.5982 2.5
      vertex 69.0174 42.5634 0
      vertex 68.5327 46.1237 2.5
    endloop
  endfacet
  facet normal 0.141216 -0.555946 0.819135
    outer loop
      vertex 69.0174 42.5634 0
      vertex 66.4635 45.5982 2.5
      vertex 67.297 42.1264 0
    endloop
  endfacet
  facet normal 0.12673 -0.559425 0.819136
    outer loop
      vertex 66.1982 45.5381 2.5
      vertex 67.297 42.1264 0
      vertex 66.4635 45.5982 2.5
    endloop
  endfacet
  facet normal 0.126601 -0.559462 0.81913
    outer loop
      vertex 67.297 42.1264 0
      vertex 66.1982 45.5381 2.5
      vertex 66.5895 41.9663 0
    endloop
  endfacet
  facet normal 0.1266 -0.559462 0.81913
    outer loop
      vertex 64.1159 45.0669 2.5
      vertex 66.5895 41.9663 0
      vertex 66.1982 45.5381 2.5
    endloop
  endfacet
  facet normal 0.126579 -0.559475 0.819125
    outer loop
      vertex 66.5895 41.9663 0
      vertex 64.1159 45.0669 2.5
      vertex 64.8582 41.5746 0
    endloop
  endfacet
  facet normal 0.111765 -0.562623 0.819124
    outer loop
      vertex 63.8491 45.0139 2.5
      vertex 64.8582 41.5746 0
      vertex 64.1159 45.0669 2.5
    endloop
  endfacet
  facet normal 0.111886 -0.562591 0.819129
    outer loop
      vertex 64.8582 41.5746 0
      vertex 63.8491 45.0139 2.5
      vertex 64.1467 41.4331 0
    endloop
  endfacet
  facet normal 0.1119 -0.562589 0.819129
    outer loop
      vertex 61.7551 44.5974 2.5
      vertex 64.1467 41.4331 0
      vertex 63.8491 45.0139 2.5
    endloop
  endfacet
  facet normal 0.111909 -0.562584 0.819131
    outer loop
      vertex 64.1467 41.4331 0
      vertex 61.7551 44.5974 2.5
      vertex 62.4058 41.0868 0
    endloop
  endfacet
  facet normal 0.0972054 -0.56531 0.819131
    outer loop
      vertex 61.487 44.5513 2.5
      vertex 62.4058 41.0868 0
      vertex 61.7551 44.5974 2.5
    endloop
  endfacet
  facet normal 0.0971845 -0.565315 0.81913
    outer loop
      vertex 62.4058 41.0868 0
      vertex 61.487 44.5513 2.5
      vertex 61.6909 40.9639 0
    endloop
  endfacet
  facet normal 0.0971262 -0.56532 0.819133
    outer loop
      vertex 59.3829 44.1898 2.5
      vertex 61.6909 40.9639 0
      vertex 61.487 44.5513 2.5
    endloop
  endfacet
  facet normal 0.0971381 -0.565314 0.819136
    outer loop
      vertex 61.6909 40.9639 0
      vertex 59.3829 44.1898 2.5
      vertex 59.9415 40.6633 0
    endloop
  endfacet
  facet normal 0.0824472 -0.567642 0.819137
    outer loop
      vertex 59.1137 44.1507 2.5
      vertex 59.9415 40.6633 0
      vertex 59.3829 44.1898 2.5
    endloop
  endfacet
  facet normal 0.0823155 -0.567669 0.819131
    outer loop
      vertex 59.9415 40.6633 0
      vertex 59.1137 44.1507 2.5
      vertex 59.2236 40.5592 0
    endloop
  endfacet
  facet normal 0.0822971 -0.56767 0.819132
    outer loop
      vertex 57.0009 43.8444 2.5
      vertex 59.2236 40.5592 0
      vertex 59.1137 44.1507 2.5
    endloop
  endfacet
  facet normal 0.0823047 -0.567666 0.819134
    outer loop
      vertex 59.2236 40.5592 0
      vertex 57.0009 43.8444 2.5
      vertex 57.4669 40.3045 0
    endloop
  endfacet
  facet normal 0.0674606 -0.569621 0.819135
    outer loop
      vertex 56.7307 43.8124 2.5
      vertex 57.4669 40.3045 0
      vertex 57.0009 43.8444 2.5
    endloop
  endfacet
  facet normal 0.0673696 -0.569637 0.819131
    outer loop
      vertex 57.4669 40.3045 0
      vertex 56.7307 43.8124 2.5
      vertex 56.7465 40.2193 0
    endloop
  endfacet
  facet normal 0.0674126 -0.569635 0.819128
    outer loop
      vertex 54.6106 43.5615 2.5
      vertex 56.7465 40.2193 0
      vertex 56.7307 43.8124 2.5
    endloop
  endfacet
  facet normal 0.0674114 -0.569636 0.819128
    outer loop
      vertex 56.7465 40.2193 0
      vertex 54.6106 43.5615 2.5
      vertex 54.9838 40.0107 0
    endloop
  endfacet
  facet normal 0.0525026 -0.571203 0.819128
    outer loop
      vertex 54.3397 43.5366 2.5
      vertex 54.9838 40.0107 0
      vertex 54.6106 43.5615 2.5
    endloop
  endfacet
  facet normal 0.0525026 -0.571203 0.819128
    outer loop
      vertex 54.9838 40.0107 0
      vertex 54.3397 43.5366 2.5
      vertex 54.2614 39.9443 0
    endloop
  endfacet
  facet normal 0.0524991 -0.571203 0.819128
    outer loop
      vertex 52.2137 43.3412 2.5
      vertex 54.2614 39.9443 0
      vertex 54.3397 43.5366 2.5
    endloop
  endfacet
  facet normal 0.0524805 -0.571211 0.819124
    outer loop
      vertex 54.2614 39.9443 0
      vertex 52.2137 43.3412 2.5
      vertex 52.4938 39.7819 0
    endloop
  endfacet
  facet normal 0.0375405 -0.572387 0.819124
    outer loop
      vertex 51.9423 43.3234 2.5
      vertex 52.4938 39.7819 0
      vertex 52.2137 43.3412 2.5
    endloop
  endfacet
  facet normal 0.0375632 -0.572384 0.819125
    outer loop
      vertex 52.4938 39.7819 0
      vertex 51.9423 43.3234 2.5
      vertex 51.77 39.7344 0
    endloop
  endfacet
  facet normal 0.0375069 -0.572383 0.819128
    outer loop
      vertex 49.8119 43.1838 2.5
      vertex 51.77 39.7344 0
      vertex 51.9423 43.3234 2.5
    endloop
  endfacet
  facet normal 0.0375166 -0.572379 0.81913
    outer loop
      vertex 51.77 39.7344 0
      vertex 49.8119 43.1838 2.5
      vertex 49.9987 39.6183 0
    endloop
  endfacet
  facet normal 0.0225638 -0.573163 0.819131
    outer loop
      vertex 49.5401 43.1731 2.5
      vertex 49.9987 39.6183 0
      vertex 49.8119 43.1838 2.5
    endloop
  endfacet
  facet normal 0.0225375 -0.573165 0.81913
    outer loop
      vertex 49.9987 39.6183 0
      vertex 49.5401 43.1731 2.5
      vertex 49.2739 39.5898 0
    endloop
  endfacet
  facet normal 0.022515 -0.573165 0.819131
    outer loop
      vertex 47.4068 43.0893 2.5
      vertex 49.2739 39.5898 0
      vertex 49.5401 43.1731 2.5
    endloop
  endfacet
  facet normal 0.0224913 -0.573173 0.819125
    outer loop
      vertex 49.2739 39.5898 0
      vertex 47.4068 43.0893 2.5
      vertex 47.5002 39.5202 0
    endloop
  endfacet
  facet normal 0.00759128 -0.573564 0.819126
    outer loop
      vertex 47.1348 43.0857 2.5
      vertex 47.5002 39.5202 0
      vertex 47.4068 43.0893 2.5
    endloop
  endfacet
  facet normal 0.00751263 -0.573569 0.819123
    outer loop
      vertex 47.5002 39.5202 0
      vertex 47.1348 43.0857 2.5
      vertex 46.7749 39.5107 0
    endloop
  endfacet
  facet normal 0.00749604 -0.573568 0.819123
    outer loop
      vertex 45 43.0578 2.5
      vertex 46.7749 39.5107 0
      vertex 47.1348 43.0857 2.5
    endloop
  endfacet
  facet normal 0.00752937 -0.573557 0.819131
    outer loop
      vertex 46.7749 39.5107 0
      vertex 45 43.0578 2.5
      vertex 45 39.4874 0
    endloop
  endfacet
  facet normal -0.00759119 -0.573557 0.819131
    outer loop
      vertex 44.728 43.0614 2.5
      vertex 45 39.4874 0
      vertex 45 43.0578 2.5
    endloop
  endfacet
  facet normal -0.00751241 -0.573553 0.819134
    outer loop
      vertex 45 39.4874 0
      vertex 44.728 43.0614 2.5
      vertex 44.2747 39.4969 0
    endloop
  endfacet
  facet normal -0.00749586 -0.573554 0.819133
    outer loop
      vertex 42.5932 43.0893 2.5
      vertex 44.2747 39.4969 0
      vertex 44.728 43.0614 2.5
    endloop
  endfacet
  facet normal -0.00752947 -0.573565 0.819126
    outer loop
      vertex 44.2747 39.4969 0
      vertex 42.5932 43.0893 2.5
      vertex 42.4998 39.5202 0
    endloop
  endfacet
  facet normal -0.0225641 -0.573171 0.819125
    outer loop
      vertex 42.3214 43.1 2.5
      vertex 42.4998 39.5202 0
      vertex 42.5932 43.0893 2.5
    endloop
  endfacet
  facet normal -0.0224555 -0.573169 0.81913
    outer loop
      vertex 42.4998 39.5202 0
      vertex 42.3214 43.1 2.5
      vertex 41.7749 39.5486 0
    endloop
  endfacet
  facet normal -0.0225149 -0.573162 0.819133
    outer loop
      vertex 40.1881 43.1838 2.5
      vertex 41.7749 39.5486 0
      vertex 42.3214 43.1 2.5
    endloop
  endfacet
  facet normal -0.0225246 -0.573165 0.819131
    outer loop
      vertex 41.7749 39.5486 0
      vertex 40.1881 43.1838 2.5
      vertex 40.0013 39.6183 0
    endloop
  endfacet
  facet normal -0.0375399 -0.572378 0.81913
    outer loop
      vertex 39.9167 43.2016 2.5
      vertex 40.0013 39.6183 0
      vertex 40.1881 43.1838 2.5
    endloop
  endfacet
  facet normal -0.0375576 -0.572378 0.81913
    outer loop
      vertex 40.0013 39.6183 0
      vertex 39.9167 43.2016 2.5
      vertex 39.2774 39.6658 0
    endloop
  endfacet
  facet normal -0.037507 -0.572385 0.819127
    outer loop
      vertex 37.7863 43.3412 2.5
      vertex 39.2774 39.6658 0
      vertex 39.9167 43.2016 2.5
    endloop
  endfacet
  facet normal -0.0375193 -0.572388 0.819124
    outer loop
      vertex 39.2774 39.6658 0
      vertex 37.7863 43.3412 2.5
      vertex 37.5062 39.7819 0
    endloop
  endfacet
  facet normal -0.0525031 -0.571209 0.819124
    outer loop
      vertex 37.5154 43.3661 2.5
      vertex 37.5062 39.7819 0
      vertex 37.7863 43.3412 2.5
    endloop
  endfacet
  facet normal -0.0524243 -0.571211 0.819127
    outer loop
      vertex 37.5062 39.7819 0
      vertex 37.5154 43.3661 2.5
      vertex 36.7838 39.8482 0
    endloop
  endfacet
  facet normal -0.0524987 -0.571199 0.819131
    outer loop
      vertex 35.3894 43.5615 2.5
      vertex 36.7838 39.8482 0
      vertex 37.5154 43.3661 2.5
    endloop
  endfacet
  facet normal -0.052512 -0.571202 0.819128
    outer loop
      vertex 36.7838 39.8482 0
      vertex 35.3894 43.5615 2.5
      vertex 35.0162 40.0107 0
    endloop
  endfacet
  facet normal -0.0672782 -0.56965 0.819129
    outer loop
      vertex 35.1193 43.5934 2.5
      vertex 35.0162 40.0107 0
      vertex 35.3894 43.5615 2.5
    endloop
  endfacet
  facet normal -0.0673706 -0.569645 0.819125
    outer loop
      vertex 35.0162 40.0107 0
      vertex 35.1193 43.5934 2.5
      vertex 34.2958 40.0959 0
    endloop
  endfacet
  facet normal -0.0674359 -0.569632 0.819129
    outer loop
      vertex 32.9991 43.8444 2.5
      vertex 34.2958 40.0959 0
      vertex 35.1193 43.5934 2.5
    endloop
  endfacet
  facet normal -0.0674103 -0.569627 0.819134
    outer loop
      vertex 34.2958 40.0959 0
      vertex 32.9991 43.8444 2.5
      vertex 32.5331 40.3045 0
    endloop
  endfacet
  facet normal -0.0822412 -0.567675 0.819135
    outer loop
      vertex 32.7299 43.8834 2.5
      vertex 32.5331 40.3045 0
      vertex 32.9991 43.8444 2.5
    endloop
  endfacet
  facet normal -0.0823155 -0.567669 0.819132
    outer loop
      vertex 32.5331 40.3045 0
      vertex 32.7299 43.8834 2.5
      vertex 31.8152 40.4086 0
    endloop
  endfacet
  facet normal -0.0823235 -0.567667 0.819132
    outer loop
      vertex 30.6171 44.1898 2.5
      vertex 31.8152 40.4086 0
      vertex 32.7299 43.8834 2.5
    endloop
  endfacet
  facet normal -0.0823043 -0.567664 0.819136
    outer loop
      vertex 31.8152 40.4086 0
      vertex 30.6171 44.1898 2.5
      vertex 30.0585 40.6633 0
    endloop
  endfacet
  facet normal -0.0969992 -0.565337 0.819137
    outer loop
      vertex 30.349 44.2358 2.5
      vertex 30.0585 40.6633 0
      vertex 30.6171 44.1898 2.5
    endloop
  endfacet
  facet normal -0.0971847 -0.565316 0.819129
    outer loop
      vertex 30.0585 40.6633 0
      vertex 30.349 44.2358 2.5
      vertex 29.3436 40.7862 0
    endloop
  endfacet
  facet normal -0.0971537 -0.565324 0.819128
    outer loop
      vertex 28.2449 44.5974 2.5
      vertex 29.3436 40.7862 0
      vertex 30.349 44.2358 2.5
    endloop
  endfacet
  facet normal -0.0971394 -0.565322 0.819131
    outer loop
      vertex 29.3436 40.7862 0
      vertex 28.2449 44.5974 2.5
      vertex 27.5942 41.0868 0
    endloop
  endfacet
  facet normal -0.111763 -0.562612 0.819132
    outer loop
      vertex 27.9781 44.6504 2.5
      vertex 27.5942 41.0868 0
      vertex 28.2449 44.5974 2.5
    endloop
  endfacet
  facet normal -0.111902 -0.562593 0.819126
    outer loop
      vertex 27.5942 41.0868 0
      vertex 27.9781 44.6504 2.5
      vertex 26.8828 41.2283 0
    endloop
  endfacet
  facet normal -0.111901 -0.562593 0.819126
    outer loop
      vertex 25.8841 45.0669 2.5
      vertex 26.8828 41.2283 0
      vertex 27.9781 44.6504 2.5
    endloop
  endfacet
  facet normal -0.111905 -0.562594 0.819125
    outer loop
      vertex 26.8828 41.2283 0
      vertex 25.8841 45.0669 2.5
      vertex 25.1418 41.5746 0
    endloop
  endfacet
  facet normal -0.126734 -0.559441 0.819124
    outer loop
      vertex 25.6188 45.127 2.5
      vertex 25.1418 41.5746 0
      vertex 25.8841 45.0669 2.5
    endloop
  endfacet
  facet normal -0.126601 -0.559463 0.81913
    outer loop
      vertex 25.1418 41.5746 0
      vertex 25.6188 45.127 2.5
      vertex 24.4343 41.7347 0
    endloop
  endfacet
  facet normal -0.1266 -0.559463 0.81913
    outer loop
      vertex 23.5365 45.5982 2.5
      vertex 24.4343 41.7347 0
      vertex 25.6188 45.127 2.5
    endloop
  endfacet
  facet normal -0.126576 -0.559461 0.819135
    outer loop
      vertex 24.4343 41.7347 0
      vertex 23.5365 45.5982 2.5
      vertex 22.703 42.1264 0
    endloop
  endfacet
  facet normal -0.141103 -0.555974 0.819136
    outer loop
      vertex 23.2729 45.6651 2.5
      vertex 22.703 42.1264 0
      vertex 23.5365 45.5982 2.5
    endloop
  endfacet
  facet normal -0.141222 -0.555951 0.819131
    outer loop
      vertex 22.703 42.1264 0
      vertex 23.2729 45.6651 2.5
      vertex 21.9999 42.305 0
    endloop
  endfacet
  facet normal -0.141187 -0.555963 0.819129
    outer loop
      vertex 21.2036 46.1906 2.5
      vertex 21.9999 42.305 0
      vertex 23.2729 45.6651 2.5
    endloop
  endfacet
  facet normal -0.141188 -0.555963 0.819128
    outer loop
      vertex 21.9999 42.305 0
      vertex 21.2036 46.1906 2.5
      vertex 20.2795 42.7419 0
    endloop
  endfacet
  facet normal -0.155828 -0.552039 0.819128
    outer loop
      vertex 20.9418 46.2645 2.5
      vertex 20.2795 42.7419 0
      vertex 21.2036 46.1906 2.5
    endloop
  endfacet
  facet normal -0.155711 -0.552065 0.819133
    outer loop
      vertex 20.2795 42.7419 0
      vertex 20.9418 46.2645 2.5
      vertex 19.5814 42.9388 0
    endloop
  endfacet
  facet normal -0.155696 -0.55207 0.819132
    outer loop
      vertex 18.887 46.844 2.5
      vertex 19.5814 42.9388 0
      vertex 20.9418 46.2645 2.5
    endloop
  endfacet
  facet normal -0.155727 -0.552072 0.819125
    outer loop
      vertex 19.5814 42.9388 0
      vertex 18.887 46.844 2.5
      vertex 17.873 43.4207 0
    endloop
  endfacet
  facet normal -0.170158 -0.547796 0.819125
    outer loop
      vertex 18.6272 46.9247 2.5
      vertex 17.873 43.4207 0
      vertex 18.887 46.844 2.5
    endloop
  endfacet
  facet normal -0.170085 -0.547814 0.819128
    outer loop
      vertex 17.873 43.4207 0
      vertex 18.6272 46.9247 2.5
      vertex 17.1802 43.6358 0
    endloop
  endfacet
  facet normal -0.1701 -0.547808 0.819129
    outer loop
      vertex 16.5883 47.5578 2.5
      vertex 17.1802 43.6358 0
      vertex 18.6272 46.9247 2.5
    endloop
  endfacet
  facet normal -0.170075 -0.547808 0.819134
    outer loop
      vertex 17.1802 43.6358 0
      vertex 16.5883 47.5578 2.5
      vertex 15.485 44.1621 0
    endloop
  endfacet
  facet normal -0.184296 -0.543188 0.819135
    outer loop
      vertex 16.3307 47.6452 2.5
      vertex 15.485 44.1621 0
      vertex 16.5883 47.5578 2.5
    endloop
  endfacet
  facet normal -0.184401 -0.543159 0.81913
    outer loop
      vertex 15.485 44.1621 0
      vertex 16.3307 47.6452 2.5
      vertex 14.7981 44.3953 0
    endloop
  endfacet
  facet normal -0.184395 -0.543162 0.81913
    outer loop
      vertex 14.3091 48.3315 2.5
      vertex 14.7981 44.3953 0
      vertex 16.3307 47.6452 2.5
    endloop
  endfacet
  facet normal -0.184382 -0.543162 0.819133
    outer loop
      vertex 14.7981 44.3953 0
      vertex 14.3091 48.3315 2.5
      vertex 13.1172 44.9659 0
    endloop
  endfacet
  facet normal -0.198376 -0.538207 0.819134
    outer loop
      vertex 14.0538 48.4256 2.5
      vertex 13.1172 44.9659 0
      vertex 14.3091 48.3315 2.5
    endloop
  endfacet
  facet normal -0.198573 -0.538148 0.819125
    outer loop
      vertex 13.1172 44.9659 0
      vertex 14.0538 48.4256 2.5
      vertex 12.4367 45.217 0
    endloop
  endfacet
  facet normal -0.19856 -0.538154 0.819124
    outer loop
      vertex 12.0509 49.1646 2.5
      vertex 12.4367 45.217 0
      vertex 14.0538 48.4256 2.5
    endloop
  endfacet
  facet normal -0.198516 -0.538155 0.819134
    outer loop
      vertex 12.4367 45.217 0
      vertex 12.0509 49.1646 2.5
      vertex 10.7714 45.8313 0
    endloop
  endfacet
  facet normal -0.212521 -0.53278 0.819134
    outer loop
      vertex 11.7982 49.2654 2.5
      vertex 10.7714 45.8313 0
      vertex 12.0509 49.1646 2.5
    endloop
  endfacet
  facet normal -0.21254 -0.532773 0.819133
    outer loop
      vertex 10.7714 45.8313 0
      vertex 11.7982 49.2654 2.5
      vertex 10.0976 46.1001 0
    endloop
  endfacet
  facet normal -0.212548 -0.53277 0.819134
    outer loop
      vertex 9.81524 50.0565 2.5
      vertex 10.0976 46.1001 0
      vertex 11.7982 49.2654 2.5
    endloop
  endfacet
  facet normal -0.212567 -0.532768 0.81913
    outer loop
      vertex 10.0976 46.1001 0
      vertex 9.81524 50.0565 2.5
      vertex 8.44892 46.7579 0
    endloop
  endfacet
  facet normal -0.226459 -0.527014 0.819129
    outer loop
      vertex 9.5653 50.1639 2.5
      vertex 8.44892 46.7579 0
      vertex 9.81524 50.0565 2.5
    endloop
  endfacet
  facet normal -0.226393 -0.527038 0.819132
    outer loop
      vertex 8.44892 46.7579 0
      vertex 9.5653 50.1639 2.5
      vertex 7.78242 47.0442 0
    endloop
  endfacet
  facet normal -0.226413 -0.527027 0.819133
    outer loop
      vertex 7.60373 51.0066 2.5
      vertex 7.78242 47.0442 0
      vertex 9.5653 50.1639 2.5
    endloop
  endfacet
  facet normal -0.226433 -0.527025 0.819129
    outer loop
      vertex 7.78242 47.0442 0
      vertex 7.60373 51.0066 2.5
      vertex 6.15153 47.7449 0
    endloop
  endfacet
  facet normal -0.240178 -0.520905 0.819129
    outer loop
      vertex 7.3567 51.1205 2.5
      vertex 6.15153 47.7449 0
      vertex 7.60373 51.0066 2.5
    endloop
  endfacet
  facet normal -0.240148 -0.520917 0.81913
    outer loop
      vertex 6.15153 47.7449 0
      vertex 7.3567 51.1205 2.5
      vertex 5.49276 48.0486 0
    endloop
  endfacet
  facet normal -0.240143 -0.52092 0.81913
    outer loop
      vertex 5.41786 52.0143 2.5
      vertex 5.49276 48.0486 0
      vertex 7.3567 51.1205 2.5
    endloop
  endfacet
  facet normal -0.240166 -0.520917 0.819125
    outer loop
      vertex 5.49276 48.0486 0
      vertex 5.41786 52.0143 2.5
      vertex 3.88077 48.7918 0
    endloop
  endfacet
  facet normal -0.253682 -0.51447 0.819125
    outer loop
      vertex 5.17389 52.1346 2.5
      vertex 3.88077 48.7918 0
      vertex 5.41786 52.0143 2.5
    endloop
  endfacet
  facet normal -0.253681 -0.514471 0.819125
    outer loop
      vertex 3.88077 48.7918 0
      vertex 5.17389 52.1346 2.5
      vertex 3.23018 49.1126 0
    endloop
  endfacet
  facet normal -0.253709 -0.514453 0.819128
    outer loop
      vertex 2.39999 51.3928 1.17495
      vertex 5.17389 52.1346 2.5
      vertex 3.25911 53.0789 2.5
    endloop
  endfacet
  facet normal -0.253708 -0.514454 0.819127
    outer loop
      vertex 5.17389 52.1346 2.5
      vertex 2.39999 51.3928 1.17495
      vertex 3.23018 49.1126 0
    endloop
  endfacet
  facet normal -0.253697 -0.514453 0.819131
    outer loop
      vertex 3.23018 49.1126 0
      vertex 2.39999 51.3928 1.17495
      vertex 2.39999 49.522 0
    endloop
  endfacet
  facet normal -0.267142 -0.50759 0.819138
    outer loop
      vertex 2.39999 52.2973 1.73549
      vertex 3.25911 53.0789 2.5
      vertex 3.01837 53.2056 2.5
    endloop
  endfacet
  facet normal -0.267094 -0.507633 0.819128
    outer loop
      vertex 3.25911 53.0789 2.5
      vertex 2.39999 52.2973 1.73549
      vertex 2.39999 51.3928 1.17495
    endloop
  endfacet
  facet normal -0.267049 -0.507648 0.819132
    outer loop
      vertex 2.39999 53.5309 2.5
      vertex 2.39999 52.2973 1.73549
      vertex 3.01837 53.2056 2.5
    endloop
  endfacet
  facet normal -0 0 1
    outer loop
      vertex 86.7378 58.2105 2.5
      vertex 87.6 53.5309 2.5
      vertex 88.6661 59.2904 2.5
    endloop
  endfacet
  facet normal -0 0 1
    outer loop
      vertex 86.6687 58.173 2.5
      vertex 87.6 53.5309 2.5
      vertex 86.7378 58.2105 2.5
    endloop
  endfacet
  facet normal -0 0 1
    outer loop
      vertex 84.7132 57.1441 2.5
      vertex 87.6 53.5309 2.5
      vertex 86.6687 58.173 2.5
    endloop
  endfacet
  facet normal 0 0 1
    outer loop
      vertex 87.6 53.5309 2.5
      vertex 84.7132 57.1441 2.5
      vertex 86.7409 53.0789 2.5
    endloop
  endfacet
  facet normal -0 0 1
    outer loop
      vertex 84.6432 57.1085 2.5
      vertex 86.7409 53.0789 2.5
      vertex 84.7132 57.1441 2.5
    endloop
  endfacet
  facet normal 0 0 1
    outer loop
      vertex 86.7409 53.0789 2.5
      vertex 84.6432 57.1085 2.5
      vertex 86.4969 52.9586 2.5
    endloop
  endfacet
  facet normal -0 0 1
    outer loop
      vertex 82.6623 56.1316 2.5
      vertex 86.4969 52.9586 2.5
      vertex 84.6432 57.1085 2.5
    endloop
  endfacet
  facet normal 0 0 1
    outer loop
      vertex 86.4969 52.9586 2.5
      vertex 82.6623 56.1316 2.5
      vertex 84.5821 52.0143 2.5
    endloop
  endfacet
  facet normal -0 0 1
    outer loop
      vertex 82.5914 56.0978 2.5
      vertex 84.5821 52.0143 2.5
      vertex 82.6623 56.1316 2.5
    endloop
  endfacet
  facet normal 0 0 1
    outer loop
      vertex 84.5821 52.0143 2.5
      vertex 82.5914 56.0978 2.5
      vertex 84.3351 51.9004 2.5
    endloop
  endfacet
  facet normal -0 0 1
    outer loop
      vertex 80.5843 55.1725 2.5
      vertex 84.3351 51.9004 2.5
      vertex 82.5914 56.0978 2.5
    endloop
  endfacet
  facet normal 0 0 1
    outer loop
      vertex 84.3351 51.9004 2.5
      vertex 80.5843 55.1725 2.5
      vertex 82.3963 51.0066 2.5
    endloop
  endfacet
  facet normal -0 0 1
    outer loop
      vertex 80.5125 55.1405 2.5
      vertex 82.3963 51.0066 2.5
      vertex 80.5843 55.1725 2.5
    endloop
  endfacet
  facet normal 0 0 1
    outer loop
      vertex 82.3963 51.0066 2.5
      vertex 80.5125 55.1405 2.5
      vertex 82.1463 50.8992 2.5
    endloop
  endfacet
  facet normal -0 0 1
    outer loop
      vertex 78.4823 54.2683 2.5
      vertex 82.1463 50.8992 2.5
      vertex 80.5125 55.1405 2.5
    endloop
  endfacet
  facet normal 0 0 1
    outer loop
      vertex 82.1463 50.8992 2.5
      vertex 78.4823 54.2683 2.5
      vertex 80.1848 50.0565 2.5
    endloop
  endfacet
  facet normal -0 0 1
    outer loop
      vertex 78.4098 54.2382 2.5
      vertex 80.1848 50.0565 2.5
      vertex 78.4823 54.2683 2.5
    endloop
  endfacet
  facet normal 0 0 1
    outer loop
      vertex 80.1848 50.0565 2.5
      vertex 78.4098 54.2382 2.5
      vertex 79.9321 49.9557 2.5
    endloop
  endfacet
  facet normal -0 0 1
    outer loop
      vertex 76.3581 53.4197 2.5
      vertex 79.9321 49.9557 2.5
      vertex 78.4098 54.2382 2.5
    endloop
  endfacet
  facet normal 0 0 1
    outer loop
      vertex 79.9321 49.9557 2.5
      vertex 76.3581 53.4197 2.5
      vertex 77.9491 49.1646 2.5
    endloop
  endfacet
  facet normal -0 0 1
    outer loop
      vertex 76.2848 53.3916 2.5
      vertex 77.9491 49.1646 2.5
      vertex 76.3581 53.4197 2.5
    endloop
  endfacet
  facet normal 0 0 1
    outer loop
      vertex 77.9491 49.1646 2.5
      vertex 76.2848 53.3916 2.5
      vertex 77.6939 49.0704 2.5
    endloop
  endfacet
  facet normal -0 0 1
    outer loop
      vertex 74.2115 52.6267 2.5
      vertex 77.6939 49.0704 2.5
      vertex 76.2848 53.3916 2.5
    endloop
  endfacet
  facet normal 0 0 1
    outer loop
      vertex 77.6939 49.0704 2.5
      vertex 74.2115 52.6267 2.5
      vertex 75.6909 48.3315 2.5
    endloop
  endfacet
  facet normal -0 0 1
    outer loop
      vertex 74.1375 52.6005 2.5
      vertex 75.6909 48.3315 2.5
      vertex 74.2115 52.6267 2.5
    endloop
  endfacet
  facet normal 0 0 1
    outer loop
      vertex 75.6909 48.3315 2.5
      vertex 74.1375 52.6005 2.5
      vertex 75.4333 48.244 2.5
    endloop
  endfacet
  facet normal -0 0 1
    outer loop
      vertex 72.0452 51.8902 2.5
      vertex 75.4333 48.244 2.5
      vertex 74.1375 52.6005 2.5
    endloop
  endfacet
  facet normal 0 0 1
    outer loop
      vertex 75.4333 48.244 2.5
      vertex 72.0452 51.8902 2.5
      vertex 73.4117 47.5578 2.5
    endloop
  endfacet
  facet normal -0 0 1
    outer loop
      vertex 71.9705 51.866 2.5
      vertex 73.4117 47.5578 2.5
      vertex 72.0452 51.8902 2.5
    endloop
  endfacet
  facet normal 0 0 1
    outer loop
      vertex 73.4117 47.5578 2.5
      vertex 71.9705 51.866 2.5
      vertex 73.1519 47.4771 2.5
    endloop
  endfacet
  facet normal -0 0 1
    outer loop
      vertex 69.8608 51.2109 2.5
      vertex 73.1519 47.4771 2.5
      vertex 71.9705 51.866 2.5
    endloop
  endfacet
  facet normal 0 0 1
    outer loop
      vertex 73.1519 47.4771 2.5
      vertex 69.8608 51.2109 2.5
      vertex 71.113 46.844 2.5
    endloop
  endfacet
  facet normal -0 0 1
    outer loop
      vertex 69.7855 51.1886 2.5
      vertex 71.113 46.844 2.5
      vertex 69.8608 51.2109 2.5
    endloop
  endfacet
  facet normal 0 0 1
    outer loop
      vertex 71.113 46.844 2.5
      vertex 69.7855 51.1886 2.5
      vertex 70.8512 46.7702 2.5
    endloop
  endfacet
  facet normal -0 0 1
    outer loop
      vertex 67.6582 50.5886 2.5
      vertex 70.8512 46.7702 2.5
      vertex 69.7855 51.1886 2.5
    endloop
  endfacet
  facet normal 0 0 1
    outer loop
      vertex 70.8512 46.7702 2.5
      vertex 67.6582 50.5886 2.5
      vertex 68.7964 46.1906 2.5
    endloop
  endfacet
  facet normal -0 0 1
    outer loop
      vertex 67.5823 50.5683 2.5
      vertex 68.7964 46.1906 2.5
      vertex 67.6582 50.5886 2.5
    endloop
  endfacet
  facet normal 0 0 1
    outer loop
      vertex 68.7964 46.1906 2.5
      vertex 67.5823 50.5683 2.5
      vertex 68.5327 46.1237 2.5
    endloop
  endfacet
  facet normal -0 0 1
    outer loop
      vertex 65.4414 50.0246 2.5
      vertex 68.5327 46.1237 2.5
      vertex 67.5823 50.5683 2.5
    endloop
  endfacet
  facet normal 0 0 1
    outer loop
      vertex 68.5327 46.1237 2.5
      vertex 65.4414 50.0246 2.5
      vertex 66.4635 45.5982 2.5
    endloop
  endfacet
  facet normal -0 0 1
    outer loop
      vertex 65.365 50.0062 2.5
      vertex 66.4635 45.5982 2.5
      vertex 65.4414 50.0246 2.5
    endloop
  endfacet
  facet normal 0 0 1
    outer loop
      vertex 66.4635 45.5982 2.5
      vertex 65.365 50.0062 2.5
      vertex 66.1982 45.5381 2.5
    endloop
  endfacet
  facet normal -0 0 1
    outer loop
      vertex 63.2098 49.5186 2.5
      vertex 66.1982 45.5381 2.5
      vertex 65.365 50.0062 2.5
    endloop
  endfacet
  facet normal 0 0 1
    outer loop
      vertex 66.1982 45.5381 2.5
      vertex 63.2098 49.5186 2.5
      vertex 64.1159 45.0669 2.5
    endloop
  endfacet
  facet normal -0 0 1
    outer loop
      vertex 63.1329 49.5022 2.5
      vertex 64.1159 45.0669 2.5
      vertex 63.2098 49.5186 2.5
    endloop
  endfacet
  facet normal 0 0 1
    outer loop
      vertex 64.1159 45.0669 2.5
      vertex 63.1329 49.5022 2.5
      vertex 63.8491 45.0139 2.5
    endloop
  endfacet
  facet normal -0 0 1
    outer loop
      vertex 60.9658 49.0712 2.5
      vertex 63.8491 45.0139 2.5
      vertex 63.1329 49.5022 2.5
    endloop
  endfacet
  facet normal 0 0 1
    outer loop
      vertex 63.8491 45.0139 2.5
      vertex 60.9658 49.0712 2.5
      vertex 61.7551 44.5974 2.5
    endloop
  endfacet
  facet normal -0 0 1
    outer loop
      vertex 60.8886 49.0568 2.5
      vertex 61.7551 44.5974 2.5
      vertex 60.9658 49.0712 2.5
    endloop
  endfacet
  facet normal 0 0 1
    outer loop
      vertex 61.7551 44.5974 2.5
      vertex 60.8886 49.0568 2.5
      vertex 61.487 44.5513 2.5
    endloop
  endfacet
  facet normal -0 0 1
    outer loop
      vertex 58.7115 48.6828 2.5
      vertex 61.487 44.5513 2.5
      vertex 60.8886 49.0568 2.5
    endloop
  endfacet
  facet normal 0 0 1
    outer loop
      vertex 61.487 44.5513 2.5
      vertex 58.7115 48.6828 2.5
      vertex 59.3829 44.1898 2.5
    endloop
  endfacet
  facet normal -0 0 1
    outer loop
      vertex 58.6339 48.6705 2.5
      vertex 59.3829 44.1898 2.5
      vertex 58.7115 48.6828 2.5
    endloop
  endfacet
  facet normal 0 0 1
    outer loop
      vertex 59.3829 44.1898 2.5
      vertex 58.6339 48.6705 2.5
      vertex 59.1137 44.1507 2.5
    endloop
  endfacet
  facet normal -0 0 1
    outer loop
      vertex 56.4464 48.3533 2.5
      vertex 59.1137 44.1507 2.5
      vertex 58.6339 48.6705 2.5
    endloop
  endfacet
  facet normal 0 0 1
    outer loop
      vertex 59.1137 44.1507 2.5
      vertex 56.4464 48.3533 2.5
      vertex 57.0009 43.8444 2.5
    endloop
  endfacet
  facet normal -0 0 1
    outer loop
      vertex 56.3686 48.3431 2.5
      vertex 57.0009 43.8444 2.5
      vertex 56.4464 48.3533 2.5
    endloop
  endfacet
  facet normal 0 0 1
    outer loop
      vertex 57.0009 43.8444 2.5
      vertex 56.3686 48.3431 2.5
      vertex 56.7307 43.8124 2.5
    endloop
  endfacet
  facet normal -0 0 1
    outer loop
      vertex 54.1748 48.0834 2.5
      vertex 56.7307 43.8124 2.5
      vertex 56.3686 48.3431 2.5
    endloop
  endfacet
  facet normal 0 0 1
    outer loop
      vertex 56.7307 43.8124 2.5
      vertex 54.1748 48.0834 2.5
      vertex 54.6106 43.5615 2.5
    endloop
  endfacet
  facet normal -0 0 1
    outer loop
      vertex 54.0966 48.0752 2.5
      vertex 54.6106 43.5615 2.5
      vertex 54.1748 48.0834 2.5
    endloop
  endfacet
  facet normal 0 0 1
    outer loop
      vertex 54.6106 43.5615 2.5
      vertex 54.0966 48.0752 2.5
      vertex 54.3397 43.5366 2.5
    endloop
  endfacet
  facet normal -0 0 1
    outer loop
      vertex 51.8965 47.873 2.5
      vertex 54.3397 43.5366 2.5
      vertex 54.0966 48.0752 2.5
    endloop
  endfacet
  facet normal 0 0 1
    outer loop
      vertex 54.3397 43.5366 2.5
      vertex 51.8965 47.873 2.5
      vertex 52.2137 43.3412 2.5
    endloop
  endfacet
  facet normal -0 0 1
    outer loop
      vertex 51.8182 47.8669 2.5
      vertex 52.2137 43.3412 2.5
      vertex 51.8965 47.873 2.5
    endloop
  endfacet
  facet normal 0 0 1
    outer loop
      vertex 52.2137 43.3412 2.5
      vertex 51.8182 47.8669 2.5
      vertex 51.9423 43.3234 2.5
    endloop
  endfacet
  facet normal -0 0 1
    outer loop
      vertex 49.6131 47.7223 2.5
      vertex 51.9423 43.3234 2.5
      vertex 51.8182 47.8669 2.5
    endloop
  endfacet
  facet normal 0 0 1
    outer loop
      vertex 51.9423 43.3234 2.5
      vertex 49.6131 47.7223 2.5
      vertex 49.8119 43.1838 2.5
    endloop
  endfacet
  facet normal -0 0 1
    outer loop
      vertex 49.5347 47.7182 2.5
      vertex 49.8119 43.1838 2.5
      vertex 49.6131 47.7223 2.5
    endloop
  endfacet
  facet normal 0 0 1
    outer loop
      vertex 49.8119 43.1838 2.5
      vertex 49.5347 47.7182 2.5
      vertex 49.5401 43.1731 2.5
    endloop
  endfacet
  facet normal -0 0 1
    outer loop
      vertex 47.3273 47.6315 2.5
      vertex 49.5401 43.1731 2.5
      vertex 49.5347 47.7182 2.5
    endloop
  endfacet
  facet normal 0 0 1
    outer loop
      vertex 49.5401 43.1731 2.5
      vertex 47.3273 47.6315 2.5
      vertex 47.4068 43.0893 2.5
    endloop
  endfacet
  facet normal -0 0 1
    outer loop
      vertex 47.2487 47.6294 2.5
      vertex 47.4068 43.0893 2.5
      vertex 47.3273 47.6315 2.5
    endloop
  endfacet
  facet normal 0 0 1
    outer loop
      vertex 47.2487 47.6294 2.5
      vertex 47.1348 43.0857 2.5
      vertex 47.4068 43.0893 2.5
    endloop
  endfacet
  facet normal -0 0 1
    outer loop
      vertex 45.0393 47.6005 2.5
      vertex 47.1348 43.0857 2.5
      vertex 47.2487 47.6294 2.5
    endloop
  endfacet
  facet normal 0 0 1
    outer loop
      vertex 45.0393 47.6005 2.5
      vertex 45 43.0578 2.5
      vertex 47.1348 43.0857 2.5
    endloop
  endfacet
  facet normal -0 0 1
    outer loop
      vertex 44.9607 47.6005 2.5
      vertex 45 43.0578 2.5
      vertex 45.0393 47.6005 2.5
    endloop
  endfacet
  facet normal 0 0 1
    outer loop
      vertex 44.9607 47.6005 2.5
      vertex 44.728 43.0614 2.5
      vertex 45 43.0578 2.5
    endloop
  endfacet
  facet normal 0 0 1
    outer loop
      vertex 42.7513 47.6294 2.5
      vertex 44.728 43.0614 2.5
      vertex 44.9607 47.6005 2.5
    endloop
  endfacet
  facet normal 0 0 1
    outer loop
      vertex 42.5932 43.0893 2.5
      vertex 42.7513 47.6294 2.5
      vertex 42.6727 47.6315 2.5
    endloop
  endfacet
  facet normal 0 0 1
    outer loop
      vertex 42.7513 47.6294 2.5
      vertex 42.5932 43.0893 2.5
      vertex 44.728 43.0614 2.5
    endloop
  endfacet
  facet normal 0 0 1
    outer loop
      vertex 42.6727 47.6315 2.5
      vertex 42.3214 43.1 2.5
      vertex 42.5932 43.0893 2.5
    endloop
  endfacet
  facet normal 0 0 1
    outer loop
      vertex 40.4653 47.7182 2.5
      vertex 42.3214 43.1 2.5
      vertex 42.6727 47.6315 2.5
    endloop
  endfacet
  facet normal 0 0 1
    outer loop
      vertex 40.1881 43.1838 2.5
      vertex 40.4653 47.7182 2.5
      vertex 40.3869 47.7223 2.5
    endloop
  endfacet
  facet normal 0 0 1
    outer loop
      vertex 40.4653 47.7182 2.5
      vertex 40.1881 43.1838 2.5
      vertex 42.3214 43.1 2.5
    endloop
  endfacet
  facet normal 0 0 1
    outer loop
      vertex 40.3869 47.7223 2.5
      vertex 39.9167 43.2016 2.5
      vertex 40.1881 43.1838 2.5
    endloop
  endfacet
  facet normal 0 0 1
    outer loop
      vertex 38.1817 47.8669 2.5
      vertex 39.9167 43.2016 2.5
      vertex 40.3869 47.7223 2.5
    endloop
  endfacet
  facet normal 0 0 1
    outer loop
      vertex 37.7863 43.3412 2.5
      vertex 38.1817 47.8669 2.5
      vertex 38.1035 47.873 2.5
    endloop
  endfacet
  facet normal 0 0 1
    outer loop
      vertex 38.1817 47.8669 2.5
      vertex 37.7863 43.3412 2.5
      vertex 39.9167 43.2016 2.5
    endloop
  endfacet
  facet normal 0 0 1
    outer loop
      vertex 38.1035 47.873 2.5
      vertex 37.5154 43.3661 2.5
      vertex 37.7863 43.3412 2.5
    endloop
  endfacet
  facet normal 0 0 1
    outer loop
      vertex 35.9033 48.0752 2.5
      vertex 37.5154 43.3661 2.5
      vertex 38.1035 47.873 2.5
    endloop
  endfacet
  facet normal 0 0 1
    outer loop
      vertex 35.3894 43.5615 2.5
      vertex 35.9033 48.0752 2.5
      vertex 35.8252 48.0834 2.5
    endloop
  endfacet
  facet normal 0 0 1
    outer loop
      vertex 35.9033 48.0752 2.5
      vertex 35.3894 43.5615 2.5
      vertex 37.5154 43.3661 2.5
    endloop
  endfacet
  facet normal 0 0 1
    outer loop
      vertex 35.8252 48.0834 2.5
      vertex 35.1193 43.5934 2.5
      vertex 35.3894 43.5615 2.5
    endloop
  endfacet
  facet normal 0 0 1
    outer loop
      vertex 33.6314 48.3431 2.5
      vertex 35.1193 43.5934 2.5
      vertex 35.8252 48.0834 2.5
    endloop
  endfacet
  facet normal 0 0 1
    outer loop
      vertex 32.9991 43.8444 2.5
      vertex 33.6314 48.3431 2.5
      vertex 33.5536 48.3533 2.5
    endloop
  endfacet
  facet normal 0 0 1
    outer loop
      vertex 33.6314 48.3431 2.5
      vertex 32.9991 43.8444 2.5
      vertex 35.1193 43.5934 2.5
    endloop
  endfacet
  facet normal 0 0 1
    outer loop
      vertex 33.5536 48.3533 2.5
      vertex 32.7299 43.8834 2.5
      vertex 32.9991 43.8444 2.5
    endloop
  endfacet
  facet normal 0 0 1
    outer loop
      vertex 31.3661 48.6705 2.5
      vertex 32.7299 43.8834 2.5
      vertex 33.5536 48.3533 2.5
    endloop
  endfacet
  facet normal 0 0 1
    outer loop
      vertex 30.6171 44.1898 2.5
      vertex 31.3661 48.6705 2.5
      vertex 31.2885 48.6828 2.5
    endloop
  endfacet
  facet normal 0 0 1
    outer loop
      vertex 31.3661 48.6705 2.5
      vertex 30.6171 44.1898 2.5
      vertex 32.7299 43.8834 2.5
    endloop
  endfacet
  facet normal 0 0 1
    outer loop
      vertex 31.2885 48.6828 2.5
      vertex 30.349 44.2358 2.5
      vertex 30.6171 44.1898 2.5
    endloop
  endfacet
  facet normal 0 0 1
    outer loop
      vertex 29.1114 49.0568 2.5
      vertex 30.349 44.2358 2.5
      vertex 31.2885 48.6828 2.5
    endloop
  endfacet
  facet normal 0 0 1
    outer loop
      vertex 28.2449 44.5974 2.5
      vertex 29.1114 49.0568 2.5
      vertex 29.0342 49.0712 2.5
    endloop
  endfacet
  facet normal 0 0 1
    outer loop
      vertex 29.1114 49.0568 2.5
      vertex 28.2449 44.5974 2.5
      vertex 30.349 44.2358 2.5
    endloop
  endfacet
  facet normal 0 0 1
    outer loop
      vertex 29.0342 49.0712 2.5
      vertex 27.9781 44.6504 2.5
      vertex 28.2449 44.5974 2.5
    endloop
  endfacet
  facet normal 0 0 1
    outer loop
      vertex 26.867 49.5022 2.5
      vertex 27.9781 44.6504 2.5
      vertex 29.0342 49.0712 2.5
    endloop
  endfacet
  facet normal 0 0 1
    outer loop
      vertex 25.8841 45.0669 2.5
      vertex 26.867 49.5022 2.5
      vertex 26.7902 49.5186 2.5
    endloop
  endfacet
  facet normal 0 0 1
    outer loop
      vertex 26.867 49.5022 2.5
      vertex 25.8841 45.0669 2.5
      vertex 27.9781 44.6504 2.5
    endloop
  endfacet
  facet normal 0 0 1
    outer loop
      vertex 26.7902 49.5186 2.5
      vertex 25.6188 45.127 2.5
      vertex 25.8841 45.0669 2.5
    endloop
  endfacet
  facet normal 0 0 1
    outer loop
      vertex 24.6349 50.0062 2.5
      vertex 25.6188 45.127 2.5
      vertex 26.7902 49.5186 2.5
    endloop
  endfacet
  facet normal 0 0 1
    outer loop
      vertex 23.5365 45.5982 2.5
      vertex 24.6349 50.0062 2.5
      vertex 24.5586 50.0246 2.5
    endloop
  endfacet
  facet normal 0 0 1
    outer loop
      vertex 24.6349 50.0062 2.5
      vertex 23.5365 45.5982 2.5
      vertex 25.6188 45.127 2.5
    endloop
  endfacet
  facet normal 0 0 1
    outer loop
      vertex 24.5586 50.0246 2.5
      vertex 23.2729 45.6651 2.5
      vertex 23.5365 45.5982 2.5
    endloop
  endfacet
  facet normal 0 0 1
    outer loop
      vertex 22.4176 50.5683 2.5
      vertex 23.2729 45.6651 2.5
      vertex 24.5586 50.0246 2.5
    endloop
  endfacet
  facet normal 0 0 1
    outer loop
      vertex 21.2036 46.1906 2.5
      vertex 22.4176 50.5683 2.5
      vertex 22.3418 50.5886 2.5
    endloop
  endfacet
  facet normal 0 0 1
    outer loop
      vertex 22.4176 50.5683 2.5
      vertex 21.2036 46.1906 2.5
      vertex 23.2729 45.6651 2.5
    endloop
  endfacet
  facet normal 0 0 1
    outer loop
      vertex 22.3418 50.5886 2.5
      vertex 20.9418 46.2645 2.5
      vertex 21.2036 46.1906 2.5
    endloop
  endfacet
  facet normal 0 0 1
    outer loop
      vertex 20.2145 51.1886 2.5
      vertex 20.9418 46.2645 2.5
      vertex 22.3418 50.5886 2.5
    endloop
  endfacet
  facet normal 0 0 1
    outer loop
      vertex 18.887 46.844 2.5
      vertex 20.2145 51.1886 2.5
      vertex 20.1392 51.2109 2.5
    endloop
  endfacet
  facet normal 0 0 1
    outer loop
      vertex 20.2145 51.1886 2.5
      vertex 18.887 46.844 2.5
      vertex 20.9418 46.2645 2.5
    endloop
  endfacet
  facet normal 0 0 1
    outer loop
      vertex 20.1392 51.2109 2.5
      vertex 18.6272 46.9247 2.5
      vertex 18.887 46.844 2.5
    endloop
  endfacet
  facet normal 0 0 1
    outer loop
      vertex 18.0295 51.866 2.5
      vertex 18.6272 46.9247 2.5
      vertex 20.1392 51.2109 2.5
    endloop
  endfacet
  facet normal 0 0 1
    outer loop
      vertex 16.5883 47.5578 2.5
      vertex 18.0295 51.866 2.5
      vertex 17.9548 51.8902 2.5
    endloop
  endfacet
  facet normal 0 0 1
    outer loop
      vertex 18.0295 51.866 2.5
      vertex 16.5883 47.5578 2.5
      vertex 18.6272 46.9247 2.5
    endloop
  endfacet
  facet normal 0 0 1
    outer loop
      vertex 17.9548 51.8902 2.5
      vertex 16.3307 47.6452 2.5
      vertex 16.5883 47.5578 2.5
    endloop
  endfacet
  facet normal 0 0 1
    outer loop
      vertex 15.8625 52.6005 2.5
      vertex 16.3307 47.6452 2.5
      vertex 17.9548 51.8902 2.5
    endloop
  endfacet
  facet normal 0 0 1
    outer loop
      vertex 14.3091 48.3315 2.5
      vertex 15.8625 52.6005 2.5
      vertex 15.7885 52.6267 2.5
    endloop
  endfacet
  facet normal 0 0 1
    outer loop
      vertex 15.8625 52.6005 2.5
      vertex 14.3091 48.3315 2.5
      vertex 16.3307 47.6452 2.5
    endloop
  endfacet
  facet normal 0 0 1
    outer loop
      vertex 15.7885 52.6267 2.5
      vertex 14.0538 48.4256 2.5
      vertex 14.3091 48.3315 2.5
    endloop
  endfacet
  facet normal 0 0 1
    outer loop
      vertex 13.7152 53.3916 2.5
      vertex 14.0538 48.4256 2.5
      vertex 15.7885 52.6267 2.5
    endloop
  endfacet
  facet normal 0 0 1
    outer loop
      vertex 12.0509 49.1646 2.5
      vertex 13.7152 53.3916 2.5
      vertex 13.6419 53.4197 2.5
    endloop
  endfacet
  facet normal 0 0 1
    outer loop
      vertex 13.7152 53.3916 2.5
      vertex 12.0509 49.1646 2.5
      vertex 14.0538 48.4256 2.5
    endloop
  endfacet
  facet normal 0 0 1
    outer loop
      vertex 13.6419 53.4197 2.5
      vertex 11.7982 49.2654 2.5
      vertex 12.0509 49.1646 2.5
    endloop
  endfacet
  facet normal 0 0 1
    outer loop
      vertex 11.5902 54.2382 2.5
      vertex 11.7982 49.2654 2.5
      vertex 13.6419 53.4197 2.5
    endloop
  endfacet
  facet normal 0 0 1
    outer loop
      vertex 9.81524 50.0565 2.5
      vertex 11.5902 54.2382 2.5
      vertex 11.5177 54.2683 2.5
    endloop
  endfacet
  facet normal 0 0 1
    outer loop
      vertex 11.5902 54.2382 2.5
      vertex 9.81524 50.0565 2.5
      vertex 11.7982 49.2654 2.5
    endloop
  endfacet
  facet normal 0 0 1
    outer loop
      vertex 11.5177 54.2683 2.5
      vertex 9.5653 50.1639 2.5
      vertex 9.81524 50.0565 2.5
    endloop
  endfacet
  facet normal 0 0 1
    outer loop
      vertex 9.48746 55.1405 2.5
      vertex 9.5653 50.1639 2.5
      vertex 11.5177 54.2683 2.5
    endloop
  endfacet
  facet normal 0 0 1
    outer loop
      vertex 7.60373 51.0066 2.5
      vertex 9.48746 55.1405 2.5
      vertex 9.4157 55.1725 2.5
    endloop
  endfacet
  facet normal 0 0 1
    outer loop
      vertex 9.48746 55.1405 2.5
      vertex 7.60373 51.0066 2.5
      vertex 9.5653 50.1639 2.5
    endloop
  endfacet
  facet normal 0 0 1
    outer loop
      vertex 7.3567 51.1205 2.5
      vertex 9.4157 55.1725 2.5
      vertex 7.40854 56.0978 2.5
    endloop
  endfacet
  facet normal 0 0 1
    outer loop
      vertex 9.4157 55.1725 2.5
      vertex 7.3567 51.1205 2.5
      vertex 7.60373 51.0066 2.5
    endloop
  endfacet
  facet normal 0 0 1
    outer loop
      vertex 5.41786 52.0143 2.5
      vertex 7.40854 56.0978 2.5
      vertex 7.33766 56.1316 2.5
    endloop
  endfacet
  facet normal 0 0 1
    outer loop
      vertex 7.40854 56.0978 2.5
      vertex 5.41786 52.0143 2.5
      vertex 7.3567 51.1205 2.5
    endloop
  endfacet
  facet normal 0 0 1
    outer loop
      vertex 5.17389 52.1346 2.5
      vertex 7.33766 56.1316 2.5
      vertex 5.35675 57.1085 2.5
    endloop
  endfacet
  facet normal 0 0 1
    outer loop
      vertex 3.25911 53.0789 2.5
      vertex 5.35675 57.1085 2.5
      vertex 5.2868 57.1441 2.5
    endloop
  endfacet
  facet normal 0 0 1
    outer loop
      vertex 7.33766 56.1316 2.5
      vertex 5.17389 52.1346 2.5
      vertex 5.41786 52.0143 2.5
    endloop
  endfacet
  facet normal 0 0 1
    outer loop
      vertex 2.39999 53.5309 2.5
      vertex 5.2868 57.1441 2.5
      vertex 3.33124 58.173 2.5
    endloop
  endfacet
  facet normal 0 0 1
    outer loop
      vertex 2.39999 53.5309 2.5
      vertex 3.33124 58.173 2.5
      vertex 3.26219 58.2105 2.5
    endloop
  endfacet
  facet normal 0 0 1
    outer loop
      vertex 5.35675 57.1085 2.5
      vertex 3.25911 53.0789 2.5
      vertex 5.17389 52.1346 2.5
    endloop
  endfacet
  facet normal 0 0 1
    outer loop
      vertex 5.2868 57.1441 2.5
      vertex 3.01837 53.2056 2.5
      vertex 3.25911 53.0789 2.5
    endloop
  endfacet
  facet normal 0 0 1
    outer loop
      vertex 5.2868 57.1441 2.5
      vertex 2.39999 53.5309 2.5
      vertex 3.01837 53.2056 2.5
    endloop
  endfacet
  facet normal 0 0 1
    outer loop
      vertex 1.26616 59.3295 2.5
      vertex 2.39999 53.5309 2.5
      vertex 1.33418 59.2902 2.5
    endloop
  endfacet
  facet normal 0 0 1
    outer loop
      vertex 1.33418 59.2902 2.5
      vertex 2.39999 53.5309 2.5
      vertex 3.26219 58.2105 2.5
    endloop
  endfacet
  facet normal -0 0 1
    outer loop
      vertex 89.9073 60.0276 2.5
      vertex 90 60.0091 2.5
      vertex 89.9969 60.0725 2.5
    endloop
  endfacet
  facet normal 0 0 1
    outer loop
      vertex 88.7341 59.3296 2.5
      vertex 90 60.0091 2.5
      vertex 89.9073 60.0276 2.5
    endloop
  endfacet
  facet normal 0 0 1
    outer loop
      vertex 90 60.0091 2.5
      vertex 88.7341 59.3296 2.5
      vertex 87.6 53.5309 2.5
    endloop
  endfacet
  facet normal 0 0 1
    outer loop
      vertex 87.6 53.5309 2.5
      vertex 88.7341 59.3296 2.5
      vertex 88.6661 59.2904 2.5
    endloop
  endfacet
  facet normal 0 0 1
    outer loop
      vertex 90 60.0091 2.5
      vertex 87.6 53.5309 2.5
      vertex 90 3 2.5
    endloop
  endfacet
  facet normal 0 0 1
    outer loop
      vertex 87.6 2.4 2.5
      vertex 90 3 2.5
      vertex 87.6 53.5309 2.5
    endloop
  endfacet
  facet normal -0 0 1
    outer loop
      vertex 87.6 2.4 2.5
      vertex 87 0 2.5
      vertex 90 3 2.5
    endloop
  endfacet
  facet normal 0 0 1
    outer loop
      vertex 87.6 2.4 2.5
      vertex 3 0 2.5
      vertex 87 0 2.5
    endloop
  endfacet
  facet normal -0 0 1
    outer loop
      vertex 2.39999 2.4 2.5
      vertex 3 0 2.5
      vertex 87.6 2.4 2.5
    endloop
  endfacet
  facet normal 0 0 1
    outer loop
      vertex 2.39999 53.5309 2.5
      vertex 1.26616 59.3295 2.5
      vertex 0 59.9746 2.5
    endloop
  endfacet
  facet normal -0 0 1
    outer loop
      vertex 0 59.9746 2.5
      vertex 1.26616 59.3295 2.5
      vertex 0.0632629 60.0452 2.5
    endloop
  endfacet
  facet normal 0 0 1
    outer loop
      vertex 0 59.9746 2.5
      vertex 0.0632629 60.0452 2.5
      vertex 0.00723267 60.0749 2.5
    endloop
  endfacet
  facet normal 0 0 1
    outer loop
      vertex 2.39999 53.5309 2.5
      vertex 0 59.9746 2.5
      vertex 0 3 2.5
    endloop
  endfacet
  facet normal 0 0 1
    outer loop
      vertex 2.39999 2.4 2.5
      vertex 0 3 2.5
      vertex 3 0 2.5
    endloop
  endfacet
  facet normal 0 0 1
    outer loop
      vertex 2.39999 53.5309 2.5
      vertex 0 3 2.5
      vertex 2.39999 2.4 2.5
    endloop
  endfacet
  facet normal 0 0 -1
    outer loop
      vertex 87.6 49.522 0
      vertex 90 60.0091 0
      vertex 90 3 0
    endloop
  endfacet
  facet normal 0 -0 -1
    outer loop
      vertex 88.7341 59.3296 0
      vertex 90 60.0091 0
      vertex 87.6 49.522 0
    endloop
  endfacet
  facet normal 0 0 -1
    outer loop
      vertex 90 60.0091 0
      vertex 89.9073 60.0276 0
      vertex 89.9969 60.0725 0
    endloop
  endfacet
  facet normal -0 0 -1
    outer loop
      vertex 90 60.0091 0
      vertex 88.7341 59.3296 0
      vertex 89.9073 60.0276 0
    endloop
  endfacet
  facet normal 0 0 -1
    outer loop
      vertex 87.6 49.522 0
      vertex 90 3 0
      vertex 87.6 2.4 0
    endloop
  endfacet
  facet normal 0 0 -1
    outer loop
      vertex 87 0 0
      vertex 87.6 2.4 0
      vertex 90 3 0
    endloop
  endfacet
  facet normal 0 0 -1
    outer loop
      vertex 3 0 0
      vertex 87.6 2.4 0
      vertex 87 0 0
    endloop
  endfacet
  facet normal 0 0 -1
    outer loop
      vertex 3 0 0
      vertex 2.39999 2.4 0
      vertex 87.6 2.4 0
    endloop
  endfacet
  facet normal 0 0 -1
    outer loop
      vertex 0 3 0
      vertex 2.39999 49.522 0
      vertex 2.39999 2.4 0
    endloop
  endfacet
  facet normal 0 0 -1
    outer loop
      vertex 0 59.9746 0
      vertex 2.39999 49.522 0
      vertex 0 3 0
    endloop
  endfacet
  facet normal -0 -0 -1
    outer loop
      vertex 1.26616 59.3295 0
      vertex 2.39999 49.522 0
      vertex 0 59.9746 0
    endloop
  endfacet
  facet normal 0 0 -1
    outer loop
      vertex 1.26616 59.3295 0
      vertex 0 59.9746 0
      vertex 0.0632629 60.0452 0
    endloop
  endfacet
  facet normal 0 0 -1
    outer loop
      vertex 0 3 0
      vertex 2.39999 2.4 0
      vertex 3 0 0
    endloop
  endfacet
  facet normal 0 0 -1
    outer loop
      vertex 2.39999 49.522 0
      vertex 1.26616 59.3295 0
      vertex 1.33418 59.2902 0
    endloop
  endfacet
  facet normal -0 0 -1
    outer loop
      vertex 0.0632629 60.0452 0
      vertex 0 59.9746 0
      vertex 0.00723267 60.0749 0
    endloop
  endfacet
  facet normal 0 0 -1
    outer loop
      vertex 88.7341 59.3296 0
      vertex 87.6 49.522 0
      vertex 88.6661 59.2904 0
    endloop
  endfacet
  facet normal 0 0 -1
    outer loop
      vertex 87.6 49.522 0
      vertex 86.7378 58.2105 0
      vertex 88.6661 59.2904 0
    endloop
  endfacet
  facet normal 0 0 -1
    outer loop
      vertex 87.6 49.522 0
      vertex 86.6687 58.173 0
      vertex 86.7378 58.2105 0
    endloop
  endfacet
  facet normal 0 0 -1
    outer loop
      vertex 82.6623 56.1316 0
      vertex 87.6 49.522 0
      vertex 86.1192 48.7918 0
    endloop
  endfacet
  facet normal 0 0 -1
    outer loop
      vertex 82.5914 56.0978 0
      vertex 86.1192 48.7918 0
      vertex 85.4605 48.4881 0
    endloop
  endfacet
  facet normal 0 0 -1
    outer loop
      vertex 87.6 49.522 0
      vertex 84.7132 57.1441 0
      vertex 86.6687 58.173 0
    endloop
  endfacet
  facet normal 0 0 -1
    outer loop
      vertex 87.6 49.522 0
      vertex 84.6432 57.1085 0
      vertex 84.7132 57.1441 0
    endloop
  endfacet
  facet normal 0 0 -1
    outer loop
      vertex 80.5843 55.1725 0
      vertex 85.4605 48.4881 0
      vertex 83.8485 47.7449 0
    endloop
  endfacet
  facet normal 0 0 -1
    outer loop
      vertex 80.5125 55.1405 0
      vertex 83.8485 47.7449 0
      vertex 83.182 47.4586 0
    endloop
  endfacet
  facet normal 0 0 -1
    outer loop
      vertex 87.6 49.522 0
      vertex 82.6623 56.1316 0
      vertex 84.6432 57.1085 0
    endloop
  endfacet
  facet normal 0 0 -1
    outer loop
      vertex 86.1192 48.7918 0
      vertex 82.5914 56.0978 0
      vertex 82.6623 56.1316 0
    endloop
  endfacet
  facet normal 0 0 -1
    outer loop
      vertex 78.4823 54.2683 0
      vertex 83.182 47.4586 0
      vertex 81.5511 46.7579 0
    endloop
  endfacet
  facet normal 0 0 -1
    outer loop
      vertex 78.4098 54.2382 0
      vertex 81.5511 46.7579 0
      vertex 80.8773 46.4891 0
    endloop
  endfacet
  facet normal 0 0 -1
    outer loop
      vertex 85.4605 48.4881 0
      vertex 80.5843 55.1725 0
      vertex 82.5914 56.0978 0
    endloop
  endfacet
  facet normal 0 0 -1
    outer loop
      vertex 83.8485 47.7449 0
      vertex 80.5125 55.1405 0
      vertex 80.5843 55.1725 0
    endloop
  endfacet
  facet normal 0 0 -1
    outer loop
      vertex 76.3581 53.4197 0
      vertex 80.8773 46.4891 0
      vertex 79.2286 45.8313 0
    endloop
  endfacet
  facet normal 0 0 -1
    outer loop
      vertex 76.2848 53.3916 0
      vertex 79.2286 45.8313 0
      vertex 78.5481 45.5803 0
    endloop
  endfacet
  facet normal 0 0 -1
    outer loop
      vertex 83.182 47.4586 0
      vertex 78.4823 54.2683 0
      vertex 80.5125 55.1405 0
    endloop
  endfacet
  facet normal 0 0 -1
    outer loop
      vertex 81.5511 46.7579 0
      vertex 78.4098 54.2382 0
      vertex 78.4823 54.2683 0
    endloop
  endfacet
  facet normal 0 0 -1
    outer loop
      vertex 74.2115 52.6267 0
      vertex 78.5481 45.5803 0
      vertex 76.8828 44.9659 0
    endloop
  endfacet
  facet normal 0 0 -1
    outer loop
      vertex 80.8773 46.4891 0
      vertex 76.3581 53.4197 0
      vertex 78.4098 54.2382 0
    endloop
  endfacet
  facet normal 0 0 -1
    outer loop
      vertex 79.2286 45.8313 0
      vertex 76.2848 53.3916 0
      vertex 76.3581 53.4197 0
    endloop
  endfacet
  facet normal 0 0 -1
    outer loop
      vertex 74.1375 52.6005 0
      vertex 76.8828 44.9659 0
      vertex 76.1958 44.7327 0
    endloop
  endfacet
  facet normal 0 0 -1
    outer loop
      vertex 72.0452 51.8902 0
      vertex 76.1958 44.7327 0
      vertex 74.515 44.1621 0
    endloop
  endfacet
  facet normal 0 0 -1
    outer loop
      vertex 78.5481 45.5803 0
      vertex 74.2115 52.6267 0
      vertex 76.2848 53.3916 0
    endloop
  endfacet
  facet normal 0 0 -1
    outer loop
      vertex 76.8828 44.9659 0
      vertex 74.1375 52.6005 0
      vertex 74.2115 52.6267 0
    endloop
  endfacet
  facet normal 0 0 -1
    outer loop
      vertex 71.9705 51.866 0
      vertex 74.515 44.1621 0
      vertex 73.8222 43.947 0
    endloop
  endfacet
  facet normal 0 0 -1
    outer loop
      vertex 69.8608 51.2109 0
      vertex 73.8222 43.947 0
      vertex 72.127 43.4207 0
    endloop
  endfacet
  facet normal 0 0 -1
    outer loop
      vertex 76.1958 44.7327 0
      vertex 72.0452 51.8902 0
      vertex 74.1375 52.6005 0
    endloop
  endfacet
  facet normal 0 0 -1
    outer loop
      vertex 74.515 44.1621 0
      vertex 71.9705 51.866 0
      vertex 72.0452 51.8902 0
    endloop
  endfacet
  facet normal 0 0 -1
    outer loop
      vertex 69.7855 51.1886 0
      vertex 72.127 43.4207 0
      vertex 71.4289 43.2238 0
    endloop
  endfacet
  facet normal 0 0 -1
    outer loop
      vertex 73.8222 43.947 0
      vertex 69.8608 51.2109 0
      vertex 71.9705 51.866 0
    endloop
  endfacet
  facet normal 0 0 -1
    outer loop
      vertex 72.127 43.4207 0
      vertex 69.7855 51.1886 0
      vertex 69.8608 51.2109 0
    endloop
  endfacet
  facet normal 0 0 -1
    outer loop
      vertex 67.6582 50.5886 0
      vertex 71.4289 43.2238 0
      vertex 69.7205 42.7419 0
    endloop
  endfacet
  facet normal 0 0 -1
    outer loop
      vertex 67.5823 50.5683 0
      vertex 69.7205 42.7419 0
      vertex 69.0174 42.5634 0
    endloop
  endfacet
  facet normal 0 0 -1
    outer loop
      vertex 71.4289 43.2238 0
      vertex 67.6582 50.5886 0
      vertex 69.7855 51.1886 0
    endloop
  endfacet
  facet normal 0 0 -1
    outer loop
      vertex 69.7205 42.7419 0
      vertex 67.5823 50.5683 0
      vertex 67.6582 50.5886 0
    endloop
  endfacet
  facet normal 0 0 -1
    outer loop
      vertex 65.4414 50.0246 0
      vertex 69.0174 42.5634 0
      vertex 67.297 42.1264 0
    endloop
  endfacet
  facet normal 0 0 -1
    outer loop
      vertex 65.365 50.0062 0
      vertex 67.297 42.1264 0
      vertex 66.5895 41.9663 0
    endloop
  endfacet
  facet normal 0 0 -1
    outer loop
      vertex 69.0174 42.5634 0
      vertex 65.4414 50.0246 0
      vertex 67.5823 50.5683 0
    endloop
  endfacet
  facet normal 0 0 -1
    outer loop
      vertex 67.297 42.1264 0
      vertex 65.365 50.0062 0
      vertex 65.4414 50.0246 0
    endloop
  endfacet
  facet normal 0 0 -1
    outer loop
      vertex 63.2098 49.5186 0
      vertex 66.5895 41.9663 0
      vertex 64.8582 41.5746 0
    endloop
  endfacet
  facet normal 0 0 -1
    outer loop
      vertex 63.1329 49.5022 0
      vertex 64.8582 41.5746 0
      vertex 64.1467 41.4331 0
    endloop
  endfacet
  facet normal 0 0 -1
    outer loop
      vertex 66.5895 41.9663 0
      vertex 63.2098 49.5186 0
      vertex 65.365 50.0062 0
    endloop
  endfacet
  facet normal 0 0 -1
    outer loop
      vertex 64.8582 41.5746 0
      vertex 63.1329 49.5022 0
      vertex 63.2098 49.5186 0
    endloop
  endfacet
  facet normal 0 0 -1
    outer loop
      vertex 60.9658 49.0712 0
      vertex 64.1467 41.4331 0
      vertex 62.4058 41.0868 0
    endloop
  endfacet
  facet normal 0 0 -1
    outer loop
      vertex 60.8886 49.0568 0
      vertex 62.4058 41.0868 0
      vertex 61.6909 40.9639 0
    endloop
  endfacet
  facet normal 0 0 -1
    outer loop
      vertex 64.1467 41.4331 0
      vertex 60.9658 49.0712 0
      vertex 63.1329 49.5022 0
    endloop
  endfacet
  facet normal 0 0 -1
    outer loop
      vertex 62.4058 41.0868 0
      vertex 60.8886 49.0568 0
      vertex 60.9658 49.0712 0
    endloop
  endfacet
  facet normal 0 0 -1
    outer loop
      vertex 58.7115 48.6828 0
      vertex 61.6909 40.9639 0
      vertex 59.9415 40.6633 0
    endloop
  endfacet
  facet normal 0 0 -1
    outer loop
      vertex 58.6339 48.6705 0
      vertex 59.9415 40.6633 0
      vertex 59.2236 40.5592 0
    endloop
  endfacet
  facet normal 0 0 -1
    outer loop
      vertex 61.6909 40.9639 0
      vertex 58.7115 48.6828 0
      vertex 60.8886 49.0568 0
    endloop
  endfacet
  facet normal 0 0 -1
    outer loop
      vertex 59.9415 40.6633 0
      vertex 58.6339 48.6705 0
      vertex 58.7115 48.6828 0
    endloop
  endfacet
  facet normal 0 0 -1
    outer loop
      vertex 56.4464 48.3533 0
      vertex 59.2236 40.5592 0
      vertex 57.4669 40.3045 0
    endloop
  endfacet
  facet normal 0 0 -1
    outer loop
      vertex 56.3686 48.3431 0
      vertex 57.4669 40.3045 0
      vertex 56.7465 40.2193 0
    endloop
  endfacet
  facet normal 0 0 -1
    outer loop
      vertex 59.2236 40.5592 0
      vertex 56.4464 48.3533 0
      vertex 58.6339 48.6705 0
    endloop
  endfacet
  facet normal 0 0 -1
    outer loop
      vertex 57.4669 40.3045 0
      vertex 56.3686 48.3431 0
      vertex 56.4464 48.3533 0
    endloop
  endfacet
  facet normal 0 0 -1
    outer loop
      vertex 54.1748 48.0834 0
      vertex 56.7465 40.2193 0
      vertex 54.9838 40.0107 0
    endloop
  endfacet
  facet normal 0 0 -1
    outer loop
      vertex 54.0966 48.0752 0
      vertex 54.9838 40.0107 0
      vertex 54.2614 39.9443 0
    endloop
  endfacet
  facet normal 0 0 -1
    outer loop
      vertex 56.7465 40.2193 0
      vertex 54.1748 48.0834 0
      vertex 56.3686 48.3431 0
    endloop
  endfacet
  facet normal 0 0 -1
    outer loop
      vertex 54.9838 40.0107 0
      vertex 54.0966 48.0752 0
      vertex 54.1748 48.0834 0
    endloop
  endfacet
  facet normal 0 0 -1
    outer loop
      vertex 51.8965 47.873 0
      vertex 54.2614 39.9443 0
      vertex 52.4938 39.7819 0
    endloop
  endfacet
  facet normal 0 0 -1
    outer loop
      vertex 54.2614 39.9443 0
      vertex 51.8965 47.873 0
      vertex 54.0966 48.0752 0
    endloop
  endfacet
  facet normal 0 0 -1
    outer loop
      vertex 52.4938 39.7819 0
      vertex 51.8182 47.8669 0
      vertex 51.8965 47.873 0
    endloop
  endfacet
  facet normal 0 0 -1
    outer loop
      vertex 51.77 39.7344 0
      vertex 51.8182 47.8669 0
      vertex 52.4938 39.7819 0
    endloop
  endfacet
  facet normal 0 0 -1
    outer loop
      vertex 49.6131 47.7223 0
      vertex 51.77 39.7344 0
      vertex 49.9987 39.6183 0
    endloop
  endfacet
  facet normal 0 0 -1
    outer loop
      vertex 51.77 39.7344 0
      vertex 49.6131 47.7223 0
      vertex 51.8182 47.8669 0
    endloop
  endfacet
  facet normal 0 0 -1
    outer loop
      vertex 49.9987 39.6183 0
      vertex 49.5347 47.7182 0
      vertex 49.6131 47.7223 0
    endloop
  endfacet
  facet normal 0 0 -1
    outer loop
      vertex 49.2739 39.5898 0
      vertex 49.5347 47.7182 0
      vertex 49.9987 39.6183 0
    endloop
  endfacet
  facet normal 0 0 -1
    outer loop
      vertex 47.3273 47.6315 0
      vertex 49.2739 39.5898 0
      vertex 47.5002 39.5202 0
    endloop
  endfacet
  facet normal 0 0 -1
    outer loop
      vertex 49.2739 39.5898 0
      vertex 47.3273 47.6315 0
      vertex 49.5347 47.7182 0
    endloop
  endfacet
  facet normal 0 0 -1
    outer loop
      vertex 47.5002 39.5202 0
      vertex 47.2487 47.6294 0
      vertex 47.3273 47.6315 0
    endloop
  endfacet
  facet normal 0 0 -1
    outer loop
      vertex 46.7749 39.5107 0
      vertex 47.2487 47.6294 0
      vertex 47.5002 39.5202 0
    endloop
  endfacet
  facet normal 0 0 -1
    outer loop
      vertex 46.7749 39.5107 0
      vertex 45.0393 47.6005 0
      vertex 47.2487 47.6294 0
    endloop
  endfacet
  facet normal 0 0 -1
    outer loop
      vertex 45 39.4874 0
      vertex 45.0393 47.6005 0
      vertex 46.7749 39.5107 0
    endloop
  endfacet
  facet normal 0 0 -1
    outer loop
      vertex 45 39.4874 0
      vertex 44.9607 47.6005 0
      vertex 45.0393 47.6005 0
    endloop
  endfacet
  facet normal 0 0 -1
    outer loop
      vertex 44.2747 39.4969 0
      vertex 44.9607 47.6005 0
      vertex 45 39.4874 0
    endloop
  endfacet
  facet normal 0 0 -1
    outer loop
      vertex 44.2747 39.4969 0
      vertex 42.7513 47.6294 0
      vertex 44.9607 47.6005 0
    endloop
  endfacet
  facet normal 0 0 -1
    outer loop
      vertex 42.4998 39.5202 0
      vertex 42.7513 47.6294 0
      vertex 44.2747 39.4969 0
    endloop
  endfacet
  facet normal -0 0 -1
    outer loop
      vertex 42.7513 47.6294 0
      vertex 42.4998 39.5202 0
      vertex 42.6727 47.6315 0
    endloop
  endfacet
  facet normal 0 0 -1
    outer loop
      vertex 41.7749 39.5486 0
      vertex 42.6727 47.6315 0
      vertex 42.4998 39.5202 0
    endloop
  endfacet
  facet normal 0 0 -1
    outer loop
      vertex 41.7749 39.5486 0
      vertex 40.4653 47.7182 0
      vertex 42.6727 47.6315 0
    endloop
  endfacet
  facet normal 0 0 -1
    outer loop
      vertex 40.0013 39.6183 0
      vertex 40.4653 47.7182 0
      vertex 41.7749 39.5486 0
    endloop
  endfacet
  facet normal -0 0 -1
    outer loop
      vertex 40.4653 47.7182 0
      vertex 40.0013 39.6183 0
      vertex 40.3869 47.7223 0
    endloop
  endfacet
  facet normal 0 0 -1
    outer loop
      vertex 39.2774 39.6658 0
      vertex 40.3869 47.7223 0
      vertex 40.0013 39.6183 0
    endloop
  endfacet
  facet normal 0 0 -1
    outer loop
      vertex 39.2774 39.6658 0
      vertex 38.1817 47.8669 0
      vertex 40.3869 47.7223 0
    endloop
  endfacet
  facet normal 0 0 -1
    outer loop
      vertex 37.5062 39.7819 0
      vertex 38.1817 47.8669 0
      vertex 39.2774 39.6658 0
    endloop
  endfacet
  facet normal -0 0 -1
    outer loop
      vertex 38.1817 47.8669 0
      vertex 37.5062 39.7819 0
      vertex 38.1035 47.873 0
    endloop
  endfacet
  facet normal 0 0 -1
    outer loop
      vertex 36.7838 39.8482 0
      vertex 38.1035 47.873 0
      vertex 37.5062 39.7819 0
    endloop
  endfacet
  facet normal 0 0 -1
    outer loop
      vertex 36.7838 39.8482 0
      vertex 35.9033 48.0752 0
      vertex 38.1035 47.873 0
    endloop
  endfacet
  facet normal 0 0 -1
    outer loop
      vertex 35.0162 40.0107 0
      vertex 35.9033 48.0752 0
      vertex 36.7838 39.8482 0
    endloop
  endfacet
  facet normal -0 0 -1
    outer loop
      vertex 35.9033 48.0752 0
      vertex 35.0162 40.0107 0
      vertex 35.8252 48.0834 0
    endloop
  endfacet
  facet normal 0 0 -1
    outer loop
      vertex 34.2958 40.0959 0
      vertex 35.8252 48.0834 0
      vertex 35.0162 40.0107 0
    endloop
  endfacet
  facet normal 0 0 -1
    outer loop
      vertex 34.2958 40.0959 0
      vertex 33.6314 48.3431 0
      vertex 35.8252 48.0834 0
    endloop
  endfacet
  facet normal 0 0 -1
    outer loop
      vertex 32.5331 40.3045 0
      vertex 33.6314 48.3431 0
      vertex 34.2958 40.0959 0
    endloop
  endfacet
  facet normal -0 0 -1
    outer loop
      vertex 33.6314 48.3431 0
      vertex 32.5331 40.3045 0
      vertex 33.5536 48.3533 0
    endloop
  endfacet
  facet normal 0 0 -1
    outer loop
      vertex 31.8152 40.4086 0
      vertex 33.5536 48.3533 0
      vertex 32.5331 40.3045 0
    endloop
  endfacet
  facet normal 0 0 -1
    outer loop
      vertex 31.8152 40.4086 0
      vertex 31.3661 48.6705 0
      vertex 33.5536 48.3533 0
    endloop
  endfacet
  facet normal 0 0 -1
    outer loop
      vertex 30.0585 40.6633 0
      vertex 31.3661 48.6705 0
      vertex 31.8152 40.4086 0
    endloop
  endfacet
  facet normal -0 0 -1
    outer loop
      vertex 31.3661 48.6705 0
      vertex 30.0585 40.6633 0
      vertex 31.2885 48.6828 0
    endloop
  endfacet
  facet normal 0 0 -1
    outer loop
      vertex 29.3436 40.7862 0
      vertex 31.2885 48.6828 0
      vertex 30.0585 40.6633 0
    endloop
  endfacet
  facet normal 0 0 -1
    outer loop
      vertex 29.3436 40.7862 0
      vertex 29.1114 49.0568 0
      vertex 31.2885 48.6828 0
    endloop
  endfacet
  facet normal 0 0 -1
    outer loop
      vertex 27.5942 41.0868 0
      vertex 29.1114 49.0568 0
      vertex 29.3436 40.7862 0
    endloop
  endfacet
  facet normal -0 0 -1
    outer loop
      vertex 29.1114 49.0568 0
      vertex 27.5942 41.0868 0
      vertex 29.0342 49.0712 0
    endloop
  endfacet
  facet normal 0 0 -1
    outer loop
      vertex 26.8828 41.2283 0
      vertex 29.0342 49.0712 0
      vertex 27.5942 41.0868 0
    endloop
  endfacet
  facet normal 0 0 -1
    outer loop
      vertex 26.8828 41.2283 0
      vertex 26.867 49.5022 0
      vertex 29.0342 49.0712 0
    endloop
  endfacet
  facet normal 0 0 -1
    outer loop
      vertex 25.1418 41.5746 0
      vertex 26.867 49.5022 0
      vertex 26.8828 41.2283 0
    endloop
  endfacet
  facet normal -0 0 -1
    outer loop
      vertex 26.867 49.5022 0
      vertex 25.1418 41.5746 0
      vertex 26.7902 49.5186 0
    endloop
  endfacet
  facet normal 0 0 -1
    outer loop
      vertex 24.4343 41.7347 0
      vertex 26.7902 49.5186 0
      vertex 25.1418 41.5746 0
    endloop
  endfacet
  facet normal -0 0 -1
    outer loop
      vertex 26.7902 49.5186 0
      vertex 24.4343 41.7347 0
      vertex 24.6349 50.0062 0
    endloop
  endfacet
  facet normal 0 0 -1
    outer loop
      vertex 22.703 42.1264 0
      vertex 24.6349 50.0062 0
      vertex 24.4343 41.7347 0
    endloop
  endfacet
  facet normal -0 0 -1
    outer loop
      vertex 24.6349 50.0062 0
      vertex 22.703 42.1264 0
      vertex 24.5586 50.0246 0
    endloop
  endfacet
  facet normal 0 0 -1
    outer loop
      vertex 21.9999 42.305 0
      vertex 24.5586 50.0246 0
      vertex 22.703 42.1264 0
    endloop
  endfacet
  facet normal -0 0 -1
    outer loop
      vertex 24.5586 50.0246 0
      vertex 21.9999 42.305 0
      vertex 22.4176 50.5683 0
    endloop
  endfacet
  facet normal 0 0 -1
    outer loop
      vertex 20.2795 42.7419 0
      vertex 22.4176 50.5683 0
      vertex 21.9999 42.305 0
    endloop
  endfacet
  facet normal -0 0 -1
    outer loop
      vertex 22.4176 50.5683 0
      vertex 20.2795 42.7419 0
      vertex 22.3418 50.5886 0
    endloop
  endfacet
  facet normal 0 0 -1
    outer loop
      vertex 19.5814 42.9388 0
      vertex 22.3418 50.5886 0
      vertex 20.2795 42.7419 0
    endloop
  endfacet
  facet normal -0 0 -1
    outer loop
      vertex 22.3418 50.5886 0
      vertex 19.5814 42.9388 0
      vertex 20.2145 51.1886 0
    endloop
  endfacet
  facet normal 0 0 -1
    outer loop
      vertex 17.873 43.4207 0
      vertex 20.2145 51.1886 0
      vertex 19.5814 42.9388 0
    endloop
  endfacet
  facet normal -0 0 -1
    outer loop
      vertex 20.2145 51.1886 0
      vertex 17.873 43.4207 0
      vertex 20.1392 51.2109 0
    endloop
  endfacet
  facet normal 0 0 -1
    outer loop
      vertex 17.1802 43.6358 0
      vertex 20.1392 51.2109 0
      vertex 17.873 43.4207 0
    endloop
  endfacet
  facet normal -0 0 -1
    outer loop
      vertex 20.1392 51.2109 0
      vertex 17.1802 43.6358 0
      vertex 18.0295 51.866 0
    endloop
  endfacet
  facet normal 0 0 -1
    outer loop
      vertex 15.485 44.1621 0
      vertex 18.0295 51.866 0
      vertex 17.1802 43.6358 0
    endloop
  endfacet
  facet normal -0 0 -1
    outer loop
      vertex 18.0295 51.866 0
      vertex 15.485 44.1621 0
      vertex 17.9548 51.8902 0
    endloop
  endfacet
  facet normal 0 0 -1
    outer loop
      vertex 14.7981 44.3953 0
      vertex 17.9548 51.8902 0
      vertex 15.485 44.1621 0
    endloop
  endfacet
  facet normal -0 0 -1
    outer loop
      vertex 17.9548 51.8902 0
      vertex 14.7981 44.3953 0
      vertex 15.8625 52.6005 0
    endloop
  endfacet
  facet normal 0 0 -1
    outer loop
      vertex 13.1172 44.9659 0
      vertex 15.8625 52.6005 0
      vertex 14.7981 44.3953 0
    endloop
  endfacet
  facet normal -0 0 -1
    outer loop
      vertex 15.8625 52.6005 0
      vertex 13.1172 44.9659 0
      vertex 15.7885 52.6267 0
    endloop
  endfacet
  facet normal 0 0 -1
    outer loop
      vertex 12.4367 45.217 0
      vertex 15.7885 52.6267 0
      vertex 13.1172 44.9659 0
    endloop
  endfacet
  facet normal -0 0 -1
    outer loop
      vertex 15.7885 52.6267 0
      vertex 12.4367 45.217 0
      vertex 13.7152 53.3916 0
    endloop
  endfacet
  facet normal 0 0 -1
    outer loop
      vertex 10.7714 45.8313 0
      vertex 13.7152 53.3916 0
      vertex 12.4367 45.217 0
    endloop
  endfacet
  facet normal -0 0 -1
    outer loop
      vertex 13.7152 53.3916 0
      vertex 10.7714 45.8313 0
      vertex 13.6419 53.4197 0
    endloop
  endfacet
  facet normal 0 0 -1
    outer loop
      vertex 10.0976 46.1001 0
      vertex 13.6419 53.4197 0
      vertex 10.7714 45.8313 0
    endloop
  endfacet
  facet normal -0 0 -1
    outer loop
      vertex 13.6419 53.4197 0
      vertex 10.0976 46.1001 0
      vertex 11.5902 54.2382 0
    endloop
  endfacet
  facet normal 0 0 -1
    outer loop
      vertex 8.44892 46.7579 0
      vertex 11.5902 54.2382 0
      vertex 10.0976 46.1001 0
    endloop
  endfacet
  facet normal -0 0 -1
    outer loop
      vertex 11.5902 54.2382 0
      vertex 8.44892 46.7579 0
      vertex 11.5177 54.2683 0
    endloop
  endfacet
  facet normal 0 0 -1
    outer loop
      vertex 7.78242 47.0442 0
      vertex 11.5177 54.2683 0
      vertex 8.44892 46.7579 0
    endloop
  endfacet
  facet normal -0 0 -1
    outer loop
      vertex 11.5177 54.2683 0
      vertex 7.78242 47.0442 0
      vertex 9.48746 55.1405 0
    endloop
  endfacet
  facet normal 0 0 -1
    outer loop
      vertex 6.15153 47.7449 0
      vertex 9.48746 55.1405 0
      vertex 7.78242 47.0442 0
    endloop
  endfacet
  facet normal -0 0 -1
    outer loop
      vertex 9.48746 55.1405 0
      vertex 6.15153 47.7449 0
      vertex 9.4157 55.1725 0
    endloop
  endfacet
  facet normal 0 0 -1
    outer loop
      vertex 5.49276 48.0486 0
      vertex 9.4157 55.1725 0
      vertex 6.15153 47.7449 0
    endloop
  endfacet
  facet normal -0 0 -1
    outer loop
      vertex 9.4157 55.1725 0
      vertex 5.49276 48.0486 0
      vertex 7.40854 56.0978 0
    endloop
  endfacet
  facet normal 0 0 -1
    outer loop
      vertex 3.88077 48.7918 0
      vertex 7.40854 56.0978 0
      vertex 5.49276 48.0486 0
    endloop
  endfacet
  facet normal -0 0 -1
    outer loop
      vertex 7.40854 56.0978 0
      vertex 3.88077 48.7918 0
      vertex 7.33766 56.1316 0
    endloop
  endfacet
  facet normal 0 0 -1
    outer loop
      vertex 3.23018 49.1126 0
      vertex 7.33766 56.1316 0
      vertex 3.88077 48.7918 0
    endloop
  endfacet
  facet normal 0 0 -1
    outer loop
      vertex 2.39999 49.522 0
      vertex 7.33766 56.1316 0
      vertex 3.23018 49.1126 0
    endloop
  endfacet
  facet normal -0 0 -1
    outer loop
      vertex 7.33766 56.1316 0
      vertex 2.39999 49.522 0
      vertex 5.35675 57.1085 0
    endloop
  endfacet
  facet normal -0 0 -1
    outer loop
      vertex 5.35675 57.1085 0
      vertex 2.39999 49.522 0
      vertex 5.2868 57.1441 0
    endloop
  endfacet
  facet normal -0 0 -1
    outer loop
      vertex 5.2868 57.1441 0
      vertex 2.39999 49.522 0
      vertex 3.33124 58.173 0
    endloop
  endfacet
  facet normal -0 0 -1
    outer loop
      vertex 3.33124 58.173 0
      vertex 2.39999 49.522 0
      vertex 3.26219 58.2105 0
    endloop
  endfacet
  facet normal -0 0 -1
    outer loop
      vertex 3.26219 58.2105 0
      vertex 2.39999 49.522 0
      vertex 1.33418 59.2902 0
    endloop
  endfacet
endsolid OpenSCAD_Model
