solid OpenSCAD_Model
  facet normal -0.998816 0 0.0486407
    outer loop
      vertex 0 1.5195 57.9901
      vertex 0.000457764 18.9898 57.9995
      vertex 0 18.9805 57.9901
    endloop
  endfacet
  facet normal -0.998816 0 0.0486407
    outer loop
      vertex 0.000457764 18.9898 57.9995
      vertex 0 1.5195 57.9901
      vertex 0.000457764 1.51021 57.9995
    endloop
  endfacet
  facet normal 0.986394 -0 0.1644
    outer loop
      vertex 1.10161 1.5 57.9903
      vertex 2.09888 19 52.0067
      vertex 1.10161 19 57.9903
    endloop
  endfacet
  facet normal 0.986394 0 0.1644
    outer loop
      vertex 2.09888 19 52.0067
      vertex 1.10161 1.5 57.9903
      vertex 2.09888 1.5 52.0067
    endloop
  endfacet
  facet normal 0.991585 -0 0.129457
    outer loop
      vertex 2.09888 1.5 52.0067
      vertex 2.09935 19 52.0031
      vertex 2.09888 19 52.0067
    endloop
  endfacet
  facet normal 0.991585 0 0.129457
    outer loop
      vertex 2.09935 19 52.0031
      vertex 2.09888 1.5 52.0067
      vertex 2.09935 1.5 52.0031
    endloop
  endfacet
  facet normal 0 -1 0
    outer loop
      vertex 1.10161 1.5 57.9903
      vertex 1.08687 1.5 58
      vertex 0.0195007 1.5 58
    endloop
  endfacet
  facet normal 0 -1 0
    outer loop
      vertex 1.08687 1.5 58
      vertex 1.10161 1.5 57.9903
      vertex 1.09967 1.5 57.9992
    endloop
  endfacet
  facet normal 0 -1 0
    outer loop
      vertex 0.0195007 1.5 58
      vertex 2.09888 1.5 52.0067
      vertex 1.10161 1.5 57.9903
    endloop
  endfacet
  facet normal 0 -1 0
    outer loop
      vertex 2.09999 1.5 51.9901
      vertex 2.09888 1.5 52.0067
      vertex 0.0195007 1.5 58
    endloop
  endfacet
  facet normal 0 -1 0
    outer loop
      vertex 2.09888 1.5 52.0067
      vertex 2.09999 1.5 51.9901
      vertex 2.09935 1.5 52.0031
    endloop
  endfacet
  facet normal 0 -1 0
    outer loop
      vertex 0.0195007 1.5 40
      vertex 2.09999 1.5 51.9901
      vertex 0.0195007 1.5 58
    endloop
  endfacet
  facet normal 0 -1 -0
    outer loop
      vertex 2.09999 1.5 51.9901
      vertex 0.0195007 1.5 40
      vertex 2.09999 1.5 40
    endloop
  endfacet
  facet normal 0 -1 0
    outer loop
      vertex 78.8984 1.5 57.9903
      vertex 78.9131 1.5 58
      vertex 78.9003 1.5 57.9992
    endloop
  endfacet
  facet normal 0 -1 -0
    outer loop
      vertex 78.9131 1.5 58
      vertex 78.8984 1.5 57.9903
      vertex 79.9805 1.5 58
    endloop
  endfacet
  facet normal 0 -1 0
    outer loop
      vertex 77.9011 1.5 52.0067
      vertex 79.9805 1.5 58
      vertex 78.8984 1.5 57.9903
    endloop
  endfacet
  facet normal 0 -1 0
    outer loop
      vertex 77.9 1.5 51.9901
      vertex 77.9011 1.5 52.0067
      vertex 77.9007 1.5 52.0031
    endloop
  endfacet
  facet normal 0 -1 -0
    outer loop
      vertex 77.9011 1.5 52.0067
      vertex 77.9 1.5 51.9901
      vertex 79.9805 1.5 58
    endloop
  endfacet
  facet normal 0 -1 0
    outer loop
      vertex 79.9805 1.5 40
      vertex 77.9 1.5 51.9901
      vertex 77.9 1.5 40
    endloop
  endfacet
  facet normal 0 -1 0
    outer loop
      vertex 77.9 1.5 51.9901
      vertex 79.9805 1.5 40
      vertex 79.9805 1.5 58
    endloop
  endfacet
  facet normal -0 0 1
    outer loop
      vertex 0.0195007 19 58
      vertex 1.08687 1.5 58
      vertex 1.08687 19 58
    endloop
  endfacet
  facet normal 0 0 1
    outer loop
      vertex 0.0195007 19 58
      vertex 0.0195007 1.5 58
      vertex 1.08687 1.5 58
    endloop
  endfacet
  facet normal -0 0 1
    outer loop
      vertex 0.00994873 18.9995 58
      vertex 0.0195007 1.5 58
      vertex 0.0195007 19 58
    endloop
  endfacet
  facet normal 0 0 1
    outer loop
      vertex 0.0195007 1.5 58
      vertex 0.00994873 18.9995 58
      vertex 0.00994873 1.50047 58
    endloop
  endfacet
  facet normal 0 0 1
    outer loop
      vertex 79.9805 19 58
      vertex 79.9901 1.50047 58
      vertex 79.9901 18.9995 58
    endloop
  endfacet
  facet normal 0 0 1
    outer loop
      vertex 79.9805 19 58
      vertex 79.9805 1.5 58
      vertex 79.9901 1.50047 58
    endloop
  endfacet
  facet normal -0 0 1
    outer loop
      vertex 78.9131 19 58
      vertex 79.9805 1.5 58
      vertex 79.9805 19 58
    endloop
  endfacet
  facet normal 0 0 1
    outer loop
      vertex 79.9805 1.5 58
      vertex 78.9131 19 58
      vertex 78.9131 1.5 58
    endloop
  endfacet
  facet normal -0.0438568 -0.00858324 0.999001
    outer loop
      vertex 0.000457764 18.9898 57.9995
      vertex 0.00994873 18.9995 58
      vertex 0.000915527 18.9991 57.9996
    endloop
  endfacet
  facet normal -0.0526087 0 0.998615
    outer loop
      vertex 0.00994873 18.9995 58
      vertex 0.000457764 18.9898 57.9995
      vertex 0.00994873 1.50047 58
    endloop
  endfacet
  facet normal -0.0526087 0 0.998615
    outer loop
      vertex 0.000457764 1.51021 57.9995
      vertex 0.00994873 1.50047 58
      vertex 0.000457764 18.9898 57.9995
    endloop
  endfacet
  facet normal -0.0438088 0.00859486 0.999003
    outer loop
      vertex 0.00994873 1.50047 58
      vertex 0.000457764 1.51021 57.9995
      vertex 0.000915527 1.50092 57.9996
    endloop
  endfacet
  facet normal -1 0 0
    outer loop
      vertex 0 40.2 4
      vertex 0 40.7631 3.60059
      vertex 0 40.7631 3
    endloop
  endfacet
  facet normal -1 -0 -0
    outer loop
      vertex 0 40.6243 3.82425
      vertex 0 40.7631 3.60059
      vertex 0 40.2 4
    endloop
  endfacet
  facet normal -1 0 0
    outer loop
      vertex 0 40.7631 3.60059
      vertex 0 40.6989 3.73334
      vertex 0 40.7543 3.62961
    endloop
  endfacet
  facet normal -1 0 0
    outer loop
      vertex 0 40.7631 3.60059
      vertex 0 40.6243 3.82425
      vertex 0 40.6989 3.73334
    endloop
  endfacet
  facet normal -1 0 0
    outer loop
      vertex 0 40.6243 3.82425
      vertex 0 40.2 4
      vertex 0 40.5333 3.89888
    endloop
  endfacet
  facet normal -1 0 0
    outer loop
      vertex 0 40.5333 3.89888
      vertex 0 40.2 4
      vertex 0 40.4296 3.95432
    endloop
  endfacet
  facet normal -1 0 0
    outer loop
      vertex 0 40.4296 3.95432
      vertex 0 40.2 4
      vertex 0 40.317 3.98846
    endloop
  endfacet
  facet normal -1 0 0
    outer loop
      vertex 0 40.7631 3
      vertex 0 20.5 4
      vertex 0 40.2 4
    endloop
  endfacet
  facet normal -1 0 0
    outer loop
      vertex 0 0.0368805 3
      vertex 0 20.5 11
      vertex 0 20.5 4
    endloop
  endfacet
  facet normal -1 0 -0
    outer loop
      vertex 0 18.9805 40
      vertex 0 20.5 11
      vertex 0 0.0368805 38.8192
    endloop
  endfacet
  facet normal -1 -0 -0
    outer loop
      vertex 0 19.7 40
      vertex 0 20.5 39.2
      vertex 0 18.9805 40
    endloop
  endfacet
  facet normal -1 0 0
    outer loop
      vertex 0 20.5 39.2
      vertex 0 19.7 40
      vertex 0 20.4846 39.3561
    endloop
  endfacet
  facet normal -1 0 0
    outer loop
      vertex 0 20.4846 39.3561
      vertex 0 19.7 40
      vertex 0 20.4391 39.5061
    endloop
  endfacet
  facet normal -1 0 0
    outer loop
      vertex 0 20.4391 39.5061
      vertex 0 19.7 40
      vertex 0 20.3652 39.6445
    endloop
  endfacet
  facet normal -1 0 0
    outer loop
      vertex 0 20.3652 39.6445
      vertex 0 19.7 40
      vertex 0 20.2657 39.7657
    endloop
  endfacet
  facet normal -1 0 0
    outer loop
      vertex 0 20.2657 39.7657
      vertex 0 19.7 40
      vertex 0 20.1445 39.8652
    endloop
  endfacet
  facet normal -1 0 0
    outer loop
      vertex 0 20.1445 39.8652
      vertex 0 19.7 40
      vertex 0 20.0061 39.9391
    endloop
  endfacet
  facet normal -1 0 0
    outer loop
      vertex 0 20.0061 39.9391
      vertex 0 19.7 40
      vertex 0 19.8561 39.9846
    endloop
  endfacet
  facet normal -1 0 0
    outer loop
      vertex 0 18.9805 40
      vertex 0 1.5195 40
      vertex 0 18.9805 57.9901
    endloop
  endfacet
  facet normal -1 0 0
    outer loop
      vertex 0 20.5 11
      vertex 0 18.9805 40
      vertex 0 20.5 39.2
    endloop
  endfacet
  facet normal -1 -0 0
    outer loop
      vertex 0 18.9805 40
      vertex 0 0.0368805 38.8192
      vertex 0 1.5195 40
    endloop
  endfacet
  facet normal -1 -0 0
    outer loop
      vertex 0 1.5195 40
      vertex 0 0.0368805 38.8192
      vertex 0 1.5 40
    endloop
  endfacet
  facet normal -1 0 0
    outer loop
      vertex 0 1.5 40
      vertex 0 0.0368805 38.8192
      vertex 0 1.20737 39.9712
    endloop
  endfacet
  facet normal -1 0 0
    outer loop
      vertex 0 1.20737 39.9712
      vertex 0 0.0368805 38.8192
      vertex 0 0.92598 39.8858
    endloop
  endfacet
  facet normal -1 0 0
    outer loop
      vertex 0 0.92598 39.8858
      vertex 0 0.0368805 38.8192
      vertex 0 0.666656 39.7472
    endloop
  endfacet
  facet normal -1 0 0
    outer loop
      vertex 0 0.666656 39.7472
      vertex 0 0.0368805 38.8192
      vertex 0 0.439346 39.5607
    endloop
  endfacet
  facet normal -1 0 0
    outer loop
      vertex 0 0.439346 39.5607
      vertex 0 0.0368805 38.8192
      vertex 0 0.252808 39.3333
    endloop
  endfacet
  facet normal -1 0 0
    outer loop
      vertex 0 0.0368805 3
      vertex 0 20.5 4
      vertex 0 40.7631 3
    endloop
  endfacet
  facet normal -1 -0 0
    outer loop
      vertex 0 20.5 11
      vertex 0 0.0368805 3
      vertex 0 0.0368805 38.8192
    endloop
  endfacet
  facet normal -1 0 0
    outer loop
      vertex 0 0.252808 39.3333
      vertex 0 0.0368805 38.8192
      vertex 0 0.114182 39.074
    endloop
  endfacet
  facet normal -1 0 0
    outer loop
      vertex 0 23.3242 6.82425
      vertex 0 23.5 7.24852
      vertex 0 23.4971 7.18971
    endloop
  endfacet
  facet normal -1 0 0
    outer loop
      vertex 0 23.3242 6.82425
      vertex 0 23.4971 7.18971
      vertex 0 23.4885 7.13147
    endloop
  endfacet
  facet normal -1 0 0
    outer loop
      vertex 0 23.5 7.24852
      vertex 0 21.5 10
      vertex 0 23.5 9.39999
    endloop
  endfacet
  facet normal -1 0 0
    outer loop
      vertex 0 23.3242 6.82425
      vertex 0 23.4885 7.13147
      vertex 0 23.4742 7.07436
    endloop
  endfacet
  facet normal -1 0 0
    outer loop
      vertex 0 23.3242 6.82425
      vertex 0 23.4742 7.07436
      vertex 0 23.4543 7.01891
    endloop
  endfacet
  facet normal -1 -0 -0
    outer loop
      vertex 0 22.9 10
      vertex 0 23.5 9.39999
      vertex 0 21.5 10
    endloop
  endfacet
  facet normal -1 0 0
    outer loop
      vertex 0 23.3242 6.82425
      vertex 0 23.4543 7.01891
      vertex 0 23.4291 6.96568
    endloop
  endfacet
  facet normal -1 0 0
    outer loop
      vertex 0 23.3242 6.82425
      vertex 0 23.4291 6.96568
      vertex 0 23.3989 6.91518
    endloop
  endfacet
  facet normal -1 0 0
    outer loop
      vertex 0 23.5 9.39999
      vertex 0 22.9 10
      vertex 0 23.4885 9.51704
    endloop
  endfacet
  facet normal -1 0 0
    outer loop
      vertex 0 23.3242 6.82425
      vertex 0 23.3989 6.91518
      vertex 0 23.3638 6.86789
    endloop
  endfacet
  facet normal -1 -0 0
    outer loop
      vertex 0 23.5 7.24852
      vertex 0 23.3242 6.82425
      vertex 0 21.5 10
    endloop
  endfacet
  facet normal -1 0 0
    outer loop
      vertex 0 23.4543 9.62961
      vertex 0 22.9 10
      vertex 0 23.3989 9.73334
    endloop
  endfacet
  facet normal -1 0 0
    outer loop
      vertex 0 23.3989 9.73334
      vertex 0 22.9 10
      vertex 0 23.3242 9.82425
    endloop
  endfacet
  facet normal -1 0 0
    outer loop
      vertex 0 23.3242 9.82425
      vertex 0 22.9 10
      vertex 0 23.2333 9.89888
    endloop
  endfacet
  facet normal -1 0 0
    outer loop
      vertex 0 23.2333 9.89888
      vertex 0 22.9 10
      vertex 0 23.1296 9.95432
    endloop
  endfacet
  facet normal -1 0 0
    outer loop
      vertex 0 23.1296 9.95432
      vertex 0 22.9 10
      vertex 0 23.017 9.98846
    endloop
  endfacet
  facet normal -1 0 0
    outer loop
      vertex 0 23.4885 9.51704
      vertex 0 22.9 10
      vertex 0 23.4543 9.62961
    endloop
  endfacet
  facet normal -1 0 0
    outer loop
      vertex 0 20.5 4
      vertex 0 21.5 10
      vertex 0 23.3242 6.82425
    endloop
  endfacet
  facet normal -1 -0 0
    outer loop
      vertex 0 21.5 10
      vertex 0 20.5 4
      vertex 0 20.5 11
    endloop
  endfacet
  facet normal -1 -0 0
    outer loop
      vertex 0 18.9805 57.9901
      vertex 0 1.5195 40
      vertex 0 1.5195 57.9901
    endloop
  endfacet
  facet normal 1 -0 0
    outer loop
      vertex 2.09999 1.5 51.9901
      vertex 2.09999 19 40
      vertex 2.09999 19 51.9901
    endloop
  endfacet
  facet normal 1 0 0
    outer loop
      vertex 2.09999 19 40
      vertex 2.09999 1.5 51.9901
      vertex 2.09999 1.5 40
    endloop
  endfacet
  facet normal 0.977057 -0 0.212977
    outer loop
      vertex 1.09967 1.5 57.9992
      vertex 1.10161 19 57.9903
      vertex 1.09967 19 57.9992
    endloop
  endfacet
  facet normal 0.977057 0 0.212977
    outer loop
      vertex 1.10161 19 57.9903
      vertex 1.09967 1.5 57.9992
      vertex 1.10161 1.5 57.9903
    endloop
  endfacet
  facet normal 0.99879 -0 0.0491712
    outer loop
      vertex 2.09935 1.5 52.0031
      vertex 2.09999 19 51.9901
      vertex 2.09935 19 52.0031
    endloop
  endfacet
  facet normal 0.99879 0 0.0491712
    outer loop
      vertex 2.09999 19 51.9901
      vertex 2.09935 1.5 52.0031
      vertex 2.09999 1.5 51.9901
    endloop
  endfacet
  facet normal 0.0623783 0 0.998053
    outer loop
      vertex 1.08687 19 58
      vertex 1.09967 1.5 57.9992
      vertex 1.09967 19 57.9992
    endloop
  endfacet
  facet normal 0.0623783 0 0.998053
    outer loop
      vertex 1.09967 1.5 57.9992
      vertex 1.08687 19 58
      vertex 1.08687 1.5 58
    endloop
  endfacet
  facet normal 0 1 0
    outer loop
      vertex 1.10161 19 57.9903
      vertex 1.08687 19 58
      vertex 1.09967 19 57.9992
    endloop
  endfacet
  facet normal 0 1 0
    outer loop
      vertex 1.08687 19 58
      vertex 1.10161 19 57.9903
      vertex 0.0195007 19 58
    endloop
  endfacet
  facet normal 0 1 0
    outer loop
      vertex 2.09888 19 52.0067
      vertex 0.0195007 19 58
      vertex 1.10161 19 57.9903
    endloop
  endfacet
  facet normal 0 1 0
    outer loop
      vertex 2.09999 19 51.9901
      vertex 2.09888 19 52.0067
      vertex 2.09935 19 52.0031
    endloop
  endfacet
  facet normal 0 1 0
    outer loop
      vertex 2.09888 19 52.0067
      vertex 2.09999 19 51.9901
      vertex 0.0195007 19 58
    endloop
  endfacet
  facet normal 0 1 0
    outer loop
      vertex 0.0195007 19 40
      vertex 2.09999 19 51.9901
      vertex 2.09999 19 40
    endloop
  endfacet
  facet normal 0 1 0
    outer loop
      vertex 2.09999 19 51.9901
      vertex 0.0195007 19 40
      vertex 0.0195007 19 58
    endloop
  endfacet
  facet normal 0 1 0
    outer loop
      vertex 78.8984 19 57.9903
      vertex 78.9131 19 58
      vertex 79.9805 19 58
    endloop
  endfacet
  facet normal 0 1 0
    outer loop
      vertex 78.9131 19 58
      vertex 78.8984 19 57.9903
      vertex 78.9003 19 57.9992
    endloop
  endfacet
  facet normal 0 1 0
    outer loop
      vertex 79.9805 19 58
      vertex 77.9011 19 52.0067
      vertex 78.8984 19 57.9903
    endloop
  endfacet
  facet normal 0 1 0
    outer loop
      vertex 77.9 19 51.9901
      vertex 77.9011 19 52.0067
      vertex 79.9805 19 58
    endloop
  endfacet
  facet normal 0 1 0
    outer loop
      vertex 77.9011 19 52.0067
      vertex 77.9 19 51.9901
      vertex 77.9007 19 52.0031
    endloop
  endfacet
  facet normal 0 1 -0
    outer loop
      vertex 79.9805 19 40
      vertex 77.9 19 51.9901
      vertex 79.9805 19 58
    endloop
  endfacet
  facet normal 0 1 0
    outer loop
      vertex 77.9 19 51.9901
      vertex 79.9805 19 40
      vertex 77.9 19 40
    endloop
  endfacet
  facet normal 0.0440064 -0.0088491 0.998992
    outer loop
      vertex 79.9901 18.9995 58
      vertex 79.9995 18.9898 57.9995
      vertex 79.9991 18.9991 57.9996
    endloop
  endfacet
  facet normal 0.0531164 0 0.998588
    outer loop
      vertex 79.9995 18.9898 57.9995
      vertex 79.9901 18.9995 58
      vertex 79.9995 1.51021 57.9995
    endloop
  endfacet
  facet normal 0.0531164 -0 0.998588
    outer loop
      vertex 79.9901 1.50047 58
      vertex 79.9995 1.51021 57.9995
      vertex 79.9901 18.9995 58
    endloop
  endfacet
  facet normal 0.0439567 0.00886079 0.998994
    outer loop
      vertex 79.9995 1.51021 57.9995
      vertex 79.9901 1.50047 58
      vertex 79.9991 1.50092 57.9996
    endloop
  endfacet
  facet normal 1 0 0
    outer loop
      vertex 80 18.9805 57.9901
      vertex 80 1.5195 57.9901
      vertex 80 18.9805 40
    endloop
  endfacet
  facet normal 1 0 0
    outer loop
      vertex 80 18.9805 40
      vertex 80 20.5 11
      vertex 80 20.5 39.2
    endloop
  endfacet
  facet normal 1 0 0
    outer loop
      vertex 80 19.7 40
      vertex 80 20.5 39.2
      vertex 80 20.4846 39.3561
    endloop
  endfacet
  facet normal 1 0 0
    outer loop
      vertex 80 21.5 10
      vertex 80 23.5 7.24852
      vertex 80 23.5 9.39999
    endloop
  endfacet
  facet normal 1 0 0
    outer loop
      vertex 80 22.9 10
      vertex 80 23.5 9.39999
      vertex 80 23.4885 9.51704
    endloop
  endfacet
  facet normal 1 0 -0
    outer loop
      vertex 80 23.3242 6.82425
      vertex 80 23.5 7.24852
      vertex 80 21.5 10
    endloop
  endfacet
  facet normal 1 0 0
    outer loop
      vertex 80 23.5 7.24852
      vertex 80 23.3242 6.82425
      vertex 80 23.4971 7.18971
    endloop
  endfacet
  facet normal 1 0 0
    outer loop
      vertex 80 22.9 10
      vertex 80 23.4885 9.51704
      vertex 80 23.4543 9.62961
    endloop
  endfacet
  facet normal 1 0 0
    outer loop
      vertex 80 23.4971 7.18971
      vertex 80 23.3242 6.82425
      vertex 80 23.4885 7.13147
    endloop
  endfacet
  facet normal 1 0 0
    outer loop
      vertex 80 23.4885 7.13147
      vertex 80 23.3242 6.82425
      vertex 80 23.4742 7.07436
    endloop
  endfacet
  facet normal 1 0 0
    outer loop
      vertex 80 22.9 10
      vertex 80 23.4543 9.62961
      vertex 80 23.3989 9.73334
    endloop
  endfacet
  facet normal 1 0 0
    outer loop
      vertex 80 23.5 9.39999
      vertex 80 22.9 10
      vertex 80 21.5 10
    endloop
  endfacet
  facet normal 1 0 0
    outer loop
      vertex 80 23.4742 7.07436
      vertex 80 23.3242 6.82425
      vertex 80 23.4543 7.01891
    endloop
  endfacet
  facet normal 1 0 0
    outer loop
      vertex 80 22.9 10
      vertex 80 23.3989 9.73334
      vertex 80 23.3242 9.82425
    endloop
  endfacet
  facet normal 1 0 0
    outer loop
      vertex 80 23.4543 7.01891
      vertex 80 23.3242 6.82425
      vertex 80 23.4291 6.96568
    endloop
  endfacet
  facet normal 1 0 0
    outer loop
      vertex 80 22.9 10
      vertex 80 23.3242 9.82425
      vertex 80 23.2333 9.89888
    endloop
  endfacet
  facet normal 1 0 0
    outer loop
      vertex 80 22.9 10
      vertex 80 23.2333 9.89888
      vertex 80 23.1296 9.95432
    endloop
  endfacet
  facet normal 1 0 0
    outer loop
      vertex 80 22.9 10
      vertex 80 23.1296 9.95432
      vertex 80 23.017 9.98846
    endloop
  endfacet
  facet normal 1 0 0
    outer loop
      vertex 80 23.4291 6.96568
      vertex 80 23.3242 6.82425
      vertex 80 23.3989 6.91518
    endloop
  endfacet
  facet normal 1 0 0
    outer loop
      vertex 80 23.3989 6.91518
      vertex 80 23.3242 6.82425
      vertex 80 23.3638 6.86789
    endloop
  endfacet
  facet normal 1 0 0
    outer loop
      vertex 80 20.5 4
      vertex 80 21.5 10
      vertex 80 20.5 11
    endloop
  endfacet
  facet normal 1 0 0
    outer loop
      vertex 80 21.5 10
      vertex 80 20.5 4
      vertex 80 23.3242 6.82425
    endloop
  endfacet
  facet normal 1 0 0
    outer loop
      vertex 80 40.6989 3.73334
      vertex 80 40.7631 3.60059
      vertex 80 40.7543 3.62961
    endloop
  endfacet
  facet normal 1 0 0
    outer loop
      vertex 80 40.6243 3.82425
      vertex 80 40.7631 3.60059
      vertex 80 40.6989 3.73334
    endloop
  endfacet
  facet normal 1 0 0
    outer loop
      vertex 80 40.7631 3.60059
      vertex 80 40.6243 3.82425
      vertex 80 40.2 4
    endloop
  endfacet
  facet normal 1 0 0
    outer loop
      vertex 80 40.2 4
      vertex 80 40.6243 3.82425
      vertex 80 40.5333 3.89888
    endloop
  endfacet
  facet normal 1 0 0
    outer loop
      vertex 80 40.2 4
      vertex 80 40.5333 3.89888
      vertex 80 40.4296 3.95432
    endloop
  endfacet
  facet normal 1 0 0
    outer loop
      vertex 80 40.2 4
      vertex 80 40.4296 3.95432
      vertex 80 40.317 3.98846
    endloop
  endfacet
  facet normal 1 0 0
    outer loop
      vertex 80 40.7631 3.60059
      vertex 80 40.2 4
      vertex 80 40.7631 3
    endloop
  endfacet
  facet normal 1 -0 0
    outer loop
      vertex 80 20.5 4
      vertex 80 40.7631 3
      vertex 80 40.2 4
    endloop
  endfacet
  facet normal 1 0 0
    outer loop
      vertex 80 19.7 40
      vertex 80 20.4846 39.3561
      vertex 80 20.4391 39.5061
    endloop
  endfacet
  facet normal 1 0 0
    outer loop
      vertex 80 19.7 40
      vertex 80 20.4391 39.5061
      vertex 80 20.3652 39.6445
    endloop
  endfacet
  facet normal 1 0 0
    outer loop
      vertex 80 19.7 40
      vertex 80 20.3652 39.6445
      vertex 80 20.2657 39.7657
    endloop
  endfacet
  facet normal 1 0 0
    outer loop
      vertex 80 19.7 40
      vertex 80 20.2657 39.7657
      vertex 80 20.1445 39.8652
    endloop
  endfacet
  facet normal 1 0 0
    outer loop
      vertex 80 19.7 40
      vertex 80 20.1445 39.8652
      vertex 80 20.0061 39.9391
    endloop
  endfacet
  facet normal 1 0 0
    outer loop
      vertex 80 19.7 40
      vertex 80 20.0061 39.9391
      vertex 80 19.8561 39.9846
    endloop
  endfacet
  facet normal 1 0 0
    outer loop
      vertex 80 20.5 39.2
      vertex 80 19.7 40
      vertex 80 18.9805 40
    endloop
  endfacet
  facet normal 1 0 0
    outer loop
      vertex 80 20.5 11
      vertex 80 18.9805 40
      vertex 80 0.0368805 38.8192
    endloop
  endfacet
  facet normal 1 0 0
    outer loop
      vertex 80 1.5195 40
      vertex 80 18.9805 40
      vertex 80 1.5195 57.9901
    endloop
  endfacet
  facet normal 1 0 0
    outer loop
      vertex 80 0.0368805 38.8192
      vertex 80 18.9805 40
      vertex 80 1.5195 40
    endloop
  endfacet
  facet normal 1 0 0
    outer loop
      vertex 80 0.0368805 38.8192
      vertex 80 1.5195 40
      vertex 80 1.5 40
    endloop
  endfacet
  facet normal 1 0 0
    outer loop
      vertex 80 0.0368805 38.8192
      vertex 80 1.5 40
      vertex 80 1.20737 39.9712
    endloop
  endfacet
  facet normal 1 0 0
    outer loop
      vertex 80 0.0368805 38.8192
      vertex 80 1.20737 39.9712
      vertex 80 0.92598 39.8858
    endloop
  endfacet
  facet normal 1 0 0
    outer loop
      vertex 80 0.0368805 38.8192
      vertex 80 0.92598 39.8858
      vertex 80 0.666656 39.7472
    endloop
  endfacet
  facet normal 1 0 0
    outer loop
      vertex 80 0.0368805 38.8192
      vertex 80 0.666656 39.7472
      vertex 80 0.439346 39.5607
    endloop
  endfacet
  facet normal 1 0 0
    outer loop
      vertex 80 0.0368805 38.8192
      vertex 80 0.439346 39.5607
      vertex 80 0.252808 39.3333
    endloop
  endfacet
  facet normal 1 0 0
    outer loop
      vertex 80 0.0368805 38.8192
      vertex 80 0.252808 39.3333
      vertex 80 0.114182 39.074
    endloop
  endfacet
  facet normal 1 0 0
    outer loop
      vertex 80 0.0368805 3
      vertex 80 20.5 11
      vertex 80 0.0368805 38.8192
    endloop
  endfacet
  facet normal 1 0 0
    outer loop
      vertex 80 20.5 4
      vertex 80 0.0368805 3
      vertex 80 40.7631 3
    endloop
  endfacet
  facet normal 1 0 0
    outer loop
      vertex 80 20.5 11
      vertex 80 0.0368805 3
      vertex 80 20.5 4
    endloop
  endfacet
  facet normal 0.998588 0 0.0531164
    outer loop
      vertex 79.9995 18.9898 57.9995
      vertex 80 1.5195 57.9901
      vertex 80 18.9805 57.9901
    endloop
  endfacet
  facet normal 0.998588 0 0.0531164
    outer loop
      vertex 80 1.5195 57.9901
      vertex 79.9995 18.9898 57.9995
      vertex 79.9995 1.51021 57.9995
    endloop
  endfacet
  facet normal -0.0623783 0 0.998053
    outer loop
      vertex 78.9003 19 57.9992
      vertex 78.9131 1.5 58
      vertex 78.9131 19 58
    endloop
  endfacet
  facet normal -0.0623783 0 0.998053
    outer loop
      vertex 78.9131 1.5 58
      vertex 78.9003 19 57.9992
      vertex 78.9003 1.5 57.9992
    endloop
  endfacet
  facet normal -0.977963 0 0.208779
    outer loop
      vertex 78.8984 1.5 57.9903
      vertex 78.9003 19 57.9992
      vertex 78.8984 19 57.9903
    endloop
  endfacet
  facet normal -0.977963 0 0.208779
    outer loop
      vertex 78.9003 19 57.9992
      vertex 78.8984 1.5 57.9903
      vertex 78.9003 1.5 57.9992
    endloop
  endfacet
  facet normal -0.986393 0 0.164404
    outer loop
      vertex 77.9011 1.5 52.0067
      vertex 78.8984 19 57.9903
      vertex 77.9011 19 52.0067
    endloop
  endfacet
  facet normal -0.986393 0 0.164404
    outer loop
      vertex 78.8984 19 57.9903
      vertex 77.9011 1.5 52.0067
      vertex 78.8984 1.5 57.9903
    endloop
  endfacet
  facet normal -0.993884 0 0.110432
    outer loop
      vertex 77.9007 1.5 52.0031
      vertex 77.9011 19 52.0067
      vertex 77.9007 19 52.0031
    endloop
  endfacet
  facet normal -0.993884 0 0.110432
    outer loop
      vertex 77.9011 19 52.0067
      vertex 77.9007 1.5 52.0031
      vertex 77.9011 1.5 52.0067
    endloop
  endfacet
  facet normal -0.998553 0 0.0537683
    outer loop
      vertex 77.9 1.5 51.9901
      vertex 77.9007 19 52.0031
      vertex 77.9 19 51.9901
    endloop
  endfacet
  facet normal -0.998553 0 0.0537683
    outer loop
      vertex 77.9007 19 52.0031
      vertex 77.9 1.5 51.9901
      vertex 77.9007 1.5 52.0031
    endloop
  endfacet
  facet normal -1 0 0
    outer loop
      vertex 77.9 1.5 40
      vertex 77.9 19 51.9901
      vertex 77.9 19 40
    endloop
  endfacet
  facet normal -1 -0 0
    outer loop
      vertex 77.9 19 51.9901
      vertex 77.9 1.5 40
      vertex 77.9 1.5 51.9901
    endloop
  endfacet
  facet normal 0.0512632 0.984253 0.169168
    outer loop
      vertex 79.9991 18.9991 57.9996
      vertex 79.9805 19 58
      vertex 79.9901 18.9995 58
    endloop
  endfacet
  facet normal 0.0483306 0.998831 0
    outer loop
      vertex 79.9805 19 40
      vertex 79.9991 18.9991 57.9996
      vertex 79.9991 18.9991 40
    endloop
  endfacet
  facet normal 0.0483306 0.998831 0
    outer loop
      vertex 79.9991 18.9991 57.9996
      vertex 79.9805 19 40
      vertex 79.9805 19 58
    endloop
  endfacet
  facet normal 0.0488864 -0.99853 -0.023403
    outer loop
      vertex 79.9805 1.5 58
      vertex 79.9991 1.50092 57.9996
      vertex 79.9901 1.50047 58
    endloop
  endfacet
  facet normal 0.049402 -0.998779 0
    outer loop
      vertex 79.9805 1.5 40
      vertex 79.9991 1.50092 57.9996
      vertex 79.9805 1.5 58
    endloop
  endfacet
  facet normal 0.049402 -0.998779 0
    outer loop
      vertex 79.9991 1.50092 57.9996
      vertex 79.9805 1.5 40
      vertex 79.9991 1.50092 40
    endloop
  endfacet
  facet normal -0.998788 -0.0492152 0
    outer loop
      vertex 0.000915527 1.50092 40
      vertex 0 1.5195 57.9901
      vertex 0 1.5195 40
    endloop
  endfacet
  facet normal -0.998788 -0.0492152 -0
    outer loop
      vertex 0.000915527 1.50092 57.9996
      vertex 0 1.5195 57.9901
      vertex 0.000915527 1.50092 40
    endloop
  endfacet
  facet normal -0.998788 -0.0492151 1.07397e-07
    outer loop
      vertex 0 1.5195 57.9901
      vertex 0.000915527 1.50092 57.9996
      vertex 0.000457764 1.51021 57.9995
    endloop
  endfacet
  facet normal -0.0514301 0.982517 0.178929
    outer loop
      vertex 0.0195007 19 58
      vertex 0.000915527 18.9991 57.9996
      vertex 0.00994873 18.9995 58
    endloop
  endfacet
  facet normal -0.048369 0.99883 0
    outer loop
      vertex 0.0195007 19 40
      vertex 0.000915527 18.9991 57.9996
      vertex 0.0195007 19 58
    endloop
  endfacet
  facet normal -0.048369 0.99883 0
    outer loop
      vertex 0.000915527 18.9991 57.9996
      vertex 0.0195007 19 40
      vertex 0.000915527 18.9991 40
    endloop
  endfacet
  facet normal -0.0491404 -0.998697 -0.0137962
    outer loop
      vertex 0.000915527 1.50092 57.9996
      vertex 0.0195007 1.5 58
      vertex 0.00994873 1.50047 58
    endloop
  endfacet
  facet normal -0.0494413 -0.998777 0
    outer loop
      vertex 0.0195007 1.5 40
      vertex 0.000915527 1.50092 57.9996
      vertex 0.000915527 1.50092 40
    endloop
  endfacet
  facet normal -0.0494413 -0.998777 0
    outer loop
      vertex 0.000915527 1.50092 57.9996
      vertex 0.0195007 1.5 40
      vertex 0.0195007 1.5 58
    endloop
  endfacet
  facet normal -0.998791 0.0491624 0
    outer loop
      vertex 0 18.9805 57.9901
      vertex 0.000915527 18.9991 57.9996
      vertex 0.000915527 18.9991 40
    endloop
  endfacet
  facet normal -0.998791 0.0491624 0
    outer loop
      vertex 0 18.9805 57.9901
      vertex 0.000915527 18.9991 40
      vertex 0 18.9805 40
    endloop
  endfacet
  facet normal -0.998791 0.0491623 1.07397e-07
    outer loop
      vertex 0.000915527 18.9991 57.9996
      vertex 0 18.9805 57.9901
      vertex 0.000457764 18.9898 57.9995
    endloop
  endfacet
  facet normal 0.999022 -0.0428993 0.0107422
    outer loop
      vertex 79.9991 1.50092 57.9996
      vertex 80 1.5195 57.9901
      vertex 79.9995 1.51021 57.9995
    endloop
  endfacet
  facet normal 0.998829 -0.0483825 0
    outer loop
      vertex 79.9991 1.50092 40
      vertex 80 1.5195 57.9901
      vertex 79.9991 1.50092 57.9996
    endloop
  endfacet
  facet normal 0.998829 -0.0483825 0
    outer loop
      vertex 80 1.5195 57.9901
      vertex 79.9991 1.50092 40
      vertex 80 1.5195 40
    endloop
  endfacet
  facet normal 0.999024 0.0428533 0.0107422
    outer loop
      vertex 80 18.9805 57.9901
      vertex 79.9991 18.9991 57.9996
      vertex 79.9995 18.9898 57.9995
    endloop
  endfacet
  facet normal 0.998831 0.0483306 0
    outer loop
      vertex 79.9991 18.9991 57.9996
      vertex 80 18.9805 57.9901
      vertex 79.9991 18.9991 40
    endloop
  endfacet
  facet normal 0.998831 0.0483306 0
    outer loop
      vertex 79.9991 18.9991 40
      vertex 80 18.9805 57.9901
      vertex 80 18.9805 40
    endloop
  endfacet
  facet normal 0.0512654 0.955711 0.289809
    outer loop
      vertex 79.9988 40.7885 3.51704
      vertex 80 40.7543 3.62961
      vertex 80 40.7631 3.60059
    endloop
  endfacet
  facet normal 0 0.956817 0.290691
    outer loop
      vertex 80 40.7543 3.62961
      vertex 79.9988 40.7885 3.51704
      vertex 0 40.7543 3.62961
    endloop
  endfacet
  facet normal -0 0.956817 0.290691
    outer loop
      vertex 0.00124358 40.7885 3.51704
      vertex 0 40.7543 3.62961
      vertex 79.9988 40.7885 3.51704
    endloop
  endfacet
  facet normal -0.0494734 0.955797 0.289835
    outer loop
      vertex 0 40.7543 3.62961
      vertex 0.00124358 40.7885 3.51704
      vertex 0 40.7631 3.60059
    endloop
  endfacet
  facet normal 0 0.88208 0.4711
    outer loop
      vertex 80 40.7543 3.62961
      vertex 0 40.6989 3.73334
      vertex 80 40.6989 3.73334
    endloop
  endfacet
  facet normal 0 0.88208 0.4711
    outer loop
      vertex 0 40.6989 3.73334
      vertex 80 40.7543 3.62961
      vertex 0 40.7543 3.62961
    endloop
  endfacet
  facet normal 0 0.773043 0.634353
    outer loop
      vertex 80 40.6989 3.73334
      vertex 0 40.6243 3.82425
      vertex 80 40.6243 3.82425
    endloop
  endfacet
  facet normal 0 0.773043 0.634353
    outer loop
      vertex 0 40.6243 3.82425
      vertex 80 40.6989 3.73334
      vertex 0 40.6989 3.73334
    endloop
  endfacet
  facet normal -0 0.63413 0.773226
    outer loop
      vertex 0 40.6243 3.82425
      vertex 80 40.5333 3.89888
      vertex 80 40.6243 3.82425
    endloop
  endfacet
  facet normal 0 0.63413 0.773226
    outer loop
      vertex 80 40.5333 3.89888
      vertex 0 40.6243 3.82425
      vertex 0 40.5333 3.89888
    endloop
  endfacet
  facet normal -0 0.471471 0.881882
    outer loop
      vertex 0 40.5333 3.89888
      vertex 80 40.4296 3.95432
      vertex 80 40.5333 3.89888
    endloop
  endfacet
  facet normal 0 0.471471 0.881882
    outer loop
      vertex 80 40.4296 3.95432
      vertex 0 40.5333 3.89888
      vertex 0 40.4296 3.95432
    endloop
  endfacet
  facet normal -0 0.290154 0.95698
    outer loop
      vertex 0 40.4296 3.95432
      vertex 80 40.317 3.98846
      vertex 80 40.4296 3.95432
    endloop
  endfacet
  facet normal 0 0.290154 0.95698
    outer loop
      vertex 80 40.317 3.98846
      vertex 0 40.4296 3.95432
      vertex 0 40.317 3.98846
    endloop
  endfacet
  facet normal -0 0.0981562 0.995171
    outer loop
      vertex 0 40.317 3.98846
      vertex 80 40.2 4
      vertex 80 40.317 3.98846
    endloop
  endfacet
  facet normal 0 0.0981562 0.995171
    outer loop
      vertex 80 40.2 4
      vertex 0 40.317 3.98846
      vertex 0 40.2 4
    endloop
  endfacet
  facet normal -0 0 1
    outer loop
      vertex 0 40.2 4
      vertex 80 20.5 4
      vertex 80 40.2 4
    endloop
  endfacet
  facet normal 0 0 1
    outer loop
      vertex 80 20.5 4
      vertex 0 40.2 4
      vertex 0 20.5 4
    endloop
  endfacet
  facet normal 0 0.707113 -0.707101
    outer loop
      vertex 80 20.5 4
      vertex 0 23.3242 6.82425
      vertex 80 23.3242 6.82425
    endloop
  endfacet
  facet normal 0 0.707113 -0.707101
    outer loop
      vertex 0 23.3242 6.82425
      vertex 80 20.5 4
      vertex 0 20.5 4
    endloop
  endfacet
  facet normal 0 0.740554 -0.671997
    outer loop
      vertex 80 23.3242 6.82425
      vertex 0 23.3638 6.86789
      vertex 80 23.3638 6.86789
    endloop
  endfacet
  facet normal 0 0.740554 -0.671997
    outer loop
      vertex 0 23.3638 6.86789
      vertex 80 23.3242 6.82425
      vertex 0 23.3242 6.82425
    endloop
  endfacet
  facet normal 0 0.802985 -0.595999
    outer loop
      vertex 80 23.3638 6.86789
      vertex 0 23.3989 6.91518
      vertex 80 23.3989 6.91518
    endloop
  endfacet
  facet normal 0 0.802985 -0.595999
    outer loop
      vertex 0 23.3989 6.91518
      vertex 80 23.3638 6.86789
      vertex 0 23.3638 6.86789
    endloop
  endfacet
  facet normal 0 0.858242 -0.513246
    outer loop
      vertex 80 23.3989 6.91518
      vertex 0 23.4291 6.96568
      vertex 80 23.4291 6.96568
    endloop
  endfacet
  facet normal 0 0.858242 -0.513246
    outer loop
      vertex 0 23.4291 6.96568
      vertex 80 23.3989 6.91518
      vertex 0 23.3989 6.91518
    endloop
  endfacet
  facet normal 0 0.903831 -0.427889
    outer loop
      vertex 80 23.4291 6.96568
      vertex 0 23.4543 7.01891
      vertex 80 23.4543 7.01891
    endloop
  endfacet
  facet normal 0 0.903831 -0.427889
    outer loop
      vertex 0 23.4543 7.01891
      vertex 80 23.4291 6.96568
      vertex 0 23.4291 6.96568
    endloop
  endfacet
  facet normal 0 0.941222 -0.337788
    outer loop
      vertex 80 23.4543 7.01891
      vertex 0 23.4742 7.07436
      vertex 80 23.4742 7.07436
    endloop
  endfacet
  facet normal 0 0.941222 -0.337788
    outer loop
      vertex 0 23.4742 7.07436
      vertex 80 23.4543 7.01891
      vertex 0 23.4543 7.01891
    endloop
  endfacet
  facet normal 0 0.970053 -0.242895
    outer loop
      vertex 80 23.4742 7.07436
      vertex 0 23.4885 7.13147
      vertex 80 23.4885 7.13147
    endloop
  endfacet
  facet normal 0 0.970053 -0.242895
    outer loop
      vertex 0 23.4885 7.13147
      vertex 80 23.4742 7.07436
      vertex 0 23.4742 7.07436
    endloop
  endfacet
  facet normal 0 0.989273 -0.146081
    outer loop
      vertex 80 23.4885 7.13147
      vertex 0 23.4971 7.18971
      vertex 80 23.4971 7.18971
    endloop
  endfacet
  facet normal 0 0.989273 -0.146081
    outer loop
      vertex 0 23.4971 7.18971
      vertex 80 23.4885 7.13147
      vertex 0 23.4885 7.13147
    endloop
  endfacet
  facet normal 0 0.998786 -0.0492515
    outer loop
      vertex 80 23.4971 7.18971
      vertex 0 23.5 7.24852
      vertex 80 23.5 7.24852
    endloop
  endfacet
  facet normal 0 0.998786 -0.0492515
    outer loop
      vertex 0 23.5 7.24852
      vertex 80 23.4971 7.18971
      vertex 0 23.4971 7.18971
    endloop
  endfacet
  facet normal 0 1 -0
    outer loop
      vertex 80 23.5 7.24852
      vertex 0 23.5 9.39999
      vertex 80 23.5 9.39999
    endloop
  endfacet
  facet normal 0 1 0
    outer loop
      vertex 0 23.5 9.39999
      vertex 80 23.5 7.24852
      vertex 0 23.5 7.24852
    endloop
  endfacet
  facet normal 0 0.995208 0.0977778
    outer loop
      vertex 80 23.5 9.39999
      vertex 0 23.4885 9.51704
      vertex 80 23.4885 9.51704
    endloop
  endfacet
  facet normal 0 0.995208 0.0977778
    outer loop
      vertex 0 23.4885 9.51704
      vertex 80 23.5 9.39999
      vertex 0 23.5 9.39999
    endloop
  endfacet
  facet normal 0 0.956817 0.290691
    outer loop
      vertex 80 23.4885 9.51704
      vertex 0 23.4543 9.62961
      vertex 80 23.4543 9.62961
    endloop
  endfacet
  facet normal 0 0.956817 0.290691
    outer loop
      vertex 0 23.4543 9.62961
      vertex 80 23.4885 9.51704
      vertex 0 23.4885 9.51704
    endloop
  endfacet
  facet normal 0 0.88208 0.4711
    outer loop
      vertex 80 23.4543 9.62961
      vertex 0 23.3989 9.73334
      vertex 80 23.3989 9.73334
    endloop
  endfacet
  facet normal 0 0.88208 0.4711
    outer loop
      vertex 0 23.3989 9.73334
      vertex 80 23.4543 9.62961
      vertex 0 23.4543 9.62961
    endloop
  endfacet
  facet normal 0 0.772626 0.634861
    outer loop
      vertex 80 23.3989 9.73334
      vertex 0 23.3242 9.82425
      vertex 80 23.3242 9.82425
    endloop
  endfacet
  facet normal 0 0.772626 0.634861
    outer loop
      vertex 0 23.3242 9.82425
      vertex 80 23.3989 9.73334
      vertex 0 23.3989 9.73334
    endloop
  endfacet
  facet normal -0 0.634547 0.772884
    outer loop
      vertex 0 23.3242 9.82425
      vertex 80 23.2333 9.89888
      vertex 80 23.3242 9.82425
    endloop
  endfacet
  facet normal 0 0.634547 0.772884
    outer loop
      vertex 80 23.2333 9.89888
      vertex 0 23.3242 9.82425
      vertex 0 23.2333 9.89888
    endloop
  endfacet
  facet normal -0 0.471471 0.881882
    outer loop
      vertex 0 23.2333 9.89888
      vertex 80 23.1296 9.95432
      vertex 80 23.2333 9.89888
    endloop
  endfacet
  facet normal 0 0.471471 0.881882
    outer loop
      vertex 80 23.1296 9.95432
      vertex 0 23.2333 9.89888
      vertex 0 23.1296 9.95432
    endloop
  endfacet
  facet normal -0 0.290154 0.95698
    outer loop
      vertex 0 23.1296 9.95432
      vertex 80 23.017 9.98846
      vertex 80 23.1296 9.95432
    endloop
  endfacet
  facet normal 0 0.290154 0.95698
    outer loop
      vertex 80 23.017 9.98846
      vertex 0 23.1296 9.95432
      vertex 0 23.017 9.98846
    endloop
  endfacet
  facet normal -0 0.0981562 0.995171
    outer loop
      vertex 0 23.017 9.98846
      vertex 80 22.9 10
      vertex 80 23.017 9.98846
    endloop
  endfacet
  facet normal 0 0.0981562 0.995171
    outer loop
      vertex 80 22.9 10
      vertex 0 23.017 9.98846
      vertex 0 22.9 10
    endloop
  endfacet
  facet normal -0 0 1
    outer loop
      vertex 0 22.9 10
      vertex 80 21.5 10
      vertex 80 22.9 10
    endloop
  endfacet
  facet normal 0 0 1
    outer loop
      vertex 80 21.5 10
      vertex 0 22.9 10
      vertex 0 21.5 10
    endloop
  endfacet
  facet normal 0 0.707107 0.707107
    outer loop
      vertex 80 21.5 10
      vertex 0 20.5 11
      vertex 80 20.5 11
    endloop
  endfacet
  facet normal 0 0.707107 0.707107
    outer loop
      vertex 0 20.5 11
      vertex 80 21.5 10
      vertex 0 21.5 10
    endloop
  endfacet
  facet normal 0 1 -0
    outer loop
      vertex 80 20.5 11
      vertex 0 20.5 39.2
      vertex 80 20.5 39.2
    endloop
  endfacet
  facet normal 0 1 0
    outer loop
      vertex 0 20.5 39.2
      vertex 80 20.5 11
      vertex 0 20.5 11
    endloop
  endfacet
  facet normal 0 0.995169 0.0981781
    outer loop
      vertex 80 20.5 39.2
      vertex 0 20.4846 39.3561
      vertex 80 20.4846 39.3561
    endloop
  endfacet
  facet normal 0 0.995169 0.0981781
    outer loop
      vertex 0 20.4846 39.3561
      vertex 80 20.5 39.2
      vertex 0 20.5 39.2
    endloop
  endfacet
  facet normal 0 0.956944 0.290273
    outer loop
      vertex 80 20.4846 39.3561
      vertex 0 20.4391 39.5061
      vertex 80 20.4391 39.5061
    endloop
  endfacet
  facet normal 0 0.956944 0.290273
    outer loop
      vertex 0 20.4391 39.5061
      vertex 80 20.4846 39.3561
      vertex 0 20.4846 39.3561
    endloop
  endfacet
  facet normal 0 0.882123 0.471018
    outer loop
      vertex 80 20.4391 39.5061
      vertex 0 20.3652 39.6445
      vertex 80 20.3652 39.6445
    endloop
  endfacet
  facet normal 0 0.882123 0.471018
    outer loop
      vertex 0 20.3652 39.6445
      vertex 80 20.4391 39.5061
      vertex 0 20.4391 39.5061
    endloop
  endfacet
  facet normal 0 0.772905 0.634522
    outer loop
      vertex 80 20.3652 39.6445
      vertex 0 20.2657 39.7657
      vertex 80 20.2657 39.7657
    endloop
  endfacet
  facet normal 0 0.772905 0.634522
    outer loop
      vertex 0 20.2657 39.7657
      vertex 80 20.3652 39.6445
      vertex 0 20.3652 39.6445
    endloop
  endfacet
  facet normal -0 0.634522 0.772905
    outer loop
      vertex 0 20.2657 39.7657
      vertex 80 20.1445 39.8652
      vertex 80 20.2657 39.7657
    endloop
  endfacet
  facet normal 0 0.634522 0.772905
    outer loop
      vertex 80 20.1445 39.8652
      vertex 0 20.2657 39.7657
      vertex 0 20.1445 39.8652
    endloop
  endfacet
  facet normal -0 0.471018 0.882123
    outer loop
      vertex 0 20.1445 39.8652
      vertex 80 20.0061 39.9391
      vertex 80 20.1445 39.8652
    endloop
  endfacet
  facet normal 0 0.471018 0.882123
    outer loop
      vertex 80 20.0061 39.9391
      vertex 0 20.1445 39.8652
      vertex 0 20.0061 39.9391
    endloop
  endfacet
  facet normal -0 0.290273 0.956944
    outer loop
      vertex 0 20.0061 39.9391
      vertex 80 19.8561 39.9846
      vertex 80 20.0061 39.9391
    endloop
  endfacet
  facet normal 0 0.290273 0.956944
    outer loop
      vertex 80 19.8561 39.9846
      vertex 0 20.0061 39.9391
      vertex 0 19.8561 39.9846
    endloop
  endfacet
  facet normal -0 0.0981781 0.995169
    outer loop
      vertex 0 19.8561 39.9846
      vertex 80 19.7 40
      vertex 80 19.8561 39.9846
    endloop
  endfacet
  facet normal 0 0.0981781 0.995169
    outer loop
      vertex 80 19.7 40
      vertex 0 19.8561 39.9846
      vertex 0 19.7 40
    endloop
  endfacet
  facet normal 0 0 1
    outer loop
      vertex 80 19.7 40
      vertex 79.9991 18.9991 40
      vertex 80 18.9805 40
    endloop
  endfacet
  facet normal 0 0 1
    outer loop
      vertex 80 19.7 40
      vertex 79.9805 19 40
      vertex 79.9991 18.9991 40
    endloop
  endfacet
  facet normal 0 0 1
    outer loop
      vertex 80 19.7 40
      vertex 77.9 19 40
      vertex 79.9805 19 40
    endloop
  endfacet
  facet normal 0 0 1
    outer loop
      vertex 77.9 19 40
      vertex 2.09999 19 40
      vertex 77.9 1.5 40
    endloop
  endfacet
  facet normal 0 0 1
    outer loop
      vertex 80 19.7 40
      vertex 2.09999 19 40
      vertex 77.9 19 40
    endloop
  endfacet
  facet normal -0 0 1
    outer loop
      vertex 0 19.7 40
      vertex 2.09999 19 40
      vertex 80 19.7 40
    endloop
  endfacet
  facet normal 0 0 1
    outer loop
      vertex 2.09999 19 40
      vertex 0 19.7 40
      vertex 0.0195007 19 40
    endloop
  endfacet
  facet normal 0 0 1
    outer loop
      vertex 0 19.7 40
      vertex 0.000915527 18.9991 40
      vertex 0.0195007 19 40
    endloop
  endfacet
  facet normal 0 0 1
    outer loop
      vertex 0.000915527 18.9991 40
      vertex 0 19.7 40
      vertex 0 18.9805 40
    endloop
  endfacet
  facet normal 0 0 1
    outer loop
      vertex 77.9 1.5 40
      vertex 2.09999 19 40
      vertex 2.09999 1.5 40
    endloop
  endfacet
  facet normal 0 0 1
    outer loop
      vertex 0.000915527 1.50092 40
      vertex 0 1.5 40
      vertex 0.0195007 1.5 40
    endloop
  endfacet
  facet normal 0 0 1
    outer loop
      vertex 0 1.5 40
      vertex 0.000915527 1.50092 40
      vertex 0 1.5195 40
    endloop
  endfacet
  facet normal -0 0 1
    outer loop
      vertex 79.9991 1.50092 40
      vertex 80 1.5 40
      vertex 80 1.5195 40
    endloop
  endfacet
  facet normal 0 0 1
    outer loop
      vertex 80 1.5 40
      vertex 79.9991 1.50092 40
      vertex 79.9805 1.5 40
    endloop
  endfacet
  facet normal 0 -0.0979446 0.995192
    outer loop
      vertex 79.9805 1.5 40
      vertex 80 1.20737 39.9712
      vertex 80 1.5 40
    endloop
  endfacet
  facet normal 0 -0.0979446 0.995192
    outer loop
      vertex 77.9 1.5 40
      vertex 80 1.20737 39.9712
      vertex 79.9805 1.5 40
    endloop
  endfacet
  facet normal 0 -0.0979446 0.995192
    outer loop
      vertex 2.09999 1.5 40
      vertex 80 1.20737 39.9712
      vertex 77.9 1.5 40
    endloop
  endfacet
  facet normal 0 -0.0979446 0.995192
    outer loop
      vertex 0 1.20737 39.9712
      vertex 2.09999 1.5 40
      vertex 0.0195007 1.5 40
    endloop
  endfacet
  facet normal 0 -0.0979446 0.995192
    outer loop
      vertex 0 1.20737 39.9712
      vertex 0.0195007 1.5 40
      vertex 0 1.5 40
    endloop
  endfacet
  facet normal 0 -0.0979446 0.995192
    outer loop
      vertex 2.09999 1.5 40
      vertex 0 1.20737 39.9712
      vertex 80 1.20737 39.9712
    endloop
  endfacet
  facet normal 0 -0.290413 0.956901
    outer loop
      vertex 0 1.20737 39.9712
      vertex 80 0.92598 39.8858
      vertex 80 1.20737 39.9712
    endloop
  endfacet
  facet normal 0 -0.290413 0.956901
    outer loop
      vertex 80 0.92598 39.8858
      vertex 0 1.20737 39.9712
      vertex 0 0.92598 39.8858
    endloop
  endfacet
  facet normal 0 -0.471366 0.881938
    outer loop
      vertex 0 0.92598 39.8858
      vertex 80 0.666656 39.7472
      vertex 80 0.92598 39.8858
    endloop
  endfacet
  facet normal 0 -0.471366 0.881938
    outer loop
      vertex 80 0.666656 39.7472
      vertex 0 0.92598 39.8858
      vertex 0 0.666656 39.7472
    endloop
  endfacet
  facet normal 0 -0.634295 0.773091
    outer loop
      vertex 0 0.666656 39.7472
      vertex 80 0.439346 39.5607
      vertex 80 0.666656 39.7472
    endloop
  endfacet
  facet normal 0 -0.634295 0.773091
    outer loop
      vertex 80 0.439346 39.5607
      vertex 0 0.666656 39.7472
      vertex 0 0.439346 39.5607
    endloop
  endfacet
  facet normal 0 -0.773151 0.634222
    outer loop
      vertex 0 0.252808 39.3333
      vertex 80 0.439346 39.5607
      vertex 0 0.439346 39.5607
    endloop
  endfacet
  facet normal 0 -0.773151 0.634222
    outer loop
      vertex 80 0.439346 39.5607
      vertex 0 0.252808 39.3333
      vertex 80 0.252808 39.3333
    endloop
  endfacet
  facet normal 0 -0.881883 0.471469
    outer loop
      vertex 0 0.114182 39.074
      vertex 80 0.252808 39.3333
      vertex 0 0.252808 39.3333
    endloop
  endfacet
  facet normal 0 -0.881883 0.471469
    outer loop
      vertex 80 0.252808 39.3333
      vertex 0 0.114182 39.074
      vertex 80 0.114182 39.074
    endloop
  endfacet
  facet normal 0.0322677 -0.956433 0.290164
    outer loop
      vertex 0.000395311 0.0288239 38.7926
      vertex 0 0.114182 39.074
      vertex 0 0.0368805 38.8192
    endloop
  endfacet
  facet normal 0 -0.956944 0.290273
    outer loop
      vertex 0 0.114182 39.074
      vertex 0.000395311 0.0288239 38.7926
      vertex 80 0.114182 39.074
    endloop
  endfacet
  facet normal 0 -0.956944 0.290273
    outer loop
      vertex 79.9996 0.0288239 38.7926
      vertex 80 0.114182 39.074
      vertex 0.000395311 0.0288239 38.7926
    endloop
  endfacet
  facet normal -0.0318898 -0.956444 0.290167
    outer loop
      vertex 80 0.114182 39.074
      vertex 79.9996 0.0288239 38.7926
      vertex 80 0.0368805 38.8192
    endloop
  endfacet
  facet normal -1.74582e-06 -0.995182 0.0980498
    outer loop
      vertex 0.0368652 1.52588e-05 38.5002
      vertex 0.000395311 0.0288239 38.7926
      vertex 0.00172424 0.0017395 38.5177
    endloop
  endfacet
  facet normal 0 -0.995181 0.09805
    outer loop
      vertex 0.000395311 0.0288239 38.7926
      vertex 0.0368652 1.52588e-05 38.5002
      vertex 79.9996 0.0288239 38.7926
    endloop
  endfacet
  facet normal 0 -0.995181 0.09805
    outer loop
      vertex 79.9631 1.52588e-05 38.5002
      vertex 79.9996 0.0288239 38.7926
      vertex 0.0368652 1.52588e-05 38.5002
    endloop
  endfacet
  facet normal 1.74279e-06 -0.995182 0.0980498
    outer loop
      vertex 79.9996 0.0288239 38.7926
      vertex 79.9631 1.52588e-05 38.5002
      vertex 79.9983 0.0017395 38.5177
    endloop
  endfacet
  facet normal 0 0 -1
    outer loop
      vertex 3 1.00002 0
      vertex 77 39.8 0
      vertex 77 1.00002 0
    endloop
  endfacet
  facet normal -0 0 -1
    outer loop
      vertex 77 39.8 0
      vertex 3 1.00002 0
      vertex 3 39.8 0
    endloop
  endfacet
  facet normal 0 1 0
    outer loop
      vertex 78 40.8 1
      vertex 79.9631 40.8 3.39999
      vertex 79.9631 40.8 2.96313
    endloop
  endfacet
  facet normal 0 1 0
    outer loop
      vertex 79.9631 40.8 3.39999
      vertex 78 40.8 1
      vertex 0.0368652 40.8 3.39999
    endloop
  endfacet
  facet normal 0 1 -0
    outer loop
      vertex 2 40.8 1
      vertex 0.0368652 40.8 3.39999
      vertex 78 40.8 1
    endloop
  endfacet
  facet normal 0 1 0
    outer loop
      vertex 0.0368652 40.8 3.39999
      vertex 2 40.8 1
      vertex 0.0368652 40.8 2.96313
    endloop
  endfacet
  facet normal -0.000710503 0.995187 0.0979924
    outer loop
      vertex 79.9631 40.8 3.39999
      vertex 79.9988 40.7885 3.51704
      vertex 79.9983 40.7983 3.41751
    endloop
  endfacet
  facet normal 0 0.995208 0.0977778
    outer loop
      vertex 79.9988 40.7885 3.51704
      vertex 79.9631 40.8 3.39999
      vertex 0.00124358 40.7885 3.51704
    endloop
  endfacet
  facet normal -0 0.995208 0.0977778
    outer loop
      vertex 0.0368652 40.8 3.39999
      vertex 0.00124358 40.7885 3.51704
      vertex 79.9631 40.8 3.39999
    endloop
  endfacet
  facet normal 0.00071163 0.995187 0.0979923
    outer loop
      vertex 0.00124358 40.7885 3.51704
      vertex 0.0368652 40.8 3.39999
      vertex 0.00172424 40.7983 3.41751
    endloop
  endfacet
  facet normal 0 -0.707105 -0.707108
    outer loop
      vertex 3 1.00002 0
      vertex 78 1.52588e-05 1
      vertex 2 1.52588e-05 1
    endloop
  endfacet
  facet normal 0 -0.707105 -0.707108
    outer loop
      vertex 78 1.52588e-05 1
      vertex 3 1.00002 0
      vertex 77 1.00002 0
    endloop
  endfacet
  facet normal 0 0.707107 -0.707107
    outer loop
      vertex 77 39.8 0
      vertex 2 40.8 1
      vertex 78 40.8 1
    endloop
  endfacet
  facet normal 0 0.707107 -0.707107
    outer loop
      vertex 2 40.8 1
      vertex 77 39.8 0
      vertex 3 39.8 0
    endloop
  endfacet
  facet normal 0.0482392 0.998836 -0
    outer loop
      vertex 79.9983 40.7983 2.99828
      vertex 79.9631 40.8 3.39999
      vertex 79.9983 40.7983 3.41751
    endloop
  endfacet
  facet normal 0.0482392 0.998836 0
    outer loop
      vertex 79.9631 40.8 3.39999
      vertex 79.9983 40.7983 2.99828
      vertex 79.9631 40.8 2.96313
    endloop
  endfacet
  facet normal 0.0489255 -0.998802 0
    outer loop
      vertex 79.9631 1.52588e-05 38.5002
      vertex 79.9983 0.0017395 2.99828
      vertex 79.9983 0.0017395 38.5177
    endloop
  endfacet
  facet normal 0.0489255 -0.998802 0
    outer loop
      vertex 79.9983 0.0017395 2.99828
      vertex 79.9631 1.52588e-05 38.5002
      vertex 79.9631 1.52588e-05 2.96313
    endloop
  endfacet
  facet normal -0.998798 -0.0490074 0
    outer loop
      vertex 0.00172424 0.0017395 38.5177
      vertex 0 0.0368805 38.8192
      vertex 0 0.0368805 3
    endloop
  endfacet
  facet normal -0.998798 -0.0490074 -0
    outer loop
      vertex 0.00172424 0.0017395 38.5177
      vertex 0 0.0368805 3
      vertex 0.00172424 0.0017395 2.99828
    endloop
  endfacet
  facet normal -0.998798 -0.049008 7.47718e-08
    outer loop
      vertex 0 0.0368805 38.8192
      vertex 0.00172424 0.0017395 38.5177
      vertex 0.000395311 0.0288239 38.7926
    endloop
  endfacet
  facet normal -0.0490075 -0.998798 0
    outer loop
      vertex 0.00172424 0.0017395 2.99828
      vertex 0.0368652 1.52588e-05 38.5002
      vertex 0.00172424 0.0017395 38.5177
    endloop
  endfacet
  facet normal -0.0490075 -0.998798 -0
    outer loop
      vertex 0.0368652 1.52588e-05 38.5002
      vertex 0.00172424 0.0017395 2.99828
      vertex 0.0368652 1.52588e-05 2.96313
    endloop
  endfacet
  facet normal -0.998802 0.0489254 0
    outer loop
      vertex 0 40.7631 3
      vertex 0.00172424 40.7983 3.41751
      vertex 0.00172424 40.7983 2.99828
    endloop
  endfacet
  facet normal -0.998802 0.0489254 0
    outer loop
      vertex 0 40.7631 3.60059
      vertex 0.00172424 40.7983 3.41751
      vertex 0 40.7631 3
    endloop
  endfacet
  facet normal -0.998806 0.0488597 -1.26686e-05
    outer loop
      vertex 0.00172424 40.7983 3.41751
      vertex 0 40.7631 3.60059
      vertex 0.00124358 40.7885 3.51704
    endloop
  endfacet
  facet normal 0 -1 0
    outer loop
      vertex 0.0368652 1.52588e-05 38.5002
      vertex 2.39999 1.52588e-05 37.6
      vertex 79.9631 1.52588e-05 38.5002
    endloop
  endfacet
  facet normal 0 -1 0
    outer loop
      vertex 0.0368652 1.52588e-05 2.96313
      vertex 2.39999 1.52588e-05 37.6
      vertex 0.0368652 1.52588e-05 38.5002
    endloop
  endfacet
  facet normal 0 -1 0
    outer loop
      vertex 0.0368652 1.52588e-05 2.96313
      vertex 2.39999 1.52588e-05 2.4
      vertex 2.39999 1.52588e-05 37.6
    endloop
  endfacet
  facet normal 0 -1 -0
    outer loop
      vertex 2.39999 1.52588e-05 2.4
      vertex 2 1.52588e-05 1
      vertex 77.6 1.52588e-05 2.4
    endloop
  endfacet
  facet normal 0 -1 0
    outer loop
      vertex 2 1.52588e-05 1
      vertex 2.39999 1.52588e-05 2.4
      vertex 0.0368652 1.52588e-05 2.96313
    endloop
  endfacet
  facet normal 0 -1 0
    outer loop
      vertex 77.6 1.52588e-05 37.6
      vertex 79.9631 1.52588e-05 38.5002
      vertex 2.39999 1.52588e-05 37.6
    endloop
  endfacet
  facet normal 0 -1 0
    outer loop
      vertex 77.6 1.52588e-05 37.6
      vertex 79.9631 1.52588e-05 2.96313
      vertex 79.9631 1.52588e-05 38.5002
    endloop
  endfacet
  facet normal 0 -1 0
    outer loop
      vertex 77.6 1.52588e-05 2.4
      vertex 79.9631 1.52588e-05 2.96313
      vertex 77.6 1.52588e-05 37.6
    endloop
  endfacet
  facet normal 0 -1 0
    outer loop
      vertex 77.6 1.52588e-05 2.4
      vertex 78 1.52588e-05 1
      vertex 79.9631 1.52588e-05 2.96313
    endloop
  endfacet
  facet normal 0 -1 0
    outer loop
      vertex 78 1.52588e-05 1
      vertex 77.6 1.52588e-05 2.4
      vertex 2 1.52588e-05 1
    endloop
  endfacet
  facet normal -0.0483201 0.998832 0
    outer loop
      vertex 0.0368652 40.8 3.39999
      vertex 0.00172424 40.7983 2.99828
      vertex 0.00172424 40.7983 3.41751
    endloop
  endfacet
  facet normal -0.0483201 0.998832 0
    outer loop
      vertex 0.00172424 40.7983 2.99828
      vertex 0.0368652 40.8 3.39999
      vertex 0.0368652 40.8 2.96313
    endloop
  endfacet
  facet normal 0.99873 -0.0503805 0.000240728
    outer loop
      vertex 79.9983 0.0017395 38.5177
      vertex 80 0.0368805 38.8192
      vertex 79.9996 0.0288239 38.7926
    endloop
  endfacet
  facet normal 0.998832 -0.04832 0
    outer loop
      vertex 80 0.0368805 38.8192
      vertex 79.9983 0.0017395 38.5177
      vertex 80 0.0368805 3
    endloop
  endfacet
  facet normal 0.998832 -0.04832 0
    outer loop
      vertex 80 0.0368805 3
      vertex 79.9983 0.0017395 38.5177
      vertex 79.9983 0.0017395 2.99828
    endloop
  endfacet
  facet normal 0.998969 0.0453883 -0.000549375
    outer loop
      vertex 80 40.7631 3.60059
      vertex 79.9983 40.7983 3.41751
      vertex 79.9988 40.7885 3.51704
    endloop
  endfacet
  facet normal 0.998836 0.0482392 0
    outer loop
      vertex 79.9983 40.7983 3.41751
      vertex 80 40.7631 3.60059
      vertex 80 40.7631 3
    endloop
  endfacet
  facet normal 0.998836 0.0482392 0
    outer loop
      vertex 79.9983 40.7983 3.41751
      vertex 80 40.7631 3
      vertex 79.9983 40.7983 2.99828
    endloop
  endfacet
  facet normal 0.706593 -0.000451654 -0.70762
    outer loop
      vertex 80 40.7631 3
      vertex 79.9631 40.8 2.96313
      vertex 79.9983 40.7983 2.99828
    endloop
  endfacet
  facet normal 0.707112 0.000585685 -0.707101
    outer loop
      vertex 79.9631 40.8 2.96313
      vertex 80 40.7631 3
      vertex 78 40.8 1
    endloop
  endfacet
  facet normal 0.707107 0 -0.707107
    outer loop
      vertex 80 40.7631 3
      vertex 77 39.8 0
      vertex 78 40.8 1
    endloop
  endfacet
  facet normal 0.707107 0 -0.707107
    outer loop
      vertex 80 40.7631 3
      vertex 77 1.00002 0
      vertex 77 39.8 0
    endloop
  endfacet
  facet normal 0.707107 0 -0.707107
    outer loop
      vertex 80 0.0368805 3
      vertex 77 1.00002 0
      vertex 80 40.7631 3
    endloop
  endfacet
  facet normal 0.706593 0.000452429 -0.70762
    outer loop
      vertex 79.9631 1.52588e-05 2.96313
      vertex 80 0.0368805 3
      vertex 79.9983 0.0017395 2.99828
    endloop
  endfacet
  facet normal 0.707112 -0.000586237 -0.707101
    outer loop
      vertex 78 1.52588e-05 1
      vertex 80 0.0368805 3
      vertex 79.9631 1.52588e-05 2.96313
    endloop
  endfacet
  facet normal 0.707107 0 -0.707107
    outer loop
      vertex 80 0.0368805 3
      vertex 78 1.52588e-05 1
      vertex 77 1.00002 0
    endloop
  endfacet
  facet normal -0.707106 -9.37088e-05 -0.707108
    outer loop
      vertex 0 40.7631 3
      vertex 0.0368652 40.8 2.96313
      vertex 2 40.8 1
    endloop
  endfacet
  facet normal -0.7072 9.42956e-05 -0.707014
    outer loop
      vertex 0.0368652 40.8 2.96313
      vertex 0 40.7631 3
      vertex 0.00172424 40.7983 2.99828
    endloop
  endfacet
  facet normal -0.707107 0 -0.707107
    outer loop
      vertex 3 39.8 0
      vertex 0 40.7631 3
      vertex 2 40.8 1
    endloop
  endfacet
  facet normal -0.707107 0 -0.707107
    outer loop
      vertex 3 1.00002 0
      vertex 0 40.7631 3
      vertex 3 39.8 0
    endloop
  endfacet
  facet normal -0.707107 0 -0.707107
    outer loop
      vertex 3 1.00002 0
      vertex 0 0.0368805 3
      vertex 0 40.7631 3
    endloop
  endfacet
  facet normal -0.707107 0 -0.707107
    outer loop
      vertex 2 1.52588e-05 1
      vertex 0 0.0368805 3
      vertex 3 1.00002 0
    endloop
  endfacet
  facet normal -0.707106 9.37971e-05 -0.707108
    outer loop
      vertex 0 0.0368805 3
      vertex 2 1.52588e-05 1
      vertex 0.0368652 1.52588e-05 2.96313
    endloop
  endfacet
  facet normal -0.7072 -9.44575e-05 -0.707014
    outer loop
      vertex 0 0.0368805 3
      vertex 0.0368652 1.52588e-05 2.96313
      vertex 0.00172424 0.0017395 2.99828
    endloop
  endfacet
  facet normal -0.0330759 -0.999453 0.000253664
    outer loop
      vertex 72.6 18.5 14.1294
      vertex 72.927 18.4893 14.6091
      vertex 72.7964 18.4936 14.5221
    endloop
  endfacet
  facet normal -0.0327042 -0.999465 0
    outer loop
      vertex 72.927 18.4893 7.07298
      vertex 72.6 18.5 14.1294
      vertex 72.6 18.5 7.39999
    endloop
  endfacet
  facet normal -0.0327042 -0.999465 0
    outer loop
      vertex 72.6 18.5 14.1294
      vertex 72.927 18.4893 7.07298
      vertex 72.927 18.4893 14.6091
    endloop
  endfacet
  facet normal -0.812906 -0.582394 0
    outer loop
      vertex 76.7573 16.2779 3.24265
      vertex 76.5668 16.5438 20.6937
      vertex 76.5668 16.5438 3.43323
    endloop
  endfacet
  facet normal -0.812906 -0.582394 -0
    outer loop
      vertex 76.7573 16.2779 21.0849
      vertex 76.5668 16.5438 20.6937
      vertex 76.7573 16.2779 3.24265
    endloop
  endfacet
  facet normal -0.809855 -0.586614 -0.00435387
    outer loop
      vertex 76.5668 16.5438 20.6937
      vertex 76.7573 16.2779 21.0849
      vertex 76.6142 16.4776 20.7963
    endloop
  endfacet
  facet normal 0.876826 -0.480712 -0.00961111
    outer loop
      vertex 2.91563 15.7115 21.8184
      vertex 3.06987 16 21.4601
      vertex 2.95021 15.7761 21.7421
    endloop
  endfacet
  facet normal 0.881879 -0.471476 0
    outer loop
      vertex 3.06987 16 21.4601
      vertex 2.91563 15.7115 21.8184
      vertex 2.91563 15.7115 2.91563
    endloop
  endfacet
  facet normal 0.881879 -0.471476 0
    outer loop
      vertex 3.06987 16 21.4601
      vertex 2.91563 15.7115 2.91563
      vertex 3.06987 16 3.06987
    endloop
  endfacet
  facet normal -0.656962 -0.753602 0.0220252
    outer loop
      vertex 75.6882 17.4304 19.0819
      vertex 75.8967 17.2592 19.4433
      vertex 75.8927 17.2625 19.4369
    endloop
  endfacet
  facet normal -0.640986 -0.767527 0.006212
    outer loop
      vertex 75.6438 17.4668 18.9979
      vertex 75.8967 17.2592 19.4433
      vertex 75.6882 17.4304 19.0819
    endloop
  endfacet
  facet normal -0.634485 -0.772935 0
    outer loop
      vertex 75.8967 17.2592 4.10326
      vertex 75.6438 17.4668 18.9979
      vertex 75.6438 17.4668 4.35619
    endloop
  endfacet
  facet normal -0.634485 -0.772935 0
    outer loop
      vertex 75.6438 17.4668 18.9979
      vertex 75.8967 17.2592 4.10326
      vertex 75.8967 17.2592 19.4433
    endloop
  endfacet
  facet normal 1 0 0
    outer loop
      vertex 2.39999 1.52588e-05 2.4
      vertex 2.39999 13.5 24.1
      vertex 2.39999 1.52588e-05 37.6
    endloop
  endfacet
  facet normal 1 0 0
    outer loop
      vertex 2.39999 13.5 24.1
      vertex 2.39999 1.52588e-05 2.4
      vertex 2.39999 13.5 2.4
    endloop
  endfacet
  facet normal 0.477994 -0.878349 0.00510774
    outer loop
      vertex 5.18855 17.9844 17.609
      vertex 4.9618 17.8632 17.9867
      vertex 4.89999 17.8301 18.079
    endloop
  endfacet
  facet normal 0.415172 -0.908756 -0.0423643
    outer loop
      vertex 4.9618 17.8632 17.9867
      vertex 5.18855 17.9844 17.609
      vertex 5.18653 17.9833 17.6128
    endloop
  endfacet
  facet normal 0.471543 -0.881843 0
    outer loop
      vertex 4.89999 17.8301 4.89999
      vertex 5.18855 17.9844 17.609
      vertex 4.89999 17.8301 18.079
    endloop
  endfacet
  facet normal 0.471543 -0.881843 0
    outer loop
      vertex 5.18855 17.9844 17.609
      vertex 4.89999 17.8301 4.89999
      vertex 5.18855 17.9844 5.18855
    endloop
  endfacet
  facet normal 0 -1 0
    outer loop
      vertex 7.39999 18.5 7.39999
      vertex 72.6 18.5 14.1294
      vertex 7.39999 18.5 14.1294
    endloop
  endfacet
  facet normal 0 -1 -0
    outer loop
      vertex 72.6 18.5 14.1294
      vertex 7.39999 18.5 7.39999
      vertex 72.6 18.5 7.39999
    endloop
  endfacet
  facet normal 0.410911 -0.911675 -0.00126653
    outer loop
      vertex 5.18855 17.9844 17.609
      vertex 5.48657 18.1194 17.1223
      vertex 5.42413 18.0911 17.2353
    endloop
  endfacet
  facet normal 0.412628 -0.9109 0
    outer loop
      vertex 5.18855 17.9844 5.18855
      vertex 5.48657 18.1194 17.1223
      vertex 5.18855 17.9844 17.609
    endloop
  endfacet
  facet normal 0.412628 -0.9109 0
    outer loop
      vertex 5.48657 18.1194 17.1223
      vertex 5.18855 17.9844 5.18855
      vertex 5.48657 18.1194 5.48657
    endloop
  endfacet
  facet normal 0.348027 -0.93748 -0.00308728
    outer loop
      vertex 5.48657 18.1194 17.1223
      vertex 5.7928 18.2347 16.6315
      vertex 5.66494 18.1865 16.8543
    endloop
  endfacet
  facet normal 0.352366 -0.935862 0
    outer loop
      vertex 5.48657 18.1194 5.48657
      vertex 5.7928 18.2347 16.6315
      vertex 5.48657 18.1194 17.1223
    endloop
  endfacet
  facet normal 0.352366 -0.935862 0
    outer loop
      vertex 5.7928 18.2347 16.6315
      vertex 5.48657 18.1194 5.48657
      vertex 5.7928 18.2347 5.7928
    endloop
  endfacet
  facet normal 0.999465 -0.0327042 0
    outer loop
      vertex 2.39999 13.5 2.4
      vertex 2.41069 13.827 2.41069
      vertex 2.41069 13.827 23.773
    endloop
  endfacet
  facet normal 0.999465 -0.0327042 0
    outer loop
      vertex 2.39999 13.5 2.4
      vertex 2.41069 13.827 23.773
      vertex 2.39999 13.5 24.1
    endloop
  endfacet
  facet normal 0.883247 -0.0441624 0.466824
    outer loop
      vertex 2.41069 13.827 2.41069
      vertex 2.39999 13.5 2.4
      vertex 2.4 13.5002 2.4
    endloop
  endfacet
  facet normal -0.986649 -0.162863 0
    outer loop
      vertex 77.5572 14.1526 2.44276
      vertex 77.5039 14.4755 23.1245
      vertex 77.5039 14.4755 2.49606
    endloop
  endfacet
  facet normal -0.986649 -0.162863 0
    outer loop
      vertex 77.5039 14.4755 23.1245
      vertex 77.5572 14.1526 2.44276
      vertex 77.5572 14.1526 23.4474
    endloop
  endfacet
  facet normal 0.809748 -0.586761 -0.00434042
    outer loop
      vertex 3.24265 16.2779 21.0849
      vertex 3.43323 16.5438 20.6937
      vertex 3.38581 16.4776 20.7963
    endloop
  endfacet
  facet normal 0.812791 -0.582556 0
    outer loop
      vertex 3.43323 16.5438 20.6937
      vertex 3.24265 16.2779 21.0849
      vertex 3.24265 16.2779 3.24265
    endloop
  endfacet
  facet normal 0.812791 -0.582556 0
    outer loop
      vertex 3.43323 16.5438 20.6937
      vertex 3.24265 16.2779 3.24265
      vertex 3.43323 16.5438 3.43323
    endloop
  endfacet
  facet normal 0.0980143 -0.995185 -5.84456e-05
    outer loop
      vertex 6.74736 18.4572 15.1227
      vertex 7.07298 18.4893 14.6091
      vertex 6.92086 18.4743 14.9143
    endloop
  endfacet
  facet normal 0.0981056 -0.995176 0
    outer loop
      vertex 6.74736 18.4572 6.74736
      vertex 7.07298 18.4893 14.6091
      vertex 6.74736 18.4572 15.1227
    endloop
  endfacet
  facet normal 0.0981056 -0.995176 0
    outer loop
      vertex 7.07298 18.4893 14.6091
      vertex 6.74736 18.4572 6.74736
      vertex 7.07298 18.4893 7.07298
    endloop
  endfacet
  facet normal -0.910941 -0.412536 0
    outer loop
      vertex 77.2194 15.4134 2.78059
      vertex 77.0844 15.7115 21.8184
      vertex 77.0844 15.7115 2.91563
    endloop
  endfacet
  facet normal -0.910941 -0.412536 -0
    outer loop
      vertex 77.2194 15.4134 22.1615
      vertex 77.0844 15.7115 21.8184
      vertex 77.2194 15.4134 2.78059
    endloop
  endfacet
  facet normal -0.912949 -0.408046 0.0046918
    outer loop
      vertex 77.0844 15.7115 21.8184
      vertex 77.2194 15.4134 22.1615
      vertex 77.1702 15.5221 22.0416
    endloop
  endfacet
  facet normal -0.547842 -0.834338 0.0612358
    outer loop
      vertex 74.8114 17.9844 17.609
      vertex 75.0382 17.8632 17.9867
      vertex 74.8135 17.9833 17.6128
    endloop
  endfacet
  facet normal -0.479274 -0.877644 0.00616627
    outer loop
      vertex 75.0382 17.8632 17.9867
      vertex 74.8114 17.9844 17.609
      vertex 75.1 17.8301 18.079
    endloop
  endfacet
  facet normal -0.471492 -0.88187 0
    outer loop
      vertex 75.1 17.8301 4.89999
      vertex 74.8114 17.9844 17.609
      vertex 74.8114 17.9844 5.18855
    endloop
  endfacet
  facet normal -0.471492 -0.88187 0
    outer loop
      vertex 74.8114 17.9844 17.609
      vertex 75.1 17.8301 4.89999
      vertex 75.1 17.8301 18.079
    endloop
  endfacet
  facet normal 0.162926 -0.986638 1.25542e-05
    outer loop
      vertex 6.42455 18.4039 15.6385
      vertex 6.74736 18.4572 15.1227
      vertex 6.65651 18.4422 15.3056
    endloop
  endfacet
  facet normal 0.162907 -0.986641 0
    outer loop
      vertex 6.42455 18.4039 6.42455
      vertex 6.74736 18.4572 15.1227
      vertex 6.42455 18.4039 15.6385
    endloop
  endfacet
  facet normal 0.162907 -0.986641 0
    outer loop
      vertex 6.74736 18.4572 15.1227
      vertex 6.42455 18.4039 6.42455
      vertex 6.74736 18.4572 6.74736
    endloop
  endfacet
  facet normal 0.228846 -0.973462 0.00118432
    outer loop
      vertex 6.42455 18.4039 15.6385
      vertex 6.14915 18.3397 16.0842
      vertex 6.1059 18.3296 16.1396
    endloop
  endfacet
  facet normal 0.226048 -0.974116 -0.000638585
    outer loop
      vertex 6.14915 18.3397 16.0842
      vertex 6.42455 18.4039 15.6385
      vertex 6.39627 18.3973 15.6957
    endloop
  endfacet
  facet normal 0.22708 -0.973876 0
    outer loop
      vertex 6.1059 18.3296 6.1059
      vertex 6.42455 18.4039 15.6385
      vertex 6.1059 18.3296 16.1396
    endloop
  endfacet
  facet normal 0.22708 -0.973876 0
    outer loop
      vertex 6.42455 18.4039 15.6385
      vertex 6.1059 18.3296 6.1059
      vertex 6.42455 18.4039 6.42455
    endloop
  endfacet
  facet normal 0.973868 -0.227114 0
    outer loop
      vertex 2.49606 14.4755 2.49606
      vertex 2.57036 14.7941 22.8059
      vertex 2.49606 14.4755 23.1245
    endloop
  endfacet
  facet normal 0.973868 -0.227114 0
    outer loop
      vertex 2.57036 14.7941 22.8059
      vertex 2.49606 14.4755 2.49606
      vertex 2.57036 14.7941 2.57036
    endloop
  endfacet
  facet normal -1 0 0
    outer loop
      vertex 77.6 1.52588e-05 2.4
      vertex 77.6 13.5 24.1
      vertex 77.6 13.5 2.4
    endloop
  endfacet
  facet normal -1 -0 0
    outer loop
      vertex 77.6 13.5 24.1
      vertex 77.6 1.52588e-05 2.4
      vertex 77.6 1.52588e-05 37.6
    endloop
  endfacet
  facet normal -0.414204 -0.910183 0.00114638
    outer loop
      vertex 74.5134 18.1194 17.1223
      vertex 74.8114 17.9844 17.609
      vertex 74.5759 18.0911 17.2353
    endloop
  endfacet
  facet normal -0.412651 -0.910889 0
    outer loop
      vertex 74.8114 17.9844 5.18855
      vertex 74.5134 18.1194 17.1223
      vertex 74.5134 18.1194 5.48657
    endloop
  endfacet
  facet normal -0.412651 -0.910889 0
    outer loop
      vertex 74.5134 18.1194 17.1223
      vertex 74.8114 17.9844 5.18855
      vertex 74.8114 17.9844 17.609
    endloop
  endfacet
  facet normal 0.0330675 -0.999453 0.000248603
    outer loop
      vertex 7.07298 18.4893 14.6091
      vertex 7.39999 18.5 14.1294
      vertex 7.2036 18.4936 14.5221
    endloop
  endfacet
  facet normal 0.0327032 -0.999465 0
    outer loop
      vertex 7.07298 18.4893 7.07298
      vertex 7.39999 18.5 14.1294
      vertex 7.07298 18.4893 14.6091
    endloop
  endfacet
  facet normal 0.0327032 -0.999465 0
    outer loop
      vertex 7.39999 18.5 14.1294
      vertex 7.07298 18.4893 7.07298
      vertex 7.39999 18.5 7.39999
    endloop
  endfacet
  facet normal 0.995184 -0.0980208 0
    outer loop
      vertex 2.41069 13.827 2.41069
      vertex 2.44276 14.1526 23.4474
      vertex 2.41069 13.827 23.773
    endloop
  endfacet
  facet normal 0.995184 -0.0980208 0
    outer loop
      vertex 2.44276 14.1526 23.4474
      vertex 2.41069 13.827 2.41069
      vertex 2.44276 14.1526 2.44276
    endloop
  endfacet
  facet normal 0.910998 -0.412411 0.000237022
    outer loop
      vertex 2.78059 15.4134 22.1615
      vertex 2.91563 15.7115 21.8184
      vertex 2.82983 15.5221 22.0416
    endloop
  endfacet
  facet normal 0.910895 -0.412638 0
    outer loop
      vertex 2.91563 15.7115 21.8184
      vertex 2.78059 15.4134 22.1615
      vertex 2.78059 15.4134 2.78059
    endloop
  endfacet
  facet normal 0.910895 -0.412638 0
    outer loop
      vertex 2.91563 15.7115 21.8184
      vertex 2.78059 15.4134 2.78059
      vertex 2.91563 15.7115 2.91563
    endloop
  endfacet
  facet normal 0.670287 -0.741243 0.0356786
    outer loop
      vertex 4.10326 17.2592 19.4433
      vertex 4.31182 17.4304 19.0819
      vertex 4.10725 17.2625 19.4369
    endloop
  endfacet
  facet normal 0.636928 -0.77092 0.00236931
    outer loop
      vertex 4.10326 17.2592 19.4433
      vertex 4.35619 17.4668 18.9979
      vertex 4.31182 17.4304 19.0819
    endloop
  endfacet
  facet normal 0.63444 -0.772972 0
    outer loop
      vertex 4.10326 17.2592 4.10326
      vertex 4.35619 17.4668 18.9979
      vertex 4.10326 17.2592 19.4433
    endloop
  endfacet
  facet normal 0.63444 -0.772972 0
    outer loop
      vertex 4.35619 17.4668 18.9979
      vertex 4.10326 17.2592 4.10326
      vertex 4.35619 17.4668 4.35619
    endloop
  endfacet
  facet normal 0.772783 -0.63467 -0.000269993
    outer loop
      vertex 3.43323 16.5438 20.6937
      vertex 3.64079 16.7967 20.2889
      vertex 3.55355 16.6904 20.4662
    endloop
  endfacet
  facet normal 0.772995 -0.634412 0
    outer loop
      vertex 3.64079 16.7967 20.2889
      vertex 3.43323 16.5438 20.6937
      vertex 3.43323 16.5438 3.43323
    endloop
  endfacet
  facet normal 0.772995 -0.634412 0
    outer loop
      vertex 3.64079 16.7967 20.2889
      vertex 3.43323 16.5438 3.43323
      vertex 3.64079 16.7967 3.64079
    endloop
  endfacet
  facet normal 0.287748 -0.957705 -0.00161088
    outer loop
      vertex 5.7928 18.2347 16.6315
      vertex 6.1059 18.3296 16.1396
      vertex 5.90739 18.2694 16.4705
    endloop
  endfacet
  facet normal 0.290067 -0.957006 0
    outer loop
      vertex 5.7928 18.2347 5.7928
      vertex 6.1059 18.3296 16.1396
      vertex 5.7928 18.2347 16.6315
    endloop
  endfacet
  facet normal 0.290067 -0.957006 0
    outer loop
      vertex 6.1059 18.3296 16.1396
      vertex 5.7928 18.2347 5.7928
      vertex 6.1059 18.3296 6.1059
    endloop
  endfacet
  facet normal -0.58749 -0.809218 0.00464667
    outer loop
      vertex 75.3778 17.6573 18.5425
      vertex 75.6438 17.4668 18.9979
      vertex 75.4766 17.5866 18.7216
    endloop
  endfacet
  facet normal -0.58225 -0.81301 0
    outer loop
      vertex 75.6438 17.4668 4.35619
      vertex 75.3778 17.6573 18.5425
      vertex 75.3778 17.6573 4.62215
    endloop
  endfacet
  facet normal -0.58225 -0.81301 0
    outer loop
      vertex 75.3778 17.6573 18.5425
      vertex 75.6438 17.4668 4.35619
      vertex 75.6438 17.4668 18.9979
    endloop
  endfacet
  facet normal -0.881802 -0.471619 0
    outer loop
      vertex 77.0844 15.7115 2.91563
      vertex 76.9301 16 21.4601
      vertex 76.9301 16 3.06987
    endloop
  endfacet
  facet normal -0.881802 -0.471619 -0
    outer loop
      vertex 77.0844 15.7115 21.8184
      vertex 76.9301 16 21.4601
      vertex 77.0844 15.7115 2.91563
    endloop
  endfacet
  facet normal -0.875969 -0.482241 -0.0110652
    outer loop
      vertex 76.9301 16 21.4601
      vertex 77.0844 15.7115 21.8184
      vertex 77.0498 15.7761 21.7421
    endloop
  endfacet
  facet normal -0.0979953 -0.995187 -7.44474e-05
    outer loop
      vertex 72.927 18.4893 14.6091
      vertex 73.2526 18.4572 15.1227
      vertex 73.0791 18.4743 14.9143
    endloop
  endfacet
  facet normal -0.0981116 -0.995175 0
    outer loop
      vertex 73.2526 18.4572 6.74736
      vertex 72.927 18.4893 14.6091
      vertex 72.927 18.4893 7.07298
    endloop
  endfacet
  facet normal -0.0981116 -0.995175 0
    outer loop
      vertex 72.927 18.4893 14.6091
      vertex 73.2526 18.4572 6.74736
      vertex 73.2526 18.4572 15.1227
    endloop
  endfacet
  facet normal 0.587868 -0.808942 0.00493202
    outer loop
      vertex 4.35619 17.4668 18.9979
      vertex 4.62215 17.6573 18.5425
      vertex 4.52336 17.5866 18.7216
    endloop
  endfacet
  facet normal 0.582308 -0.812969 0
    outer loop
      vertex 4.35619 17.4668 4.35619
      vertex 4.62215 17.6573 18.5425
      vertex 4.35619 17.4668 18.9979
    endloop
  endfacet
  facet normal 0.582308 -0.812969 0
    outer loop
      vertex 4.62215 17.6573 18.5425
      vertex 4.35619 17.4668 4.35619
      vertex 4.62215 17.6573 4.62215
    endloop
  endfacet
  facet normal 0.533744 -0.845633 0.0046815
    outer loop
      vertex 4.62215 17.6573 18.5425
      vertex 4.89999 17.8301 18.079
      vertex 4.74039 17.7309 18.3564
    endloop
  endfacet
  facet normal 0.52813 -0.849164 0
    outer loop
      vertex 4.62215 17.6573 4.62215
      vertex 4.89999 17.8301 18.079
      vertex 4.62215 17.6573 18.5425
    endloop
  endfacet
  facet normal 0.52813 -0.849164 0
    outer loop
      vertex 4.89999 17.8301 18.079
      vertex 4.62215 17.6573 4.62215
      vertex 4.89999 17.8301 4.89999
    endloop
  endfacet
  facet normal -0.849215 -0.528047 0
    outer loop
      vertex 76.9301 16 3.06987
      vertex 76.7573 16.2779 21.0849
      vertex 76.7573 16.2779 3.24265
    endloop
  endfacet
  facet normal -0.849215 -0.528047 -0
    outer loop
      vertex 76.9301 16 21.4601
      vertex 76.7573 16.2779 21.0849
      vertex 76.9301 16 3.06987
    endloop
  endfacet
  facet normal -0.863005 -0.504639 0.0236887
    outer loop
      vertex 76.7573 16.2779 21.0849
      vertex 76.9301 16 21.4601
      vertex 76.7721 16.2542 21.1192
    endloop
  endfacet
  facet normal -0.834716 -0.550184 -0.0233839
    outer loop
      vertex 76.7721 16.2542 21.1192
      vertex 76.9301 16 21.4601
      vertex 76.9175 16.0202 21.4346
    endloop
  endfacet
  facet normal -0.973868 -0.227114 0
    outer loop
      vertex 77.5039 14.4755 2.49606
      vertex 77.4296 14.7941 22.8059
      vertex 77.4296 14.7941 2.57036
    endloop
  endfacet
  facet normal -0.973868 -0.227114 0
    outer loop
      vertex 77.4296 14.7941 22.8059
      vertex 77.5039 14.4755 2.49606
      vertex 77.5039 14.4755 23.1245
    endloop
  endfacet
  facet normal 0.986649 -0.162863 0
    outer loop
      vertex 2.44276 14.1526 2.44276
      vertex 2.49606 14.4755 23.1245
      vertex 2.44276 14.1526 23.4474
    endloop
  endfacet
  facet normal 0.986649 -0.162863 0
    outer loop
      vertex 2.49606 14.4755 23.1245
      vertex 2.44276 14.1526 2.44276
      vertex 2.49606 14.4755 2.49606
    endloop
  endfacet
  facet normal -0.28753 -0.95777 -0.00176209
    outer loop
      vertex 73.8941 18.3296 16.1396
      vertex 74.2072 18.2347 16.6315
      vertex 74.0926 18.2694 16.4705
    endloop
  endfacet
  facet normal -0.290067 -0.957006 0
    outer loop
      vertex 74.2072 18.2347 5.7928
      vertex 73.8941 18.3296 16.1396
      vertex 73.8941 18.3296 6.1059
    endloop
  endfacet
  facet normal -0.290067 -0.957006 0
    outer loop
      vertex 73.8941 18.3296 16.1396
      vertex 74.2072 18.2347 5.7928
      vertex 74.2072 18.2347 16.6315
    endloop
  endfacet
  facet normal 0.936505 -0.350651 0.00172013
    outer loop
      vertex 2.66534 15.1072 22.4887
      vertex 2.78059 15.4134 22.1615
      vertex 2.72224 15.2584 22.3325
    endloop
  endfacet
  facet normal 0.935901 -0.352262 0
    outer loop
      vertex 2.78059 15.4134 22.1615
      vertex 2.66534 15.1072 22.4887
      vertex 2.66534 15.1072 2.66534
    endloop
  endfacet
  facet normal 0.935901 -0.352262 0
    outer loop
      vertex 2.78059 15.4134 22.1615
      vertex 2.66534 15.1072 2.66534
      vertex 2.78059 15.4134 2.78059
    endloop
  endfacet
  facet normal -0.53511 -0.844762 0.0057793
    outer loop
      vertex 75.1 17.8301 18.079
      vertex 75.3778 17.6573 18.5425
      vertex 75.2596 17.7309 18.3564
    endloop
  endfacet
  facet normal -0.528184 -0.84913 0
    outer loop
      vertex 75.3778 17.6573 4.62215
      vertex 75.1 17.8301 18.079
      vertex 75.1 17.8301 4.89999
    endloop
  endfacet
  facet normal -0.528184 -0.84913 0
    outer loop
      vertex 75.1 17.8301 18.079
      vertex 75.3778 17.6573 4.62215
      vertex 75.3778 17.6573 18.5425
    endloop
  endfacet
  facet normal -0.706776 0 -0.707437
    outer loop
      vertex 77.6 13.5 2.4
      vertex 77.5893 13.827 2.41069
      vertex 77.6 13.5002 2.4
    endloop
  endfacet
  facet normal -0.999465 -0.0327042 0
    outer loop
      vertex 77.5893 13.827 2.41069
      vertex 77.6 13.5 2.4
      vertex 77.5893 13.827 23.773
    endloop
  endfacet
  facet normal -0.999465 -0.0327042 0
    outer loop
      vertex 77.5893 13.827 23.773
      vertex 77.6 13.5 2.4
      vertex 77.6 13.5 24.1
    endloop
  endfacet
  facet normal 0.956936 -0.290299 1.45819e-07
    outer loop
      vertex 2.57036 14.7941 2.57036
      vertex 2.66534 15.1072 22.4887
      vertex 2.62836 14.9853 22.6147
    endloop
  endfacet
  facet normal 0.95694 -0.290285 0
    outer loop
      vertex 2.57036 14.7941 2.57036
      vertex 2.62836 14.9853 22.6147
      vertex 2.57036 14.7941 22.8059
    endloop
  endfacet
  facet normal 0.956939 -0.290291 0
    outer loop
      vertex 2.66534 15.1072 22.4887
      vertex 2.57036 14.7941 2.57036
      vertex 2.66534 15.1072 2.66534
    endloop
  endfacet
  facet normal -0.995175 -0.0981116 0
    outer loop
      vertex 77.5893 13.827 2.41069
      vertex 77.5572 14.1526 23.4474
      vertex 77.5572 14.1526 2.44276
    endloop
  endfacet
  facet normal -0.995175 -0.0981116 0
    outer loop
      vertex 77.5572 14.1526 23.4474
      vertex 77.5893 13.827 2.41069
      vertex 77.5893 13.827 23.773
    endloop
  endfacet
  facet normal -0.226657 -0.973975 -0.000241976
    outer loop
      vertex 73.5754 18.4039 15.6385
      vertex 73.8508 18.3397 16.0842
      vertex 73.6037 18.3973 15.6957
    endloop
  endfacet
  facet normal -0.22765 -0.973743 0.000404758
    outer loop
      vertex 73.8508 18.3397 16.0842
      vertex 73.5754 18.4039 15.6385
      vertex 73.8941 18.3296 16.1396
    endloop
  endfacet
  facet normal -0.227046 -0.973884 0
    outer loop
      vertex 73.8941 18.3296 6.1059
      vertex 73.5754 18.4039 15.6385
      vertex 73.5754 18.4039 6.42455
    endloop
  endfacet
  facet normal -0.227046 -0.973884 0
    outer loop
      vertex 73.5754 18.4039 15.6385
      vertex 73.8941 18.3296 6.1059
      vertex 73.8941 18.3296 16.1396
    endloop
  endfacet
  facet normal -0.346758 -0.937946 -0.00400969
    outer loop
      vertex 74.2072 18.2347 16.6315
      vertex 74.5134 18.1194 17.1223
      vertex 74.335 18.1865 16.8543
    endloop
  endfacet
  facet normal -0.352396 -0.935851 0
    outer loop
      vertex 74.5134 18.1194 5.48657
      vertex 74.2072 18.2347 16.6315
      vertex 74.2072 18.2347 5.7928
    endloop
  endfacet
  facet normal -0.352396 -0.935851 0
    outer loop
      vertex 74.2072 18.2347 16.6315
      vertex 74.5134 18.1194 5.48657
      vertex 74.5134 18.1194 17.1223
    endloop
  endfacet
  facet normal -0.729804 -0.683656 0
    outer loop
      vertex 76.3592 16.7967 3.64079
      vertex 76.1355 17.0355 19.8717
      vertex 76.1355 17.0355 3.86446
    endloop
  endfacet
  facet normal -0.729804 -0.683656 -0
    outer loop
      vertex 76.3592 16.7967 20.2889
      vertex 76.1355 17.0355 19.8717
      vertex 76.3592 16.7967 3.64079
    endloop
  endfacet
  facet normal -0.734454 -0.678637 0.00536611
    outer loop
      vertex 76.1355 17.0355 19.8717
      vertex 76.3592 16.7967 20.2889
      vertex 76.2697 16.8923 20.1294
    endloop
  endfacet
  facet normal -0.772935 -0.634485 0
    outer loop
      vertex 76.5668 16.5438 3.43323
      vertex 76.3592 16.7967 20.2889
      vertex 76.3592 16.7967 3.64079
    endloop
  endfacet
  facet normal -0.772935 -0.634485 -0
    outer loop
      vertex 76.5668 16.5438 20.6937
      vertex 76.3592 16.7967 20.2889
      vertex 76.5668 16.5438 3.43323
    endloop
  endfacet
  facet normal -0.767897 -0.640542 -0.00636755
    outer loop
      vertex 76.3592 16.7967 20.2889
      vertex 76.5668 16.5438 20.6937
      vertex 76.4464 16.6904 20.4662
    endloop
  endfacet
  facet normal -0.956922 -0.290347 0
    outer loop
      vertex 77.4296 14.7941 2.57036
      vertex 77.3346 15.1072 22.4887
      vertex 77.3346 15.1072 2.66534
    endloop
  endfacet
  facet normal -0.956893 -0.290442 1.62876e-06
    outer loop
      vertex 77.3346 15.1072 22.4887
      vertex 77.4296 14.7941 2.57036
      vertex 77.3716 14.9853 22.6147
    endloop
  endfacet
  facet normal -0.95694 -0.290285 0
    outer loop
      vertex 77.3716 14.9853 22.6147
      vertex 77.4296 14.7941 2.57036
      vertex 77.4296 14.7941 22.8059
    endloop
  endfacet
  facet normal -0.163287 -0.986579 0.000241086
    outer loop
      vertex 73.2526 18.4572 15.1227
      vertex 73.5754 18.4039 15.6385
      vertex 73.3435 18.4422 15.3056
    endloop
  endfacet
  facet normal -0.162912 -0.986641 0
    outer loop
      vertex 73.5754 18.4039 6.42455
      vertex 73.2526 18.4572 15.1227
      vertex 73.2526 18.4572 6.74736
    endloop
  endfacet
  facet normal -0.162912 -0.986641 0
    outer loop
      vertex 73.2526 18.4572 15.1227
      vertex 73.5754 18.4039 6.42455
      vertex 73.5754 18.4039 15.6385
    endloop
  endfacet
  facet normal -0.935952 -0.352128 0
    outer loop
      vertex 77.3346 15.1072 2.66534
      vertex 77.2194 15.4134 22.1615
      vertex 77.2194 15.4134 2.78059
    endloop
  endfacet
  facet normal -0.935952 -0.352128 -0
    outer loop
      vertex 77.3346 15.1072 22.4887
      vertex 77.2194 15.4134 22.1615
      vertex 77.3346 15.1072 2.66534
    endloop
  endfacet
  facet normal -0.935036 -0.354543 -0.00258184
    outer loop
      vertex 77.2194 15.4134 22.1615
      vertex 77.3346 15.1072 22.4887
      vertex 77.2777 15.2584 22.3325
    endloop
  endfacet
  facet normal 0.850334 -0.526241 0.00180772
    outer loop
      vertex 3.06987 16 21.4601
      vertex 3.24265 16.2779 21.0849
      vertex 3.22791 16.2542 21.1192
    endloop
  endfacet
  facet normal 0.839031 -0.543832 -0.0165489
    outer loop
      vertex 3.06987 16 21.4601
      vertex 3.22791 16.2542 21.1192
      vertex 3.08246 16.0202 21.4346
    endloop
  endfacet
  facet normal 0.849242 -0.528003 0
    outer loop
      vertex 3.24265 16.2779 21.0849
      vertex 3.06987 16 21.4601
      vertex 3.06987 16 3.06987
    endloop
  endfacet
  facet normal 0.849242 -0.528003 0
    outer loop
      vertex 3.24265 16.2779 21.0849
      vertex 3.06987 16 3.06987
      vertex 3.24265 16.2779 3.24265
    endloop
  endfacet
  facet normal -0.696781 -0.717148 0.0139247
    outer loop
      vertex 75.8967 17.2592 19.4433
      vertex 76.1355 17.0355 19.8717
      vertex 76.0848 17.0831 19.7862
    endloop
  endfacet
  facet normal -0.683656 -0.729804 0
    outer loop
      vertex 76.1355 17.0355 3.86446
      vertex 75.8967 17.2592 19.4433
      vertex 75.8967 17.2592 4.10326
    endloop
  endfacet
  facet normal -0.683656 -0.729804 0
    outer loop
      vertex 75.8967 17.2592 19.4433
      vertex 76.1355 17.0355 3.86446
      vertex 76.1355 17.0355 19.8717
    endloop
  endfacet
  facet normal 0 0 1
    outer loop
      vertex 2.39999 13.5 2.4
      vertex 77.6 13.5 2.4
      vertex 77.6 13.5002 2.4
    endloop
  endfacet
  facet normal 0 0 1
    outer loop
      vertex 2.39999 13.5 2.4
      vertex 77.6 13.5002 2.4
      vertex 2.4 13.5002 2.4
    endloop
  endfacet
  facet normal 0 0 1
    outer loop
      vertex 77.6 13.5 2.4
      vertex 2.39999 13.5 2.4
      vertex 77.6 1.52588e-05 2.4
    endloop
  endfacet
  facet normal 0 0 1
    outer loop
      vertex 77.6 1.52588e-05 2.4
      vertex 2.39999 13.5 2.4
      vertex 2.39999 1.52588e-05 2.4
    endloop
  endfacet
  facet normal 0.692122 -0.721725 0.00893777
    outer loop
      vertex 3.86446 17.0355 19.8717
      vertex 4.10326 17.2592 19.4433
      vertex 3.9152 17.0831 19.7862
    endloop
  endfacet
  facet normal 0.683656 -0.729804 0
    outer loop
      vertex 3.86446 17.0355 3.86446
      vertex 4.10326 17.2592 19.4433
      vertex 3.86446 17.0355 19.8717
    endloop
  endfacet
  facet normal 0.683656 -0.729804 0
    outer loop
      vertex 4.10326 17.2592 19.4433
      vertex 3.86446 17.0355 3.86446
      vertex 4.10326 17.2592 4.10326
    endloop
  endfacet
  facet normal 0.730944 -0.682436 0.00125696
    outer loop
      vertex 3.64079 16.7967 20.2889
      vertex 3.86446 17.0355 19.8717
      vertex 3.73032 16.8923 20.1294
    endloop
  endfacet
  facet normal 0.72985 -0.683608 0
    outer loop
      vertex 3.86446 17.0355 19.8717
      vertex 3.64079 16.7967 20.2889
      vertex 3.64079 16.7967 3.64079
    endloop
  endfacet
  facet normal 0.72985 -0.683608 0
    outer loop
      vertex 3.86446 17.0355 19.8717
      vertex 3.64079 16.7967 3.64079
      vertex 3.86446 17.0355 3.86446
    endloop
  endfacet
  facet normal 0 -0.881843 0.471543
    outer loop
      vertex 4.89999 17.8301 4.89999
      vertex 74.8114 17.9844 5.18855
      vertex 5.18855 17.9844 5.18855
    endloop
  endfacet
  facet normal 0 -0.881843 0.471543
    outer loop
      vertex 74.8114 17.9844 5.18855
      vertex 4.89999 17.8301 4.89999
      vertex 75.1 17.8301 4.89999
    endloop
  endfacet
  facet normal 0.000123804 -0.996659 -0.0816765
    outer loop
      vertex 6.92086 18.4743 14.9143
      vertex 6.65651 18.4422 15.3056
      vertex 6.74736 18.4572 15.1227
    endloop
  endfacet
  facet normal 0 -0.996652 -0.0817596
    outer loop
      vertex 6.65651 18.4422 15.3056
      vertex 6.92086 18.4743 14.9143
      vertex 73.3435 18.4422 15.3056
    endloop
  endfacet
  facet normal -0 -0.996652 -0.0817596
    outer loop
      vertex 73.0791 18.4743 14.9143
      vertex 73.3435 18.4422 15.3056
      vertex 6.92086 18.4743 14.9143
    endloop
  endfacet
  facet normal -0.000123904 -0.996659 -0.0816764
    outer loop
      vertex 73.3435 18.4422 15.3056
      vertex 73.0791 18.4743 14.9143
      vertex 73.2526 18.4572 15.1227
    endloop
  endfacet
  facet normal -0.0104109 -0.838028 -0.545528
    outer loop
      vertex 3.55355 16.6904 20.4662
      vertex 3.38581 16.4776 20.7963
      vertex 3.43323 16.5438 20.6937
    endloop
  endfacet
  facet normal 0 -0.840491 -0.541825
    outer loop
      vertex 3.38581 16.4776 20.7963
      vertex 3.55355 16.6904 20.4662
      vertex 76.6142 16.4776 20.7963
    endloop
  endfacet
  facet normal -0 -0.840491 -0.541825
    outer loop
      vertex 76.4464 16.6904 20.4662
      vertex 76.6142 16.4776 20.7963
      vertex 3.55355 16.6904 20.4662
    endloop
  endfacet
  facet normal 0.0103265 -0.838048 -0.545499
    outer loop
      vertex 76.6142 16.4776 20.7963
      vertex 76.4464 16.6904 20.4662
      vertex 76.5668 16.5438 20.6937
    endloop
  endfacet
  facet normal 0 -0.528003 0.849242
    outer loop
      vertex 3.24265 16.2779 3.24265
      vertex 76.9301 16 3.06987
      vertex 76.7573 16.2779 3.24265
    endloop
  endfacet
  facet normal 0 -0.528003 0.849242
    outer loop
      vertex 76.9301 16 3.06987
      vertex 3.24265 16.2779 3.24265
      vertex 3.06987 16 3.06987
    endloop
  endfacet
  facet normal 0 -0.999867 -0.0162953
    outer loop
      vertex 7.39999 18.5 14.1294
      vertex 72.7964 18.4936 14.5221
      vertex 7.2036 18.4936 14.5221
    endloop
  endfacet
  facet normal 0 -0.999867 -0.0162953
    outer loop
      vertex 72.7964 18.4936 14.5221
      vertex 7.39999 18.5 14.1294
      vertex 72.6 18.5 14.1294
    endloop
  endfacet
  facet normal 0.00208159 -0.984068 -0.177781
    outer loop
      vertex 6.14915 18.3397 16.0842
      vertex 5.90739 18.2694 16.4705
      vertex 6.1059 18.3296 16.1396
    endloop
  endfacet
  facet normal 0 -0.983841 -0.179042
    outer loop
      vertex 5.90739 18.2694 16.4705
      vertex 6.14915 18.3397 16.0842
      vertex 74.0926 18.2694 16.4705
    endloop
  endfacet
  facet normal -0 -0.983841 -0.179042
    outer loop
      vertex 73.8508 18.3397 16.0842
      vertex 74.0926 18.2694 16.4705
      vertex 6.14915 18.3397 16.0842
    endloop
  endfacet
  facet normal -0.0020709 -0.984067 -0.177787
    outer loop
      vertex 74.0926 18.2694 16.4705
      vertex 73.8508 18.3397 16.0842
      vertex 73.8941 18.3296 16.1396
    endloop
  endfacet
  facet normal 0 -0.683608 0.72985
    outer loop
      vertex 3.86446 17.0355 3.86446
      vertex 76.3592 16.7967 3.64079
      vertex 76.1355 17.0355 3.86446
    endloop
  endfacet
  facet normal 0 -0.683608 0.72985
    outer loop
      vertex 76.3592 16.7967 3.64079
      vertex 3.86446 17.0355 3.86446
      vertex 3.64079 16.7967 3.64079
    endloop
  endfacet
  facet normal 0 -0.0326937 0.999465
    outer loop
      vertex 2.41069 13.827 2.41069
      vertex 77.6 13.5002 2.4
      vertex 77.5893 13.827 2.41069
    endloop
  endfacet
  facet normal 0 -0.0326937 0.999465
    outer loop
      vertex 77.6 13.5002 2.4
      vertex 2.41069 13.827 2.41069
      vertex 2.4 13.5002 2.4
    endloop
  endfacet
  facet normal 0 -0.903992 -0.42755
    outer loop
      vertex 4.31182 17.4304 19.0819
      vertex 75.8927 17.2625 19.4369
      vertex 4.10725 17.2625 19.4369
    endloop
  endfacet
  facet normal 0 -0.903992 -0.42755
    outer loop
      vertex 75.8927 17.2625 19.4369
      vertex 4.31182 17.4304 19.0819
      vertex 75.6882 17.4304 19.0819
    endloop
  endfacet
  facet normal 0.0124319 -0.825137 -0.564796
    outer loop
      vertex 3.38581 16.4776 20.7963
      vertex 3.22791 16.2542 21.1192
      vertex 3.24265 16.2779 21.0849
    endloop
  endfacet
  facet normal 0 -0.822366 -0.568958
    outer loop
      vertex 3.22791 16.2542 21.1192
      vertex 3.38581 16.4776 20.7963
      vertex 76.7721 16.2542 21.1192
    endloop
  endfacet
  facet normal -0 -0.822366 -0.568958
    outer loop
      vertex 76.6142 16.4776 20.7963
      vertex 76.7721 16.2542 21.1192
      vertex 3.38581 16.4776 20.7963
    endloop
  endfacet
  facet normal -0.0128113 -0.825219 -0.564667
    outer loop
      vertex 76.7721 16.2542 21.1192
      vertex 76.6142 16.4776 20.7963
      vertex 76.7573 16.2779 21.0849
    endloop
  endfacet
  facet normal 0 -0.290291 0.956939
    outer loop
      vertex 2.66534 15.1072 2.66534
      vertex 77.4296 14.7941 2.57036
      vertex 77.3346 15.1072 2.66534
    endloop
  endfacet
  facet normal 0 -0.290291 0.956939
    outer loop
      vertex 77.4296 14.7941 2.57036
      vertex 2.66534 15.1072 2.66534
      vertex 2.57036 14.7941 2.57036
    endloop
  endfacet
  facet normal 0 -0.935862 0.352366
    outer loop
      vertex 5.48657 18.1194 5.48657
      vertex 74.2072 18.2347 5.7928
      vertex 5.7928 18.2347 5.7928
    endloop
  endfacet
  facet normal 0 -0.935862 0.352366
    outer loop
      vertex 74.2072 18.2347 5.7928
      vertex 5.48657 18.1194 5.48657
      vertex 74.5134 18.1194 5.48657
    endloop
  endfacet
  facet normal 0 -0.995176 0.0981056
    outer loop
      vertex 6.74736 18.4572 6.74736
      vertex 72.927 18.4893 7.07298
      vertex 7.07298 18.4893 7.07298
    endloop
  endfacet
  facet normal 0 -0.995176 0.0981056
    outer loop
      vertex 72.927 18.4893 7.07298
      vertex 6.74736 18.4572 6.74736
      vertex 73.2526 18.4572 6.74736
    endloop
  endfacet
  facet normal 0 -0.707107 -0.707106
    outer loop
      vertex 2.39999 13.5 24.1
      vertex 77.6 13.5 24.1
      vertex 77.6 1.52588e-05 37.6
    endloop
  endfacet
  facet normal 0 -0.707107 -0.707107
    outer loop
      vertex 77.3716 14.9853 22.6147
      vertex 77.6 13.5 24.1
      vertex 2.39999 13.5 24.1
    endloop
  endfacet
  facet normal -4.30938e-14 -0.707107 -0.707107
    outer loop
      vertex 77.5893 13.827 23.773
      vertex 77.3716 14.9853 22.6147
      vertex 77.5572 14.1526 23.4474
    endloop
  endfacet
  facet normal 1.08562e-13 -0.707107 -0.707107
    outer loop
      vertex 77.5572 14.1526 23.4474
      vertex 77.3716 14.9853 22.6147
      vertex 77.5039 14.4755 23.1245
    endloop
  endfacet
  facet normal 9.1869e-14 -0.707107 -0.707107
    outer loop
      vertex 77.5039 14.4755 23.1245
      vertex 77.3716 14.9853 22.6147
      vertex 77.4296 14.7941 22.8059
    endloop
  endfacet
  facet normal -2.47021e-14 -0.707107 -0.707107
    outer loop
      vertex 77.6 13.5 24.1
      vertex 77.3716 14.9853 22.6147
      vertex 77.5893 13.827 23.773
    endloop
  endfacet
  facet normal -0 -0.707107 -0.707107
    outer loop
      vertex 77.3716 14.9853 22.6147
      vertex 2.39999 13.5 24.1
      vertex 2.62836 14.9853 22.6147
    endloop
  endfacet
  facet normal -1.56848e-14 -0.707107 -0.707107
    outer loop
      vertex 2.49606 14.4755 23.1245
      vertex 2.62836 14.9853 22.6147
      vertex 2.39999 13.5 24.1
    endloop
  endfacet
  facet normal -9.41657e-14 -0.707107 -0.707107
    outer loop
      vertex 2.62836 14.9853 22.6147
      vertex 2.49606 14.4755 23.1245
      vertex 2.57036 14.7941 22.8059
    endloop
  endfacet
  facet normal 1.17908e-13 -0.707107 -0.707107
    outer loop
      vertex 2.49606 14.4755 23.1245
      vertex 2.39999 13.5 24.1
      vertex 2.44276 14.1526 23.4474
    endloop
  endfacet
  facet normal 0 -0.707107 -0.707106
    outer loop
      vertex 2.39999 13.5 24.1
      vertex 77.6 1.52588e-05 37.6
      vertex 2.39999 1.52588e-05 37.6
    endloop
  endfacet
  facet normal 0 -0.707107 -0.707107
    outer loop
      vertex 2.44276 14.1526 23.4474
      vertex 2.39999 13.5 24.1
      vertex 2.41069 13.827 23.773
    endloop
  endfacet
  facet normal 0 -0.352262 0.935901
    outer loop
      vertex 2.78059 15.4134 2.78059
      vertex 77.3346 15.1072 2.66534
      vertex 77.2194 15.4134 2.78059
    endloop
  endfacet
  facet normal 0 -0.352262 0.935901
    outer loop
      vertex 77.3346 15.1072 2.66534
      vertex 2.78059 15.4134 2.78059
      vertex 2.66534 15.1072 2.66534
    endloop
  endfacet
  facet normal 0 -0.849164 0.52813
    outer loop
      vertex 4.62215 17.6573 4.62215
      vertex 75.1 17.8301 4.89999
      vertex 4.89999 17.8301 4.89999
    endloop
  endfacet
  facet normal 0 -0.849164 0.52813
    outer loop
      vertex 75.1 17.8301 4.89999
      vertex 4.62215 17.6573 4.62215
      vertex 75.3778 17.6573 4.62215
    endloop
  endfacet
  facet normal 0 -0.812969 0.582308
    outer loop
      vertex 4.35619 17.4668 4.35619
      vertex 75.3778 17.6573 4.62215
      vertex 4.62215 17.6573 4.62215
    endloop
  endfacet
  facet normal 0 -0.812969 0.582308
    outer loop
      vertex 75.3778 17.6573 4.62215
      vertex 4.35619 17.4668 4.35619
      vertex 75.6438 17.4668 4.35619
    endloop
  endfacet
  facet normal 0 -0.582556 0.812791
    outer loop
      vertex 3.43323 16.5438 3.43323
      vertex 76.7573 16.2779 3.24265
      vertex 76.5668 16.5438 3.43323
    endloop
  endfacet
  facet normal 0 -0.582556 0.812791
    outer loop
      vertex 76.7573 16.2779 3.24265
      vertex 3.43323 16.5438 3.43323
      vertex 3.24265 16.2779 3.24265
    endloop
  endfacet
  facet normal -0.000595263 -0.969964 -0.243249
    outer loop
      vertex 5.66494 18.1865 16.8543
      vertex 5.42413 18.0911 17.2353
      vertex 5.48657 18.1194 17.1223
    endloop
  endfacet
  facet normal 0 -0.970053 -0.242895
    outer loop
      vertex 5.42413 18.0911 17.2353
      vertex 5.66494 18.1865 16.8543
      vertex 74.5759 18.0911 17.2353
    endloop
  endfacet
  facet normal -0 -0.970053 -0.242895
    outer loop
      vertex 74.335 18.1865 16.8543
      vertex 74.5759 18.0911 17.2353
      vertex 5.66494 18.1865 16.8543
    endloop
  endfacet
  facet normal 0.000597478 -0.969963 -0.24325
    outer loop
      vertex 74.5759 18.0911 17.2353
      vertex 74.335 18.1865 16.8543
      vertex 74.5134 18.1194 17.1223
    endloop
  endfacet
  facet normal -0.0381489 -0.954266 -0.296514
    outer loop
      vertex 5.42413 18.0911 17.2353
      vertex 5.18653 17.9833 17.6128
      vertex 5.18855 17.9844 17.609
    endloop
  endfacet
  facet normal 0 -0.961562 -0.274587
    outer loop
      vertex 5.18653 17.9833 17.6128
      vertex 5.42413 18.0911 17.2353
      vertex 74.8135 17.9833 17.6128
    endloop
  endfacet
  facet normal -0 -0.961562 -0.274587
    outer loop
      vertex 74.5759 18.0911 17.2353
      vertex 74.8135 17.9833 17.6128
      vertex 5.42413 18.0911 17.2353
    endloop
  endfacet
  facet normal 0.0484925 -0.951958 -0.302365
    outer loop
      vertex 74.8135 17.9833 17.6128
      vertex 74.5759 18.0911 17.2353
      vertex 74.8114 17.9844 17.609
    endloop
  endfacet
  facet normal 0 -0.999465 0.0327032
    outer loop
      vertex 7.07298 18.4893 7.07298
      vertex 72.6 18.5 7.39999
      vertex 7.39999 18.5 7.39999
    endloop
  endfacet
  facet normal 0 -0.999465 0.0327032
    outer loop
      vertex 72.6 18.5 7.39999
      vertex 7.07298 18.4893 7.07298
      vertex 72.927 18.4893 7.07298
    endloop
  endfacet
  facet normal 0 -0.986641 0.162907
    outer loop
      vertex 6.42455 18.4039 6.42455
      vertex 73.2526 18.4572 6.74736
      vertex 6.74736 18.4572 6.74736
    endloop
  endfacet
  facet normal 0 -0.986641 0.162907
    outer loop
      vertex 73.2526 18.4572 6.74736
      vertex 6.42455 18.4039 6.42455
      vertex 73.5754 18.4039 6.42455
    endloop
  endfacet
  facet normal -0.00217482 -0.857189 -0.514997
    outer loop
      vertex 3.73032 16.8923 20.1294
      vertex 3.55355 16.6904 20.4662
      vertex 3.64079 16.7967 20.2889
    endloop
  endfacet
  facet normal 0 -0.857695 -0.514159
    outer loop
      vertex 3.55355 16.6904 20.4662
      vertex 3.73032 16.8923 20.1294
      vertex 76.4464 16.6904 20.4662
    endloop
  endfacet
  facet normal -0 -0.857695 -0.514159
    outer loop
      vertex 76.2697 16.8923 20.1294
      vertex 76.4464 16.6904 20.4662
      vertex 3.73032 16.8923 20.1294
    endloop
  endfacet
  facet normal 0.00217364 -0.85719 -0.514996
    outer loop
      vertex 76.4464 16.6904 20.4662
      vertex 76.2697 16.8923 20.1294
      vertex 76.3592 16.7967 20.2889
    endloop
  endfacet
  facet normal 0.00166577 -0.741201 -0.671281
    outer loop
      vertex 2.82983 15.5221 22.0416
      vertex 2.72224 15.2584 22.3325
      vertex 2.78059 15.4134 22.1615
    endloop
  endfacet
  facet normal 0 -0.740896 -0.67162
    outer loop
      vertex 2.72224 15.2584 22.3325
      vertex 2.82983 15.5221 22.0416
      vertex 77.2777 15.2584 22.3325
    endloop
  endfacet
  facet normal -0 -0.740896 -0.67162
    outer loop
      vertex 77.1702 15.5221 22.0416
      vertex 77.2777 15.2584 22.3325
      vertex 2.82983 15.5221 22.0416
    endloop
  endfacet
  facet normal -0.00166676 -0.741201 -0.671281
    outer loop
      vertex 77.2777 15.2584 22.3325
      vertex 77.1702 15.5221 22.0416
      vertex 77.2194 15.4134 22.1615
    endloop
  endfacet
  facet normal -0.00164448 -0.993315 -0.115426
    outer loop
      vertex 6.65651 18.4422 15.3056
      vertex 6.39627 18.3973 15.6957
      vertex 6.42455 18.4039 15.6385
    endloop
  endfacet
  facet normal 0 -0.993441 -0.114344
    outer loop
      vertex 6.39627 18.3973 15.6957
      vertex 6.65651 18.4422 15.3056
      vertex 73.6037 18.3973 15.6957
    endloop
  endfacet
  facet normal -0 -0.993441 -0.114344
    outer loop
      vertex 73.3435 18.4422 15.3056
      vertex 73.6037 18.3973 15.6957
      vertex 6.65651 18.4422 15.3056
    endloop
  endfacet
  facet normal 0.0016488 -0.993314 -0.115429
    outer loop
      vertex 73.6037 18.3973 15.6957
      vertex 73.3435 18.4422 15.3056
      vertex 73.5754 18.4039 15.6385
    endloop
  endfacet
  facet normal 0 -0.227114 0.973868
    outer loop
      vertex 2.57036 14.7941 2.57036
      vertex 77.5039 14.4755 2.49606
      vertex 77.4296 14.7941 2.57036
    endloop
  endfacet
  facet normal 0 -0.227114 0.973868
    outer loop
      vertex 77.5039 14.4755 2.49606
      vertex 2.57036 14.7941 2.57036
      vertex 2.49606 14.4755 2.49606
    endloop
  endfacet
  facet normal 0 -0.803106 -0.595836
    outer loop
      vertex 3.22791 16.2542 21.1192
      vertex 76.9175 16.0202 21.4346
      vertex 3.08246 16.0202 21.4346
    endloop
  endfacet
  facet normal 0 -0.803106 -0.595836
    outer loop
      vertex 76.9175 16.0202 21.4346
      vertex 3.22791 16.2542 21.1192
      vertex 76.7721 16.2542 21.1192
    endloop
  endfacet
  facet normal 0.00302809 -0.918134 -0.396259
    outer loop
      vertex 4.52336 17.5866 18.7216
      vertex 4.31182 17.4304 19.0819
      vertex 4.35619 17.4668 18.9979
    endloop
  endfacet
  facet normal 0 -0.917491 -0.397758
    outer loop
      vertex 4.31182 17.4304 19.0819
      vertex 4.52336 17.5866 18.7216
      vertex 75.6882 17.4304 19.0819
    endloop
  endfacet
  facet normal -0 -0.917491 -0.397758
    outer loop
      vertex 75.4766 17.5866 18.7216
      vertex 75.6882 17.4304 19.0819
      vertex 4.52336 17.5866 18.7216
    endloop
  endfacet
  facet normal -0.00303793 -0.918136 -0.396253
    outer loop
      vertex 75.6882 17.4304 19.0819
      vertex 75.4766 17.5866 18.7216
      vertex 75.6438 17.4668 18.9979
    endloop
  endfacet
  facet normal 0 -0.729804 0.683656
    outer loop
      vertex 3.86446 17.0355 3.86446
      vertex 75.8967 17.2592 4.10326
      vertex 4.10326 17.2592 4.10326
    endloop
  endfacet
  facet normal 0 -0.729804 0.683656
    outer loop
      vertex 75.8967 17.2592 4.10326
      vertex 3.86446 17.0355 3.86446
      vertex 76.1355 17.0355 3.86446
    endloop
  endfacet
  facet normal 0 -0.412638 0.910895
    outer loop
      vertex 2.91563 15.7115 2.91563
      vertex 77.2194 15.4134 2.78059
      vertex 77.0844 15.7115 2.91563
    endloop
  endfacet
  facet normal 0 -0.412638 0.910895
    outer loop
      vertex 77.2194 15.4134 2.78059
      vertex 2.91563 15.7115 2.91563
      vertex 2.78059 15.4134 2.78059
    endloop
  endfacet
  facet normal 0 -0.0980208 0.995184
    outer loop
      vertex 2.44276 14.1526 2.44276
      vertex 77.5893 13.827 2.41069
      vertex 77.5572 14.1526 2.44276
    endloop
  endfacet
  facet normal 0 -0.0980208 0.995184
    outer loop
      vertex 77.5893 13.827 2.41069
      vertex 2.44276 14.1526 2.44276
      vertex 2.41069 13.827 2.41069
    endloop
  endfacet
  facet normal 0 -0.9109 0.412628
    outer loop
      vertex 5.18855 17.9844 5.18855
      vertex 74.5134 18.1194 5.48657
      vertex 5.48657 18.1194 5.48657
    endloop
  endfacet
  facet normal 0 -0.9109 0.412628
    outer loop
      vertex 74.5134 18.1194 5.48657
      vertex 5.18855 17.9844 5.18855
      vertex 74.8114 17.9844 5.18855
    endloop
  endfacet
  facet normal 0 -0.471476 0.881879
    outer loop
      vertex 3.06987 16 3.06987
      vertex 77.0844 15.7115 2.91563
      vertex 76.9301 16 3.06987
    endloop
  endfacet
  facet normal 0 -0.471476 0.881879
    outer loop
      vertex 77.0844 15.7115 2.91563
      vertex 3.06987 16 3.06987
      vertex 2.91563 15.7115 2.91563
    endloop
  endfacet
  facet normal 0.00817207 -0.931651 -0.363263
    outer loop
      vertex 4.74039 17.7309 18.3564
      vertex 4.52336 17.5866 18.7216
      vertex 4.62215 17.6573 18.5425
    endloop
  endfacet
  facet normal 0 -0.930032 -0.36748
    outer loop
      vertex 4.52336 17.5866 18.7216
      vertex 4.74039 17.7309 18.3564
      vertex 75.4766 17.5866 18.7216
    endloop
  endfacet
  facet normal -0 -0.930032 -0.36748
    outer loop
      vertex 75.2596 17.7309 18.3564
      vertex 75.4766 17.5866 18.7216
      vertex 4.74039 17.7309 18.3564
    endloop
  endfacet
  facet normal -0.00819861 -0.931656 -0.36325
    outer loop
      vertex 75.4766 17.5866 18.7216
      vertex 75.2596 17.7309 18.3564
      vertex 75.3778 17.6573 18.5425
    endloop
  endfacet
  facet normal 0.0246253 -0.894704 -0.44598
    outer loop
      vertex 4.10725 17.2625 19.4369
      vertex 3.9152 17.0831 19.7862
      vertex 4.10326 17.2592 19.4433
    endloop
  endfacet
  facet normal 0 -0.889536 -0.456865
    outer loop
      vertex 3.9152 17.0831 19.7862
      vertex 4.10725 17.2625 19.4369
      vertex 76.0848 17.0831 19.7862
    endloop
  endfacet
  facet normal -0 -0.889536 -0.456865
    outer loop
      vertex 75.8927 17.2625 19.4369
      vertex 76.0848 17.0831 19.7862
      vertex 4.10725 17.2625 19.4369
    endloop
  endfacet
  facet normal -0.0241571 -0.894614 -0.446187
    outer loop
      vertex 76.0848 17.0831 19.7862
      vertex 75.8927 17.2625 19.4369
      vertex 75.8967 17.2592 19.4433
    endloop
  endfacet
  facet normal -0.0210332 -0.758307 -0.651559
    outer loop
      vertex 2.95021 15.7761 21.7421
      vertex 2.82983 15.5221 22.0416
      vertex 2.91563 15.7115 21.8184
    endloop
  endfacet
  facet normal 0 -0.762661 -0.646798
    outer loop
      vertex 2.82983 15.5221 22.0416
      vertex 2.95021 15.7761 21.7421
      vertex 77.1702 15.5221 22.0416
    endloop
  endfacet
  facet normal -0 -0.762661 -0.646798
    outer loop
      vertex 77.0498 15.7761 21.7421
      vertex 77.1702 15.5221 22.0416
      vertex 2.95021 15.7761 21.7421
    endloop
  endfacet
  facet normal 0.0209538 -0.758323 -0.651542
    outer loop
      vertex 77.1702 15.5221 22.0416
      vertex 77.0498 15.7761 21.7421
      vertex 77.0844 15.7115 21.8184
    endloop
  endfacet
  facet normal 0.000276041 -0.998801 -0.0489516
    outer loop
      vertex 7.2036 18.4936 14.5221
      vertex 6.92086 18.4743 14.9143
      vertex 7.07298 18.4893 14.6091
    endloop
  endfacet
  facet normal 0 -0.998791 -0.0491501
    outer loop
      vertex 6.92086 18.4743 14.9143
      vertex 7.2036 18.4936 14.5221
      vertex 73.0791 18.4743 14.9143
    endloop
  endfacet
  facet normal -0 -0.998791 -0.0491501
    outer loop
      vertex 72.7964 18.4936 14.5221
      vertex 73.0791 18.4743 14.9143
      vertex 7.2036 18.4936 14.5221
    endloop
  endfacet
  facet normal -0.000276086 -0.998801 -0.0489516
    outer loop
      vertex 73.0791 18.4743 14.9143
      vertex 72.7964 18.4936 14.5221
      vertex 72.927 18.4893 14.6091
    endloop
  endfacet
  facet normal -0.00573548 -0.976688 -0.214586
    outer loop
      vertex 5.90739 18.2694 16.4705
      vertex 5.66494 18.1865 16.8543
      vertex 5.7928 18.2347 16.6315
    endloop
  endfacet
  facet normal 0 -0.977458 -0.211129
    outer loop
      vertex 5.66494 18.1865 16.8543
      vertex 5.90739 18.2694 16.4705
      vertex 74.335 18.1865 16.8543
    endloop
  endfacet
  facet normal -0 -0.977458 -0.211129
    outer loop
      vertex 74.0926 18.2694 16.4705
      vertex 74.335 18.1865 16.8543
      vertex 5.90739 18.2694 16.4705
    endloop
  endfacet
  facet normal 0.00572173 -0.97669 -0.214577
    outer loop
      vertex 74.335 18.1865 16.8543
      vertex 74.0926 18.2694 16.4705
      vertex 74.2072 18.2347 16.6315
    endloop
  endfacet
  facet normal 0 -0.162863 0.986649
    outer loop
      vertex 2.49606 14.4755 2.49606
      vertex 77.5572 14.1526 2.44276
      vertex 77.5039 14.4755 2.49606
    endloop
  endfacet
  facet normal 0 -0.162863 0.986649
    outer loop
      vertex 77.5572 14.1526 2.44276
      vertex 2.49606 14.4755 2.49606
      vertex 2.44276 14.1526 2.44276
    endloop
  endfacet
  facet normal 0 -0.952089 -0.30582
    outer loop
      vertex 5.18653 17.9833 17.6128
      vertex 75.0382 17.8632 17.9867
      vertex 4.9618 17.8632 17.9867
    endloop
  endfacet
  facet normal 0 -0.952089 -0.30582
    outer loop
      vertex 75.0382 17.8632 17.9867
      vertex 5.18653 17.9833 17.6128
      vertex 74.8135 17.9833 17.6128
    endloop
  endfacet
  facet normal -0.0203648 -0.778778 -0.626969
    outer loop
      vertex 3.08246 16.0202 21.4346
      vertex 2.95021 15.7761 21.7421
      vertex 3.06987 16 21.4601
    endloop
  endfacet
  facet normal 0 -0.783224 -0.62174
    outer loop
      vertex 2.95021 15.7761 21.7421
      vertex 3.08246 16.0202 21.4346
      vertex 77.0498 15.7761 21.7421
    endloop
  endfacet
  facet normal -0 -0.783224 -0.62174
    outer loop
      vertex 76.9175 16.0202 21.4346
      vertex 77.0498 15.7761 21.7421
      vertex 3.08246 16.0202 21.4346
    endloop
  endfacet
  facet normal 0.020292 -0.778793 -0.626953
    outer loop
      vertex 77.0498 15.7761 21.7421
      vertex 76.9175 16.0202 21.4346
      vertex 76.9301 16 21.4601
    endloop
  endfacet
  facet normal 0 -0.772972 0.63444
    outer loop
      vertex 4.10326 17.2592 4.10326
      vertex 75.6438 17.4668 4.35619
      vertex 4.35619 17.4668 4.35619
    endloop
  endfacet
  facet normal 0 -0.772972 0.63444
    outer loop
      vertex 75.6438 17.4668 4.35619
      vertex 4.10326 17.2592 4.10326
      vertex 75.8967 17.2592 4.10326
    endloop
  endfacet
  facet normal 0 -0.957006 0.290067
    outer loop
      vertex 5.7928 18.2347 5.7928
      vertex 73.8941 18.3296 6.1059
      vertex 6.1059 18.3296 6.1059
    endloop
  endfacet
  facet normal 0 -0.957006 0.290067
    outer loop
      vertex 73.8941 18.3296 6.1059
      vertex 5.7928 18.2347 5.7928
      vertex 74.2072 18.2347 5.7928
    endloop
  endfacet
  facet normal 0 -0.973876 0.22708
    outer loop
      vertex 6.1059 18.3296 6.1059
      vertex 73.5754 18.4039 6.42455
      vertex 6.42455 18.4039 6.42455
    endloop
  endfacet
  facet normal 0 -0.973876 0.22708
    outer loop
      vertex 73.5754 18.4039 6.42455
      vertex 6.1059 18.3296 6.1059
      vertex 73.8941 18.3296 6.1059
    endloop
  endfacet
  facet normal 0.0125074 -0.876791 -0.480709
    outer loop
      vertex 3.9152 17.0831 19.7862
      vertex 3.73032 16.8923 20.1294
      vertex 3.86446 17.0355 19.8717
    endloop
  endfacet
  facet normal 0 -0.874013 -0.485902
    outer loop
      vertex 3.73032 16.8923 20.1294
      vertex 3.9152 17.0831 19.7862
      vertex 76.2697 16.8923 20.1294
    endloop
  endfacet
  facet normal -0 -0.874013 -0.485902
    outer loop
      vertex 76.0848 17.0831 19.7862
      vertex 76.2697 16.8923 20.1294
      vertex 3.9152 17.0831 19.7862
    endloop
  endfacet
  facet normal -0.0126292 -0.876817 -0.480657
    outer loop
      vertex 76.2697 16.8923 20.1294
      vertex 76.0848 17.0831 19.7862
      vertex 76.1355 17.0355 19.8717
    endloop
  endfacet
  facet normal 0.00538143 -0.719482 -0.694491
    outer loop
      vertex 2.72224 15.2584 22.3325
      vertex 2.62836 14.9853 22.6147
      vertex 2.66534 15.1072 22.4887
    endloop
  endfacet
  facet normal 0 -0.718598 -0.695426
    outer loop
      vertex 2.62836 14.9853 22.6147
      vertex 2.72224 15.2584 22.3325
      vertex 77.3716 14.9853 22.6147
    endloop
  endfacet
  facet normal -0 -0.718598 -0.695426
    outer loop
      vertex 77.2777 15.2584 22.3325
      vertex 77.3716 14.9853 22.6147
      vertex 2.72224 15.2584 22.3325
    endloop
  endfacet
  facet normal -0.00539354 -0.719484 -0.694488
    outer loop
      vertex 77.3716 14.9853 22.6147
      vertex 77.2777 15.2584 22.3325
      vertex 77.3346 15.1072 22.4887
    endloop
  endfacet
  facet normal 0.0100705 -0.943379 -0.331564
    outer loop
      vertex 4.9618 17.8632 17.9867
      vertex 4.74039 17.7309 18.3564
      vertex 4.89999 17.8301 18.079
    endloop
  endfacet
  facet normal 0 -0.941529 -0.336933
    outer loop
      vertex 4.74039 17.7309 18.3564
      vertex 4.9618 17.8632 17.9867
      vertex 75.2596 17.7309 18.3564
    endloop
  endfacet
  facet normal -0 -0.941529 -0.336933
    outer loop
      vertex 75.0382 17.8632 17.9867
      vertex 75.2596 17.7309 18.3564
      vertex 4.9618 17.8632 17.9867
    endloop
  endfacet
  facet normal -0.0100821 -0.943381 -0.331558
    outer loop
      vertex 75.2596 17.7309 18.3564
      vertex 75.0382 17.8632 17.9867
      vertex 75.1 17.8301 18.079
    endloop
  endfacet
  facet normal 0 -0.634412 0.772995
    outer loop
      vertex 3.64079 16.7967 3.64079
      vertex 76.5668 16.5438 3.43323
      vertex 76.3592 16.7967 3.64079
    endloop
  endfacet
  facet normal 0 -0.634412 0.772995
    outer loop
      vertex 76.5668 16.5438 3.43323
      vertex 3.64079 16.7967 3.64079
      vertex 3.43323 16.5438 3.43323
    endloop
  endfacet
  facet normal 0 -0.989187 -0.146659
    outer loop
      vertex 6.39627 18.3973 15.6957
      vertex 73.8508 18.3397 16.0842
      vertex 6.14915 18.3397 16.0842
    endloop
  endfacet
  facet normal 0 -0.989187 -0.146659
    outer loop
      vertex 73.8508 18.3397 16.0842
      vertex 6.39627 18.3973 15.6957
      vertex 73.6037 18.3973 15.6957
    endloop
  endfacet
endsolid OpenSCAD_Model
