solid OpenSCAD_Model
  facet normal 0 1 0
    outer loop
      vertex 14.1305 124 23.4886
      vertex 14.6686 124 0
      vertex 13.8695 124 23.4886
    endloop
  endfacet
  facet normal 0 1 0
    outer loop
      vertex 14.3827 124 23.5561
      vertex 14.6686 124 0
      vertex 14.1305 124 23.4886
    endloop
  endfacet
  facet normal 0 1 0
    outer loop
      vertex 14.6088 124 23.6866
      vertex 14.6686 124 0
      vertex 14.3827 124 23.5561
    endloop
  endfacet
  facet normal 0 1 -0
    outer loop
      vertex 14.6686 124 0
      vertex 14.6088 124 23.6866
      vertex 14.6686 124 23.7465
    endloop
  endfacet
  facet normal 0 1 0
    outer loop
      vertex 6.79335 124 25.3112
      vertex 13.0761 124 24.0973
      vertex 6.60876 124 25.1266
    endloop
  endfacet
  facet normal 0 1 0
    outer loop
      vertex 13.0761 124 24.0973
      vertex 6.79335 124 25.3112
      vertex 13.0086 124 24.3495
    endloop
  endfacet
  facet normal 0 1 0
    outer loop
      vertex 6.92388 124 25.5373
      vertex 13.0086 124 24.3495
      vertex 6.79335 124 25.3112
    endloop
  endfacet
  facet normal 0 1 -0
    outer loop
      vertex 13.0086 124 24.3495
      vertex 6.92388 124 25.5373
      vertex 13.0086 124 24.6105
    endloop
  endfacet
  facet normal 0 1 0
    outer loop
      vertex 6.97919 124 25.7437
      vertex 13.0086 124 24.6105
      vertex 6.92388 124 25.5373
    endloop
  endfacet
  facet normal 0 1 -0
    outer loop
      vertex 13.0086 124 24.6105
      vertex 6.97919 124 25.7437
      vertex 13.0208 124 24.6563
    endloop
  endfacet
  facet normal 0 1 -0
    outer loop
      vertex 5.00855 124 26.0505
      vertex 0 124 27
      vertex 5.02081 124 26.0963
    endloop
  endfacet
  facet normal 0 1 -0
    outer loop
      vertex 5.00855 124 25.7895
      vertex 0 124 27
      vertex 5.00855 124 26.0505
    endloop
  endfacet
  facet normal 0 1 0
    outer loop
      vertex 5.07612 124 25.5373
      vertex 0 124 27
      vertex 5.00855 124 25.7895
    endloop
  endfacet
  facet normal 0 1 0
    outer loop
      vertex 5.20665 124 25.3112
      vertex 0 124 27
      vertex 5.07612 124 25.5373
    endloop
  endfacet
  facet normal 0 1 0
    outer loop
      vertex 5.39124 124 25.1266
      vertex 0 124 27
      vertex 5.20665 124 25.3112
    endloop
  endfacet
  facet normal 0 1 0
    outer loop
      vertex 0 124 0
      vertex 0 124 27
      vertex 5.39124 124 25.1266
    endloop
  endfacet
  facet normal 0 1 0
    outer loop
      vertex 0 124 0
      vertex 5.39124 124 25.1266
      vertex 5.61732 124 24.9961
    endloop
  endfacet
  facet normal 0 1 0
    outer loop
      vertex 0 124 0
      vertex 5.61732 124 24.9961
      vertex 5.86947 124 24.9286
    endloop
  endfacet
  facet normal 0 1 0
    outer loop
      vertex 13.2066 124 23.8712
      vertex 6.60876 124 25.1266
      vertex 13.0761 124 24.0973
    endloop
  endfacet
  facet normal 0 1 0
    outer loop
      vertex 6.60876 124 25.1266
      vertex 13.2066 124 23.8712
      vertex 6.38268 124 24.9961
    endloop
  endfacet
  facet normal 0 1 0
    outer loop
      vertex 13.3912 124 23.6866
      vertex 6.38268 124 24.9961
      vertex 13.2066 124 23.8712
    endloop
  endfacet
  facet normal 0 1 0
    outer loop
      vertex 6.38268 124 24.9961
      vertex 13.3912 124 23.6866
      vertex 6.13053 124 24.9286
    endloop
  endfacet
  facet normal 0 1 0
    outer loop
      vertex 0 124 27
      vertex -15 124 24
      vertex -15 124 27
    endloop
  endfacet
  facet normal 0 1 0
    outer loop
      vertex 13.6173 124 23.5561
      vertex 6.13053 124 24.9286
      vertex 13.3912 124 23.6866
    endloop
  endfacet
  facet normal 0 1 0
    outer loop
      vertex 14.6686 124 0
      vertex 6.13053 124 24.9286
      vertex 13.6173 124 23.5561
    endloop
  endfacet
  facet normal 0 1 0
    outer loop
      vertex 0 124 0
      vertex 6.13053 124 24.9286
      vertex 14.6686 124 0
    endloop
  endfacet
  facet normal 0 1 0
    outer loop
      vertex 14.6686 124 0
      vertex 13.6173 124 23.5561
      vertex 13.8695 124 23.4886
    endloop
  endfacet
  facet normal 0 1 0
    outer loop
      vertex 6.13053 124 24.9286
      vertex 0 124 0
      vertex 5.86947 124 24.9286
    endloop
  endfacet
  facet normal 0 1 0
    outer loop
      vertex 0 124 27
      vertex 0 124 0
      vertex -15 124 24
    endloop
  endfacet
  facet normal 0 1 0
    outer loop
      vertex 126.131 124 3.32856
      vertex 150 124 0
      vertex 125.869 124 3.32856
    endloop
  endfacet
  facet normal 0 1 0
    outer loop
      vertex 126.383 124 3.39612
      vertex 150 124 0
      vertex 126.131 124 3.32856
    endloop
  endfacet
  facet normal 0 1 0
    outer loop
      vertex 126.609 124 3.52665
      vertex 150 124 0
      vertex 126.383 124 3.39612
    endloop
  endfacet
  facet normal 0 1 0
    outer loop
      vertex 126.793 124 3.71124
      vertex 150 124 0
      vertex 126.609 124 3.52665
    endloop
  endfacet
  facet normal 0 1 0
    outer loop
      vertex 126.924 124 3.93732
      vertex 150 124 0
      vertex 126.793 124 3.71124
    endloop
  endfacet
  facet normal 0 1 0
    outer loop
      vertex 150 124 0
      vertex 126.924 124 3.93732
      vertex 126.979 124 4.14375
    endloop
  endfacet
  facet normal 0 1 0
    outer loop
      vertex 118.793 124 5.15124
      vertex 125.076 124 3.93732
      vertex 118.609 124 4.96665
    endloop
  endfacet
  facet normal 0 1 0
    outer loop
      vertex 125.076 124 3.93732
      vertex 118.793 124 5.15124
      vertex 125.009 124 4.18947
    endloop
  endfacet
  facet normal 0 1 0
    outer loop
      vertex 118.924 124 5.37732
      vertex 125.009 124 4.18947
      vertex 118.793 124 5.15124
    endloop
  endfacet
  facet normal 0 1 -0
    outer loop
      vertex 125.009 124 4.18947
      vertex 118.924 124 5.37732
      vertex 125.009 124 4.45053
    endloop
  endfacet
  facet normal 0 1 0
    outer loop
      vertex 118.979 124 5.58375
      vertex 125.009 124 4.45053
      vertex 118.924 124 5.37732
    endloop
  endfacet
  facet normal 0 1 -0
    outer loop
      vertex 125.009 124 4.45053
      vertex 118.979 124 5.58375
      vertex 125.021 124 4.49625
    endloop
  endfacet
  facet normal 0 1 0
    outer loop
      vertex 110.793 124 6.59124
      vertex 117.076 124 5.37732
      vertex 110.609 124 6.40665
    endloop
  endfacet
  facet normal 0 1 0
    outer loop
      vertex 117.076 124 5.37732
      vertex 110.793 124 6.59124
      vertex 117.009 124 5.62947
    endloop
  endfacet
  facet normal 0 1 0
    outer loop
      vertex 110.924 124 6.81732
      vertex 117.009 124 5.62947
      vertex 110.793 124 6.59124
    endloop
  endfacet
  facet normal 0 1 -0
    outer loop
      vertex 117.009 124 5.62947
      vertex 110.924 124 6.81732
      vertex 117.009 124 5.89053
    endloop
  endfacet
  facet normal 0 1 0
    outer loop
      vertex 110.979 124 7.02375
      vertex 117.009 124 5.89053
      vertex 110.924 124 6.81732
    endloop
  endfacet
  facet normal 0 1 -0
    outer loop
      vertex 117.009 124 5.89053
      vertex 110.979 124 7.02375
      vertex 117.021 124 5.93625
    endloop
  endfacet
  facet normal 0 1 0
    outer loop
      vertex 102.793 124 8.03124
      vertex 109.076 124 6.81732
      vertex 102.609 124 7.84665
    endloop
  endfacet
  facet normal 0 1 0
    outer loop
      vertex 109.076 124 6.81732
      vertex 102.793 124 8.03124
      vertex 109.009 124 7.06947
    endloop
  endfacet
  facet normal 0 1 0
    outer loop
      vertex 102.924 124 8.25732
      vertex 109.009 124 7.06947
      vertex 102.793 124 8.03124
    endloop
  endfacet
  facet normal 0 1 -0
    outer loop
      vertex 109.009 124 7.06947
      vertex 102.924 124 8.25732
      vertex 109.009 124 7.33053
    endloop
  endfacet
  facet normal 0 1 0
    outer loop
      vertex 102.979 124 8.46375
      vertex 109.009 124 7.33053
      vertex 102.924 124 8.25732
    endloop
  endfacet
  facet normal 0 1 -0
    outer loop
      vertex 109.009 124 7.33053
      vertex 102.979 124 8.46375
      vertex 109.021 124 7.37625
    endloop
  endfacet
  facet normal 0 1 0
    outer loop
      vertex 94.7934 124 9.47124
      vertex 101.076 124 8.25732
      vertex 94.6088 124 9.28665
    endloop
  endfacet
  facet normal 0 1 0
    outer loop
      vertex 101.076 124 8.25732
      vertex 94.7934 124 9.47124
      vertex 101.009 124 8.50947
    endloop
  endfacet
  facet normal 0 1 0
    outer loop
      vertex 94.9239 124 9.69732
      vertex 101.009 124 8.50947
      vertex 94.7934 124 9.47124
    endloop
  endfacet
  facet normal 0 1 -0
    outer loop
      vertex 101.009 124 8.50947
      vertex 94.9239 124 9.69732
      vertex 101.009 124 8.77053
    endloop
  endfacet
  facet normal 0 1 0
    outer loop
      vertex 94.9792 124 9.90375
      vertex 101.009 124 8.77053
      vertex 94.9239 124 9.69732
    endloop
  endfacet
  facet normal 0 1 -0
    outer loop
      vertex 101.009 124 8.77053
      vertex 94.9792 124 9.90375
      vertex 101.021 124 8.81625
    endloop
  endfacet
  facet normal 0 1 0
    outer loop
      vertex 86.7934 124 10.9112
      vertex 93.0761 124 9.69732
      vertex 86.6088 124 10.7266
    endloop
  endfacet
  facet normal 0 1 0
    outer loop
      vertex 93.0761 124 9.69732
      vertex 86.7934 124 10.9112
      vertex 93.0086 124 9.94947
    endloop
  endfacet
  facet normal 0 1 0
    outer loop
      vertex 86.9239 124 11.1373
      vertex 93.0086 124 9.94947
      vertex 86.7934 124 10.9112
    endloop
  endfacet
  facet normal 0 1 -0
    outer loop
      vertex 93.0086 124 9.94947
      vertex 86.9239 124 11.1373
      vertex 93.0086 124 10.2105
    endloop
  endfacet
  facet normal 0 1 0
    outer loop
      vertex 86.9792 124 11.3437
      vertex 93.0086 124 10.2105
      vertex 86.9239 124 11.1373
    endloop
  endfacet
  facet normal 0 1 -0
    outer loop
      vertex 93.0086 124 10.2105
      vertex 86.9792 124 11.3437
      vertex 93.0208 124 10.2563
    endloop
  endfacet
  facet normal 0 1 0
    outer loop
      vertex 78.7934 124 12.3512
      vertex 85.0761 124 11.1373
      vertex 78.6088 124 12.1666
    endloop
  endfacet
  facet normal 0 1 0
    outer loop
      vertex 85.0761 124 11.1373
      vertex 78.7934 124 12.3512
      vertex 85.0086 124 11.3895
    endloop
  endfacet
  facet normal 0 1 0
    outer loop
      vertex 78.9239 124 12.5773
      vertex 85.0086 124 11.3895
      vertex 78.7934 124 12.3512
    endloop
  endfacet
  facet normal 0 1 -0
    outer loop
      vertex 85.0086 124 11.3895
      vertex 78.9239 124 12.5773
      vertex 85.0086 124 11.6505
    endloop
  endfacet
  facet normal 0 1 0
    outer loop
      vertex 78.9792 124 12.7837
      vertex 85.0086 124 11.6505
      vertex 78.9239 124 12.5773
    endloop
  endfacet
  facet normal 0 1 -0
    outer loop
      vertex 85.0086 124 11.6505
      vertex 78.9792 124 12.7837
      vertex 85.0208 124 11.6963
    endloop
  endfacet
  facet normal 0 1 0
    outer loop
      vertex 70.7934 124 13.7912
      vertex 77.0761 124 12.5773
      vertex 70.6088 124 13.6066
    endloop
  endfacet
  facet normal 0 1 0
    outer loop
      vertex 77.0761 124 12.5773
      vertex 70.7934 124 13.7912
      vertex 77.0086 124 12.8295
    endloop
  endfacet
  facet normal 0 1 0
    outer loop
      vertex 70.9239 124 14.0173
      vertex 77.0086 124 12.8295
      vertex 70.7934 124 13.7912
    endloop
  endfacet
  facet normal 0 1 -0
    outer loop
      vertex 77.0086 124 12.8295
      vertex 70.9239 124 14.0173
      vertex 77.0086 124 13.0905
    endloop
  endfacet
  facet normal 0 1 0
    outer loop
      vertex 70.9792 124 14.2237
      vertex 77.0086 124 13.0905
      vertex 70.9239 124 14.0173
    endloop
  endfacet
  facet normal 0 1 -0
    outer loop
      vertex 77.0086 124 13.0905
      vertex 70.9792 124 14.2237
      vertex 77.0208 124 13.1363
    endloop
  endfacet
  facet normal 0 1 0
    outer loop
      vertex 62.7934 124 15.2312
      vertex 69.0761 124 14.0173
      vertex 62.6088 124 15.0466
    endloop
  endfacet
  facet normal 0 1 0
    outer loop
      vertex 69.0761 124 14.0173
      vertex 62.7934 124 15.2312
      vertex 69.0086 124 14.2695
    endloop
  endfacet
  facet normal 0 1 0
    outer loop
      vertex 62.9239 124 15.4573
      vertex 69.0086 124 14.2695
      vertex 62.7934 124 15.2312
    endloop
  endfacet
  facet normal 0 1 -0
    outer loop
      vertex 69.0086 124 14.2695
      vertex 62.9239 124 15.4573
      vertex 69.0086 124 14.5305
    endloop
  endfacet
  facet normal 0 1 0
    outer loop
      vertex 62.9792 124 15.6637
      vertex 69.0086 124 14.5305
      vertex 62.9239 124 15.4573
    endloop
  endfacet
  facet normal 0 1 -0
    outer loop
      vertex 69.0086 124 14.5305
      vertex 62.9792 124 15.6637
      vertex 69.0208 124 14.5763
    endloop
  endfacet
  facet normal 0 1 0
    outer loop
      vertex 54.7934 124 16.6712
      vertex 61.0761 124 15.4573
      vertex 54.6088 124 16.4866
    endloop
  endfacet
  facet normal 0 1 0
    outer loop
      vertex 61.0761 124 15.4573
      vertex 54.7934 124 16.6712
      vertex 61.0086 124 15.7095
    endloop
  endfacet
  facet normal 0 1 0
    outer loop
      vertex 54.9239 124 16.8973
      vertex 61.0086 124 15.7095
      vertex 54.7934 124 16.6712
    endloop
  endfacet
  facet normal 0 1 -0
    outer loop
      vertex 61.0086 124 15.7095
      vertex 54.9239 124 16.8973
      vertex 61.0086 124 15.9705
    endloop
  endfacet
  facet normal 0 1 0
    outer loop
      vertex 54.9792 124 17.1037
      vertex 61.0086 124 15.9705
      vertex 54.9239 124 16.8973
    endloop
  endfacet
  facet normal 0 1 -0
    outer loop
      vertex 61.0086 124 15.9705
      vertex 54.9792 124 17.1037
      vertex 61.0208 124 16.0163
    endloop
  endfacet
  facet normal 0 1 0
    outer loop
      vertex 46.7934 124 18.1112
      vertex 53.0761 124 16.8973
      vertex 46.6088 124 17.9266
    endloop
  endfacet
  facet normal 0 1 0
    outer loop
      vertex 53.0761 124 16.8973
      vertex 46.7934 124 18.1112
      vertex 53.0086 124 17.1495
    endloop
  endfacet
  facet normal 0 1 0
    outer loop
      vertex 46.9239 124 18.3373
      vertex 53.0086 124 17.1495
      vertex 46.7934 124 18.1112
    endloop
  endfacet
  facet normal 0 1 -0
    outer loop
      vertex 53.0086 124 17.1495
      vertex 46.9239 124 18.3373
      vertex 53.0086 124 17.4105
    endloop
  endfacet
  facet normal 0 1 0
    outer loop
      vertex 46.9792 124 18.5437
      vertex 53.0086 124 17.4105
      vertex 46.9239 124 18.3373
    endloop
  endfacet
  facet normal 0 1 -0
    outer loop
      vertex 53.0086 124 17.4105
      vertex 46.9792 124 18.5437
      vertex 53.0208 124 17.4563
    endloop
  endfacet
  facet normal 0 1 0
    outer loop
      vertex 38.7934 124 19.5512
      vertex 45.0761 124 18.3373
      vertex 38.6088 124 19.3666
    endloop
  endfacet
  facet normal 0 1 0
    outer loop
      vertex 45.0761 124 18.3373
      vertex 38.7934 124 19.5512
      vertex 45.0086 124 18.5895
    endloop
  endfacet
  facet normal 0 1 0
    outer loop
      vertex 38.9239 124 19.7773
      vertex 45.0086 124 18.5895
      vertex 38.7934 124 19.5512
    endloop
  endfacet
  facet normal 0 1 -0
    outer loop
      vertex 45.0086 124 18.5895
      vertex 38.9239 124 19.7773
      vertex 45.0086 124 18.8505
    endloop
  endfacet
  facet normal 0 1 0
    outer loop
      vertex 38.9792 124 19.9837
      vertex 45.0086 124 18.8505
      vertex 38.9239 124 19.7773
    endloop
  endfacet
  facet normal 0 1 -0
    outer loop
      vertex 45.0086 124 18.8505
      vertex 38.9792 124 19.9837
      vertex 45.0208 124 18.8963
    endloop
  endfacet
  facet normal 0 1 0
    outer loop
      vertex 30.7934 124 20.9912
      vertex 37.0761 124 19.7773
      vertex 30.6088 124 20.8066
    endloop
  endfacet
  facet normal 0 1 0
    outer loop
      vertex 37.0761 124 19.7773
      vertex 30.7934 124 20.9912
      vertex 37.0086 124 20.0295
    endloop
  endfacet
  facet normal 0 1 0
    outer loop
      vertex 30.9239 124 21.2173
      vertex 37.0086 124 20.0295
      vertex 30.7934 124 20.9912
    endloop
  endfacet
  facet normal 0 1 -0
    outer loop
      vertex 37.0086 124 20.0295
      vertex 30.9239 124 21.2173
      vertex 37.0086 124 20.2905
    endloop
  endfacet
  facet normal 0 1 0
    outer loop
      vertex 30.9792 124 21.4237
      vertex 37.0086 124 20.2905
      vertex 30.9239 124 21.2173
    endloop
  endfacet
  facet normal 0 1 -0
    outer loop
      vertex 37.0086 124 20.2905
      vertex 30.9792 124 21.4237
      vertex 37.0208 124 20.3363
    endloop
  endfacet
  facet normal 0 1 0
    outer loop
      vertex 37.2066 124 19.5512
      vertex 30.6088 124 20.8066
      vertex 37.0761 124 19.7773
    endloop
  endfacet
  facet normal 0 1 0
    outer loop
      vertex 30.6088 124 20.8066
      vertex 37.2066 124 19.5512
      vertex 30.3827 124 20.6761
    endloop
  endfacet
  facet normal 0 1 0
    outer loop
      vertex 37.3912 124 19.3666
      vertex 30.3827 124 20.6761
      vertex 37.2066 124 19.5512
    endloop
  endfacet
  facet normal 0 1 0
    outer loop
      vertex 30.3827 124 20.6761
      vertex 37.3912 124 19.3666
      vertex 30.1305 124 20.6086
    endloop
  endfacet
  facet normal 0 1 0
    outer loop
      vertex 29.3323 124 0
      vertex 30.1305 124 20.6086
      vertex 37.3912 124 19.3666
    endloop
  endfacet
  facet normal 0 1 0
    outer loop
      vertex 29.3323 124 0
      vertex 37.3912 124 19.3666
      vertex 37.6173 124 19.2361
    endloop
  endfacet
  facet normal 0 1 0
    outer loop
      vertex 29.3323 124 0
      vertex 37.6173 124 19.2361
      vertex 37.8695 124 19.1686
    endloop
  endfacet
  facet normal 0 1 0
    outer loop
      vertex 45.2066 124 18.1112
      vertex 38.6088 124 19.3666
      vertex 45.0761 124 18.3373
    endloop
  endfacet
  facet normal 0 1 0
    outer loop
      vertex 38.6088 124 19.3666
      vertex 45.2066 124 18.1112
      vertex 38.3827 124 19.2361
    endloop
  endfacet
  facet normal 0 1 0
    outer loop
      vertex 45.3912 124 17.9266
      vertex 38.3827 124 19.2361
      vertex 45.2066 124 18.1112
    endloop
  endfacet
  facet normal 0 1 0
    outer loop
      vertex 38.3827 124 19.2361
      vertex 45.3912 124 17.9266
      vertex 38.1305 124 19.1686
    endloop
  endfacet
  facet normal 0 1 0
    outer loop
      vertex 45.6173 124 17.7961
      vertex 38.1305 124 19.1686
      vertex 45.3912 124 17.9266
    endloop
  endfacet
  facet normal 0 1 0
    outer loop
      vertex 29.3323 124 0
      vertex 38.1305 124 19.1686
      vertex 45.6173 124 17.7961
    endloop
  endfacet
  facet normal 0 1 0
    outer loop
      vertex 29.3323 124 0
      vertex 45.6173 124 17.7961
      vertex 45.8695 124 17.7286
    endloop
  endfacet
  facet normal 0 1 0
    outer loop
      vertex 38.1305 124 19.1686
      vertex 29.3323 124 0
      vertex 37.8695 124 19.1686
    endloop
  endfacet
  facet normal 0 1 0
    outer loop
      vertex 53.2066 124 16.6712
      vertex 46.6088 124 17.9266
      vertex 53.0761 124 16.8973
    endloop
  endfacet
  facet normal 0 1 0
    outer loop
      vertex 46.6088 124 17.9266
      vertex 53.2066 124 16.6712
      vertex 46.3827 124 17.7961
    endloop
  endfacet
  facet normal 0 1 0
    outer loop
      vertex 53.3912 124 16.4866
      vertex 46.3827 124 17.7961
      vertex 53.2066 124 16.6712
    endloop
  endfacet
  facet normal 0 1 0
    outer loop
      vertex 46.3827 124 17.7961
      vertex 53.3912 124 16.4866
      vertex 46.1305 124 17.7286
    endloop
  endfacet
  facet normal 0 1 0
    outer loop
      vertex 53.6173 124 16.3561
      vertex 46.1305 124 17.7286
      vertex 53.3912 124 16.4866
    endloop
  endfacet
  facet normal 0 1 0
    outer loop
      vertex 29.3323 124 0
      vertex 46.1305 124 17.7286
      vertex 53.6173 124 16.3561
    endloop
  endfacet
  facet normal 0 1 0
    outer loop
      vertex 29.3323 124 0
      vertex 53.6173 124 16.3561
      vertex 53.8695 124 16.2886
    endloop
  endfacet
  facet normal 0 1 0
    outer loop
      vertex 61.2066 124 15.2312
      vertex 54.6088 124 16.4866
      vertex 61.0761 124 15.4573
    endloop
  endfacet
  facet normal 0 1 0
    outer loop
      vertex 54.6088 124 16.4866
      vertex 61.2066 124 15.2312
      vertex 54.3827 124 16.3561
    endloop
  endfacet
  facet normal 0 1 0
    outer loop
      vertex 61.3912 124 15.0466
      vertex 54.3827 124 16.3561
      vertex 61.2066 124 15.2312
    endloop
  endfacet
  facet normal 0 1 0
    outer loop
      vertex 54.3827 124 16.3561
      vertex 61.3912 124 15.0466
      vertex 54.1305 124 16.2886
    endloop
  endfacet
  facet normal 0 1 0
    outer loop
      vertex 61.6173 124 14.9161
      vertex 54.1305 124 16.2886
      vertex 61.3912 124 15.0466
    endloop
  endfacet
  facet normal 0 1 0
    outer loop
      vertex 54.1305 124 16.2886
      vertex 61.6173 124 14.9161
      vertex 53.8695 124 16.2886
    endloop
  endfacet
  facet normal 0 1 0
    outer loop
      vertex 29.3323 124 0
      vertex 61.6173 124 14.9161
      vertex 61.8695 124 14.8486
    endloop
  endfacet
  facet normal 0 1 0
    outer loop
      vertex 61.6173 124 14.9161
      vertex 29.3323 124 0
      vertex 53.8695 124 16.2886
    endloop
  endfacet
  facet normal 0 1 0
    outer loop
      vertex 69.2066 124 13.7912
      vertex 62.6088 124 15.0466
      vertex 69.0761 124 14.0173
    endloop
  endfacet
  facet normal 0 1 0
    outer loop
      vertex 62.6088 124 15.0466
      vertex 69.2066 124 13.7912
      vertex 62.3827 124 14.9161
    endloop
  endfacet
  facet normal 0 1 0
    outer loop
      vertex 69.3912 124 13.6066
      vertex 62.3827 124 14.9161
      vertex 69.2066 124 13.7912
    endloop
  endfacet
  facet normal 0 1 0
    outer loop
      vertex 62.3827 124 14.9161
      vertex 69.3912 124 13.6066
      vertex 62.1305 124 14.8486
    endloop
  endfacet
  facet normal 0 1 0
    outer loop
      vertex 69.6173 124 13.4761
      vertex 62.1305 124 14.8486
      vertex 69.3912 124 13.6066
    endloop
  endfacet
  facet normal 0 1 0
    outer loop
      vertex 62.1305 124 14.8486
      vertex 69.6173 124 13.4761
      vertex 61.8695 124 14.8486
    endloop
  endfacet
  facet normal 0 1 0
    outer loop
      vertex 29.3323 124 0
      vertex 69.6173 124 13.4761
      vertex 69.8695 124 13.4086
    endloop
  endfacet
  facet normal 0 1 0
    outer loop
      vertex 77.2066 124 12.3512
      vertex 70.6088 124 13.6066
      vertex 77.0761 124 12.5773
    endloop
  endfacet
  facet normal 0 1 0
    outer loop
      vertex 70.6088 124 13.6066
      vertex 77.2066 124 12.3512
      vertex 70.3827 124 13.4761
    endloop
  endfacet
  facet normal 0 1 0
    outer loop
      vertex 77.3912 124 12.1666
      vertex 70.3827 124 13.4761
      vertex 77.2066 124 12.3512
    endloop
  endfacet
  facet normal 0 1 0
    outer loop
      vertex 70.3827 124 13.4761
      vertex 77.3912 124 12.1666
      vertex 70.1305 124 13.4086
    endloop
  endfacet
  facet normal 0 1 0
    outer loop
      vertex 77.6173 124 12.0361
      vertex 70.1305 124 13.4086
      vertex 77.3912 124 12.1666
    endloop
  endfacet
  facet normal 0 1 0
    outer loop
      vertex 70.1305 124 13.4086
      vertex 77.6173 124 12.0361
      vertex 69.8695 124 13.4086
    endloop
  endfacet
  facet normal 0 1 0
    outer loop
      vertex 77.8695 124 11.9686
      vertex 69.8695 124 13.4086
      vertex 77.6173 124 12.0361
    endloop
  endfacet
  facet normal 0 1 0
    outer loop
      vertex 29.3323 124 0
      vertex 69.8695 124 13.4086
      vertex 77.8695 124 11.9686
    endloop
  endfacet
  facet normal 0 1 0
    outer loop
      vertex 69.6173 124 13.4761
      vertex 29.3323 124 0
      vertex 61.8695 124 14.8486
    endloop
  endfacet
  facet normal 0 1 0
    outer loop
      vertex 85.2066 124 10.9112
      vertex 78.6088 124 12.1666
      vertex 85.0761 124 11.1373
    endloop
  endfacet
  facet normal 0 1 0
    outer loop
      vertex 78.6088 124 12.1666
      vertex 85.2066 124 10.9112
      vertex 78.3827 124 12.0361
    endloop
  endfacet
  facet normal 0 1 0
    outer loop
      vertex 85.3912 124 10.7266
      vertex 78.3827 124 12.0361
      vertex 85.2066 124 10.9112
    endloop
  endfacet
  facet normal 0 1 0
    outer loop
      vertex 78.3827 124 12.0361
      vertex 85.3912 124 10.7266
      vertex 78.1305 124 11.9686
    endloop
  endfacet
  facet normal 0 1 0
    outer loop
      vertex 85.6173 124 10.5961
      vertex 78.1305 124 11.9686
      vertex 85.3912 124 10.7266
    endloop
  endfacet
  facet normal 0 1 0
    outer loop
      vertex 78.1305 124 11.9686
      vertex 85.6173 124 10.5961
      vertex 77.8695 124 11.9686
    endloop
  endfacet
  facet normal 0 1 0
    outer loop
      vertex 85.8695 124 10.5286
      vertex 77.8695 124 11.9686
      vertex 85.6173 124 10.5961
    endloop
  endfacet
  facet normal 0 1 0
    outer loop
      vertex 93.2066 124 9.47124
      vertex 86.6088 124 10.7266
      vertex 93.0761 124 9.69732
    endloop
  endfacet
  facet normal 0 1 0
    outer loop
      vertex 86.6088 124 10.7266
      vertex 93.2066 124 9.47124
      vertex 86.3827 124 10.5961
    endloop
  endfacet
  facet normal 0 1 0
    outer loop
      vertex 93.3912 124 9.28665
      vertex 86.3827 124 10.5961
      vertex 93.2066 124 9.47124
    endloop
  endfacet
  facet normal 0 1 0
    outer loop
      vertex 86.3827 124 10.5961
      vertex 93.3912 124 9.28665
      vertex 86.1305 124 10.5286
    endloop
  endfacet
  facet normal 0 1 0
    outer loop
      vertex 93.6173 124 9.15612
      vertex 86.1305 124 10.5286
      vertex 93.3912 124 9.28665
    endloop
  endfacet
  facet normal 0 1 0
    outer loop
      vertex 86.1305 124 10.5286
      vertex 93.6173 124 9.15612
      vertex 85.8695 124 10.5286
    endloop
  endfacet
  facet normal 0 1 0
    outer loop
      vertex 93.8695 124 9.08855
      vertex 85.8695 124 10.5286
      vertex 93.6173 124 9.15612
    endloop
  endfacet
  facet normal 0 1 0
    outer loop
      vertex 29.3323 124 0
      vertex 85.8695 124 10.5286
      vertex 93.8695 124 9.08855
    endloop
  endfacet
  facet normal 0 1 0
    outer loop
      vertex 85.8695 124 10.5286
      vertex 29.3323 124 0
      vertex 77.8695 124 11.9686
    endloop
  endfacet
  facet normal 0 1 0
    outer loop
      vertex 101.207 124 8.03124
      vertex 94.6088 124 9.28665
      vertex 101.076 124 8.25732
    endloop
  endfacet
  facet normal 0 1 0
    outer loop
      vertex 94.6088 124 9.28665
      vertex 101.207 124 8.03124
      vertex 94.3827 124 9.15612
    endloop
  endfacet
  facet normal 0 1 0
    outer loop
      vertex 101.391 124 7.84665
      vertex 94.3827 124 9.15612
      vertex 101.207 124 8.03124
    endloop
  endfacet
  facet normal 0 1 0
    outer loop
      vertex 94.3827 124 9.15612
      vertex 101.391 124 7.84665
      vertex 94.1305 124 9.08855
    endloop
  endfacet
  facet normal 0 1 0
    outer loop
      vertex 101.617 124 7.71612
      vertex 94.1305 124 9.08855
      vertex 101.391 124 7.84665
    endloop
  endfacet
  facet normal 0 1 0
    outer loop
      vertex 94.1305 124 9.08855
      vertex 101.617 124 7.71612
      vertex 93.8695 124 9.08855
    endloop
  endfacet
  facet normal 0 1 0
    outer loop
      vertex 101.869 124 7.64855
      vertex 93.8695 124 9.08855
      vertex 101.617 124 7.71612
    endloop
  endfacet
  facet normal 0 1 0
    outer loop
      vertex 109.207 124 6.59124
      vertex 102.609 124 7.84665
      vertex 109.076 124 6.81732
    endloop
  endfacet
  facet normal 0 1 0
    outer loop
      vertex 102.609 124 7.84665
      vertex 109.207 124 6.59124
      vertex 102.383 124 7.71612
    endloop
  endfacet
  facet normal 0 1 0
    outer loop
      vertex 109.391 124 6.40665
      vertex 102.383 124 7.71612
      vertex 109.207 124 6.59124
    endloop
  endfacet
  facet normal 0 1 0
    outer loop
      vertex 102.383 124 7.71612
      vertex 109.391 124 6.40665
      vertex 102.131 124 7.64855
    endloop
  endfacet
  facet normal 0 1 0
    outer loop
      vertex 109.617 124 6.27612
      vertex 102.131 124 7.64855
      vertex 109.391 124 6.40665
    endloop
  endfacet
  facet normal 0 1 0
    outer loop
      vertex 102.131 124 7.64855
      vertex 109.617 124 6.27612
      vertex 101.869 124 7.64855
    endloop
  endfacet
  facet normal 0 1 0
    outer loop
      vertex 109.869 124 6.20855
      vertex 101.869 124 7.64855
      vertex 109.617 124 6.27612
    endloop
  endfacet
  facet normal 0 1 0
    outer loop
      vertex 29.3323 124 0
      vertex 101.869 124 7.64855
      vertex 109.869 124 6.20855
    endloop
  endfacet
  facet normal 0 1 0
    outer loop
      vertex 101.869 124 7.64855
      vertex 29.3323 124 0
      vertex 93.8695 124 9.08855
    endloop
  endfacet
  facet normal 0 1 0
    outer loop
      vertex 117.207 124 5.15124
      vertex 110.609 124 6.40665
      vertex 117.076 124 5.37732
    endloop
  endfacet
  facet normal 0 1 0
    outer loop
      vertex 110.609 124 6.40665
      vertex 117.207 124 5.15124
      vertex 110.383 124 6.27612
    endloop
  endfacet
  facet normal 0 1 0
    outer loop
      vertex 117.391 124 4.96665
      vertex 110.383 124 6.27612
      vertex 117.207 124 5.15124
    endloop
  endfacet
  facet normal 0 1 0
    outer loop
      vertex 110.383 124 6.27612
      vertex 117.391 124 4.96665
      vertex 110.131 124 6.20855
    endloop
  endfacet
  facet normal 0 1 0
    outer loop
      vertex 117.617 124 4.83612
      vertex 110.131 124 6.20855
      vertex 117.391 124 4.96665
    endloop
  endfacet
  facet normal 0 1 0
    outer loop
      vertex 110.131 124 6.20855
      vertex 117.617 124 4.83612
      vertex 109.869 124 6.20855
    endloop
  endfacet
  facet normal 0 1 0
    outer loop
      vertex 117.869 124 4.76855
      vertex 109.869 124 6.20855
      vertex 117.617 124 4.83612
    endloop
  endfacet
  facet normal 0 1 0
    outer loop
      vertex 125.207 124 3.71124
      vertex 118.609 124 4.96665
      vertex 125.076 124 3.93732
    endloop
  endfacet
  facet normal 0 1 0
    outer loop
      vertex 118.609 124 4.96665
      vertex 125.207 124 3.71124
      vertex 118.383 124 4.83612
    endloop
  endfacet
  facet normal 0 1 0
    outer loop
      vertex 125.391 124 3.52665
      vertex 118.383 124 4.83612
      vertex 125.207 124 3.71124
    endloop
  endfacet
  facet normal 0 1 0
    outer loop
      vertex 118.383 124 4.83612
      vertex 125.391 124 3.52665
      vertex 118.131 124 4.76855
    endloop
  endfacet
  facet normal 0 1 0
    outer loop
      vertex 125.617 124 3.39612
      vertex 118.131 124 4.76855
      vertex 125.391 124 3.52665
    endloop
  endfacet
  facet normal 0 1 0
    outer loop
      vertex 118.131 124 4.76855
      vertex 125.617 124 3.39612
      vertex 117.869 124 4.76855
    endloop
  endfacet
  facet normal 0 1 0
    outer loop
      vertex 125.869 124 3.32856
      vertex 117.869 124 4.76855
      vertex 125.617 124 3.39612
    endloop
  endfacet
  facet normal 0 1 0
    outer loop
      vertex 29.3323 124 0
      vertex 117.869 124 4.76855
      vertex 125.869 124 3.32856
    endloop
  endfacet
  facet normal 0 1 0
    outer loop
      vertex 29.3912 124 20.8066
      vertex 29.3323 124 0
      vertex 29.3323 124 20.8656
    endloop
  endfacet
  facet normal 0 1 0
    outer loop
      vertex 29.6173 124 20.6761
      vertex 29.3323 124 0
      vertex 29.3912 124 20.8066
    endloop
  endfacet
  facet normal 0 1 0
    outer loop
      vertex 29.8695 124 20.6086
      vertex 29.3323 124 0
      vertex 29.6173 124 20.6761
    endloop
  endfacet
  facet normal 0 1 0
    outer loop
      vertex 30.1305 124 20.6086
      vertex 29.3323 124 0
      vertex 29.8695 124 20.6086
    endloop
  endfacet
  facet normal 0 1 0
    outer loop
      vertex 46.1305 124 17.7286
      vertex 29.3323 124 0
      vertex 45.8695 124 17.7286
    endloop
  endfacet
  facet normal 0 1 0
    outer loop
      vertex 117.869 124 4.76855
      vertex 29.3323 124 0
      vertex 109.869 124 6.20855
    endloop
  endfacet
  facet normal 0 1 0
    outer loop
      vertex 29.3323 124 0
      vertex 125.869 124 3.32856
      vertex 150 124 0
    endloop
  endfacet
  facet normal 0 1 0
    outer loop
      vertex 31.9189 138 21.2546
      vertex 30.9239 138 21.2173
      vertex 30.9792 138 21.4237
    endloop
  endfacet
  facet normal 0 1 0
    outer loop
      vertex 31.9189 138 21.2546
      vertex 30.7934 138 20.9912
      vertex 30.9239 138 21.2173
    endloop
  endfacet
  facet normal 0 1 0
    outer loop
      vertex 31.9189 138 21.2546
      vertex 30.6088 138 20.8066
      vertex 30.7934 138 20.9912
    endloop
  endfacet
  facet normal 0 1 0
    outer loop
      vertex 31.9189 138 21.2546
      vertex 30.3827 138 20.6761
      vertex 30.6088 138 20.8066
    endloop
  endfacet
  facet normal 0 1 0
    outer loop
      vertex 30.1305 138 20.6086
      vertex 31.9189 138 0
      vertex 29.8695 138 20.6086
    endloop
  endfacet
  facet normal 0 1 0
    outer loop
      vertex 30.3827 138 20.6761
      vertex 31.9189 138 0
      vertex 30.1305 138 20.6086
    endloop
  endfacet
  facet normal 0 1 -0
    outer loop
      vertex 31.9189 138 0
      vertex 30.3827 138 20.6761
      vertex 31.9189 138 21.2546
    endloop
  endfacet
  facet normal 0 1 0
    outer loop
      vertex 22.7934 138 22.4312
      vertex 29.0761 138 21.2173
      vertex 22.6088 138 22.2466
    endloop
  endfacet
  facet normal 0 1 0
    outer loop
      vertex 29.0761 138 21.2173
      vertex 22.7934 138 22.4312
      vertex 29.0086 138 21.4695
    endloop
  endfacet
  facet normal 0 1 0
    outer loop
      vertex 22.9239 138 22.6573
      vertex 29.0086 138 21.4695
      vertex 22.7934 138 22.4312
    endloop
  endfacet
  facet normal 0 1 -0
    outer loop
      vertex 29.0086 138 21.4695
      vertex 22.9239 138 22.6573
      vertex 29.0086 138 21.7305
    endloop
  endfacet
  facet normal 0 1 0
    outer loop
      vertex 22.9792 138 22.8637
      vertex 29.0086 138 21.7305
      vertex 22.9239 138 22.6573
    endloop
  endfacet
  facet normal 0 1 -0
    outer loop
      vertex 29.0086 138 21.7305
      vertex 22.9792 138 22.8637
      vertex 29.0208 138 21.7763
    endloop
  endfacet
  facet normal 0 1 0
    outer loop
      vertex 14.7934 138 23.8712
      vertex 21.0761 138 22.6573
      vertex 14.6088 138 23.6866
    endloop
  endfacet
  facet normal 0 1 0
    outer loop
      vertex 21.0761 138 22.6573
      vertex 14.7934 138 23.8712
      vertex 21.0086 138 22.9095
    endloop
  endfacet
  facet normal 0 1 0
    outer loop
      vertex 14.9239 138 24.0973
      vertex 21.0086 138 22.9095
      vertex 14.7934 138 23.8712
    endloop
  endfacet
  facet normal 0 1 -0
    outer loop
      vertex 21.0086 138 22.9095
      vertex 14.9239 138 24.0973
      vertex 21.0086 138 23.1705
    endloop
  endfacet
  facet normal 0 1 0
    outer loop
      vertex 14.9792 138 24.3037
      vertex 21.0086 138 23.1705
      vertex 14.9239 138 24.0973
    endloop
  endfacet
  facet normal 0 1 -0
    outer loop
      vertex 21.0086 138 23.1705
      vertex 14.9792 138 24.3037
      vertex 21.0208 138 23.2163
    endloop
  endfacet
  facet normal 0 1 -0
    outer loop
      vertex 13.0086 138 24.6105
      vertex 12.0811 138 24.8254
      vertex 13.0208 138 24.6563
    endloop
  endfacet
  facet normal 0 1 -0
    outer loop
      vertex 13.0086 138 24.3495
      vertex 12.0811 138 24.8254
      vertex 13.0086 138 24.6105
    endloop
  endfacet
  facet normal 0 1 0
    outer loop
      vertex 13.0761 138 24.0973
      vertex 12.0811 138 24.8254
      vertex 13.0086 138 24.3495
    endloop
  endfacet
  facet normal 0 1 0
    outer loop
      vertex 13.2066 138 23.8712
      vertex 12.0811 138 24.8254
      vertex 13.0761 138 24.0973
    endloop
  endfacet
  facet normal 0 1 0
    outer loop
      vertex 13.3912 138 23.6866
      vertex 12.0811 138 24.8254
      vertex 13.2066 138 23.8712
    endloop
  endfacet
  facet normal 0 1 0
    outer loop
      vertex 21.2066 138 22.4312
      vertex 14.6088 138 23.6866
      vertex 21.0761 138 22.6573
    endloop
  endfacet
  facet normal 0 1 0
    outer loop
      vertex 14.6088 138 23.6866
      vertex 21.2066 138 22.4312
      vertex 14.3827 138 23.5561
    endloop
  endfacet
  facet normal 0 1 0
    outer loop
      vertex 21.3912 138 22.2466
      vertex 14.3827 138 23.5561
      vertex 21.2066 138 22.4312
    endloop
  endfacet
  facet normal 0 1 0
    outer loop
      vertex 14.3827 138 23.5561
      vertex 21.3912 138 22.2466
      vertex 14.1305 138 23.4886
    endloop
  endfacet
  facet normal 0 1 0
    outer loop
      vertex 21.6173 138 22.1161
      vertex 14.1305 138 23.4886
      vertex 21.3912 138 22.2466
    endloop
  endfacet
  facet normal 0 1 0
    outer loop
      vertex 12.0811 138 0
      vertex 14.1305 138 23.4886
      vertex 21.6173 138 22.1161
    endloop
  endfacet
  facet normal 0 1 0
    outer loop
      vertex 12.0811 138 0
      vertex 21.6173 138 22.1161
      vertex 21.8695 138 22.0486
    endloop
  endfacet
  facet normal 0 1 0
    outer loop
      vertex 29.2066 138 20.9912
      vertex 22.6088 138 22.2466
      vertex 29.0761 138 21.2173
    endloop
  endfacet
  facet normal 0 1 0
    outer loop
      vertex 22.6088 138 22.2466
      vertex 29.2066 138 20.9912
      vertex 22.3827 138 22.1161
    endloop
  endfacet
  facet normal 0 1 0
    outer loop
      vertex 29.3912 138 20.8066
      vertex 22.3827 138 22.1161
      vertex 29.2066 138 20.9912
    endloop
  endfacet
  facet normal 0 1 0
    outer loop
      vertex 22.3827 138 22.1161
      vertex 29.3912 138 20.8066
      vertex 22.1305 138 22.0486
    endloop
  endfacet
  facet normal 0 1 0
    outer loop
      vertex 29.6173 138 20.6761
      vertex 22.1305 138 22.0486
      vertex 29.3912 138 20.8066
    endloop
  endfacet
  facet normal 0 1 0
    outer loop
      vertex 31.9189 138 0
      vertex 22.1305 138 22.0486
      vertex 29.6173 138 20.6761
    endloop
  endfacet
  facet normal 0 1 0
    outer loop
      vertex 31.9189 138 0
      vertex 29.6173 138 20.6761
      vertex 29.8695 138 20.6086
    endloop
  endfacet
  facet normal 0 1 0
    outer loop
      vertex 22.1305 138 22.0486
      vertex 31.9189 138 0
      vertex 21.8695 138 22.0486
    endloop
  endfacet
  facet normal 0 1 0
    outer loop
      vertex 12.0811 138 0
      vertex 21.8695 138 22.0486
      vertex 31.9189 138 0
    endloop
  endfacet
  facet normal 0 1 0
    outer loop
      vertex 14.1305 138 23.4886
      vertex 12.0811 138 0
      vertex 13.8695 138 23.4886
    endloop
  endfacet
  facet normal 0 1 0
    outer loop
      vertex 13.8695 138 23.4886
      vertex 12.0811 138 0
      vertex 13.6173 138 23.5561
    endloop
  endfacet
  facet normal 0 1 0
    outer loop
      vertex 13.6173 138 23.5561
      vertex 12.0811 138 0
      vertex 13.3912 138 23.6866
    endloop
  endfacet
  facet normal 0 1 0
    outer loop
      vertex 13.3912 138 23.6866
      vertex 12.0811 138 0
      vertex 12.0811 138 24.8254
    endloop
  endfacet
  facet normal 0.177152 -0 0.984184
    outer loop
      vertex 126.979 18.4166 4.14375
      vertex 150 124 0
      vertex 126.979 124 4.14375
    endloop
  endfacet
  facet normal 0.177152 0 0.984184
    outer loop
      vertex 150 124 0
      vertex 126.979 18.4166 4.14375
      vertex 150 0 0
    endloop
  endfacet
  facet normal 0.177144 -0 0.984185
    outer loop
      vertex 0 120 27
      vertex 5.02081 124 26.0963
      vertex 0 124 27
    endloop
  endfacet
  facet normal 0.177144 0 0.984185
    outer loop
      vertex 5.02081 124 26.0963
      vertex 0 120 27
      vertex 5.02081 115.983 26.0963
    endloop
  endfacet
  facet normal 0.177106 1.4787e-05 0.984192
    outer loop
      vertex 10.6581 136.026 25.0815
      vertex 13.0208 138 24.6563
      vertex 12.0811 138 24.8254
    endloop
  endfacet
  facet normal 0.176929 0.000146506 0.984224
    outer loop
      vertex 10.6581 136.026 25.0815
      vertex 12.0811 138 24.8254
      vertex 11.8853 137.987 24.8606
    endloop
  endfacet
  facet normal 0.177537 -0.000246071 0.984114
    outer loop
      vertex 10.6581 136.026 25.0815
      vertex 11.8853 137.987 24.8606
      vertex 11.6929 137.949 24.8953
    endloop
  endfacet
  facet normal 0.17689 0.00011335 0.984231
    outer loop
      vertex 10.6581 136.026 25.0815
      vertex 11.6929 137.949 24.8953
      vertex 11.5071 137.886 24.9287
    endloop
  endfacet
  facet normal 0.177299 -7.95876e-05 0.984157
    outer loop
      vertex 10.6581 136.026 25.0815
      vertex 11.5071 137.886 24.9287
      vertex 11.3311 137.799 24.9604
    endloop
  endfacet
  facet normal 0.177501 -0.00015864 0.984121
    outer loop
      vertex 10.6581 136.026 25.0815
      vertex 11.3311 137.799 24.9604
      vertex 11.168 137.69 24.9898
    endloop
  endfacet
  facet normal 0.176768 7.34096e-05 0.984253
    outer loop
      vertex 10.6581 136.026 25.0815
      vertex 11.168 137.69 24.9898
      vertex 11.0205 137.561 25.0163
    endloop
  endfacet
  facet normal 0.177265 -4.77849e-05 0.984163
    outer loop
      vertex 10.6581 136.026 25.0815
      vertex 11.0205 137.561 25.0163
      vertex 10.8911 137.413 25.0396
    endloop
  endfacet
  facet normal 0.176974 2.60825e-06 0.984215
    outer loop
      vertex 10.6581 136.026 25.0815
      vertex 10.8911 137.413 25.0396
      vertex 10.7821 137.25 25.0592
    endloop
  endfacet
  facet normal 0.176861 1.4457e-05 0.984236
    outer loop
      vertex 10.6581 136.026 25.0815
      vertex 10.7821 137.25 25.0592
      vertex 10.6953 137.074 25.0748
    endloop
  endfacet
  facet normal 0.177118 0 0.98419
    outer loop
      vertex 13.0208 138 24.6563
      vertex 10.6581 136.026 25.0815
      vertex 13.0208 128.938 24.6563
    endloop
  endfacet
  facet normal 0.17785 -2.17721e-05 0.984058
    outer loop
      vertex 10.6322 136.888 25.0862
      vertex 10.6581 136.026 25.0815
      vertex 10.6953 137.074 25.0748
    endloop
  endfacet
  facet normal 0.177857 -2.15499e-05 0.984056
    outer loop
      vertex 10.594 136.696 25.0931
      vertex 10.6581 136.026 25.0815
      vertex 10.6322 136.888 25.0862
    endloop
  endfacet
  facet normal 0.178075 0 0.984017
    outer loop
      vertex 10.594 136.696 25.0931
      vertex 10.594 136.304 25.0931
      vertex 10.6581 136.026 25.0815
    endloop
  endfacet
  facet normal 0.175526 -0 0.984475
    outer loop
      vertex 10.594 136.304 25.0931
      vertex 10.594 136.696 25.0931
      vertex 10.5811 136.5 25.0954
    endloop
  endfacet
  facet normal 0.176188 -1.56368e-05 0.984357
    outer loop
      vertex 33.4151 136.606 20.9853
      vertex 33.3916 136.215 20.9895
      vertex 33.4162 136.41 20.9851
    endloop
  endfacet
  facet normal 0.176633 -4.32442e-05 0.984277
    outer loop
      vertex 33.3884 136.801 20.9901
      vertex 33.3916 136.215 20.9895
      vertex 33.4151 136.606 20.9853
    endloop
  endfacet
  facet normal 0.178313 -3.37601e-05 0.983974
    outer loop
      vertex 33.3884 136.801 20.9901
      vertex 33.3419 136.026 20.9985
      vertex 33.3916 136.215 20.9895
    endloop
  endfacet
  facet normal 0.176901 5.37033e-05 0.984229
    outer loop
      vertex 33.3366 136.99 20.9994
      vertex 33.3419 136.026 20.9985
      vertex 33.3884 136.801 20.9901
    endloop
  endfacet
  facet normal 0.177307 5.60036e-05 0.984156
    outer loop
      vertex 33.2605 137.171 21.0131
      vertex 33.3419 136.026 20.9985
      vertex 33.3366 136.99 20.9994
    endloop
  endfacet
  facet normal 0.177018 3.47838e-05 0.984208
    outer loop
      vertex 33.1615 137.34 21.0309
      vertex 33.3419 136.026 20.9985
      vertex 33.2605 137.171 21.0131
    endloop
  endfacet
  facet normal 0.177678 0.000128275 0.984089
    outer loop
      vertex 33.0412 137.495 21.0526
      vertex 33.3419 136.026 20.9985
      vertex 33.1615 137.34 21.0309
    endloop
  endfacet
  facet normal 0.177088 3.73374e-06 0.984195
    outer loop
      vertex 32.9017 137.633 21.0777
      vertex 33.3419 136.026 20.9985
      vertex 33.0412 137.495 21.0526
    endloop
  endfacet
  facet normal 0.176912 -4.62431e-05 0.984227
    outer loop
      vertex 32.7454 137.752 21.1058
      vertex 33.3419 136.026 20.9985
      vertex 32.9017 137.633 21.0777
    endloop
  endfacet
  facet normal 0.17725 7.45131e-05 0.984166
    outer loop
      vertex 32.5749 137.849 21.1365
      vertex 33.3419 136.026 20.9985
      vertex 32.7454 137.752 21.1058
    endloop
  endfacet
  facet normal 0.17713 2.25895e-05 0.984187
    outer loop
      vertex 32.3932 137.923 21.1692
      vertex 33.3419 136.026 20.9985
      vertex 32.5749 137.849 21.1365
    endloop
  endfacet
  facet normal 0.177371 0.000146953 0.984144
    outer loop
      vertex 32.2034 137.973 21.2034
      vertex 33.3419 136.026 20.9985
      vertex 32.3932 137.923 21.1692
    endloop
  endfacet
  facet normal 0.177119 -5.36131e-06 0.984189
    outer loop
      vertex 31.9189 138 21.2546
      vertex 33.3419 136.026 20.9985
      vertex 32.2034 137.973 21.2034
    endloop
  endfacet
  facet normal 0.177106 -1.4787e-05 0.984192
    outer loop
      vertex 30.9792 138 21.4237
      vertex 33.3419 136.026 20.9985
      vertex 31.9189 138 21.2546
    endloop
  endfacet
  facet normal 0.177118 0 0.98419
    outer loop
      vertex 33.3419 136.026 20.9985
      vertex 30.9792 138 21.4237
      vertex 30.9792 128.938 21.4237
    endloop
  endfacet
  facet normal 0.177144 -0 0.984185
    outer loop
      vertex 118.979 24.8166 5.58375
      vertex 125.021 124 4.49625
      vertex 118.979 124 5.58375
    endloop
  endfacet
  facet normal 0.177144 0 0.984185
    outer loop
      vertex 125.021 124 4.49625
      vertex 118.979 24.8166 5.58375
      vertex 125.021 19.9834 4.49625
    endloop
  endfacet
  facet normal 0.177144 -0 0.984185
    outer loop
      vertex 110.979 31.2166 7.02375
      vertex 117.021 124 5.93625
      vertex 110.979 124 7.02375
    endloop
  endfacet
  facet normal 0.177144 0 0.984185
    outer loop
      vertex 117.021 124 5.93625
      vertex 110.979 31.2166 7.02375
      vertex 117.021 26.3834 5.93625
    endloop
  endfacet
  facet normal 0.177149 -0 0.984184
    outer loop
      vertex 94.9792 44.0166 9.90375
      vertex 101.021 124 8.81625
      vertex 94.9792 124 9.90375
    endloop
  endfacet
  facet normal 0.177149 0 0.984184
    outer loop
      vertex 101.021 124 8.81625
      vertex 94.9792 44.0166 9.90375
      vertex 101.021 39.1834 8.81625
    endloop
  endfacet
  facet normal 0.177144 -0 0.984185
    outer loop
      vertex 102.979 37.6166 8.46375
      vertex 109.021 124 7.37625
      vertex 102.979 124 8.46375
    endloop
  endfacet
  facet normal 0.177144 0 0.984185
    outer loop
      vertex 109.021 124 7.37625
      vertex 102.979 37.6166 8.46375
      vertex 109.021 32.7834 7.37625
    endloop
  endfacet
  facet normal 0.177139 -0 0.984186
    outer loop
      vertex 62.9792 69.6166 15.6637
      vertex 69.0208 124 14.5763
      vertex 62.9792 124 15.6637
    endloop
  endfacet
  facet normal 0.177139 0 0.984186
    outer loop
      vertex 69.0208 124 14.5763
      vertex 62.9792 69.6166 15.6637
      vertex 69.0208 64.7833 14.5763
    endloop
  endfacet
  facet normal 0.177139 -0 0.984186
    outer loop
      vertex 70.9792 63.2166 14.2237
      vertex 77.0208 124 13.1363
      vertex 70.9792 124 14.2237
    endloop
  endfacet
  facet normal 0.177139 0 0.984186
    outer loop
      vertex 77.0208 124 13.1363
      vertex 70.9792 63.2166 14.2237
      vertex 77.0208 58.3834 13.1363
    endloop
  endfacet
  facet normal 0.177139 -0 0.984186
    outer loop
      vertex 78.9792 56.8166 12.7837
      vertex 85.0208 124 11.6963
      vertex 78.9792 124 12.7837
    endloop
  endfacet
  facet normal 0.177139 0 0.984186
    outer loop
      vertex 85.0208 124 11.6963
      vertex 78.9792 56.8166 12.7837
      vertex 85.0208 51.9834 11.6963
    endloop
  endfacet
  facet normal 0.177139 -0 0.984186
    outer loop
      vertex 86.9792 50.4166 11.3437
      vertex 93.0208 124 10.2563
      vertex 86.9792 124 11.3437
    endloop
  endfacet
  facet normal 0.177139 0 0.984186
    outer loop
      vertex 93.0208 124 10.2563
      vertex 86.9792 50.4166 11.3437
      vertex 93.0208 45.5834 10.2563
    endloop
  endfacet
  facet normal 0.177139 -0 0.984186
    outer loop
      vertex 30.9792 95.2166 21.4237
      vertex 37.0208 124 20.3363
      vertex 30.9792 124 21.4237
    endloop
  endfacet
  facet normal 0.177139 0 0.984186
    outer loop
      vertex 37.0208 124 20.3363
      vertex 30.9792 95.2166 21.4237
      vertex 37.0208 90.3833 20.3363
    endloop
  endfacet
  facet normal 0.177139 -0 0.984186
    outer loop
      vertex 38.9792 88.8166 19.9837
      vertex 45.0208 124 18.8963
      vertex 38.9792 124 19.9837
    endloop
  endfacet
  facet normal 0.177139 0 0.984186
    outer loop
      vertex 45.0208 124 18.8963
      vertex 38.9792 88.8166 19.9837
      vertex 45.0208 83.9834 18.8963
    endloop
  endfacet
  facet normal 0.177139 -0 0.984186
    outer loop
      vertex 46.9792 82.4166 18.5437
      vertex 53.0208 124 17.4563
      vertex 46.9792 124 18.5437
    endloop
  endfacet
  facet normal 0.177139 0 0.984186
    outer loop
      vertex 53.0208 124 17.4563
      vertex 46.9792 82.4166 18.5437
      vertex 53.0208 77.5834 17.4563
    endloop
  endfacet
  facet normal 0.177139 -0 0.984186
    outer loop
      vertex 54.9792 76.0166 17.1037
      vertex 61.0208 124 16.0163
      vertex 54.9792 124 17.1037
    endloop
  endfacet
  facet normal 0.177139 0 0.984186
    outer loop
      vertex 61.0208 124 16.0163
      vertex 54.9792 76.0166 17.1037
      vertex 61.0208 71.1833 16.0163
    endloop
  endfacet
  facet normal 0.177139 -0 0.984186
    outer loop
      vertex 22.9792 101.617 22.8637
      vertex 29.0208 138 21.7763
      vertex 22.9792 138 22.8637
    endloop
  endfacet
  facet normal 0.177139 0 0.984186
    outer loop
      vertex 29.0208 138 21.7763
      vertex 22.9792 101.617 22.8637
      vertex 29.0208 96.7833 21.7763
    endloop
  endfacet
  facet normal 0.177139 -0 0.984186
    outer loop
      vertex 14.9792 108.017 24.3037
      vertex 21.0208 138 23.2163
      vertex 14.9792 138 24.3037
    endloop
  endfacet
  facet normal 0.177139 0 0.984186
    outer loop
      vertex 21.0208 138 23.2163
      vertex 14.9792 108.017 24.3037
      vertex 21.0208 103.183 23.2163
    endloop
  endfacet
  facet normal 0.177139 -0 0.984186
    outer loop
      vertex 6.97919 114.417 25.7437
      vertex 13.0208 124 24.6563
      vertex 6.97919 124 25.7437
    endloop
  endfacet
  facet normal 0.177139 0 0.984186
    outer loop
      vertex 13.0208 124 24.6563
      vertex 6.97919 114.417 25.7437
      vertex 13.0208 109.583 24.6563
    endloop
  endfacet
  facet normal 0 0 -1
    outer loop
      vertex 150 0 0
      vertex 29.3323 124 0
      vertex 150 124 0
    endloop
  endfacet
  facet normal 0 0 -1
    outer loop
      vertex 0 0 0
      vertex 29.3323 124 0
      vertex 150 0 0
    endloop
  endfacet
  facet normal -0 0 -1
    outer loop
      vertex 29.3323 124 0
      vertex 0 0 0
      vertex 14.6686 124 0
    endloop
  endfacet
  facet normal -0 0 -1
    outer loop
      vertex 14.6686 124 0
      vertex 0 0 0
      vertex 0 124 0
    endloop
  endfacet
  facet normal 0 0 -1
    outer loop
      vertex 33.3916 136.215 0
      vertex 33.4151 136.606 0
      vertex 33.4162 136.41 0
    endloop
  endfacet
  facet normal 0 0 -1
    outer loop
      vertex 33.3916 136.215 0
      vertex 33.3884 136.801 0
      vertex 33.4151 136.606 0
    endloop
  endfacet
  facet normal 0 0 -1
    outer loop
      vertex 33.3419 136.026 0
      vertex 33.3884 136.801 0
      vertex 33.3916 136.215 0
    endloop
  endfacet
  facet normal 0 0 -1
    outer loop
      vertex 33.3419 136.026 0
      vertex 33.3366 136.99 0
      vertex 33.3884 136.801 0
    endloop
  endfacet
  facet normal 0 0 -1
    outer loop
      vertex 33.3419 136.026 0
      vertex 33.2605 137.171 0
      vertex 33.3366 136.99 0
    endloop
  endfacet
  facet normal 0 0 -1
    outer loop
      vertex 33.3419 136.026 0
      vertex 33.1615 137.34 0
      vertex 33.2605 137.171 0
    endloop
  endfacet
  facet normal 0 0 -1
    outer loop
      vertex 33.3419 136.026 0
      vertex 33.0412 137.495 0
      vertex 33.1615 137.34 0
    endloop
  endfacet
  facet normal 0 0 -1
    outer loop
      vertex 33.3419 136.026 0
      vertex 32.9017 137.633 0
      vertex 33.0412 137.495 0
    endloop
  endfacet
  facet normal 0 0 -1
    outer loop
      vertex 33.3419 136.026 0
      vertex 32.7454 137.752 0
      vertex 32.9017 137.633 0
    endloop
  endfacet
  facet normal 0 0 -1
    outer loop
      vertex 33.3419 136.026 0
      vertex 32.5749 137.849 0
      vertex 32.7454 137.752 0
    endloop
  endfacet
  facet normal 0 0 -1
    outer loop
      vertex 33.3419 136.026 0
      vertex 32.3932 137.923 0
      vertex 32.5749 137.849 0
    endloop
  endfacet
  facet normal 0 0 -1
    outer loop
      vertex 33.3419 136.026 0
      vertex 32.2034 137.973 0
      vertex 32.3932 137.923 0
    endloop
  endfacet
  facet normal 0 0 -1
    outer loop
      vertex 33.3419 136.026 0
      vertex 31.9189 138 0
      vertex 32.2034 137.973 0
    endloop
  endfacet
  facet normal 0 0 -1
    outer loop
      vertex 29.3419 124.026 0
      vertex 31.9189 138 0
      vertex 33.3419 136.026 0
    endloop
  endfacet
  facet normal 0 0 -1
    outer loop
      vertex 14.6686 124 0
      vertex 29.3419 124.026 0
      vertex 29.3323 124 0
    endloop
  endfacet
  facet normal -0 0 -1
    outer loop
      vertex 29.3419 124.026 0
      vertex 14.6686 124 0
      vertex 14.6581 124.026 0
    endloop
  endfacet
  facet normal 0 0 -1
    outer loop
      vertex 29.3419 124.026 0
      vertex 14.6581 124.026 0
      vertex 31.9189 138 0
    endloop
  endfacet
  facet normal 0 0 -1
    outer loop
      vertex 14.6581 124.026 0
      vertex 12.0811 138 0
      vertex 31.9189 138 0
    endloop
  endfacet
  facet normal 0 0 -1
    outer loop
      vertex 10.6581 136.026 0
      vertex 12.0811 138 0
      vertex 14.6581 124.026 0
    endloop
  endfacet
  facet normal 0 0 -1
    outer loop
      vertex 12.0811 138 0
      vertex 10.6581 136.026 0
      vertex 11.8853 137.987 0
    endloop
  endfacet
  facet normal 0 0 -1
    outer loop
      vertex 11.8853 137.987 0
      vertex 10.6581 136.026 0
      vertex 11.6929 137.949 0
    endloop
  endfacet
  facet normal 0 0 -1
    outer loop
      vertex 11.6929 137.949 0
      vertex 10.6581 136.026 0
      vertex 11.5071 137.886 0
    endloop
  endfacet
  facet normal 0 0 -1
    outer loop
      vertex 11.5071 137.886 0
      vertex 10.6581 136.026 0
      vertex 11.3311 137.799 0
    endloop
  endfacet
  facet normal 0 0 -1
    outer loop
      vertex 11.3311 137.799 0
      vertex 10.6581 136.026 0
      vertex 11.168 137.69 0
    endloop
  endfacet
  facet normal 0 0 -1
    outer loop
      vertex 11.168 137.69 0
      vertex 10.6581 136.026 0
      vertex 11.0205 137.561 0
    endloop
  endfacet
  facet normal 0 0 -1
    outer loop
      vertex 11.0205 137.561 0
      vertex 10.6581 136.026 0
      vertex 10.8911 137.413 0
    endloop
  endfacet
  facet normal 0 0 -1
    outer loop
      vertex 10.8911 137.413 0
      vertex 10.6581 136.026 0
      vertex 10.7821 137.25 0
    endloop
  endfacet
  facet normal 0 0 -1
    outer loop
      vertex 10.7821 137.25 0
      vertex 10.6581 136.026 0
      vertex 10.6953 137.074 0
    endloop
  endfacet
  facet normal 0 0 -1
    outer loop
      vertex 10.6581 136.026 0
      vertex 10.6322 136.888 0
      vertex 10.6953 137.074 0
    endloop
  endfacet
  facet normal 0 0 -1
    outer loop
      vertex 10.594 136.304 0
      vertex 10.6322 136.888 0
      vertex 10.6581 136.026 0
    endloop
  endfacet
  facet normal 0 0 -1
    outer loop
      vertex 10.594 136.304 0
      vertex 10.594 136.696 0
      vertex 10.6322 136.888 0
    endloop
  endfacet
  facet normal 0 -0 -1
    outer loop
      vertex 10.594 136.696 0
      vertex 10.594 136.304 0
      vertex 10.5811 136.5 0
    endloop
  endfacet
  facet normal -0.997841 0.0656742 0
    outer loop
      vertex 10.5811 136.5 0
      vertex 10.594 136.696 25.0931
      vertex 10.594 136.696 0
    endloop
  endfacet
  facet normal -0.997841 0.0656742 0
    outer loop
      vertex 10.594 136.696 25.0931
      vertex 10.5811 136.5 0
      vertex 10.5811 136.5 25.0954
    endloop
  endfacet
  facet normal 0.0944788 0.995527 0
    outer loop
      vertex 31.9189 138 0
      vertex 32.2034 137.973 21.2034
      vertex 32.2034 137.973 0
    endloop
  endfacet
  facet normal 0.0944788 0.995527 0
    outer loop
      vertex 32.2034 137.973 21.2034
      vertex 31.9189 138 0
      vertex 31.9189 138 21.2546
    endloop
  endfacet
  facet normal 0.938096 -0.346374 0
    outer loop
      vertex 29.3323 124 0
      vertex 29.3419 124.026 20.856
      vertex 29.3323 124 20.8656
    endloop
  endfacet
  facet normal 0.938096 -0.346374 0
    outer loop
      vertex 29.3419 124.026 20.856
      vertex 29.3323 124 0
      vertex 29.3419 124.026 0
    endloop
  endfacet
  facet normal 0.999984 0.00561216 0
    outer loop
      vertex 33.4162 136.41 20.9851
      vertex 33.4151 136.606 0
      vertex 33.4151 136.606 20.9853
    endloop
  endfacet
  facet normal 0.999984 0.00561216 0
    outer loop
      vertex 33.4151 136.606 0
      vertex 33.4162 136.41 20.9851
      vertex 33.4162 136.41 0
    endloop
  endfacet
  facet normal -0.0662484 0.997803 0
    outer loop
      vertex 11.8853 137.987 0
      vertex 12.0811 138 24.8254
      vertex 12.0811 138 0
    endloop
  endfacet
  facet normal -0.0662484 0.997803 0
    outer loop
      vertex 12.0811 138 24.8254
      vertex 11.8853 137.987 0
      vertex 11.8853 137.987 24.8606
    endloop
  endfacet
  facet normal 0.789983 0.613129 0
    outer loop
      vertex 33.1615 137.34 21.0309
      vertex 33.0412 137.495 0
      vertex 33.0412 137.495 21.0526
    endloop
  endfacet
  facet normal 0.789983 0.613129 0
    outer loop
      vertex 33.0412 137.495 0
      vertex 33.1615 137.34 21.0309
      vertex 33.1615 137.34 0
    endloop
  endfacet
  facet normal -0.974433 -0.22468 -0
    outer loop
      vertex 10.6581 136.026 25.0815
      vertex 10.594 136.304 0
      vertex 10.6581 136.026 0
    endloop
  endfacet
  facet normal -0.974433 -0.22468 0
    outer loop
      vertex 10.594 136.304 0
      vertex 10.6581 136.026 25.0815
      vertex 10.594 136.304 25.0931
    endloop
  endfacet
  facet normal -0.997841 -0.0656742 -0
    outer loop
      vertex 10.594 136.304 25.0931
      vertex 10.5811 136.5 0
      vertex 10.594 136.304 0
    endloop
  endfacet
  facet normal -0.997841 -0.0656742 0
    outer loop
      vertex 10.5811 136.5 0
      vertex 10.594 136.304 25.0931
      vertex 10.5811 136.5 25.0954
    endloop
  endfacet
  facet normal -0.948693 -0.316199 -0
    outer loop
      vertex 11.3127 134.062 6.16351
      vertex 10.6581 136.026 0
      vertex 11.3127 134.062 5.83649
    endloop
  endfacet
  facet normal -0.948689 -0.31621 -4.10511e-06
    outer loop
      vertex 10.6581 136.026 0
      vertex 11.3187 134.044 5.74878
      vertex 11.3127 134.062 5.83649
    endloop
  endfacet
  facet normal -0.948762 -0.315992 7.9395e-05
    outer loop
      vertex 10.6581 136.026 0
      vertex 11.335 133.995 5.51227
      vertex 11.3187 134.044 5.74878
    endloop
  endfacet
  facet normal -0.946772 -0.321895 -0.00234
    outer loop
      vertex 10.6581 136.026 0
      vertex 11.3395 133.982 5.47986
      vertex 11.335 133.995 5.51227
    endloop
  endfacet
  facet normal -0.950045 -0.312109 0.00171711
    outer loop
      vertex 10.6581 136.026 0
      vertex 11.3515 133.945 5.39396
      vertex 11.3395 133.982 5.47986
    endloop
  endfacet
  facet normal -0.948645 -0.316341 -9.55679e-05
    outer loop
      vertex 10.6581 136.026 0
      vertex 11.3852 133.844 5.1964
      vertex 11.3515 133.945 5.39396
    endloop
  endfacet
  facet normal -0.948448 -0.316932 -0.000370983
    outer loop
      vertex 10.6581 136.026 0
      vertex 11.419 133.743 5.06844
      vertex 11.3852 133.844 5.1964
    endloop
  endfacet
  facet normal -0.94878 -0.315937 0.00012678
    outer loop
      vertex 10.6581 136.026 0
      vertex 11.4626 133.612 4.9033
      vertex 11.419 133.743 5.06844
    endloop
  endfacet
  facet normal -0.94655 -0.322538 -0.00348867
    outer loop
      vertex 10.6581 136.026 0
      vertex 11.4657 133.603 4.89428
      vertex 11.4626 133.612 4.9033
    endloop
  endfacet
  facet normal -0.948735 -0.316072 7.25402e-05
    outer loop
      vertex 10.6581 136.026 0
      vertex 11.5603 133.319 4.69822
      vertex 11.4657 133.603 4.89428
    endloop
  endfacet
  facet normal -0.948809 -0.315851 0.000214571
    outer loop
      vertex 10.6581 136.026 0
      vertex 11.5806 133.258 4.66998
      vertex 11.5603 133.319 4.69822
    endloop
  endfacet
  facet normal -0.94857 -0.316568 -0.000258045
    outer loop
      vertex 10.6581 136.026 0
      vertex 11.623 133.131 4.61107
      vertex 11.5806 133.258 4.66998
    endloop
  endfacet
  facet normal -0.948296 -0.317387 -0.000829692
    outer loop
      vertex 10.6581 136.026 0
      vertex 11.6498 133.051 4.58294
      vertex 11.623 133.131 4.61107
    endloop
  endfacet
  facet normal -0.949024 -0.315204 0.000745377
    outer loop
      vertex 10.6581 136.026 0
      vertex 11.7162 132.851 4.54866
      vertex 11.6498 133.051 4.58294
    endloop
  endfacet
  facet normal -0.948534 -0.316674 -0.000395173
    outer loop
      vertex 10.6581 136.026 0
      vertex 11.7349 132.795 4.539
      vertex 11.7162 132.851 4.54866
    endloop
  endfacet
  facet normal -0.948385 -0.317122 -0.000749089
    outer loop
      vertex 10.6581 136.026 0
      vertex 11.7563 132.731 4.53949
      vertex 11.7349 132.795 4.539
    endloop
  endfacet
  facet normal -0.948734 -0.316075 9.54085e-05
    outer loop
      vertex 10.6581 136.026 0
      vertex 11.8186 132.544 4.5409
      vertex 11.7563 132.731 4.53949
    endloop
  endfacet
  facet normal -0.948537 -0.316666 -0.000408398
    outer loop
      vertex 10.6581 136.026 0
      vertex 11.8957 132.313 4.58421
      vertex 11.8186 132.544 4.5409
    endloop
  endfacet
  facet normal -0.950443 -0.310861 0.00480848
    outer loop
      vertex 10.6581 136.026 0
      vertex 11.9039 132.288 4.58881
      vertex 11.8957 132.313 4.58421
    endloop
  endfacet
  facet normal -0.948233 -0.317574 -0.00126007
    outer loop
      vertex 10.6581 136.026 0
      vertex 11.9243 132.227 4.61107
      vertex 11.9039 132.288 4.58881
    endloop
  endfacet
  facet normal -0.948683 -0.316228 -2.74321e-05
    outer loop
      vertex 14.6581 124.026 0
      vertex 11.9243 132.227 4.61107
      vertex 10.6581 136.026 0
    endloop
  endfacet
  facet normal -0.948608 -0.316454 0.000420216
    outer loop
      vertex 11.9243 132.227 4.61107
      vertex 14.6581 124.026 0
      vertex 11.9707 132.088 4.67831
    endloop
  endfacet
  facet normal -0.948756 -0.316009 -0.000432915
    outer loop
      vertex 11.9707 132.088 4.67831
      vertex 14.6581 124.026 0
      vertex 11.994 132.018 4.71201
    endloop
  endfacet
  facet normal -0.94864 -0.316358 0.000224693
    outer loop
      vertex 11.994 132.018 4.71201
      vertex 14.6581 124.026 0
      vertex 12.0287 131.914 4.78593
    endloop
  endfacet
  facet normal -0.948768 -0.315974 -0.000477698
    outer loop
      vertex 12.0287 131.914 4.78593
      vertex 14.6581 124.026 0
      vertex 12.0796 131.761 4.89428
    endloop
  endfacet
  facet normal -0.948674 -0.316255 0
    outer loop
      vertex 14.6581 124.026 0
      vertex 12.2342 131.297 6.16351
      vertex 12.2342 131.297 5.83649
    endloop
  endfacet
  facet normal -0.948479 -0.316839 -8.32146e-05
    outer loop
      vertex 12.2342 131.297 6.16351
      vertex 13.0761 128.772 24.0973
      vertex 13.0086 128.974 24.3495
    endloop
  endfacet
  facet normal -0.948793 -0.315898 6.39482e-05
    outer loop
      vertex 12.2342 131.297 6.16351
      vertex 13.2066 128.38 23.8712
      vertex 13.0761 128.772 24.0973
    endloop
  endfacet
  facet normal -0.948715 -0.316131 2.12139e-05
    outer loop
      vertex 12.2342 131.297 6.16351
      vertex 13.3912 127.826 23.6866
      vertex 13.2066 128.38 23.8712
    endloop
  endfacet
  facet normal -0.948643 -0.316349 -2.66973e-05
    outer loop
      vertex 12.2342 131.297 6.16351
      vertex 13.6173 127.148 23.5561
      vertex 13.3912 127.826 23.6866
    endloop
  endfacet
  facet normal -0.948784 -0.315926 -0.000455377
    outer loop
      vertex 14.6581 124.026 0
      vertex 12.2342 131.297 5.83649
      vertex 12.2137 131.359 5.53486
    endloop
  endfacet
  facet normal -0.947258 -0.320413 0.00616349
    outer loop
      vertex 14.6581 124.026 0
      vertex 12.2137 131.359 5.53486
      vertex 12.2122 131.363 5.51227
    endloop
  endfacet
  facet normal -0.948609 -0.316449 -5.32764e-05
    outer loop
      vertex 12.2342 131.297 6.16351
      vertex 13.8695 126.392 23.4886
      vertex 13.6173 127.148 23.5561
    endloop
  endfacet
  facet normal -0.948804 -0.315865 0.000130639
    outer loop
      vertex 12.2342 131.297 6.16351
      vertex 14.1305 125.608 23.4886
      vertex 13.8695 126.392 23.4886
    endloop
  endfacet
  facet normal -0.948606 -0.316461 -8.67744e-05
    outer loop
      vertex 12.2342 131.297 6.16351
      vertex 14.3827 124.852 23.5561
      vertex 14.1305 125.608 23.4886
    endloop
  endfacet
  facet normal -0.948639 -0.316362 -4.60412e-05
    outer loop
      vertex 12.2342 131.297 6.16351
      vertex 14.6088 124.174 23.6866
      vertex 14.3827 124.852 23.5561
    endloop
  endfacet
  facet normal -0.94868 -0.316239 -1.26167e-05
    outer loop
      vertex 12.0796 131.761 4.89428
      vertex 14.6581 124.026 0
      vertex 12.0926 131.722 4.93279
    endloop
  endfacet
  facet normal -0.948571 -0.316565 0.00055285
    outer loop
      vertex 14.6581 124.026 0
      vertex 12.1314 131.606 5.0829
      vertex 12.0926 131.722 4.93279
    endloop
  endfacet
  facet normal -0.948609 -0.316451 0.000364463
    outer loop
      vertex 14.6581 124.026 0
      vertex 12.1608 131.518 5.1964
      vertex 12.1314 131.606 5.0829
    endloop
  endfacet
  facet normal -0.949167 -0.314765 -0.00233602
    outer loop
      vertex 14.6581 124.026 0
      vertex 12.1742 131.477 5.27624
      vertex 12.1608 131.518 5.1964
    endloop
  endfacet
  facet normal -0.948488 -0.316813 0.000876121
    outer loop
      vertex 14.6581 124.026 0
      vertex 12.2051 131.385 5.46058
      vertex 12.1742 131.477 5.27624
    endloop
  endfacet
  facet normal -0.949401 -0.31405 -0.00325705
    outer loop
      vertex 14.6581 124.026 0
      vertex 12.2122 131.363 5.51227
      vertex 12.2051 131.385 5.46058
    endloop
  endfacet
  facet normal -0.948674 -0.316256 1.53338e-06
    outer loop
      vertex 12.2342 131.297 6.16351
      vertex 14.6581 124.026 0
      vertex 14.6088 124.174 23.6866
    endloop
  endfacet
  facet normal -0.948747 -0.316035 0
    outer loop
      vertex 14.6088 124.174 23.6866
      vertex 14.6581 124.026 0
      vertex 14.6581 124.026 23.736
    endloop
  endfacet
  facet normal -0.948693 -0.316199 0
    outer loop
      vertex 10.6581 136.026 0
      vertex 11.3127 134.062 6.16351
      vertex 10.6581 136.026 25.0815
    endloop
  endfacet
  facet normal -0.948687 -0.316218 2.22007e-06
    outer loop
      vertex 11.3187 134.044 6.25122
      vertex 10.6581 136.026 25.0815
      vertex 11.3127 134.062 6.16351
    endloop
  endfacet
  facet normal -0.948815 -0.315833 -4.28228e-05
    outer loop
      vertex 11.335 133.995 6.48773
      vertex 10.6581 136.026 25.0815
      vertex 11.3187 134.044 6.25122
    endloop
  endfacet
  facet normal -0.945788 -0.324783 0.00104499
    outer loop
      vertex 11.3395 133.982 6.52014
      vertex 10.6581 136.026 25.0815
      vertex 11.335 133.995 6.48773
    endloop
  endfacet
  facet normal -0.950708 -0.310088 -0.000753863
    outer loop
      vertex 11.3515 133.945 6.60604
      vertex 10.6581 136.026 25.0815
      vertex 11.3395 133.982 6.52014
    endloop
  endfacet
  facet normal -0.948613 -0.316439 4.01167e-05
    outer loop
      vertex 11.3852 133.844 6.8036
      vertex 10.6581 136.026 25.0815
      vertex 11.3515 133.945 6.60604
    endloop
  endfacet
  facet normal -0.948361 -0.317194 0.000140341
    outer loop
      vertex 11.419 133.743 6.93155
      vertex 10.6581 136.026 25.0815
      vertex 11.3852 133.844 6.8036
    endloop
  endfacet
  facet normal -0.94881 -0.315848 -4.7911e-05
    outer loop
      vertex 11.4626 133.612 7.0967
      vertex 10.6581 136.026 25.0815
      vertex 11.419 133.743 6.93155
    endloop
  endfacet
  facet normal -0.945869 -0.324546 0.00125112
    outer loop
      vertex 11.4657 133.603 7.10572
      vertex 10.6581 136.026 25.0815
      vertex 11.4626 133.612 7.0967
    endloop
  endfacet
  facet normal -0.948745 -0.316042 -2.42449e-05
    outer loop
      vertex 11.5603 133.319 7.30178
      vertex 10.6581 136.026 25.0815
      vertex 11.4657 133.603 7.10572
    endloop
  endfacet
  facet normal -0.948829 -0.315789 -6.70959e-05
    outer loop
      vertex 11.5806 133.258 7.33002
      vertex 10.6581 136.026 25.0815
      vertex 11.5603 133.319 7.30178
    endloop
  endfacet
  facet normal -0.948545 -0.316642 8.07097e-05
    outer loop
      vertex 11.623 133.131 7.38893
      vertex 10.6581 136.026 25.0815
      vertex 11.5806 133.258 7.33002
    endloop
  endfacet
  facet normal -0.948235 -0.317571 0.000249595
    outer loop
      vertex 11.6498 133.051 7.41706
      vertex 10.6581 136.026 25.0815
      vertex 11.623 133.131 7.38893
    endloop
  endfacet
  facet normal -0.949052 -0.315121 -0.000208877
    outer loop
      vertex 11.7162 132.851 7.45134
      vertex 10.6581 136.026 25.0815
      vertex 11.6498 133.051 7.41706
    endloop
  endfacet
  facet normal -0.94852 -0.316719 0.000110789
    outer loop
      vertex 11.7349 132.795 7.461
      vertex 10.6581 136.026 25.0815
      vertex 11.7162 132.851 7.45134
    endloop
  endfacet
  facet normal -0.948387 -0.317115 -0.000221257
    outer loop
      vertex 13.0086 128.974 24.3495
      vertex 11.7349 132.795 7.461
      vertex 11.7563 132.731 7.46051
    endloop
  endfacet
  facet normal -0.948734 -0.316076 3.56877e-05
    outer loop
      vertex 13.0086 128.974 24.3495
      vertex 11.7563 132.731 7.46051
      vertex 11.8186 132.544 7.4591
    endloop
  endfacet
  facet normal -0.948565 -0.316583 -8.34844e-05
    outer loop
      vertex 13.0086 128.974 24.3495
      vertex 11.8186 132.544 7.4591
      vertex 11.8957 132.313 7.41579
    endloop
  endfacet
  facet normal -0.95014 -0.311822 0.000958798
    outer loop
      vertex 13.0086 128.974 24.3495
      vertex 11.8957 132.313 7.41579
      vertex 11.9039 132.288 7.41119
    endloop
  endfacet
  facet normal -0.948392 -0.317099 -0.000187536
    outer loop
      vertex 13.0086 128.974 24.3495
      vertex 11.9039 132.288 7.41119
      vertex 11.9243 132.227 7.38893
    endloop
  endfacet
  facet normal -0.948559 -0.316602 -8.15548e-05
    outer loop
      vertex 13.0086 128.974 24.3495
      vertex 11.9243 132.227 7.38893
      vertex 11.9707 132.088 7.32169
    endloop
  endfacet
  facet normal -0.948809 -0.315852 7.08192e-05
    outer loop
      vertex 13.0086 128.974 24.3495
      vertex 11.9707 132.088 7.32169
      vertex 11.994 132.018 7.28799
    endloop
  endfacet
  facet normal -0.948603 -0.316468 -5.14295e-05
    outer loop
      vertex 13.0086 128.974 24.3495
      vertex 11.994 132.018 7.28799
      vertex 12.0287 131.914 7.21407
    endloop
  endfacet
  facet normal -0.94885 -0.315727 8.99389e-05
    outer loop
      vertex 13.0086 128.974 24.3495
      vertex 12.0287 131.914 7.21407
      vertex 12.0796 131.761 7.10572
    endloop
  endfacet
  facet normal -0.948683 -0.316228 -1.40463e-14
    outer loop
      vertex 13.0086 128.974 24.3495
      vertex 12.0796 131.761 7.10572
      vertex 12.0926 131.722 7.06721
    endloop
  endfacet
  facet normal -0.948412 -0.317041 -0.000143758
    outer loop
      vertex 13.0086 128.974 24.3495
      vertex 12.0926 131.722 7.06721
      vertex 12.1314 131.606 6.9171
    endloop
  endfacet
  facet normal -0.948505 -0.316762 -9.68801e-05
    outer loop
      vertex 13.0086 128.974 24.3495
      vertex 12.1314 131.606 6.9171
      vertex 12.1608 131.518 6.8036
    endloop
  endfacet
  facet normal -0.950124 -0.311872 0.000690273
    outer loop
      vertex 13.0086 128.974 24.3495
      vertex 12.1608 131.518 6.8036
      vertex 12.1742 131.477 6.72376
    endloop
  endfacet
  facet normal -0.948118 -0.317917 -0.000263046
    outer loop
      vertex 13.0086 128.974 24.3495
      vertex 12.1742 131.477 6.72376
      vertex 12.2051 131.385 6.53942
    endloop
  endfacet
  facet normal -0.950958 -0.309318 0.00102913
    outer loop
      vertex 13.0086 128.974 24.3495
      vertex 12.2051 131.385 6.53942
      vertex 12.2122 131.363 6.48773
    endloop
  endfacet
  facet normal -0.949151 -0.314821 0.00020315
    outer loop
      vertex 13.0086 128.974 24.3495
      vertex 12.2137 131.359 6.46514
      vertex 12.2342 131.297 6.16351
    endloop
  endfacet
  facet normal -0.941756 -0.336284 -0.00298789
    outer loop
      vertex 13.0086 128.974 24.3495
      vertex 12.2122 131.363 6.48773
      vertex 12.2137 131.359 6.46514
    endloop
  endfacet
  facet normal -0.94869 -0.316208 6.78588e-06
    outer loop
      vertex 11.7349 132.795 7.461
      vertex 13.0086 128.974 24.3495
      vertex 10.6581 136.026 25.0815
    endloop
  endfacet
  facet normal -0.94869 -0.316208 -0
    outer loop
      vertex 13.0086 128.974 24.6105
      vertex 10.6581 136.026 25.0815
      vertex 13.0086 128.974 24.3495
    endloop
  endfacet
  facet normal -0.948603 -0.316443 0.0039525
    outer loop
      vertex 10.6581 136.026 25.0815
      vertex 13.0086 128.974 24.6105
      vertex 13.0208 128.938 24.6563
    endloop
  endfacet
  facet normal 0.948693 -0.316199 0
    outer loop
      vertex 33.3419 136.026 20.9985
      vertex 32.6873 134.062 6.16351
      vertex 33.3419 136.026 0
    endloop
  endfacet
  facet normal 0.948687 -0.316216 2.5915e-06
    outer loop
      vertex 33.3419 136.026 20.9985
      vertex 32.6813 134.044 6.25122
      vertex 32.6873 134.062 6.16351
    endloop
  endfacet
  facet normal 0.948804 -0.315864 -5.00134e-05
    outer loop
      vertex 33.3419 136.026 20.9985
      vertex 32.665 133.995 6.48773
      vertex 32.6813 134.044 6.25122
    endloop
  endfacet
  facet normal 0.951221 -0.308509 -0.00119214
    outer loop
      vertex 33.3419 136.026 20.9985
      vertex 32.6605 133.981 6.52014
      vertex 32.665 133.995 6.48773
    endloop
  endfacet
  facet normal 0.948693 -0.3162 1.30688e-05
    outer loop
      vertex 33.3419 136.026 20.9985
      vertex 32.6485 133.945 6.60604
      vertex 32.6605 133.981 6.52014
    endloop
  endfacet
  facet normal 0.948618 -0.316423 4.89885e-05
    outer loop
      vertex 33.3419 136.026 20.9985
      vertex 32.6148 133.844 6.8036
      vertex 32.6485 133.945 6.60604
    endloop
  endfacet
  facet normal 0.948373 -0.317156 0.000174131
    outer loop
      vertex 33.3419 136.026 20.9985
      vertex 32.581 133.743 6.93155
      vertex 32.6148 133.844 6.8036
    endloop
  endfacet
  facet normal 0.948806 -0.315861 -5.94557e-05
    outer loop
      vertex 33.3419 136.026 20.9985
      vertex 32.5374 133.612 7.09669
      vertex 32.581 133.743 6.93155
    endloop
  endfacet
  facet normal 0.945966 -0.324263 0.001564
    outer loop
      vertex 33.3419 136.026 20.9985
      vertex 32.5343 133.603 7.10572
      vertex 32.5374 133.612 7.09669
    endloop
  endfacet
  facet normal 0.948744 -0.316046 -3.06046e-05
    outer loop
      vertex 33.3419 136.026 20.9985
      vertex 32.4397 133.319 7.30178
      vertex 32.5343 133.603 7.10572
    endloop
  endfacet
  facet normal 0.948827 -0.315797 -8.54229e-05
    outer loop
      vertex 33.3419 136.026 20.9985
      vertex 32.4194 133.258 7.33001
      vertex 32.4397 133.319 7.30178
    endloop
  endfacet
  facet normal 0.948548 -0.316633 0.000102747
    outer loop
      vertex 33.3419 136.026 20.9985
      vertex 32.377 133.131 7.38893
      vertex 32.4194 133.258 7.33001
    endloop
  endfacet
  facet normal 0.948242 -0.317549 0.000319267
    outer loop
      vertex 33.3419 136.026 20.9985
      vertex 32.3502 133.051 7.41706
      vertex 32.377 133.131 7.38893
    endloop
  endfacet
  facet normal 0.949048 -0.31513 -0.000269399
    outer loop
      vertex 33.3419 136.026 20.9985
      vertex 32.2838 132.851 7.45134
      vertex 32.3502 133.051 7.41706
    endloop
  endfacet
  facet normal 0.948521 -0.316714 0.000142883
    outer loop
      vertex 33.3419 136.026 20.9985
      vertex 32.2651 132.795 7.461
      vertex 32.2838 132.851 7.45134
    endloop
  endfacet
  facet normal 0.948386 -0.317118 0.000250251
    outer loop
      vertex 33.3419 136.026 20.9985
      vertex 32.2437 132.731 7.46051
      vertex 32.2651 132.795 7.461
    endloop
  endfacet
  facet normal 0.948734 -0.316075 -3.18753e-05
    outer loop
      vertex 33.3419 136.026 20.9985
      vertex 32.1814 132.544 7.4591
      vertex 32.2437 132.731 7.46051
    endloop
  endfacet
  facet normal 0.948689 -0.316209 6.36146e-06
    outer loop
      vertex 30.7934 128.38 20.9912
      vertex 32.1814 132.544 7.4591
      vertex 33.3419 136.026 20.9985
    endloop
  endfacet
  facet normal 0.948567 -0.316577 -0.000119465
    outer loop
      vertex 32.1814 132.544 7.4591
      vertex 30.7934 128.38 20.9912
      vertex 32.1043 132.313 7.41579
    endloop
  endfacet
  facet normal 0.950116 -0.311893 0.00138713
    outer loop
      vertex 32.1043 132.313 7.41579
      vertex 30.7934 128.38 20.9912
      vertex 32.0961 132.288 7.41119
    endloop
  endfacet
  facet normal 0.948714 -0.316135 3.21043e-05
    outer loop
      vertex 30.6088 127.826 20.8066
      vertex 32.0961 132.288 7.41119
      vertex 30.7934 128.38 20.9912
    endloop
  endfacet
  facet normal 0.948406 -0.317059 -0.000309945
    outer loop
      vertex 32.0961 132.288 7.41119
      vertex 30.6088 127.826 20.8066
      vertex 32.0757 132.227 7.38893
    endloop
  endfacet
  facet normal 0.948566 -0.316578 -0.00013489
    outer loop
      vertex 32.0757 132.227 7.38893
      vertex 30.6088 127.826 20.8066
      vertex 32.0293 132.088 7.32169
    endloop
  endfacet
  facet normal 0.948802 -0.31587 0.000113757
    outer loop
      vertex 32.0293 132.088 7.32169
      vertex 30.6088 127.826 20.8066
      vertex 32.006 132.018 7.28798
    endloop
  endfacet
  facet normal 0.948644 -0.316345 -4.9773e-05
    outer loop
      vertex 30.3827 127.148 20.6761
      vertex 32.006 132.018 7.28798
      vertex 30.6088 127.826 20.8066
    endloop
  endfacet
  facet normal 0.948611 -0.316444 -8.97559e-05
    outer loop
      vertex 32.006 132.018 7.28798
      vertex 30.3827 127.148 20.6761
      vertex 31.9713 131.914 7.21407
    endloop
  endfacet
  facet normal 0.948833 -0.315779 0.000171786
    outer loop
      vertex 31.9713 131.914 7.21407
      vertex 30.3827 127.148 20.6761
      vertex 31.9204 131.761 7.10572
    endloop
  endfacet
  facet normal 0.94861 -0.316447 -8.05332e-05
    outer loop
      vertex 30.1305 126.392 20.6086
      vertex 31.9204 131.761 7.10572
      vertex 30.3827 127.148 20.6761
    endloop
  endfacet
  facet normal 0.94868 -0.316238 1.17716e-05
    outer loop
      vertex 31.9204 131.761 7.10572
      vertex 30.1305 126.392 20.6086
      vertex 31.9074 131.722 7.06721
    endloop
  endfacet
  facet normal 0.948804 -0.315865 0.000175132
    outer loop
      vertex 29.8695 125.608 20.6086
      vertex 31.9074 131.722 7.06721
      vertex 30.1305 126.392 20.6086
    endloop
  endfacet
  facet normal 0.948549 -0.316629 -0.000211479
    outer loop
      vertex 31.8686 131.606 6.9171
      vertex 29.8695 125.608 20.6086
      vertex 31.8392 131.518 6.8036
    endloop
  endfacet
  facet normal 0.948478 -0.316842 -0.000315121
    outer loop
      vertex 31.9074 131.722 7.06721
      vertex 29.8695 125.608 20.6086
      vertex 31.8686 131.606 6.9171
    endloop
  endfacet
  facet normal 0.948689 -0.31621 0.000664561
    outer loop
      vertex 30.7934 128.38 20.9912
      vertex 33.3419 136.026 20.9985
      vertex 30.9239 128.772 21.2173
    endloop
  endfacet
  facet normal 0.948685 -0.316224 0.000149583
    outer loop
      vertex 30.9239 128.772 21.2173
      vertex 33.3419 136.026 20.9985
      vertex 30.9792 128.938 21.4237
    endloop
  endfacet
  facet normal 0.948693 -0.316199 0
    outer loop
      vertex 32.6873 134.062 5.83649
      vertex 33.3419 136.026 0
      vertex 32.6873 134.062 6.16351
    endloop
  endfacet
  facet normal 0.948689 -0.31621 -4.10511e-06
    outer loop
      vertex 32.6813 134.044 5.74878
      vertex 33.3419 136.026 0
      vertex 32.6873 134.062 5.83649
    endloop
  endfacet
  facet normal 0.948762 -0.315992 7.9395e-05
    outer loop
      vertex 32.665 133.995 5.51227
      vertex 33.3419 136.026 0
      vertex 32.6813 134.044 5.74878
    endloop
  endfacet
  facet normal 0.950503 -0.310706 0.00224072
    outer loop
      vertex 32.6605 133.981 5.47986
      vertex 33.3419 136.026 0
      vertex 32.665 133.995 5.51227
    endloop
  endfacet
  facet normal 0.948701 -0.316175 -2.44209e-05
    outer loop
      vertex 32.6485 133.945 5.39396
      vertex 33.3419 136.026 0
      vertex 32.6605 133.981 5.47986
    endloop
  endfacet
  facet normal 0.948645 -0.316341 -9.55679e-05
    outer loop
      vertex 32.6148 133.844 5.1964
      vertex 33.3419 136.026 0
      vertex 32.6485 133.945 5.39396
    endloop
  endfacet
  facet normal 0.948448 -0.316932 -0.000370993
    outer loop
      vertex 32.581 133.743 5.06845
      vertex 33.3419 136.026 0
      vertex 32.6148 133.844 5.1964
    endloop
  endfacet
  facet normal 0.94878 -0.315937 0.000126777
    outer loop
      vertex 32.5374 133.612 4.9033
      vertex 33.3419 136.026 0
      vertex 32.581 133.743 5.06845
    endloop
  endfacet
  facet normal 0.94655 -0.322538 -0.00348867
    outer loop
      vertex 32.5343 133.603 4.89428
      vertex 33.3419 136.026 0
      vertex 32.5374 133.612 4.9033
    endloop
  endfacet
  facet normal 0.948735 -0.316072 7.25402e-05
    outer loop
      vertex 32.4397 133.319 4.69822
      vertex 33.3419 136.026 0
      vertex 32.5343 133.603 4.89428
    endloop
  endfacet
  facet normal 0.948809 -0.315851 0.000214571
    outer loop
      vertex 32.4194 133.258 4.66998
      vertex 33.3419 136.026 0
      vertex 32.4397 133.319 4.69822
    endloop
  endfacet
  facet normal 0.94857 -0.316568 -0.000258045
    outer loop
      vertex 32.377 133.131 4.61107
      vertex 33.3419 136.026 0
      vertex 32.4194 133.258 4.66998
    endloop
  endfacet
  facet normal 0.948296 -0.317387 -0.000829692
    outer loop
      vertex 32.3502 133.051 4.58294
      vertex 33.3419 136.026 0
      vertex 32.377 133.131 4.61107
    endloop
  endfacet
  facet normal 0.949024 -0.315204 0.000745377
    outer loop
      vertex 32.2838 132.851 4.54866
      vertex 33.3419 136.026 0
      vertex 32.3502 133.051 4.58294
    endloop
  endfacet
  facet normal 0.948534 -0.316674 -0.000395173
    outer loop
      vertex 32.2651 132.795 4.539
      vertex 33.3419 136.026 0
      vertex 32.2838 132.851 4.54866
    endloop
  endfacet
  facet normal 0.948385 -0.317122 -0.000749089
    outer loop
      vertex 32.2437 132.731 4.53949
      vertex 33.3419 136.026 0
      vertex 32.2651 132.795 4.539
    endloop
  endfacet
  facet normal 0.948734 -0.316075 9.54085e-05
    outer loop
      vertex 32.1814 132.544 4.5409
      vertex 33.3419 136.026 0
      vertex 32.2437 132.731 4.53949
    endloop
  endfacet
  facet normal 0.948537 -0.316666 -0.000408398
    outer loop
      vertex 32.1043 132.313 4.58421
      vertex 33.3419 136.026 0
      vertex 32.1814 132.544 4.5409
    endloop
  endfacet
  facet normal 0.950443 -0.310861 0.00480848
    outer loop
      vertex 32.0961 132.288 4.58881
      vertex 33.3419 136.026 0
      vertex 32.1043 132.313 4.58421
    endloop
  endfacet
  facet normal 0.948233 -0.317574 -0.00126007
    outer loop
      vertex 32.0757 132.227 4.61107
      vertex 33.3419 136.026 0
      vertex 32.0961 132.288 4.58881
    endloop
  endfacet
  facet normal 0.948608 -0.316454 0.000420216
    outer loop
      vertex 29.3419 124.026 0
      vertex 32.0757 132.227 4.61107
      vertex 32.0293 132.088 4.67831
    endloop
  endfacet
  facet normal 0.948756 -0.316009 -0.000432915
    outer loop
      vertex 29.3419 124.026 0
      vertex 32.0293 132.088 4.67831
      vertex 32.006 132.018 4.71201
    endloop
  endfacet
  facet normal 0.94864 -0.316358 0.000224693
    outer loop
      vertex 29.3419 124.026 0
      vertex 32.006 132.018 4.71201
      vertex 31.9713 131.914 4.78593
    endloop
  endfacet
  facet normal 0.948768 -0.315974 -0.000477698
    outer loop
      vertex 29.3419 124.026 0
      vertex 31.9713 131.914 4.78593
      vertex 31.9204 131.761 4.89428
    endloop
  endfacet
  facet normal 0.94868 -0.316239 -1.26167e-05
    outer loop
      vertex 29.3419 124.026 0
      vertex 31.9204 131.761 4.89428
      vertex 31.9074 131.722 4.93279
    endloop
  endfacet
  facet normal 0.948604 -0.316464 -0.000133138
    outer loop
      vertex 29.6173 124.852 20.6761
      vertex 31.8392 131.518 6.8036
      vertex 29.8695 125.608 20.6086
    endloop
  endfacet
  facet normal 0.949637 -0.313348 0.0015297
    outer loop
      vertex 31.8392 131.518 6.8036
      vertex 29.6173 124.852 20.6761
      vertex 31.8258 131.477 6.72376
    endloop
  endfacet
  facet normal 0.948309 -0.317347 -0.000579427
    outer loop
      vertex 31.8258 131.477 6.72376
      vertex 29.6173 124.852 20.6761
      vertex 31.7949 131.385 6.53942
    endloop
  endfacet
  facet normal 0.948637 -0.316367 -7.58835e-05
    outer loop
      vertex 29.3912 124.174 20.8066
      vertex 31.7949 131.385 6.53942
      vertex 29.6173 124.852 20.6761
    endloop
  endfacet
  facet normal 0.950053 -0.31208 0.00232914
    outer loop
      vertex 31.7949 131.385 6.53942
      vertex 29.3912 124.174 20.8066
      vertex 31.7878 131.363 6.48773
    endloop
  endfacet
  facet normal 0.948674 -0.316256 1.74541e-06
    outer loop
      vertex 29.3419 124.026 0
      vertex 31.7878 131.363 6.48773
      vertex 29.3912 124.174 20.8066
    endloop
  endfacet
  facet normal 0.950823 -0.309622 -0.008311
    outer loop
      vertex 31.7878 131.363 6.48773
      vertex 29.3419 124.026 0
      vertex 31.7863 131.359 6.46514
    endloop
  endfacet
  facet normal 0.94851 -0.316745 0.000642269
    outer loop
      vertex 31.7863 131.359 6.46514
      vertex 29.3419 124.026 0
      vertex 31.7658 131.297 6.16351
    endloop
  endfacet
  facet normal 0.948674 -0.316255 0
    outer loop
      vertex 31.7658 131.297 6.16351
      vertex 29.3419 124.026 0
      vertex 31.7658 131.297 5.83649
    endloop
  endfacet
  facet normal 0.948784 -0.315926 -0.000455377
    outer loop
      vertex 31.7658 131.297 5.83649
      vertex 29.3419 124.026 0
      vertex 31.7863 131.359 5.53486
    endloop
  endfacet
  facet normal 0.947258 -0.320413 0.00616349
    outer loop
      vertex 31.7863 131.359 5.53486
      vertex 29.3419 124.026 0
      vertex 31.7878 131.363 5.51227
    endloop
  endfacet
  facet normal 0.948747 -0.316035 0
    outer loop
      vertex 29.3419 124.026 0
      vertex 29.3912 124.174 20.8066
      vertex 29.3419 124.026 20.856
    endloop
  endfacet
  facet normal 0.948683 -0.316228 -2.74321e-05
    outer loop
      vertex 32.0757 132.227 4.61107
      vertex 29.3419 124.026 0
      vertex 33.3419 136.026 0
    endloop
  endfacet
  facet normal 0.948571 -0.316565 0.00055285
    outer loop
      vertex 31.8686 131.606 5.0829
      vertex 29.3419 124.026 0
      vertex 31.9074 131.722 4.93279
    endloop
  endfacet
  facet normal 0.948609 -0.316451 0.000364463
    outer loop
      vertex 31.8392 131.518 5.1964
      vertex 29.3419 124.026 0
      vertex 31.8686 131.606 5.0829
    endloop
  endfacet
  facet normal 0.949167 -0.314765 -0.00233602
    outer loop
      vertex 31.8258 131.477 5.27624
      vertex 29.3419 124.026 0
      vertex 31.8392 131.518 5.1964
    endloop
  endfacet
  facet normal 0.948488 -0.316813 0.000876121
    outer loop
      vertex 31.7949 131.385 5.46058
      vertex 29.3419 124.026 0
      vertex 31.8258 131.477 5.27624
    endloop
  endfacet
  facet normal 0.949401 -0.31405 -0.00325705
    outer loop
      vertex 31.7878 131.363 5.51227
      vertex 29.3419 124.026 0
      vertex 31.7949 131.385 5.46058
    endloop
  endfacet
  facet normal -0.193762 0.981049 0
    outer loop
      vertex 11.6929 137.949 0
      vertex 11.8853 137.987 24.8606
      vertex 11.8853 137.987 0
    endloop
  endfacet
  facet normal -0.193762 0.981049 0
    outer loop
      vertex 11.8853 137.987 24.8606
      vertex 11.6929 137.949 0
      vertex 11.6929 137.949 24.8953
    endloop
  endfacet
  facet normal 0.967121 -0.254317 0
    outer loop
      vertex 33.3419 136.026 0
      vertex 33.3916 136.215 20.9895
      vertex 33.3419 136.026 20.9985
    endloop
  endfacet
  facet normal 0.967121 -0.254317 0
    outer loop
      vertex 33.3916 136.215 20.9895
      vertex 33.3419 136.026 0
      vertex 33.3916 136.215 0
    endloop
  endfacet
  facet normal -0.831265 0.555877 0
    outer loop
      vertex 10.7821 137.25 0
      vertex 10.8911 137.413 25.0396
      vertex 10.8911 137.413 0
    endloop
  endfacet
  facet normal -0.831265 0.555877 0
    outer loop
      vertex 10.8911 137.413 25.0396
      vertex 10.7821 137.25 0
      vertex 10.7821 137.25 25.0592
    endloop
  endfacet
  facet normal -0.321117 0.94704 0
    outer loop
      vertex 11.5071 137.886 0
      vertex 11.6929 137.949 24.8953
      vertex 11.6929 137.949 0
    endloop
  endfacet
  facet normal -0.321117 0.94704 0
    outer loop
      vertex 11.6929 137.949 24.8953
      vertex 11.5071 137.886 0
      vertex 11.5071 137.886 24.9287
    endloop
  endfacet
  facet normal -0.980777 0.195134 0
    outer loop
      vertex 10.594 136.696 0
      vertex 10.6322 136.888 25.0862
      vertex 10.6322 136.888 0
    endloop
  endfacet
  facet normal -0.980777 0.195134 0
    outer loop
      vertex 10.6322 136.888 25.0862
      vertex 10.594 136.696 0
      vertex 10.594 136.696 25.0931
    endloop
  endfacet
  facet normal 0.254744 0.967009 0
    outer loop
      vertex 32.2034 137.973 0
      vertex 32.3932 137.923 21.1692
      vertex 32.3932 137.923 0
    endloop
  endfacet
  facet normal 0.254744 0.967009 0
    outer loop
      vertex 32.3932 137.923 21.1692
      vertex 32.2034 137.973 0
      vertex 32.2034 137.973 21.2034
    endloop
  endfacet
  facet normal 0.605767 0.795642 0
    outer loop
      vertex 32.7454 137.752 0
      vertex 32.9017 137.633 21.0777
      vertex 32.9017 137.633 0
    endloop
  endfacet
  facet normal 0.605767 0.795642 0
    outer loop
      vertex 32.9017 137.633 21.0777
      vertex 32.7454 137.752 0
      vertex 32.7454 137.752 21.1058
    endloop
  endfacet
  facet normal -0.555641 0.831422 0
    outer loop
      vertex 11.168 137.69 0
      vertex 11.3311 137.799 24.9604
      vertex 11.3311 137.799 0
    endloop
  endfacet
  facet normal -0.555641 0.831422 0
    outer loop
      vertex 11.3311 137.799 24.9604
      vertex 11.168 137.69 0
      vertex 11.168 137.69 24.9898
    endloop
  endfacet
  facet normal 0.703274 0.710919 0
    outer loop
      vertex 32.9017 137.633 0
      vertex 33.0412 137.495 21.0526
      vertex 33.0412 137.495 0
    endloop
  endfacet
  facet normal 0.703274 0.710919 0
    outer loop
      vertex 33.0412 137.495 21.0526
      vertex 32.9017 137.633 0
      vertex 32.9017 137.633 21.0777
    endloop
  endfacet
  facet normal 0.377184 0.926139 0
    outer loop
      vertex 32.3932 137.923 0
      vertex 32.5749 137.849 21.1365
      vertex 32.5749 137.849 0
    endloop
  endfacet
  facet normal 0.377184 0.926139 0
    outer loop
      vertex 32.5749 137.849 21.1365
      vertex 32.3932 137.923 0
      vertex 32.3932 137.923 21.1692
    endloop
  endfacet
  facet normal 0.494491 0.869183 0
    outer loop
      vertex 32.5749 137.849 0
      vertex 32.7454 137.752 21.1058
      vertex 32.7454 137.752 0
    endloop
  endfacet
  facet normal 0.494491 0.869183 0
    outer loop
      vertex 32.7454 137.752 21.1058
      vertex 32.5749 137.849 0
      vertex 32.5749 137.849 21.1365
    endloop
  endfacet
  facet normal -0.752829 0.658216 0
    outer loop
      vertex 10.8911 137.413 0
      vertex 11.0205 137.561 25.0163
      vertex 11.0205 137.561 0
    endloop
  endfacet
  facet normal -0.752829 0.658216 0
    outer loop
      vertex 11.0205 137.561 25.0163
      vertex 10.8911 137.413 0
      vertex 10.8911 137.413 25.0396
    endloop
  endfacet
  facet normal -0.89686 0.442315 0
    outer loop
      vertex 10.6953 137.074 0
      vertex 10.7821 137.25 25.0592
      vertex 10.7821 137.25 0
    endloop
  endfacet
  facet normal -0.89686 0.442315 0
    outer loop
      vertex 10.7821 137.25 25.0592
      vertex 10.6953 137.074 0
      vertex 10.6953 137.074 25.0748
    endloop
  endfacet
  facet normal -0.927242 -0.374463 0
    outer loop
      vertex 14.6686 124 0
      vertex 14.6581 124.026 23.736
      vertex 14.6581 124.026 0
    endloop
  endfacet
  facet normal -0.927242 -0.374463 0
    outer loop
      vertex 14.6581 124.026 23.736
      vertex 14.6686 124 0
      vertex 14.6686 124 23.7465
    endloop
  endfacet
  facet normal -0.658324 0.752735 0
    outer loop
      vertex 11.0205 137.561 0
      vertex 11.168 137.69 24.9898
      vertex 11.168 137.69 0
    endloop
  endfacet
  facet normal -0.658324 0.752735 0
    outer loop
      vertex 11.168 137.69 24.9898
      vertex 11.0205 137.561 0
      vertex 11.0205 137.561 25.0163
    endloop
  endfacet
  facet normal 0.990756 0.135657 0
    outer loop
      vertex 33.4151 136.606 20.9853
      vertex 33.3884 136.801 0
      vertex 33.3884 136.801 20.9901
    endloop
  endfacet
  facet normal 0.990756 0.135657 0
    outer loop
      vertex 33.3884 136.801 0
      vertex 33.4151 136.606 20.9853
      vertex 33.4151 136.606 0
    endloop
  endfacet
  facet normal -0.94699 0.321264 0
    outer loop
      vertex 10.6322 136.888 0
      vertex 10.6953 137.074 25.0748
      vertex 10.6953 137.074 0
    endloop
  endfacet
  facet normal -0.94699 0.321264 0
    outer loop
      vertex 10.6953 137.074 25.0748
      vertex 10.6322 136.888 0
      vertex 10.6322 136.888 25.0862
    endloop
  endfacet
  facet normal 0.862852 0.505457 0
    outer loop
      vertex 33.2605 137.171 21.0131
      vertex 33.1615 137.34 0
      vertex 33.1615 137.34 21.0309
    endloop
  endfacet
  facet normal 0.862852 0.505457 0
    outer loop
      vertex 33.1615 137.34 0
      vertex 33.2605 137.171 21.0131
      vertex 33.2605 137.171 0
    endloop
  endfacet
  facet normal 0.921837 0.387579 0
    outer loop
      vertex 33.3366 136.99 20.9994
      vertex 33.2605 137.171 0
      vertex 33.2605 137.171 21.0131
    endloop
  endfacet
  facet normal 0.921837 0.387579 0
    outer loop
      vertex 33.2605 137.171 0
      vertex 33.3366 136.99 20.9994
      vertex 33.3366 136.99 0
    endloop
  endfacet
  facet normal 0.964433 0.264326 0
    outer loop
      vertex 33.3884 136.801 20.9901
      vertex 33.3366 136.99 0
      vertex 33.3366 136.99 20.9994
    endloop
  endfacet
  facet normal 0.964433 0.264326 0
    outer loop
      vertex 33.3366 136.99 0
      vertex 33.3884 136.801 20.9901
      vertex 33.3884 136.801 0
    endloop
  endfacet
  facet normal -0.443134 0.896455 0
    outer loop
      vertex 11.3311 137.799 0
      vertex 11.5071 137.886 24.9287
      vertex 11.5071 137.886 0
    endloop
  endfacet
  facet normal -0.443134 0.896455 0
    outer loop
      vertex 11.5071 137.886 24.9287
      vertex 11.3311 137.799 0
      vertex 11.3311 137.799 24.9604
    endloop
  endfacet
  facet normal 0.992136 -0.125162 0
    outer loop
      vertex 33.3916 136.215 0
      vertex 33.4162 136.41 20.9851
      vertex 33.3916 136.215 20.9895
    endloop
  endfacet
  facet normal 0.992136 -0.125162 0
    outer loop
      vertex 33.4162 136.41 20.9851
      vertex 33.3916 136.215 0
      vertex 33.4162 136.41 0
    endloop
  endfacet
  facet normal -0.989368 0.0646428 0.130276
    outer loop
      vertex 11.216 133.645 6.16351
      vertex 11.1947 133.319 6.16351
      vertex 11.2583 133.639 6.48773
    endloop
  endfacet
  facet normal -0.914824 0.31461 0.253213
    outer loop
      vertex 11.335 133.995 6.48773
      vertex 11.3209 133.954 6.48773
      vertex 11.3395 133.982 6.52014
    endloop
  endfacet
  facet normal -0.922135 0.0605449 0.382101
    outer loop
      vertex 11.4471 133.319 7.10572
      vertex 11.4626 133.612 7.0967
      vertex 11.3422 133.628 6.8036
    endloop
  endfacet
  facet normal -0.923871 0.0605071 0.37789
    outer loop
      vertex 11.4626 133.612 7.0967
      vertex 11.4471 133.319 7.10572
      vertex 11.4657 133.603 7.10572
    endloop
  endfacet
  facet normal -0.573034 -0.812667 -0.105848
    outer loop
      vertex 12.2137 131.359 5.53486
      vertex 12.1966 131.374 5.51227
      vertex 12.2122 131.363 5.51227
    endloop
  endfacet
  facet normal -0.94755 -0.188307 0.258242
    outer loop
      vertex 11.3422 133.01 6.8036
      vertex 11.2583 132.999 6.48773
      vertex 11.3209 132.684 6.48773
    endloop
  endfacet
  facet normal -0.906304 -0.180068 0.382346
    outer loop
      vertex 11.5235 132.739 7.10572
      vertex 11.3422 133.01 6.8036
      vertex 11.4026 132.706 6.8036
    endloop
  endfacet
  facet normal -0.745083 -0.654153 0.130133
    outer loop
      vertex 11.744 131.826 6.48773
      vertex 11.7102 131.8 6.16351
      vertex 11.9253 131.555 6.16351
    endloop
  endfacet
  facet normal -0.964003 -0.0632627 0.258257
    outer loop
      vertex 11.3422 133.01 6.8036
      vertex 11.2373 133.319 6.48773
      vertex 11.2583 132.999 6.48773
    endloop
  endfacet
  facet normal -0.972479 0.193261 0.130134
    outer loop
      vertex 11.2797 133.965 6.16351
      vertex 11.2583 133.639 6.48773
      vertex 11.3209 133.954 6.48773
    endloop
  endfacet
  facet normal -0.86448 -0.0569489 0.49943
    outer loop
      vertex 11.4663 133.026 7.10572
      vertex 11.623 133.131 7.38893
      vertex 11.5806 133.258 7.33002
    endloop
  endfacet
  facet normal -0.864628 -0.0562529 0.499254
    outer loop
      vertex 11.623 133.131 7.38893
      vertex 11.4663 133.026 7.10572
      vertex 11.6284 133.048 7.38893
    endloop
  endfacet
  facet normal -0.972377 0.193564 0.130445
    outer loop
      vertex 11.2797 133.965 6.16351
      vertex 11.216 133.645 6.16351
      vertex 11.2583 133.639 6.48773
    endloop
  endfacet
  facet normal -0.989368 -0.0646428 0.130276
    outer loop
      vertex 11.2583 132.999 6.48773
      vertex 11.1947 133.319 6.16351
      vertex 11.216 132.993 6.16351
    endloop
  endfacet
  facet normal -0.980757 -0.195232 0
    outer loop
      vertex 11.2797 132.673 5.83649
      vertex 11.216 132.993 6.16351
      vertex 11.216 132.993 5.83649
    endloop
  endfacet
  facet normal -0.980757 -0.195232 0
    outer loop
      vertex 11.216 132.993 6.16351
      vertex 11.2797 132.673 5.83649
      vertex 11.2797 132.673 6.16351
    endloop
  endfacet
  facet normal -0.828826 -0.40874 0.382073
    outer loop
      vertex 11.6178 132.461 7.10572
      vertex 11.5022 132.413 6.8036
      vertex 11.7475 132.198 7.10572
    endloop
  endfacet
  facet normal -0.963958 0.063016 0.258484
    outer loop
      vertex 11.3422 133.628 6.8036
      vertex 11.2373 133.319 6.48773
      vertex 11.322 133.319 6.8036
    endloop
  endfacet
  facet normal -0.922244 0.0602891 0.381877
    outer loop
      vertex 11.3422 133.628 6.8036
      vertex 11.322 133.319 6.8036
      vertex 11.4471 133.319 7.10572
    endloop
  endfacet
  facet normal -0.849694 -0.168984 0.499464
    outer loop
      vertex 11.6284 133.048 7.38893
      vertex 11.4663 133.026 7.10572
      vertex 11.6815 132.781 7.38893
    endloop
  endfacet
  facet normal -0.753127 -0.255479 -0.606242
    outer loop
      vertex 11.7689 132.524 4.61107
      vertex 11.7563 132.731 4.53949
      vertex 11.8186 132.544 4.5409
    endloop
  endfacet
  facet normal -0.752156 -0.255791 -0.607316
    outer loop
      vertex 11.7563 132.731 4.53949
      vertex 11.7689 132.524 4.61107
      vertex 11.6815 132.781 4.61107
    endloop
  endfacet
  facet normal -0.989368 -0.0646428 -0.130276
    outer loop
      vertex 11.216 132.993 5.83649
      vertex 11.1947 133.319 5.83649
      vertex 11.2583 132.999 5.51227
    endloop
  endfacet
  facet normal -0.864627 -0.0566253 0.499213
    outer loop
      vertex 11.4471 133.319 7.10572
      vertex 11.5806 133.258 7.33002
      vertex 11.5603 133.319 7.30178
    endloop
  endfacet
  facet normal -0.864629 -0.0566583 0.499206
    outer loop
      vertex 11.5806 133.258 7.33002
      vertex 11.4471 133.319 7.10572
      vertex 11.4663 133.026 7.10572
    endloop
  endfacet
  facet normal -0.874778 -0.297365 0.382542
    outer loop
      vertex 11.5235 132.739 7.10572
      vertex 11.4026 132.706 6.8036
      vertex 11.5022 132.413 6.8036
    endloop
  endfacet
  facet normal -0.989386 -0.0649285 0.129998
    outer loop
      vertex 11.2373 133.319 6.48773
      vertex 11.1947 133.319 6.16351
      vertex 11.2583 132.999 6.48773
    endloop
  endfacet
  facet normal -0.989368 0.0646428 -0.130276
    outer loop
      vertex 11.2583 133.639 5.51227
      vertex 11.1947 133.319 5.83649
      vertex 11.216 133.645 5.83649
    endloop
  endfacet
  facet normal -0.946713 0.322078 0
    outer loop
      vertex 11.2797 133.965 5.83649
      vertex 11.3127 134.062 6.16351
      vertex 11.3127 134.062 5.83649
    endloop
  endfacet
  facet normal -0.946713 0.322078 0
    outer loop
      vertex 11.3127 134.062 6.16351
      vertex 11.2797 133.965 5.83649
      vertex 11.2797 133.965 6.16351
    endloop
  endfacet
  facet normal -0.556534 -0.789266 -0.259479
    outer loop
      vertex 12.2122 131.363 5.51227
      vertex 12.1966 131.374 5.51227
      vertex 12.2051 131.385 5.46058
    endloop
  endfacet
  facet normal -0.888775 -0.439213 -0.131036
    outer loop
      vertex 11.5289 132.072 5.83649
      vertex 11.3846 132.364 5.83649
      vertex 11.424 132.381 5.51227
    endloop
  endfacet
  facet normal -0.634077 -0.725943 0.266371
    outer loop
      vertex 12.0154 131.645 6.8036
      vertex 12.1742 131.477 6.72376
      vertex 12.1608 131.518 6.8036
    endloop
  endfacet
  facet normal -0.637582 -0.725631 0.258743
    outer loop
      vertex 12.1742 131.477 6.72376
      vertex 12.0154 131.645 6.8036
      vertex 11.9555 131.585 6.48773
    endloop
  endfacet
  facet normal -0.91546 0.307024 -0.260133
    outer loop
      vertex 11.3515 133.945 5.39396
      vertex 11.3209 133.954 5.51227
      vertex 11.3395 133.982 5.47986
    endloop
  endfacet
  facet normal -0.768548 -0.513415 -0.381757
    outer loop
      vertex 11.8112 131.878 5.1964
      vertex 11.7475 132.198 4.89428
      vertex 11.9105 131.954 4.89428
    endloop
  endfacet
  facet normal -0.556534 -0.789266 0.259479
    outer loop
      vertex 12.2051 131.385 6.53942
      vertex 12.1966 131.374 6.48773
      vertex 12.2122 131.363 6.48773
    endloop
  endfacet
  facet normal -0.866804 -0.42678 0.257896
    outer loop
      vertex 11.6391 132.135 6.8036
      vertex 11.424 132.381 6.48773
      vertex 11.5658 132.093 6.48773
    endloop
  endfacet
  facet normal -0.607468 -0.696775 0.381428
    outer loop
      vertex 12.0926 131.722 7.06721
      vertex 12.0154 131.645 6.8036
      vertex 12.1314 131.606 6.9171
    endloop
  endfacet
  facet normal -0.651407 -0.570741 0.499923
    outer loop
      vertex 12.0287 131.914 7.21407
      vertex 11.9105 131.954 7.10572
      vertex 12.0796 131.761 7.10572
    endloop
  endfacet
  facet normal -0.866789 -0.426847 0.257834
    outer loop
      vertex 11.5022 132.413 6.8036
      vertex 11.424 132.381 6.48773
      vertex 11.6391 132.135 6.8036
    endloop
  endfacet
  facet normal -0.972377 0.193564 -0.130445
    outer loop
      vertex 11.2583 133.639 5.51227
      vertex 11.216 133.645 5.83649
      vertex 11.2797 133.965 5.83649
    endloop
  endfacet
  facet normal -0.989386 0.0649285 0.129998
    outer loop
      vertex 11.2583 133.639 6.48773
      vertex 11.1947 133.319 6.16351
      vertex 11.2373 133.319 6.48773
    endloop
  endfacet
  facet normal -0.947027 0.189415 0.25935
    outer loop
      vertex 11.3422 133.628 6.8036
      vertex 11.3515 133.945 6.60604
      vertex 11.3209 133.954 6.48773
    endloop
  endfacet
  facet normal -0.947534 0.188629 0.258066
    outer loop
      vertex 11.3515 133.945 6.60604
      vertex 11.3422 133.628 6.8036
      vertex 11.3852 133.844 6.8036
    endloop
  endfacet
  facet normal -0.802507 -0.537399 0.259199
    outer loop
      vertex 11.8112 131.878 6.8036
      vertex 11.6391 132.135 6.8036
      vertex 11.744 131.826 6.48773
    endloop
  endfacet
  facet normal -0.938788 -0.318702 0.130794
    outer loop
      vertex 11.424 132.381 6.48773
      vertex 11.2797 132.673 6.16351
      vertex 11.3846 132.364 6.16351
    endloop
  endfacet
  facet normal -0.87517 -0.296865 -0.382031
    outer loop
      vertex 11.6178 132.461 4.89428
      vertex 11.5022 132.413 5.1964
      vertex 11.5235 132.739 4.89428
    endloop
  endfacet
  facet normal -0.972479 -0.193261 0.130134
    outer loop
      vertex 11.3209 132.684 6.48773
      vertex 11.2583 132.999 6.48773
      vertex 11.2797 132.673 6.16351
    endloop
  endfacet
  facet normal -0.777174 -0.382854 0.499424
    outer loop
      vertex 11.7689 132.524 7.38893
      vertex 11.7475 132.198 7.10572
      vertex 11.8891 132.28 7.38893
    endloop
  endfacet
  facet normal -0.820414 -0.279005 0.499077
    outer loop
      vertex 11.6815 132.781 7.38893
      vertex 11.5235 132.739 7.10572
      vertex 11.7689 132.524 7.38893
    endloop
  endfacet
  facet normal -0.93871 0.319355 -0.129753
    outer loop
      vertex 11.3187 134.044 5.74878
      vertex 11.2797 133.965 5.83649
      vertex 11.3127 134.062 5.83649
    endloop
  endfacet
  facet normal -0.792159 -0.0515381 0.608134
    outer loop
      vertex 11.6498 133.051 7.41706
      vertex 11.623 133.131 7.38893
      vertex 11.6284 133.048 7.38893
    endloop
  endfacet
  facet normal -0.964003 0.0632627 0.258257
    outer loop
      vertex 11.2583 133.639 6.48773
      vertex 11.2373 133.319 6.48773
      vertex 11.3422 133.628 6.8036
    endloop
  endfacet
  facet normal -0.94755 0.188307 0.258242
    outer loop
      vertex 11.3209 133.954 6.48773
      vertex 11.2583 133.639 6.48773
      vertex 11.3422 133.628 6.8036
    endloop
  endfacet
  facet normal -0.91546 0.307024 0.260133
    outer loop
      vertex 11.3395 133.982 6.52014
      vertex 11.3209 133.954 6.48773
      vertex 11.3515 133.945 6.60604
    endloop
  endfacet
  facet normal -0.946922 -0.321463 0
    outer loop
      vertex 11.3846 132.364 5.83649
      vertex 11.2797 132.673 6.16351
      vertex 11.2797 132.673 5.83649
    endloop
  endfacet
  facet normal -0.946922 -0.321463 0
    outer loop
      vertex 11.2797 132.673 6.16351
      vertex 11.3846 132.364 5.83649
      vertex 11.3846 132.364 6.16351
    endloop
  endfacet
  facet normal -0.980757 0.195232 0
    outer loop
      vertex 11.216 133.645 5.83649
      vertex 11.2797 133.965 6.16351
      vertex 11.2797 133.965 5.83649
    endloop
  endfacet
  facet normal -0.980757 0.195232 0
    outer loop
      vertex 11.2797 133.965 6.16351
      vertex 11.216 133.645 5.83649
      vertex 11.216 133.645 6.16351
    endloop
  endfacet
  facet normal -0.726456 -0.636662 -0.258696
    outer loop
      vertex 11.9555 131.585 5.51227
      vertex 11.8112 131.878 5.1964
      vertex 12.0154 131.645 5.1964
    endloop
  endfacet
  facet normal -0.651021 -0.571934 0.499062
    outer loop
      vertex 11.994 132.018 7.28799
      vertex 11.9105 131.954 7.10572
      vertex 12.0287 131.914 7.21407
    endloop
  endfacet
  facet normal -0.726456 -0.636662 0.258696
    outer loop
      vertex 12.0154 131.645 6.8036
      vertex 11.8112 131.878 6.8036
      vertex 11.9555 131.585 6.48773
    endloop
  endfacet
  facet normal -0.832097 -0.55463 0
    outer loop
      vertex 11.7102 131.8 5.83649
      vertex 11.5289 132.072 6.16351
      vertex 11.5289 132.072 5.83649
    endloop
  endfacet
  facet normal -0.832097 -0.55463 0
    outer loop
      vertex 11.5289 132.072 6.16351
      vertex 11.7102 131.8 5.83649
      vertex 11.7102 131.8 6.16351
    endloop
  endfacet
  facet normal -0.607468 -0.696775 -0.381428
    outer loop
      vertex 12.1314 131.606 5.0829
      vertex 12.0154 131.645 5.1964
      vertex 12.0926 131.722 4.93279
    endloop
  endfacet
  facet normal -0.751474 -0.659763 0
    outer loop
      vertex 11.9253 131.555 5.83649
      vertex 11.7102 131.8 6.16351
      vertex 11.7102 131.8 5.83649
    endloop
  endfacet
  facet normal -0.751474 -0.659763 0
    outer loop
      vertex 11.7102 131.8 6.16351
      vertex 11.9253 131.555 5.83649
      vertex 11.9253 131.555 6.16351
    endloop
  endfacet
  facet normal -0.665556 -0.44203 0.601369
    outer loop
      vertex 11.9039 132.288 7.41119
      vertex 11.8891 132.28 7.38893
      vertex 11.9243 132.227 7.38893
    endloop
  endfacet
  facet normal -0.888775 -0.439213 0.131036
    outer loop
      vertex 11.424 132.381 6.48773
      vertex 11.3846 132.364 6.16351
      vertex 11.5289 132.072 6.16351
    endloop
  endfacet
  facet normal -0.972377 -0.193564 0.130445
    outer loop
      vertex 11.2583 132.999 6.48773
      vertex 11.216 132.993 6.16351
      vertex 11.2797 132.673 6.16351
    endloop
  endfacet
  facet normal -0.824756 -0.550455 0.12952
    outer loop
      vertex 11.5658 132.093 6.48773
      vertex 11.5289 132.072 6.16351
      vertex 11.744 131.826 6.48773
    endloop
  endfacet
  facet normal -0.825024 -0.549915 0.130108
    outer loop
      vertex 11.744 131.826 6.48773
      vertex 11.5289 132.072 6.16351
      vertex 11.7102 131.8 6.16351
    endloop
  endfacet
  facet normal -0.889584 -0.437996 0.129614
    outer loop
      vertex 11.5658 132.093 6.48773
      vertex 11.424 132.381 6.48773
      vertex 11.5289 132.072 6.16351
    endloop
  endfacet
  facet normal -0.803645 -0.536366 0.25781
    outer loop
      vertex 11.6391 132.135 6.8036
      vertex 11.5658 132.093 6.48773
      vertex 11.744 131.826 6.48773
    endloop
  endfacet
  facet normal -0.906387 -0.180646 0.381878
    outer loop
      vertex 11.4663 133.026 7.10572
      vertex 11.3422 133.01 6.8036
      vertex 11.5235 132.739 7.10572
    endloop
  endfacet
  facet normal -0.922184 -0.0604298 0.382
    outer loop
      vertex 11.4471 133.319 7.10572
      vertex 11.3422 133.01 6.8036
      vertex 11.4663 133.026 7.10572
    endloop
  endfacet
  facet normal -0.94755 0.188307 -0.258242
    outer loop
      vertex 11.3422 133.628 5.1964
      vertex 11.2583 133.639 5.51227
      vertex 11.3209 133.954 5.51227
    endloop
  endfacet
  facet normal -0.864627 0.056627 0.499213
    outer loop
      vertex 11.4657 133.603 7.10572
      vertex 11.4471 133.319 7.10572
      vertex 11.5603 133.319 7.30178
    endloop
  endfacet
  facet normal -0.779046 -0.155367 0.607412
    outer loop
      vertex 11.7162 132.851 7.45134
      vertex 11.6815 132.781 7.38893
      vertex 11.7349 132.795 7.461
    endloop
  endfacet
  facet normal -0.93871 0.319355 0.129753
    outer loop
      vertex 11.3127 134.062 6.16351
      vertex 11.2797 133.965 6.16351
      vertex 11.3187 134.044 6.25122
    endloop
  endfacet
  facet normal -0.938785 0.318987 0.130118
    outer loop
      vertex 11.3209 133.954 6.48773
      vertex 11.3187 134.044 6.25122
      vertex 11.2797 133.965 6.16351
    endloop
  endfacet
  facet normal -0.937443 0.322389 0.1314
    outer loop
      vertex 11.3187 134.044 6.25122
      vertex 11.3209 133.954 6.48773
      vertex 11.335 133.995 6.48773
    endloop
  endfacet
  facet normal -0.906424 0.180445 0.381884
    outer loop
      vertex 11.3852 133.844 6.8036
      vertex 11.3422 133.628 6.8036
      vertex 11.419 133.743 6.93155
    endloop
  endfacet
  facet normal -0.906376 0.180113 0.382154
    outer loop
      vertex 11.419 133.743 6.93155
      vertex 11.3422 133.628 6.8036
      vertex 11.4626 133.612 7.0967
    endloop
  endfacet
  facet normal -0.695112 -0.609192 -0.381713
    outer loop
      vertex 12.0154 131.645 5.1964
      vertex 11.8112 131.878 5.1964
      vertex 11.9105 131.954 4.89428
    endloop
  endfacet
  facet normal -0.997872 -0.0651984 0
    outer loop
      vertex 11.216 132.993 5.83649
      vertex 11.1947 133.319 6.16351
      vertex 11.1947 133.319 5.83649
    endloop
  endfacet
  facet normal -0.997872 -0.0651984 0
    outer loop
      vertex 11.1947 133.319 6.16351
      vertex 11.216 132.993 5.83649
      vertex 11.216 132.993 6.16351
    endloop
  endfacet
  facet normal -0.972479 0.193261 -0.130134
    outer loop
      vertex 11.3209 133.954 5.51227
      vertex 11.2583 133.639 5.51227
      vertex 11.2797 133.965 5.83649
    endloop
  endfacet
  facet normal -0.937443 0.322389 -0.1314
    outer loop
      vertex 11.3209 133.954 5.51227
      vertex 11.3187 134.044 5.74878
      vertex 11.335 133.995 5.51227
    endloop
  endfacet
  facet normal -0.938785 0.318987 -0.130118
    outer loop
      vertex 11.3187 134.044 5.74878
      vertex 11.3209 133.954 5.51227
      vertex 11.2797 133.965 5.83649
    endloop
  endfacet
  facet normal -0.997872 0.0651984 0
    outer loop
      vertex 11.1947 133.319 5.83649
      vertex 11.216 133.645 6.16351
      vertex 11.216 133.645 5.83649
    endloop
  endfacet
  facet normal -0.997872 0.0651984 0
    outer loop
      vertex 11.216 133.645 6.16351
      vertex 11.1947 133.319 5.83649
      vertex 11.1947 133.319 6.16351
    endloop
  endfacet
  facet normal -0.720543 -0.480515 -0.499923
    outer loop
      vertex 11.994 132.018 4.71201
      vertex 11.7475 132.198 4.89428
      vertex 11.9707 132.088 4.67831
    endloop
  endfacet
  facet normal -0.72055 -0.481351 -0.499108
    outer loop
      vertex 11.7475 132.198 4.89428
      vertex 11.994 132.018 4.71201
      vertex 11.9105 131.954 4.89428
    endloop
  endfacet
  facet normal -0.695068 -0.608995 -0.382106
    outer loop
      vertex 12.0926 131.722 4.93279
      vertex 11.9105 131.954 4.89428
      vertex 12.0796 131.761 4.89428
    endloop
  endfacet
  facet normal -0.695303 -0.609084 -0.381537
    outer loop
      vertex 11.9105 131.954 4.89428
      vertex 12.0926 131.722 4.93279
      vertex 12.0154 131.645 5.1964
    endloop
  endfacet
  facet normal -0.776865 -0.383116 -0.499702
    outer loop
      vertex 11.7475 132.198 4.89428
      vertex 11.6178 132.461 4.89428
      vertex 11.7689 132.524 4.61107
    endloop
  endfacet
  facet normal -0.658982 -0.752159 0
    outer loop
      vertex 11.9253 131.555 5.83649
      vertex 12.1707 131.34 6.16351
      vertex 11.9253 131.555 6.16351
    endloop
  endfacet
  facet normal -0.658982 -0.752159 -0
    outer loop
      vertex 12.1707 131.34 6.16351
      vertex 11.9253 131.555 5.83649
      vertex 12.1707 131.34 5.83649
    endloop
  endfacet
  facet normal -0.560704 -0.828016 0
    outer loop
      vertex 12.1707 131.34 5.83649
      vertex 12.2342 131.297 6.16351
      vertex 12.1707 131.34 6.16351
    endloop
  endfacet
  facet normal -0.560704 -0.828016 -0
    outer loop
      vertex 12.2342 131.297 6.16351
      vertex 12.1707 131.34 5.83649
      vertex 12.2342 131.297 5.83649
    endloop
  endfacet
  facet normal -0.824756 -0.550455 -0.12952
    outer loop
      vertex 11.744 131.826 5.51227
      vertex 11.5289 132.072 5.83649
      vertex 11.5658 132.093 5.51227
    endloop
  endfacet
  facet normal -0.745083 -0.654153 -0.130133
    outer loop
      vertex 11.9253 131.555 5.83649
      vertex 11.7102 131.8 5.83649
      vertex 11.744 131.826 5.51227
    endloop
  endfacet
  facet normal -0.896505 -0.443033 0
    outer loop
      vertex 11.5289 132.072 5.83649
      vertex 11.3846 132.364 6.16351
      vertex 11.3846 132.364 5.83649
    endloop
  endfacet
  facet normal -0.896505 -0.443033 0
    outer loop
      vertex 11.3846 132.364 6.16351
      vertex 11.5289 132.072 5.83649
      vertex 11.5289 132.072 6.16351
    endloop
  endfacet
  facet normal -0.745238 -0.654016 -0.129932
    outer loop
      vertex 11.9253 131.555 5.83649
      vertex 11.744 131.826 5.51227
      vertex 11.9555 131.585 5.51227
    endloop
  endfacet
  facet normal -0.636053 -0.726788 -0.259259
    outer loop
      vertex 11.9555 131.585 5.51227
      vertex 12.2051 131.385 5.46058
      vertex 12.1966 131.374 5.51227
    endloop
  endfacet
  facet normal -0.636177 -0.727653 -0.256516
    outer loop
      vertex 12.2051 131.385 5.46058
      vertex 11.9555 131.585 5.51227
      vertex 12.1742 131.477 5.27624
    endloop
  endfacet
  facet normal -0.849775 -0.169363 -0.499198
    outer loop
      vertex 11.5235 132.739 4.89428
      vertex 11.4663 133.026 4.89428
      vertex 11.6815 132.781 4.61107
    endloop
  endfacet
  facet normal -0.725901 -0.637046 0.259306
    outer loop
      vertex 11.8112 131.878 6.8036
      vertex 11.744 131.826 6.48773
      vertex 11.9555 131.585 6.48773
    endloop
  endfacet
  facet normal -0.745238 -0.654016 0.129932
    outer loop
      vertex 11.9555 131.585 6.48773
      vertex 11.744 131.826 6.48773
      vertex 11.9253 131.555 6.16351
    endloop
  endfacet
  facet normal -0.776865 -0.383116 0.499702
    outer loop
      vertex 11.7689 132.524 7.38893
      vertex 11.6178 132.461 7.10572
      vertex 11.7475 132.198 7.10572
    endloop
  endfacet
  facet normal -0.752201 -0.256165 0.607102
    outer loop
      vertex 11.7349 132.795 7.461
      vertex 11.6815 132.781 7.38893
      vertex 11.7563 132.731 7.46051
    endloop
  endfacet
  facet normal -0.849775 -0.169363 0.499198
    outer loop
      vertex 11.6815 132.781 7.38893
      vertex 11.4663 133.026 7.10572
      vertex 11.5235 132.739 7.10572
    endloop
  endfacet
  facet normal -0.963958 -0.063016 0.258484
    outer loop
      vertex 11.322 133.319 6.8036
      vertex 11.2373 133.319 6.48773
      vertex 11.3422 133.01 6.8036
    endloop
  endfacet
  facet normal -0.922244 -0.0602891 0.381877
    outer loop
      vertex 11.4471 133.319 7.10572
      vertex 11.322 133.319 6.8036
      vertex 11.3422 133.01 6.8036
    endloop
  endfacet
  facet normal -0.938649 -0.319388 0.130114
    outer loop
      vertex 11.3209 132.684 6.48773
      vertex 11.2797 132.673 6.16351
      vertex 11.424 132.381 6.48773
    endloop
  endfacet
  facet normal -0.914654 -0.311224 0.25797
    outer loop
      vertex 11.5022 132.413 6.8036
      vertex 11.3209 132.684 6.48773
      vertex 11.424 132.381 6.48773
    endloop
  endfacet
  facet normal -0.972479 -0.193261 -0.130134
    outer loop
      vertex 11.2797 132.673 5.83649
      vertex 11.2583 132.999 5.51227
      vertex 11.3209 132.684 5.51227
    endloop
  endfacet
  facet normal -0.938788 -0.318702 -0.130794
    outer loop
      vertex 11.3846 132.364 5.83649
      vertex 11.2797 132.673 5.83649
      vertex 11.424 132.381 5.51227
    endloop
  endfacet
  facet normal -0.989386 -0.0649285 -0.129998
    outer loop
      vertex 11.2583 132.999 5.51227
      vertex 11.1947 133.319 5.83649
      vertex 11.2373 133.319 5.51227
    endloop
  endfacet
  facet normal -0.989386 0.0649285 -0.129998
    outer loop
      vertex 11.2373 133.319 5.51227
      vertex 11.1947 133.319 5.83649
      vertex 11.2583 133.639 5.51227
    endloop
  endfacet
  facet normal -0.972377 -0.193564 -0.130445
    outer loop
      vertex 11.2797 132.673 5.83649
      vertex 11.216 132.993 5.83649
      vertex 11.2583 132.999 5.51227
    endloop
  endfacet
  facet normal -0.914654 -0.311224 -0.25797
    outer loop
      vertex 11.424 132.381 5.51227
      vertex 11.3209 132.684 5.51227
      vertex 11.5022 132.413 5.1964
    endloop
  endfacet
  facet normal -0.914824 0.31461 -0.253213
    outer loop
      vertex 11.3395 133.982 5.47986
      vertex 11.3209 133.954 5.51227
      vertex 11.335 133.995 5.51227
    endloop
  endfacet
  facet normal -0.725901 -0.637046 -0.259306
    outer loop
      vertex 11.9555 131.585 5.51227
      vertex 11.744 131.826 5.51227
      vertex 11.8112 131.878 5.1964
    endloop
  endfacet
  facet normal -0.849694 -0.168984 -0.499464
    outer loop
      vertex 11.6815 132.781 4.61107
      vertex 11.4663 133.026 4.89428
      vertex 11.6284 133.048 4.61107
    endloop
  endfacet
  facet normal -0.964003 -0.0632627 -0.258257
    outer loop
      vertex 11.2583 132.999 5.51227
      vertex 11.2373 133.319 5.51227
      vertex 11.3422 133.01 5.1964
    endloop
  endfacet
  facet normal -0.71887 -0.346657 -0.60254
    outer loop
      vertex 11.9039 132.288 4.58881
      vertex 11.8891 132.28 4.61107
      vertex 11.8957 132.313 4.58421
    endloop
  endfacet
  facet normal -0.713675 -0.351771 -0.605744
    outer loop
      vertex 11.8957 132.313 4.58421
      vertex 11.7689 132.524 4.61107
      vertex 11.8186 132.544 4.5409
    endloop
  endfacet
  facet normal -0.713051 -0.351265 -0.606771
    outer loop
      vertex 11.7689 132.524 4.61107
      vertex 11.8957 132.313 4.58421
      vertex 11.8891 132.28 4.61107
    endloop
  endfacet
  facet normal -0.636177 -0.727653 0.256516
    outer loop
      vertex 11.9555 131.585 6.48773
      vertex 12.2051 131.385 6.53942
      vertex 12.1742 131.477 6.72376
    endloop
  endfacet
  facet normal -0.636053 -0.726788 0.259259
    outer loop
      vertex 12.2051 131.385 6.53942
      vertex 11.9555 131.585 6.48773
      vertex 12.1966 131.374 6.48773
    endloop
  endfacet
  facet normal -0.768548 -0.513415 0.381757
    outer loop
      vertex 11.9105 131.954 7.10572
      vertex 11.7475 132.198 7.10572
      vertex 11.8112 131.878 6.8036
    endloop
  endfacet
  facet normal -0.720543 -0.480515 0.499923
    outer loop
      vertex 11.7475 132.198 7.10572
      vertex 11.994 132.018 7.28799
      vertex 11.9707 132.088 7.32169
    endloop
  endfacet
  facet normal -0.72055 -0.481351 0.499108
    outer loop
      vertex 11.994 132.018 7.28799
      vertex 11.7475 132.198 7.10572
      vertex 11.9105 131.954 7.10572
    endloop
  endfacet
  facet normal -0.653401 -0.745789 -0.12987
    outer loop
      vertex 12.1707 131.34 5.83649
      vertex 11.9253 131.555 5.83649
      vertex 11.9555 131.585 5.51227
    endloop
  endfacet
  facet normal -0.652948 -0.746093 0.130401
    outer loop
      vertex 12.1966 131.374 6.48773
      vertex 11.9555 131.585 6.48773
      vertex 12.1707 131.34 6.16351
    endloop
  endfacet
  facet normal -0.653401 -0.745789 0.12987
    outer loop
      vertex 11.9555 131.585 6.48773
      vertex 11.9253 131.555 6.16351
      vertex 12.1707 131.34 6.16351
    endloop
  endfacet
  facet normal -0.555875 -0.820886 -0.130953
    outer loop
      vertex 12.1707 131.34 5.83649
      vertex 12.2137 131.359 5.53486
      vertex 12.2342 131.297 5.83649
    endloop
  endfacet
  facet normal -0.550805 -0.824376 -0.13045
    outer loop
      vertex 12.2137 131.359 5.53486
      vertex 12.1707 131.34 5.83649
      vertex 12.1966 131.374 5.51227
    endloop
  endfacet
  facet normal -0.652948 -0.746093 -0.130401
    outer loop
      vertex 12.1707 131.34 5.83649
      vertex 11.9555 131.585 5.51227
      vertex 12.1966 131.374 5.51227
    endloop
  endfacet
  facet normal -0.651407 -0.570741 -0.499923
    outer loop
      vertex 12.0796 131.761 4.89428
      vertex 11.9105 131.954 4.89428
      vertex 12.0287 131.914 4.78593
    endloop
  endfacet
  facet normal -0.651021 -0.571934 -0.499062
    outer loop
      vertex 12.0287 131.914 4.78593
      vertex 11.9105 131.954 4.89428
      vertex 11.994 132.018 4.71201
    endloop
  endfacet
  facet normal -0.767672 -0.514071 0.382636
    outer loop
      vertex 11.7475 132.198 7.10572
      vertex 11.6391 132.135 6.8036
      vertex 11.8112 131.878 6.8036
    endloop
  endfacet
  facet normal -0.828892 -0.408185 0.382522
    outer loop
      vertex 11.7475 132.198 7.10572
      vertex 11.5022 132.413 6.8036
      vertex 11.6391 132.135 6.8036
    endloop
  endfacet
  facet normal -0.695112 -0.609192 0.381713
    outer loop
      vertex 11.9105 131.954 7.10572
      vertex 11.8112 131.878 6.8036
      vertex 12.0154 131.645 6.8036
    endloop
  endfacet
  facet normal -0.695068 -0.608995 0.382106
    outer loop
      vertex 11.9105 131.954 7.10572
      vertex 12.0926 131.722 7.06721
      vertex 12.0796 131.761 7.10572
    endloop
  endfacet
  facet normal -0.695303 -0.609084 0.381537
    outer loop
      vertex 12.0926 131.722 7.06721
      vertex 11.9105 131.954 7.10572
      vertex 12.0154 131.645 6.8036
    endloop
  endfacet
  facet normal -0.752156 -0.255791 0.607316
    outer loop
      vertex 11.7689 132.524 7.38893
      vertex 11.7563 132.731 7.46051
      vertex 11.6815 132.781 7.38893
    endloop
  endfacet
  facet normal -0.753127 -0.255479 0.606242
    outer loop
      vertex 11.7563 132.731 7.46051
      vertex 11.7689 132.524 7.38893
      vertex 11.8186 132.544 7.4591
    endloop
  endfacet
  facet normal -0.778377 -0.154109 0.608588
    outer loop
      vertex 11.6284 133.048 7.38893
      vertex 11.7162 132.851 7.45134
      vertex 11.6498 133.051 7.41706
    endloop
  endfacet
  facet normal -0.779328 -0.15499 0.607146
    outer loop
      vertex 11.7162 132.851 7.45134
      vertex 11.6284 133.048 7.38893
      vertex 11.6815 132.781 7.38893
    endloop
  endfacet
  facet normal -0.820355 -0.278272 0.499582
    outer loop
      vertex 11.7689 132.524 7.38893
      vertex 11.5235 132.739 7.10572
      vertex 11.6178 132.461 7.10572
    endloop
  endfacet
  facet normal -0.87517 -0.296865 0.382031
    outer loop
      vertex 11.5235 132.739 7.10572
      vertex 11.5022 132.413 6.8036
      vertex 11.6178 132.461 7.10572
    endloop
  endfacet
  facet normal -0.713675 -0.351771 0.605744
    outer loop
      vertex 11.7689 132.524 7.38893
      vertex 11.8957 132.313 7.41579
      vertex 11.8186 132.544 7.4591
    endloop
  endfacet
  facet normal -0.713051 -0.351265 0.606771
    outer loop
      vertex 11.8957 132.313 7.41579
      vertex 11.7689 132.524 7.38893
      vertex 11.8891 132.28 7.38893
    endloop
  endfacet
  facet normal -0.71887 -0.346657 0.60254
    outer loop
      vertex 11.8957 132.313 7.41579
      vertex 11.8891 132.28 7.38893
      vertex 11.9039 132.288 7.41119
    endloop
  endfacet
  facet normal -0.947569 -0.188267 0.258202
    outer loop
      vertex 11.3422 133.01 6.8036
      vertex 11.3209 132.684 6.48773
      vertex 11.4026 132.706 6.8036
    endloop
  endfacet
  facet normal -0.914678 -0.310928 0.258238
    outer loop
      vertex 11.4026 132.706 6.8036
      vertex 11.3209 132.684 6.48773
      vertex 11.5022 132.413 6.8036
    endloop
  endfacet
  facet normal -0.922184 -0.0604298 -0.382
    outer loop
      vertex 11.4663 133.026 4.89428
      vertex 11.3422 133.01 5.1964
      vertex 11.4471 133.319 4.89428
    endloop
  endfacet
  facet normal -0.922244 0.0602891 -0.381877
    outer loop
      vertex 11.4471 133.319 4.89428
      vertex 11.322 133.319 5.1964
      vertex 11.3422 133.628 5.1964
    endloop
  endfacet
  facet normal -0.874778 -0.297365 -0.382542
    outer loop
      vertex 11.5022 132.413 5.1964
      vertex 11.4026 132.706 5.1964
      vertex 11.5235 132.739 4.89428
    endloop
  endfacet
  facet normal -0.828892 -0.408185 -0.382522
    outer loop
      vertex 11.6391 132.135 5.1964
      vertex 11.5022 132.413 5.1964
      vertex 11.7475 132.198 4.89428
    endloop
  endfacet
  facet normal -0.665556 -0.44203 -0.601369
    outer loop
      vertex 11.9243 132.227 4.61107
      vertex 11.8891 132.28 4.61107
      vertex 11.9039 132.288 4.58881
    endloop
  endfacet
  facet normal -0.721623 -0.479266 -0.499564
    outer loop
      vertex 11.9243 132.227 4.61107
      vertex 11.7475 132.198 4.89428
      vertex 11.8891 132.28 4.61107
    endloop
  endfacet
  facet normal -0.720301 -0.481834 -0.499002
    outer loop
      vertex 11.7475 132.198 4.89428
      vertex 11.9243 132.227 4.61107
      vertex 11.9707 132.088 4.67831
    endloop
  endfacet
  facet normal -0.607913 -0.695989 0.382153
    outer loop
      vertex 12.1314 131.606 6.9171
      vertex 12.0154 131.645 6.8036
      vertex 12.1608 131.518 6.8036
    endloop
  endfacet
  facet normal -0.573034 -0.812667 0.105848
    outer loop
      vertex 12.2122 131.363 6.48773
      vertex 12.1966 131.374 6.48773
      vertex 12.2137 131.359 6.46514
    endloop
  endfacet
  facet normal -0.550805 -0.824376 0.13045
    outer loop
      vertex 12.1707 131.34 6.16351
      vertex 12.2137 131.359 6.46514
      vertex 12.1966 131.374 6.48773
    endloop
  endfacet
  facet normal -0.555875 -0.820886 0.130953
    outer loop
      vertex 12.2137 131.359 6.46514
      vertex 12.1707 131.34 6.16351
      vertex 12.2342 131.297 6.16351
    endloop
  endfacet
  facet normal -0.721623 -0.479266 0.499564
    outer loop
      vertex 11.7475 132.198 7.10572
      vertex 11.9243 132.227 7.38893
      vertex 11.8891 132.28 7.38893
    endloop
  endfacet
  facet normal -0.720301 -0.481834 0.499002
    outer loop
      vertex 11.9243 132.227 7.38893
      vertex 11.7475 132.198 7.10572
      vertex 11.9707 132.088 7.32169
    endloop
  endfacet
  facet normal -0.637582 -0.725631 -0.258743
    outer loop
      vertex 12.0154 131.645 5.1964
      vertex 12.1742 131.477 5.27624
      vertex 11.9555 131.585 5.51227
    endloop
  endfacet
  facet normal -0.634077 -0.725943 -0.266371
    outer loop
      vertex 12.1742 131.477 5.27624
      vertex 12.0154 131.645 5.1964
      vertex 12.1608 131.518 5.1964
    endloop
  endfacet
  facet normal -0.607913 -0.695989 -0.382153
    outer loop
      vertex 12.1608 131.518 5.1964
      vertex 12.0154 131.645 5.1964
      vertex 12.1314 131.606 5.0829
    endloop
  endfacet
  facet normal -0.864627 -0.0566253 -0.499213
    outer loop
      vertex 11.5806 133.258 4.66998
      vertex 11.4471 133.319 4.89428
      vertex 11.5603 133.319 4.69822
    endloop
  endfacet
  facet normal -0.864629 -0.0566583 -0.499206
    outer loop
      vertex 11.4471 133.319 4.89428
      vertex 11.5806 133.258 4.66998
      vertex 11.4663 133.026 4.89428
    endloop
  endfacet
  facet normal -0.964003 0.0632627 -0.258257
    outer loop
      vertex 11.3422 133.628 5.1964
      vertex 11.2373 133.319 5.51227
      vertex 11.2583 133.639 5.51227
    endloop
  endfacet
  facet normal -0.777174 -0.382854 -0.499424
    outer loop
      vertex 11.8891 132.28 4.61107
      vertex 11.7475 132.198 4.89428
      vertex 11.7689 132.524 4.61107
    endloop
  endfacet
  facet normal -0.864627 0.056627 -0.499213
    outer loop
      vertex 11.5603 133.319 4.69822
      vertex 11.4471 133.319 4.89428
      vertex 11.4657 133.603 4.89428
    endloop
  endfacet
  facet normal -0.828826 -0.40874 -0.382073
    outer loop
      vertex 11.7475 132.198 4.89428
      vertex 11.5022 132.413 5.1964
      vertex 11.6178 132.461 4.89428
    endloop
  endfacet
  facet normal -0.914678 -0.310928 -0.258238
    outer loop
      vertex 11.5022 132.413 5.1964
      vertex 11.3209 132.684 5.51227
      vertex 11.4026 132.706 5.1964
    endloop
  endfacet
  facet normal -0.825024 -0.549915 -0.130108
    outer loop
      vertex 11.7102 131.8 5.83649
      vertex 11.5289 132.072 5.83649
      vertex 11.744 131.826 5.51227
    endloop
  endfacet
  facet normal -0.767672 -0.514071 -0.382636
    outer loop
      vertex 11.8112 131.878 5.1964
      vertex 11.6391 132.135 5.1964
      vertex 11.7475 132.198 4.89428
    endloop
  endfacet
  facet normal -0.906434 0.180447 -0.381859
    outer loop
      vertex 11.419 133.743 5.06844
      vertex 11.3422 133.628 5.1964
      vertex 11.3852 133.844 5.1964
    endloop
  endfacet
  facet normal -0.947534 0.188629 -0.258066
    outer loop
      vertex 11.3422 133.628 5.1964
      vertex 11.3515 133.945 5.39396
      vertex 11.3852 133.844 5.1964
    endloop
  endfacet
  facet normal -0.947027 0.189415 -0.25935
    outer loop
      vertex 11.3515 133.945 5.39396
      vertex 11.3422 133.628 5.1964
      vertex 11.3209 133.954 5.51227
    endloop
  endfacet
  facet normal -0.820355 -0.278272 -0.499582
    outer loop
      vertex 11.6178 132.461 4.89428
      vertex 11.5235 132.739 4.89428
      vertex 11.7689 132.524 4.61107
    endloop
  endfacet
  facet normal -0.820414 -0.279005 -0.499077
    outer loop
      vertex 11.7689 132.524 4.61107
      vertex 11.5235 132.739 4.89428
      vertex 11.6815 132.781 4.61107
    endloop
  endfacet
  facet normal -0.906387 -0.180646 -0.381878
    outer loop
      vertex 11.5235 132.739 4.89428
      vertex 11.3422 133.01 5.1964
      vertex 11.4663 133.026 4.89428
    endloop
  endfacet
  facet normal -0.906304 -0.180068 -0.382346
    outer loop
      vertex 11.4026 132.706 5.1964
      vertex 11.3422 133.01 5.1964
      vertex 11.5235 132.739 4.89428
    endloop
  endfacet
  facet normal -0.866789 -0.426847 -0.257834
    outer loop
      vertex 11.6391 132.135 5.1964
      vertex 11.424 132.381 5.51227
      vertex 11.5022 132.413 5.1964
    endloop
  endfacet
  facet normal -0.938649 -0.319388 -0.130114
    outer loop
      vertex 11.424 132.381 5.51227
      vertex 11.2797 132.673 5.83649
      vertex 11.3209 132.684 5.51227
    endloop
  endfacet
  facet normal -0.94755 -0.188307 -0.258242
    outer loop
      vertex 11.3209 132.684 5.51227
      vertex 11.2583 132.999 5.51227
      vertex 11.3422 133.01 5.1964
    endloop
  endfacet
  facet normal -0.947569 -0.188267 -0.258202
    outer loop
      vertex 11.4026 132.706 5.1964
      vertex 11.3209 132.684 5.51227
      vertex 11.3422 133.01 5.1964
    endloop
  endfacet
  facet normal -0.889584 -0.437996 -0.129614
    outer loop
      vertex 11.5289 132.072 5.83649
      vertex 11.424 132.381 5.51227
      vertex 11.5658 132.093 5.51227
    endloop
  endfacet
  facet normal -0.802507 -0.537399 -0.259199
    outer loop
      vertex 11.744 131.826 5.51227
      vertex 11.6391 132.135 5.1964
      vertex 11.8112 131.878 5.1964
    endloop
  endfacet
  facet normal -0.779046 -0.155367 -0.607412
    outer loop
      vertex 11.7349 132.795 4.539
      vertex 11.6815 132.781 4.61107
      vertex 11.7162 132.851 4.54866
    endloop
  endfacet
  facet normal -0.963958 -0.063016 -0.258484
    outer loop
      vertex 11.3422 133.01 5.1964
      vertex 11.2373 133.319 5.51227
      vertex 11.322 133.319 5.1964
    endloop
  endfacet
  facet normal -0.864628 -0.0562529 -0.499254
    outer loop
      vertex 11.4663 133.026 4.89428
      vertex 11.623 133.131 4.61107
      vertex 11.6284 133.048 4.61107
    endloop
  endfacet
  facet normal -0.86448 -0.0569489 -0.49943
    outer loop
      vertex 11.623 133.131 4.61107
      vertex 11.4663 133.026 4.89428
      vertex 11.5806 133.258 4.66998
    endloop
  endfacet
  facet normal -0.963958 0.063016 -0.258484
    outer loop
      vertex 11.322 133.319 5.1964
      vertex 11.2373 133.319 5.51227
      vertex 11.3422 133.628 5.1964
    endloop
  endfacet
  facet normal -0.922244 -0.0602891 -0.381877
    outer loop
      vertex 11.3422 133.01 5.1964
      vertex 11.322 133.319 5.1964
      vertex 11.4471 133.319 4.89428
    endloop
  endfacet
  facet normal -0.866804 -0.42678 -0.257896
    outer loop
      vertex 11.5658 132.093 5.51227
      vertex 11.424 132.381 5.51227
      vertex 11.6391 132.135 5.1964
    endloop
  endfacet
  facet normal -0.803645 -0.536366 -0.25781
    outer loop
      vertex 11.744 131.826 5.51227
      vertex 11.5658 132.093 5.51227
      vertex 11.6391 132.135 5.1964
    endloop
  endfacet
  facet normal -0.792159 -0.0515381 -0.608134
    outer loop
      vertex 11.6284 133.048 4.61107
      vertex 11.623 133.131 4.61107
      vertex 11.6498 133.051 4.58294
    endloop
  endfacet
  facet normal -0.778377 -0.154109 -0.608588
    outer loop
      vertex 11.7162 132.851 4.54866
      vertex 11.6284 133.048 4.61107
      vertex 11.6498 133.051 4.58294
    endloop
  endfacet
  facet normal -0.779328 -0.15499 -0.607146
    outer loop
      vertex 11.6284 133.048 4.61107
      vertex 11.7162 132.851 4.54866
      vertex 11.6815 132.781 4.61107
    endloop
  endfacet
  facet normal -0.752201 -0.256165 -0.607102
    outer loop
      vertex 11.7563 132.731 4.53949
      vertex 11.6815 132.781 4.61107
      vertex 11.7349 132.795 4.539
    endloop
  endfacet
  facet normal -0.923871 0.0605071 -0.37789
    outer loop
      vertex 11.4471 133.319 4.89428
      vertex 11.4626 133.612 4.9033
      vertex 11.4657 133.603 4.89428
    endloop
  endfacet
  facet normal -0.922135 0.0605449 -0.382101
    outer loop
      vertex 11.4626 133.612 4.9033
      vertex 11.4471 133.319 4.89428
      vertex 11.3422 133.628 5.1964
    endloop
  endfacet
  facet normal -0.906382 0.180083 -0.382155
    outer loop
      vertex 11.4626 133.612 4.9033
      vertex 11.3422 133.628 5.1964
      vertex 11.419 133.743 5.06844
    endloop
  endfacet
  facet normal 0.989386 -0.0649285 0.129998
    outer loop
      vertex 32.7627 133.319 6.48773
      vertex 32.7417 132.999 6.48773
      vertex 32.8053 133.319 6.16351
    endloop
  endfacet
  facet normal 0.849694 -0.168984 0.499464
    outer loop
      vertex 32.3716 133.048 7.38893
      vertex 32.3185 132.781 7.38893
      vertex 32.5337 133.026 7.10572
    endloop
  endfacet
  facet normal 0.94755 0.188307 0.258242
    outer loop
      vertex 32.6791 133.954 6.48773
      vertex 32.6578 133.628 6.8036
      vertex 32.7417 133.639 6.48773
    endloop
  endfacet
  facet normal 0.866804 -0.42678 0.257896
    outer loop
      vertex 32.576 132.381 6.48773
      vertex 32.3609 132.135 6.8036
      vertex 32.4342 132.093 6.48773
    endloop
  endfacet
  facet normal 0.963958 0.063016 0.258484
    outer loop
      vertex 32.7627 133.319 6.48773
      vertex 32.6578 133.628 6.8036
      vertex 32.678 133.319 6.8036
    endloop
  endfacet
  facet normal 0.922244 0.0602891 0.381877
    outer loop
      vertex 32.6578 133.628 6.8036
      vertex 32.5529 133.319 7.10572
      vertex 32.678 133.319 6.8036
    endloop
  endfacet
  facet normal 0.726456 -0.636662 0.258696
    outer loop
      vertex 32.1888 131.878 6.8036
      vertex 31.9846 131.645 6.8036
      vertex 32.0445 131.585 6.48773
    endloop
  endfacet
  facet normal 0.726456 -0.636662 -0.258696
    outer loop
      vertex 32.0445 131.585 5.51227
      vertex 31.9846 131.645 5.1964
      vertex 32.1888 131.878 5.1964
    endloop
  endfacet
  facet normal 0.778377 -0.154109 -0.608588
    outer loop
      vertex 32.3716 133.048 4.61107
      vertex 32.2838 132.851 4.54866
      vertex 32.3502 133.051 4.58294
    endloop
  endfacet
  facet normal 0.779328 -0.15499 -0.607146
    outer loop
      vertex 32.2838 132.851 4.54866
      vertex 32.3716 133.048 4.61107
      vertex 32.3185 132.781 4.61107
    endloop
  endfacet
  facet normal 0.980757 -0.195232 0
    outer loop
      vertex 32.7203 132.673 6.16351
      vertex 32.784 132.993 5.83649
      vertex 32.784 132.993 6.16351
    endloop
  endfacet
  facet normal 0.980757 -0.195232 0
    outer loop
      vertex 32.784 132.993 5.83649
      vertex 32.7203 132.673 6.16351
      vertex 32.7203 132.673 5.83649
    endloop
  endfacet
  facet normal 0.832097 -0.55463 0
    outer loop
      vertex 32.2898 131.8 6.16351
      vertex 32.4711 132.072 5.83649
      vertex 32.4711 132.072 6.16351
    endloop
  endfacet
  facet normal 0.832097 -0.55463 0
    outer loop
      vertex 32.4711 132.072 5.83649
      vertex 32.2898 131.8 6.16351
      vertex 32.2898 131.8 5.83649
    endloop
  endfacet
  facet normal 0.849775 -0.169363 0.499198
    outer loop
      vertex 32.5337 133.026 7.10572
      vertex 32.3185 132.781 7.38893
      vertex 32.4765 132.739 7.10572
    endloop
  endfacet
  facet normal 0.636053 -0.726788 0.259259
    outer loop
      vertex 32.0445 131.585 6.48773
      vertex 31.7949 131.385 6.53942
      vertex 31.8034 131.374 6.48773
    endloop
  endfacet
  facet normal 0.636177 -0.727653 0.256516
    outer loop
      vertex 31.7949 131.385 6.53942
      vertex 32.0445 131.585 6.48773
      vertex 31.8258 131.477 6.72376
    endloop
  endfacet
  facet normal 0.752201 -0.256165 0.607102
    outer loop
      vertex 32.2651 132.795 7.461
      vertex 32.2437 132.731 7.46051
      vertex 32.3185 132.781 7.38893
    endloop
  endfacet
  facet normal 0.94755 -0.188307 0.258242
    outer loop
      vertex 32.7417 132.999 6.48773
      vertex 32.6578 133.01 6.8036
      vertex 32.6791 132.684 6.48773
    endloop
  endfacet
  facet normal 0.906376 0.180113 -0.382154
    outer loop
      vertex 32.6578 133.628 5.1964
      vertex 32.5374 133.612 4.9033
      vertex 32.581 133.743 5.06845
    endloop
  endfacet
  facet normal 0.989386 0.0649285 0.129998
    outer loop
      vertex 32.8053 133.319 6.16351
      vertex 32.7417 133.639 6.48773
      vertex 32.7627 133.319 6.48773
    endloop
  endfacet
  facet normal 0.947534 0.188629 0.258066
    outer loop
      vertex 32.6578 133.628 6.8036
      vertex 32.6485 133.945 6.60604
      vertex 32.6148 133.844 6.8036
    endloop
  endfacet
  facet normal 0.947027 0.189415 0.25935
    outer loop
      vertex 32.6485 133.945 6.60604
      vertex 32.6578 133.628 6.8036
      vertex 32.6791 133.954 6.48773
    endloop
  endfacet
  facet normal 0.651031 -0.571904 0.499083
    outer loop
      vertex 32.006 132.018 7.28798
      vertex 31.9713 131.914 7.21407
      vertex 32.0895 131.954 7.10572
    endloop
  endfacet
  facet normal 0.803645 -0.536366 -0.25781
    outer loop
      vertex 32.4342 132.093 5.51227
      vertex 32.256 131.826 5.51227
      vertex 32.3609 132.135 5.1964
    endloop
  endfacet
  facet normal 0.634077 -0.725943 -0.266371
    outer loop
      vertex 31.9846 131.645 5.1964
      vertex 31.8258 131.477 5.27624
      vertex 31.8392 131.518 5.1964
    endloop
  endfacet
  facet normal 0.637582 -0.725631 -0.258743
    outer loop
      vertex 31.8258 131.477 5.27624
      vertex 31.9846 131.645 5.1964
      vertex 32.0445 131.585 5.51227
    endloop
  endfacet
  facet normal 0.820355 -0.278272 -0.499582
    outer loop
      vertex 32.3822 132.461 4.89428
      vertex 32.2311 132.524 4.61107
      vertex 32.4765 132.739 4.89428
    endloop
  endfacet
  facet normal 0.792159 -0.0515381 0.608134
    outer loop
      vertex 32.377 133.131 7.38893
      vertex 32.3502 133.051 7.41706
      vertex 32.3716 133.048 7.38893
    endloop
  endfacet
  facet normal 0.778377 -0.154109 0.608588
    outer loop
      vertex 32.2838 132.851 7.45134
      vertex 32.3716 133.048 7.38893
      vertex 32.3502 133.051 7.41706
    endloop
  endfacet
  facet normal 0.779328 -0.15499 0.607146
    outer loop
      vertex 32.3716 133.048 7.38893
      vertex 32.2838 132.851 7.45134
      vertex 32.3185 132.781 7.38893
    endloop
  endfacet
  facet normal 0.964003 0.0632627 0.258257
    outer loop
      vertex 32.7417 133.639 6.48773
      vertex 32.6578 133.628 6.8036
      vertex 32.7627 133.319 6.48773
    endloop
  endfacet
  facet normal 0.997872 0.0651984 0
    outer loop
      vertex 32.8053 133.319 6.16351
      vertex 32.784 133.645 5.83649
      vertex 32.784 133.645 6.16351
    endloop
  endfacet
  facet normal 0.997872 0.0651984 0
    outer loop
      vertex 32.784 133.645 5.83649
      vertex 32.8053 133.319 6.16351
      vertex 32.8053 133.319 5.83649
    endloop
  endfacet
  facet normal 0.914654 -0.311224 0.25797
    outer loop
      vertex 32.6791 132.684 6.48773
      vertex 32.4978 132.413 6.8036
      vertex 32.576 132.381 6.48773
    endloop
  endfacet
  facet normal 0.963958 -0.063016 0.258484
    outer loop
      vertex 32.678 133.319 6.8036
      vertex 32.6578 133.01 6.8036
      vertex 32.7627 133.319 6.48773
    endloop
  endfacet
  facet normal 0.924017 0.0605166 0.377531
    outer loop
      vertex 32.5529 133.319 7.10572
      vertex 32.5374 133.612 7.09669
      vertex 32.5343 133.603 7.10572
    endloop
  endfacet
  facet normal 0.92213 0.060558 0.382112
    outer loop
      vertex 32.5374 133.612 7.09669
      vertex 32.5529 133.319 7.10572
      vertex 32.6578 133.628 6.8036
    endloop
  endfacet
  facet normal 0.753127 -0.255479 0.606242
    outer loop
      vertex 32.2311 132.524 7.38893
      vertex 32.2437 132.731 7.46051
      vertex 32.1814 132.544 7.4591
    endloop
  endfacet
  facet normal 0.752156 -0.255791 0.607316
    outer loop
      vertex 32.2437 132.731 7.46051
      vertex 32.2311 132.524 7.38893
      vertex 32.3185 132.781 7.38893
    endloop
  endfacet
  facet normal 0.938649 -0.319388 -0.130114
    outer loop
      vertex 32.7203 132.673 5.83649
      vertex 32.576 132.381 5.51227
      vertex 32.6791 132.684 5.51227
    endloop
  endfacet
  facet normal 0.713675 -0.351771 0.605744
    outer loop
      vertex 32.1043 132.313 7.41579
      vertex 32.2311 132.524 7.38893
      vertex 32.1814 132.544 7.4591
    endloop
  endfacet
  facet normal 0.713051 -0.351265 0.606771
    outer loop
      vertex 32.2311 132.524 7.38893
      vertex 32.1043 132.313 7.41579
      vertex 32.1109 132.28 7.38893
    endloop
  endfacet
  facet normal 0.665556 -0.44203 0.601369
    outer loop
      vertex 32.0961 132.288 7.41119
      vertex 32.0757 132.227 7.38893
      vertex 32.1109 132.28 7.38893
    endloop
  endfacet
  facet normal 0.938649 -0.319388 0.130114
    outer loop
      vertex 32.6791 132.684 6.48773
      vertex 32.576 132.381 6.48773
      vertex 32.7203 132.673 6.16351
    endloop
  endfacet
  facet normal 0.914654 -0.311224 -0.25797
    outer loop
      vertex 32.576 132.381 5.51227
      vertex 32.4978 132.413 5.1964
      vertex 32.6791 132.684 5.51227
    endloop
  endfacet
  facet normal 0.768548 -0.513415 -0.381757
    outer loop
      vertex 32.1888 131.878 5.1964
      vertex 32.0895 131.954 4.89428
      vertex 32.2525 132.198 4.89428
    endloop
  endfacet
  facet normal 0.849775 -0.169363 -0.499198
    outer loop
      vertex 32.4765 132.739 4.89428
      vertex 32.3185 132.781 4.61107
      vertex 32.5337 133.026 4.89428
    endloop
  endfacet
  facet normal 0.713675 -0.351771 -0.605744
    outer loop
      vertex 32.2311 132.524 4.61107
      vertex 32.1043 132.313 4.58421
      vertex 32.1814 132.544 4.5409
    endloop
  endfacet
  facet normal 0.713051 -0.351265 -0.606771
    outer loop
      vertex 32.1043 132.313 4.58421
      vertex 32.2311 132.524 4.61107
      vertex 32.1109 132.28 4.61107
    endloop
  endfacet
  facet normal 0.573034 -0.812667 0.105848
    outer loop
      vertex 31.7878 131.363 6.48773
      vertex 31.7863 131.359 6.46514
      vertex 31.8034 131.374 6.48773
    endloop
  endfacet
  facet normal 0.864628 -0.0562529 0.499254
    outer loop
      vertex 32.5337 133.026 7.10572
      vertex 32.377 133.131 7.38893
      vertex 32.3716 133.048 7.38893
    endloop
  endfacet
  facet normal 0.864487 -0.0569158 0.499422
    outer loop
      vertex 32.377 133.131 7.38893
      vertex 32.5337 133.026 7.10572
      vertex 32.4194 133.258 7.33001
    endloop
  endfacet
  facet normal 0.651407 -0.570741 0.499923
    outer loop
      vertex 31.9713 131.914 7.21407
      vertex 31.9204 131.761 7.10572
      vertex 32.0895 131.954 7.10572
    endloop
  endfacet
  facet normal 0.820414 -0.279005 0.499077
    outer loop
      vertex 32.3185 132.781 7.38893
      vertex 32.2311 132.524 7.38893
      vertex 32.4765 132.739 7.10572
    endloop
  endfacet
  facet normal 0.720533 -0.480566 0.499888
    outer loop
      vertex 32.006 132.018 7.28798
      vertex 32.2525 132.198 7.10572
      vertex 32.0293 132.088 7.32169
    endloop
  endfacet
  facet normal 0.72054 -0.481345 0.499128
    outer loop
      vertex 32.2525 132.198 7.10572
      vertex 32.006 132.018 7.28798
      vertex 32.0895 131.954 7.10572
    endloop
  endfacet
  facet normal 0.864627 0.056627 0.499213
    outer loop
      vertex 32.5343 133.603 7.10572
      vertex 32.4397 133.319 7.30178
      vertex 32.5529 133.319 7.10572
    endloop
  endfacet
  facet normal 0.906424 0.180445 0.381884
    outer loop
      vertex 32.6148 133.844 6.8036
      vertex 32.581 133.743 6.93155
      vertex 32.6578 133.628 6.8036
    endloop
  endfacet
  facet normal 0.824756 -0.550455 -0.12952
    outer loop
      vertex 32.4711 132.072 5.83649
      vertex 32.256 131.826 5.51227
      vertex 32.4342 132.093 5.51227
    endloop
  endfacet
  facet normal 0.964003 -0.0632627 0.258257
    outer loop
      vertex 32.7627 133.319 6.48773
      vertex 32.6578 133.01 6.8036
      vertex 32.7417 132.999 6.48773
    endloop
  endfacet
  facet normal 0.825024 -0.549915 -0.130108
    outer loop
      vertex 32.2898 131.8 5.83649
      vertex 32.256 131.826 5.51227
      vertex 32.4711 132.072 5.83649
    endloop
  endfacet
  facet normal 0.721623 -0.479266 0.499564
    outer loop
      vertex 32.0757 132.227 7.38893
      vertex 32.2525 132.198 7.10572
      vertex 32.1109 132.28 7.38893
    endloop
  endfacet
  facet normal 0.720301 -0.481834 0.499002
    outer loop
      vertex 32.2525 132.198 7.10572
      vertex 32.0757 132.227 7.38893
      vertex 32.0293 132.088 7.32169
    endloop
  endfacet
  facet normal 0.87517 -0.296865 0.382031
    outer loop
      vertex 32.4765 132.739 7.10572
      vertex 32.3822 132.461 7.10572
      vertex 32.4978 132.413 6.8036
    endloop
  endfacet
  facet normal 0.767672 -0.514071 0.382636
    outer loop
      vertex 32.2525 132.198 7.10572
      vertex 32.1888 131.878 6.8036
      vertex 32.3609 132.135 6.8036
    endloop
  endfacet
  facet normal 0.87517 -0.296865 -0.382031
    outer loop
      vertex 32.4978 132.413 5.1964
      vertex 32.3822 132.461 4.89428
      vertex 32.4765 132.739 4.89428
    endloop
  endfacet
  facet normal 0.889584 -0.437996 -0.129614
    outer loop
      vertex 32.4711 132.072 5.83649
      vertex 32.4342 132.093 5.51227
      vertex 32.576 132.381 5.51227
    endloop
  endfacet
  facet normal 0.665556 -0.44203 -0.601369
    outer loop
      vertex 32.1109 132.28 4.61107
      vertex 32.0757 132.227 4.61107
      vertex 32.0961 132.288 4.58881
    endloop
  endfacet
  facet normal 0.938788 -0.318702 0.130794
    outer loop
      vertex 32.7203 132.673 6.16351
      vertex 32.576 132.381 6.48773
      vertex 32.6154 132.364 6.16351
    endloop
  endfacet
  facet normal 0.607913 -0.695989 -0.382153
    outer loop
      vertex 31.9846 131.645 5.1964
      vertex 31.8392 131.518 5.1964
      vertex 31.8686 131.606 5.0829
    endloop
  endfacet
  facet normal 0.695112 -0.609192 -0.381713
    outer loop
      vertex 32.1888 131.878 5.1964
      vertex 31.9846 131.645 5.1964
      vertex 32.0895 131.954 4.89428
    endloop
  endfacet
  facet normal 0.828826 -0.40874 -0.382073
    outer loop
      vertex 32.4978 132.413 5.1964
      vertex 32.2525 132.198 4.89428
      vertex 32.3822 132.461 4.89428
    endloop
  endfacet
  facet normal 0.964003 -0.0632627 -0.258257
    outer loop
      vertex 32.7417 132.999 5.51227
      vertex 32.6578 133.01 5.1964
      vertex 32.7627 133.319 5.51227
    endloop
  endfacet
  facet normal 0.864623 -0.0567068 0.499211
    outer loop
      vertex 32.4194 133.258 7.33001
      vertex 32.5529 133.319 7.10572
      vertex 32.4397 133.319 7.30178
    endloop
  endfacet
  facet normal 0.86462 -0.0566577 0.499222
    outer loop
      vertex 32.5529 133.319 7.10572
      vertex 32.4194 133.258 7.33001
      vertex 32.5337 133.026 7.10572
    endloop
  endfacet
  facet normal 0.922244 -0.0602891 0.381877
    outer loop
      vertex 32.678 133.319 6.8036
      vertex 32.5529 133.319 7.10572
      vertex 32.6578 133.01 6.8036
    endloop
  endfacet
  facet normal 0.828892 -0.408185 0.382522
    outer loop
      vertex 32.4978 132.413 6.8036
      vertex 32.2525 132.198 7.10572
      vertex 32.3609 132.135 6.8036
    endloop
  endfacet
  facet normal 0.71887 -0.346657 0.60254
    outer loop
      vertex 32.1043 132.313 7.41579
      vertex 32.0961 132.288 7.41119
      vertex 32.1109 132.28 7.38893
    endloop
  endfacet
  facet normal 0.779046 -0.155367 0.607412
    outer loop
      vertex 32.2838 132.851 7.45134
      vertex 32.2651 132.795 7.461
      vertex 32.3185 132.781 7.38893
    endloop
  endfacet
  facet normal 0.828826 -0.40874 0.382073
    outer loop
      vertex 32.3822 132.461 7.10572
      vertex 32.2525 132.198 7.10572
      vertex 32.4978 132.413 6.8036
    endloop
  endfacet
  facet normal 0.820355 -0.278272 0.499582
    outer loop
      vertex 32.4765 132.739 7.10572
      vertex 32.2311 132.524 7.38893
      vertex 32.3822 132.461 7.10572
    endloop
  endfacet
  facet normal 0.937443 0.322389 0.1314
    outer loop
      vertex 32.6791 133.954 6.48773
      vertex 32.6813 134.044 6.25122
      vertex 32.665 133.995 6.48773
    endloop
  endfacet
  facet normal 0.938785 0.318987 0.130118
    outer loop
      vertex 32.6813 134.044 6.25122
      vertex 32.6791 133.954 6.48773
      vertex 32.7203 133.965 6.16351
    endloop
  endfacet
  facet normal 0.912541 0.313825 -0.262264
    outer loop
      vertex 32.6791 133.954 5.51227
      vertex 32.6605 133.981 5.47986
      vertex 32.665 133.995 5.51227
    endloop
  endfacet
  facet normal 0.912309 0.316351 -0.260027
    outer loop
      vertex 32.6791 133.954 5.51227
      vertex 32.6485 133.945 5.39396
      vertex 32.6605 133.981 5.47986
    endloop
  endfacet
  facet normal 0.947027 0.189415 -0.25935
    outer loop
      vertex 32.6578 133.628 5.1964
      vertex 32.6485 133.945 5.39396
      vertex 32.6791 133.954 5.51227
    endloop
  endfacet
  facet normal 0.947534 0.188629 -0.258066
    outer loop
      vertex 32.6485 133.945 5.39396
      vertex 32.6578 133.628 5.1964
      vertex 32.6148 133.844 5.1964
    endloop
  endfacet
  facet normal 0.989368 -0.0646428 -0.130276
    outer loop
      vertex 32.784 132.993 5.83649
      vertex 32.7417 132.999 5.51227
      vertex 32.8053 133.319 5.83649
    endloop
  endfacet
  facet normal 0.922184 -0.0604298 0.382
    outer loop
      vertex 32.5529 133.319 7.10572
      vertex 32.5337 133.026 7.10572
      vertex 32.6578 133.01 6.8036
    endloop
  endfacet
  facet normal 0.906387 -0.180646 0.381878
    outer loop
      vertex 32.5337 133.026 7.10572
      vertex 32.4765 132.739 7.10572
      vertex 32.6578 133.01 6.8036
    endloop
  endfacet
  facet normal 0.912541 0.313825 0.262264
    outer loop
      vertex 32.665 133.995 6.48773
      vertex 32.6605 133.981 6.52014
      vertex 32.6791 133.954 6.48773
    endloop
  endfacet
  facet normal 0.912309 0.316351 0.260027
    outer loop
      vertex 32.6605 133.981 6.52014
      vertex 32.6485 133.945 6.60604
      vertex 32.6791 133.954 6.48773
    endloop
  endfacet
  facet normal 0.725901 -0.637046 0.259306
    outer loop
      vertex 32.1888 131.878 6.8036
      vertex 32.0445 131.585 6.48773
      vertex 32.256 131.826 6.48773
    endloop
  endfacet
  facet normal 0.695068 -0.608995 0.382106
    outer loop
      vertex 31.9074 131.722 7.06721
      vertex 32.0895 131.954 7.10572
      vertex 31.9204 131.761 7.10572
    endloop
  endfacet
  facet normal 0.695303 -0.609084 0.381537
    outer loop
      vertex 32.0895 131.954 7.10572
      vertex 31.9074 131.722 7.06721
      vertex 31.9846 131.645 6.8036
    endloop
  endfacet
  facet normal 0.874778 -0.297365 0.382542
    outer loop
      vertex 32.5974 132.706 6.8036
      vertex 32.4765 132.739 7.10572
      vertex 32.4978 132.413 6.8036
    endloop
  endfacet
  facet normal 0.914678 -0.310928 0.258238
    outer loop
      vertex 32.5974 132.706 6.8036
      vertex 32.4978 132.413 6.8036
      vertex 32.6791 132.684 6.48773
    endloop
  endfacet
  facet normal 0.94755 -0.188307 -0.258242
    outer loop
      vertex 32.6791 132.684 5.51227
      vertex 32.6578 133.01 5.1964
      vertex 32.7417 132.999 5.51227
    endloop
  endfacet
  facet normal 0.972377 -0.193564 -0.130445
    outer loop
      vertex 32.784 132.993 5.83649
      vertex 32.7203 132.673 5.83649
      vertex 32.7417 132.999 5.51227
    endloop
  endfacet
  facet normal 0.777174 -0.382854 -0.499424
    outer loop
      vertex 32.2525 132.198 4.89428
      vertex 32.1109 132.28 4.61107
      vertex 32.2311 132.524 4.61107
    endloop
  endfacet
  facet normal 0.721623 -0.479266 -0.499564
    outer loop
      vertex 32.2525 132.198 4.89428
      vertex 32.0757 132.227 4.61107
      vertex 32.1109 132.28 4.61107
    endloop
  endfacet
  facet normal 0.720301 -0.481834 -0.499002
    outer loop
      vertex 32.0757 132.227 4.61107
      vertex 32.2525 132.198 4.89428
      vertex 32.0293 132.088 4.67831
    endloop
  endfacet
  facet normal 0.767672 -0.514071 -0.382636
    outer loop
      vertex 32.3609 132.135 5.1964
      vertex 32.1888 131.878 5.1964
      vertex 32.2525 132.198 4.89428
    endloop
  endfacet
  facet normal 0.828892 -0.408185 -0.382522
    outer loop
      vertex 32.3609 132.135 5.1964
      vertex 32.2525 132.198 4.89428
      vertex 32.4978 132.413 5.1964
    endloop
  endfacet
  facet normal 0.651407 -0.570741 -0.499923
    outer loop
      vertex 32.0895 131.954 4.89428
      vertex 31.9204 131.761 4.89428
      vertex 31.9713 131.914 4.78593
    endloop
  endfacet
  facet normal 0.695068 -0.608995 -0.382106
    outer loop
      vertex 32.0895 131.954 4.89428
      vertex 31.9074 131.722 4.93279
      vertex 31.9204 131.761 4.89428
    endloop
  endfacet
  facet normal 0.695303 -0.609084 -0.381537
    outer loop
      vertex 31.9074 131.722 4.93279
      vertex 32.0895 131.954 4.89428
      vertex 31.9846 131.645 5.1964
    endloop
  endfacet
  facet normal 0.866804 -0.42678 -0.257896
    outer loop
      vertex 32.4342 132.093 5.51227
      vertex 32.3609 132.135 5.1964
      vertex 32.576 132.381 5.51227
    endloop
  endfacet
  facet normal 0.866789 -0.426847 -0.257834
    outer loop
      vertex 32.576 132.381 5.51227
      vertex 32.3609 132.135 5.1964
      vertex 32.4978 132.413 5.1964
    endloop
  endfacet
  facet normal 0.938788 -0.318702 -0.130794
    outer loop
      vertex 32.6154 132.364 5.83649
      vertex 32.576 132.381 5.51227
      vertex 32.7203 132.673 5.83649
    endloop
  endfacet
  facet normal 0.636053 -0.726788 -0.259259
    outer loop
      vertex 31.7949 131.385 5.46058
      vertex 32.0445 131.585 5.51227
      vertex 31.8034 131.374 5.51227
    endloop
  endfacet
  facet normal 0.636177 -0.727653 -0.256516
    outer loop
      vertex 32.0445 131.585 5.51227
      vertex 31.7949 131.385 5.46058
      vertex 31.8258 131.477 5.27624
    endloop
  endfacet
  facet normal 0.658982 -0.752159 0
    outer loop
      vertex 31.8293 131.34 5.83649
      vertex 32.0747 131.555 6.16351
      vertex 31.8293 131.34 6.16351
    endloop
  endfacet
  facet normal 0.658982 -0.752159 0
    outer loop
      vertex 32.0747 131.555 6.16351
      vertex 31.8293 131.34 5.83649
      vertex 32.0747 131.555 5.83649
    endloop
  endfacet
  facet normal 0.989386 -0.0649285 -0.129998
    outer loop
      vertex 32.8053 133.319 5.83649
      vertex 32.7417 132.999 5.51227
      vertex 32.7627 133.319 5.51227
    endloop
  endfacet
  facet normal 0.573034 -0.812667 -0.105848
    outer loop
      vertex 31.8034 131.374 5.51227
      vertex 31.7863 131.359 5.53486
      vertex 31.7878 131.363 5.51227
    endloop
  endfacet
  facet normal 0.556534 -0.789266 -0.259479
    outer loop
      vertex 31.8034 131.374 5.51227
      vertex 31.7878 131.363 5.51227
      vertex 31.7949 131.385 5.46058
    endloop
  endfacet
  facet normal 0.906374 0.180099 0.382166
    outer loop
      vertex 32.581 133.743 6.93155
      vertex 32.5374 133.612 7.09669
      vertex 32.6578 133.628 6.8036
    endloop
  endfacet
  facet normal 0.634077 -0.725943 0.266371
    outer loop
      vertex 31.8258 131.477 6.72376
      vertex 31.9846 131.645 6.8036
      vertex 31.8392 131.518 6.8036
    endloop
  endfacet
  facet normal 0.637582 -0.725631 0.258743
    outer loop
      vertex 31.9846 131.645 6.8036
      vertex 31.8258 131.477 6.72376
      vertex 32.0445 131.585 6.48773
    endloop
  endfacet
  facet normal 0.776865 -0.383116 0.499702
    outer loop
      vertex 32.3822 132.461 7.10572
      vertex 32.2311 132.524 7.38893
      vertex 32.2525 132.198 7.10572
    endloop
  endfacet
  facet normal 0.777174 -0.382854 0.499424
    outer loop
      vertex 32.2311 132.524 7.38893
      vertex 32.1109 132.28 7.38893
      vertex 32.2525 132.198 7.10572
    endloop
  endfacet
  facet normal 0.972377 -0.193564 0.130445
    outer loop
      vertex 32.7417 132.999 6.48773
      vertex 32.7203 132.673 6.16351
      vertex 32.784 132.993 6.16351
    endloop
  endfacet
  facet normal 0.989368 -0.0646428 0.130276
    outer loop
      vertex 32.8053 133.319 6.16351
      vertex 32.7417 132.999 6.48773
      vertex 32.784 132.993 6.16351
    endloop
  endfacet
  facet normal 0.972479 -0.193261 0.130134
    outer loop
      vertex 32.7417 132.999 6.48773
      vertex 32.6791 132.684 6.48773
      vertex 32.7203 132.673 6.16351
    endloop
  endfacet
  facet normal 0.866789 -0.426847 0.257834
    outer loop
      vertex 32.4978 132.413 6.8036
      vertex 32.3609 132.135 6.8036
      vertex 32.576 132.381 6.48773
    endloop
  endfacet
  facet normal 0.972479 -0.193261 -0.130134
    outer loop
      vertex 32.7203 132.673 5.83649
      vertex 32.6791 132.684 5.51227
      vertex 32.7417 132.999 5.51227
    endloop
  endfacet
  facet normal 0.94755 0.188307 -0.258242
    outer loop
      vertex 32.7417 133.639 5.51227
      vertex 32.6578 133.628 5.1964
      vertex 32.6791 133.954 5.51227
    endloop
  endfacet
  facet normal 0.972479 0.193261 0.130134
    outer loop
      vertex 32.7203 133.965 6.16351
      vertex 32.6791 133.954 6.48773
      vertex 32.7417 133.639 6.48773
    endloop
  endfacet
  facet normal 0.93871 0.319355 -0.129753
    outer loop
      vertex 32.7203 133.965 5.83649
      vertex 32.6813 134.044 5.74878
      vertex 32.6873 134.062 5.83649
    endloop
  endfacet
  facet normal 0.652948 -0.746093 0.130401
    outer loop
      vertex 32.0445 131.585 6.48773
      vertex 31.8034 131.374 6.48773
      vertex 31.8293 131.34 6.16351
    endloop
  endfacet
  facet normal 0.768548 -0.513415 0.381757
    outer loop
      vertex 32.2525 132.198 7.10572
      vertex 32.0895 131.954 7.10572
      vertex 32.1888 131.878 6.8036
    endloop
  endfacet
  facet normal 0.695112 -0.609192 0.381713
    outer loop
      vertex 32.0895 131.954 7.10572
      vertex 31.9846 131.645 6.8036
      vertex 32.1888 131.878 6.8036
    endloop
  endfacet
  facet normal 0.947569 -0.188267 0.258202
    outer loop
      vertex 32.6578 133.01 6.8036
      vertex 32.5974 132.706 6.8036
      vertex 32.6791 132.684 6.48773
    endloop
  endfacet
  facet normal 0.906304 -0.180068 0.382346
    outer loop
      vertex 32.6578 133.01 6.8036
      vertex 32.4765 132.739 7.10572
      vertex 32.5974 132.706 6.8036
    endloop
  endfacet
  facet normal 0.947569 -0.188267 -0.258202
    outer loop
      vertex 32.6791 132.684 5.51227
      vertex 32.5974 132.706 5.1964
      vertex 32.6578 133.01 5.1964
    endloop
  endfacet
  facet normal 0.914678 -0.310928 -0.258238
    outer loop
      vertex 32.6791 132.684 5.51227
      vertex 32.4978 132.413 5.1964
      vertex 32.5974 132.706 5.1964
    endloop
  endfacet
  facet normal 0.849694 -0.168984 -0.499464
    outer loop
      vertex 32.5337 133.026 4.89428
      vertex 32.3185 132.781 4.61107
      vertex 32.3716 133.048 4.61107
    endloop
  endfacet
  facet normal 0.752156 -0.255791 -0.607316
    outer loop
      vertex 32.2311 132.524 4.61107
      vertex 32.2437 132.731 4.53949
      vertex 32.3185 132.781 4.61107
    endloop
  endfacet
  facet normal 0.753127 -0.255479 -0.606242
    outer loop
      vertex 32.2437 132.731 4.53949
      vertex 32.2311 132.524 4.61107
      vertex 32.1814 132.544 4.5409
    endloop
  endfacet
  facet normal 0.776865 -0.383116 -0.499702
    outer loop
      vertex 32.2525 132.198 4.89428
      vertex 32.2311 132.524 4.61107
      vertex 32.3822 132.461 4.89428
    endloop
  endfacet
  facet normal 0.607468 -0.696775 -0.381428
    outer loop
      vertex 31.9846 131.645 5.1964
      vertex 31.8686 131.606 5.0829
      vertex 31.9074 131.722 4.93279
    endloop
  endfacet
  facet normal 0.946922 -0.321463 0
    outer loop
      vertex 32.6154 132.364 6.16351
      vertex 32.7203 132.673 5.83649
      vertex 32.7203 132.673 6.16351
    endloop
  endfacet
  facet normal 0.946922 -0.321463 0
    outer loop
      vertex 32.7203 132.673 5.83649
      vertex 32.6154 132.364 6.16351
      vertex 32.6154 132.364 5.83649
    endloop
  endfacet
  facet normal 0.888775 -0.439213 0.131036
    outer loop
      vertex 32.576 132.381 6.48773
      vertex 32.4711 132.072 6.16351
      vertex 32.6154 132.364 6.16351
    endloop
  endfacet
  facet normal 0.725901 -0.637046 -0.259306
    outer loop
      vertex 32.256 131.826 5.51227
      vertex 32.0445 131.585 5.51227
      vertex 32.1888 131.878 5.1964
    endloop
  endfacet
  facet normal 0.802507 -0.537399 -0.259199
    outer loop
      vertex 32.256 131.826 5.51227
      vertex 32.1888 131.878 5.1964
      vertex 32.3609 132.135 5.1964
    endloop
  endfacet
  facet normal 0.555875 -0.820886 0.130953
    outer loop
      vertex 31.8293 131.34 6.16351
      vertex 31.7863 131.359 6.46514
      vertex 31.7658 131.297 6.16351
    endloop
  endfacet
  facet normal 0.550805 -0.824376 0.13045
    outer loop
      vertex 31.7863 131.359 6.46514
      vertex 31.8293 131.34 6.16351
      vertex 31.8034 131.374 6.48773
    endloop
  endfacet
  facet normal 0.825024 -0.549915 0.130108
    outer loop
      vertex 32.4711 132.072 6.16351
      vertex 32.256 131.826 6.48773
      vertex 32.2898 131.8 6.16351
    endloop
  endfacet
  facet normal 0.71887 -0.346657 -0.60254
    outer loop
      vertex 32.1109 132.28 4.61107
      vertex 32.0961 132.288 4.58881
      vertex 32.1043 132.313 4.58421
    endloop
  endfacet
  facet normal 0.720543 -0.480515 -0.499923
    outer loop
      vertex 32.2525 132.198 4.89428
      vertex 32.006 132.018 4.71201
      vertex 32.0293 132.088 4.67831
    endloop
  endfacet
  facet normal 0.72055 -0.481351 -0.499108
    outer loop
      vertex 32.006 132.018 4.71201
      vertex 32.2525 132.198 4.89428
      vertex 32.0895 131.954 4.89428
    endloop
  endfacet
  facet normal 0.651021 -0.571934 -0.499062
    outer loop
      vertex 32.0895 131.954 4.89428
      vertex 31.9713 131.914 4.78593
      vertex 32.006 132.018 4.71201
    endloop
  endfacet
  facet normal 0.906424 0.180445 -0.381884
    outer loop
      vertex 32.6578 133.628 5.1964
      vertex 32.581 133.743 5.06845
      vertex 32.6148 133.844 5.1964
    endloop
  endfacet
  facet normal 0.792159 -0.0515381 -0.608134
    outer loop
      vertex 32.3716 133.048 4.61107
      vertex 32.3502 133.051 4.58294
      vertex 32.377 133.131 4.61107
    endloop
  endfacet
  facet normal 0.779046 -0.155367 -0.607412
    outer loop
      vertex 32.3185 132.781 4.61107
      vertex 32.2651 132.795 4.539
      vertex 32.2838 132.851 4.54866
    endloop
  endfacet
  facet normal 0.864627 0.056627 -0.499213
    outer loop
      vertex 32.5529 133.319 4.89428
      vertex 32.4397 133.319 4.69822
      vertex 32.5343 133.603 4.89428
    endloop
  endfacet
  facet normal 0.922135 0.0605449 -0.382101
    outer loop
      vertex 32.5529 133.319 4.89428
      vertex 32.5374 133.612 4.9033
      vertex 32.6578 133.628 5.1964
    endloop
  endfacet
  facet normal 0.923871 0.0605071 -0.37789
    outer loop
      vertex 32.5374 133.612 4.9033
      vertex 32.5529 133.319 4.89428
      vertex 32.5343 133.603 4.89428
    endloop
  endfacet
  facet normal 0.989368 0.0646428 -0.130276
    outer loop
      vertex 32.8053 133.319 5.83649
      vertex 32.7417 133.639 5.51227
      vertex 32.784 133.645 5.83649
    endloop
  endfacet
  facet normal 0.555875 -0.820886 -0.130953
    outer loop
      vertex 31.7863 131.359 5.53486
      vertex 31.8293 131.34 5.83649
      vertex 31.7658 131.297 5.83649
    endloop
  endfacet
  facet normal 0.550805 -0.824376 -0.13045
    outer loop
      vertex 31.8293 131.34 5.83649
      vertex 31.7863 131.359 5.53486
      vertex 31.8034 131.374 5.51227
    endloop
  endfacet
  facet normal 0.652948 -0.746093 -0.130401
    outer loop
      vertex 31.8293 131.34 5.83649
      vertex 31.8034 131.374 5.51227
      vertex 32.0445 131.585 5.51227
    endloop
  endfacet
  facet normal 0.607913 -0.695989 0.382153
    outer loop
      vertex 31.8686 131.606 6.9171
      vertex 31.8392 131.518 6.8036
      vertex 31.9846 131.645 6.8036
    endloop
  endfacet
  facet normal 0.607468 -0.696775 0.381428
    outer loop
      vertex 31.9074 131.722 7.06721
      vertex 31.8686 131.606 6.9171
      vertex 31.9846 131.645 6.8036
    endloop
  endfacet
  facet normal 0.972479 0.193261 -0.130134
    outer loop
      vertex 32.7417 133.639 5.51227
      vertex 32.6791 133.954 5.51227
      vertex 32.7203 133.965 5.83649
    endloop
  endfacet
  facet normal 0.997872 -0.0651984 0
    outer loop
      vertex 32.784 132.993 6.16351
      vertex 32.8053 133.319 5.83649
      vertex 32.8053 133.319 6.16351
    endloop
  endfacet
  facet normal 0.997872 -0.0651984 0
    outer loop
      vertex 32.8053 133.319 5.83649
      vertex 32.784 132.993 6.16351
      vertex 32.784 132.993 5.83649
    endloop
  endfacet
  facet normal 0.972377 0.193564 0.130445
    outer loop
      vertex 32.784 133.645 6.16351
      vertex 32.7203 133.965 6.16351
      vertex 32.7417 133.639 6.48773
    endloop
  endfacet
  facet normal 0.989368 0.0646428 0.130276
    outer loop
      vertex 32.784 133.645 6.16351
      vertex 32.7417 133.639 6.48773
      vertex 32.8053 133.319 6.16351
    endloop
  endfacet
  facet normal 0.803645 -0.536366 0.25781
    outer loop
      vertex 32.3609 132.135 6.8036
      vertex 32.256 131.826 6.48773
      vertex 32.4342 132.093 6.48773
    endloop
  endfacet
  facet normal 0.802507 -0.537399 0.259199
    outer loop
      vertex 32.3609 132.135 6.8036
      vertex 32.1888 131.878 6.8036
      vertex 32.256 131.826 6.48773
    endloop
  endfacet
  facet normal 0.752201 -0.256165 -0.607102
    outer loop
      vertex 32.3185 132.781 4.61107
      vertex 32.2437 132.731 4.53949
      vertex 32.2651 132.795 4.539
    endloop
  endfacet
  facet normal 0.922184 -0.0604298 -0.382
    outer loop
      vertex 32.6578 133.01 5.1964
      vertex 32.5337 133.026 4.89428
      vertex 32.5529 133.319 4.89428
    endloop
  endfacet
  facet normal 0.906387 -0.180646 -0.381878
    outer loop
      vertex 32.6578 133.01 5.1964
      vertex 32.4765 132.739 4.89428
      vertex 32.5337 133.026 4.89428
    endloop
  endfacet
  facet normal 0.820414 -0.279005 -0.499077
    outer loop
      vertex 32.4765 132.739 4.89428
      vertex 32.2311 132.524 4.61107
      vertex 32.3185 132.781 4.61107
    endloop
  endfacet
  facet normal 0.888775 -0.439213 -0.131036
    outer loop
      vertex 32.6154 132.364 5.83649
      vertex 32.4711 132.072 5.83649
      vertex 32.576 132.381 5.51227
    endloop
  endfacet
  facet normal 0.896505 -0.443033 0
    outer loop
      vertex 32.4711 132.072 6.16351
      vertex 32.6154 132.364 5.83649
      vertex 32.6154 132.364 6.16351
    endloop
  endfacet
  facet normal 0.896505 -0.443033 0
    outer loop
      vertex 32.6154 132.364 5.83649
      vertex 32.4711 132.072 6.16351
      vertex 32.4711 132.072 5.83649
    endloop
  endfacet
  facet normal 0.560704 -0.828016 0
    outer loop
      vertex 31.7658 131.297 5.83649
      vertex 31.8293 131.34 6.16351
      vertex 31.7658 131.297 6.16351
    endloop
  endfacet
  facet normal 0.560704 -0.828016 0
    outer loop
      vertex 31.8293 131.34 6.16351
      vertex 31.7658 131.297 5.83649
      vertex 31.8293 131.34 5.83649
    endloop
  endfacet
  facet normal 0.556534 -0.789266 0.259479
    outer loop
      vertex 31.7949 131.385 6.53942
      vertex 31.7878 131.363 6.48773
      vertex 31.8034 131.374 6.48773
    endloop
  endfacet
  facet normal 0.946713 0.322078 0
    outer loop
      vertex 32.7203 133.965 6.16351
      vertex 32.6873 134.062 5.83649
      vertex 32.6873 134.062 6.16351
    endloop
  endfacet
  facet normal 0.946713 0.322078 0
    outer loop
      vertex 32.6873 134.062 5.83649
      vertex 32.7203 133.965 6.16351
      vertex 32.7203 133.965 5.83649
    endloop
  endfacet
  facet normal 0.980757 0.195232 0
    outer loop
      vertex 32.784 133.645 6.16351
      vertex 32.7203 133.965 5.83649
      vertex 32.7203 133.965 6.16351
    endloop
  endfacet
  facet normal 0.980757 0.195232 0
    outer loop
      vertex 32.7203 133.965 5.83649
      vertex 32.784 133.645 6.16351
      vertex 32.784 133.645 5.83649
    endloop
  endfacet
  facet normal 0.922244 -0.0602891 -0.381877
    outer loop
      vertex 32.6578 133.01 5.1964
      vertex 32.5529 133.319 4.89428
      vertex 32.678 133.319 5.1964
    endloop
  endfacet
  facet normal 0.922244 0.0602891 -0.381877
    outer loop
      vertex 32.678 133.319 5.1964
      vertex 32.5529 133.319 4.89428
      vertex 32.6578 133.628 5.1964
    endloop
  endfacet
  facet normal 0.972377 0.193564 -0.130445
    outer loop
      vertex 32.7417 133.639 5.51227
      vertex 32.7203 133.965 5.83649
      vertex 32.784 133.645 5.83649
    endloop
  endfacet
  facet normal 0.938785 0.318987 -0.130118
    outer loop
      vertex 32.6791 133.954 5.51227
      vertex 32.6813 134.044 5.74878
      vertex 32.7203 133.965 5.83649
    endloop
  endfacet
  facet normal 0.937443 0.322389 -0.1314
    outer loop
      vertex 32.6813 134.044 5.74878
      vertex 32.6791 133.954 5.51227
      vertex 32.665 133.995 5.51227
    endloop
  endfacet
  facet normal 0.653401 -0.745789 -0.12987
    outer loop
      vertex 32.0747 131.555 5.83649
      vertex 31.8293 131.34 5.83649
      vertex 32.0445 131.585 5.51227
    endloop
  endfacet
  facet normal 0.745238 -0.654016 -0.129932
    outer loop
      vertex 32.0747 131.555 5.83649
      vertex 32.0445 131.585 5.51227
      vertex 32.256 131.826 5.51227
    endloop
  endfacet
  facet normal 0.824756 -0.550455 0.12952
    outer loop
      vertex 32.4342 132.093 6.48773
      vertex 32.256 131.826 6.48773
      vertex 32.4711 132.072 6.16351
    endloop
  endfacet
  facet normal 0.889584 -0.437996 0.129614
    outer loop
      vertex 32.576 132.381 6.48773
      vertex 32.4342 132.093 6.48773
      vertex 32.4711 132.072 6.16351
    endloop
  endfacet
  facet normal 0.906304 -0.180068 -0.382346
    outer loop
      vertex 32.5974 132.706 5.1964
      vertex 32.4765 132.739 4.89428
      vertex 32.6578 133.01 5.1964
    endloop
  endfacet
  facet normal 0.874778 -0.297365 -0.382542
    outer loop
      vertex 32.4978 132.413 5.1964
      vertex 32.4765 132.739 4.89428
      vertex 32.5974 132.706 5.1964
    endloop
  endfacet
  facet normal 0.93871 0.319355 0.129753
    outer loop
      vertex 32.6873 134.062 6.16351
      vertex 32.6813 134.044 6.25122
      vertex 32.7203 133.965 6.16351
    endloop
  endfacet
  facet normal 0.963958 -0.063016 -0.258484
    outer loop
      vertex 32.7627 133.319 5.51227
      vertex 32.6578 133.01 5.1964
      vertex 32.678 133.319 5.1964
    endloop
  endfacet
  facet normal 0.963958 0.063016 -0.258484
    outer loop
      vertex 32.678 133.319 5.1964
      vertex 32.6578 133.628 5.1964
      vertex 32.7627 133.319 5.51227
    endloop
  endfacet
  facet normal 0.745083 -0.654153 -0.130133
    outer loop
      vertex 32.2898 131.8 5.83649
      vertex 32.0747 131.555 5.83649
      vertex 32.256 131.826 5.51227
    endloop
  endfacet
  facet normal 0.86448 -0.0569489 -0.49943
    outer loop
      vertex 32.5337 133.026 4.89428
      vertex 32.377 133.131 4.61107
      vertex 32.4194 133.258 4.66998
    endloop
  endfacet
  facet normal 0.864628 -0.0562529 -0.499254
    outer loop
      vertex 32.377 133.131 4.61107
      vertex 32.5337 133.026 4.89428
      vertex 32.3716 133.048 4.61107
    endloop
  endfacet
  facet normal 0.864627 -0.0566253 -0.499213
    outer loop
      vertex 32.5529 133.319 4.89428
      vertex 32.4194 133.258 4.66998
      vertex 32.4397 133.319 4.69822
    endloop
  endfacet
  facet normal 0.864629 -0.0566583 -0.499206
    outer loop
      vertex 32.4194 133.258 4.66998
      vertex 32.5529 133.319 4.89428
      vertex 32.5337 133.026 4.89428
    endloop
  endfacet
  facet normal 0.989386 0.0649285 -0.129998
    outer loop
      vertex 32.7627 133.319 5.51227
      vertex 32.7417 133.639 5.51227
      vertex 32.8053 133.319 5.83649
    endloop
  endfacet
  facet normal 0.964003 0.0632627 -0.258257
    outer loop
      vertex 32.7627 133.319 5.51227
      vertex 32.6578 133.628 5.1964
      vertex 32.7417 133.639 5.51227
    endloop
  endfacet
  facet normal 0.745083 -0.654153 0.130133
    outer loop
      vertex 32.256 131.826 6.48773
      vertex 32.0747 131.555 6.16351
      vertex 32.2898 131.8 6.16351
    endloop
  endfacet
  facet normal 0.751474 -0.659763 0
    outer loop
      vertex 32.0747 131.555 6.16351
      vertex 32.2898 131.8 5.83649
      vertex 32.2898 131.8 6.16351
    endloop
  endfacet
  facet normal 0.751474 -0.659763 0
    outer loop
      vertex 32.2898 131.8 5.83649
      vertex 32.0747 131.555 6.16351
      vertex 32.0747 131.555 5.83649
    endloop
  endfacet
  facet normal 0.745238 -0.654016 0.129932
    outer loop
      vertex 32.256 131.826 6.48773
      vertex 32.0445 131.585 6.48773
      vertex 32.0747 131.555 6.16351
    endloop
  endfacet
  facet normal 0.653401 -0.745789 0.12987
    outer loop
      vertex 32.0445 131.585 6.48773
      vertex 31.8293 131.34 6.16351
      vertex 32.0747 131.555 6.16351
    endloop
  endfacet
  facet normal -1 0 0
    outer loop
      vertex -15 124 24
      vertex -15 120 27
      vertex -15 124 27
    endloop
  endfacet
  facet normal -1 0 -0
    outer loop
      vertex -15 120 27
      vertex -15 124 24
      vertex -15 106.667 24
    endloop
  endfacet
  facet normal -0.847998 0 -0.529999
    outer loop
      vertex 0 124 0
      vertex -15 106.667 24
      vertex -15 124 24
    endloop
  endfacet
  facet normal -0.847998 0 -0.529999
    outer loop
      vertex -15 106.667 24
      vertex 0 124 0
      vertex 0 0 0
    endloop
  endfacet
  facet normal -0 0 1
    outer loop
      vertex -15 124 27
      vertex 0 120 27
      vertex 0 124 27
    endloop
  endfacet
  facet normal 0 0 1
    outer loop
      vertex 0 120 27
      vertex -15 124 27
      vertex -15 120 27
    endloop
  endfacet
  facet normal -0.86604 0 0.499974
    outer loop
      vertex 6.79335 124 25.3112
      vertex 6.92388 113.499 25.5373
      vertex 6.92388 124 25.5373
    endloop
  endfacet
  facet normal -0.86604 0 0.499974
    outer loop
      vertex 6.92388 113.499 25.5373
      vertex 6.79335 124 25.3112
      vertex 6.79335 112.494 25.3112
    endloop
  endfacet
  facet normal 0.499921 -0 0.866071
    outer loop
      vertex 5.39124 111.674 25.1266
      vertex 5.61732 124 24.9961
      vertex 5.39124 124 25.1266
    endloop
  endfacet
  facet normal 0.499921 0 0.866071
    outer loop
      vertex 5.61732 124 24.9961
      vertex 5.39124 111.674 25.1266
      vertex 5.61732 111.094 24.9961
    endloop
  endfacet
  facet normal -0.499921 0 0.866071
    outer loop
      vertex 6.38268 124 24.9961
      vertex 6.60876 111.674 25.1266
      vertex 6.60876 124 25.1266
    endloop
  endfacet
  facet normal -0.499921 0 0.866071
    outer loop
      vertex 6.60876 111.674 25.1266
      vertex 6.38268 124 24.9961
      vertex 6.38268 111.094 24.9961
    endloop
  endfacet
  facet normal -0.258592 0 0.965987
    outer loop
      vertex 6.13053 124 24.9286
      vertex 6.38268 111.094 24.9961
      vertex 6.38268 124 24.9961
    endloop
  endfacet
  facet normal -0.258592 0 0.965987
    outer loop
      vertex 6.38268 111.094 24.9961
      vertex 6.13053 124 24.9286
      vertex 6.13053 110.794 24.9286
    endloop
  endfacet
  facet normal 1 -0 0
    outer loop
      vertex 5.00855 115.78 26.0505
      vertex 5.00855 124 25.7895
      vertex 5.00855 124 26.0505
    endloop
  endfacet
  facet normal 1 0 0
    outer loop
      vertex 5.00855 124 25.7895
      vertex 5.00855 115.78 26.0505
      vertex 5.00855 114.62 25.7895
    endloop
  endfacet
  facet normal 0.707126 -0 0.707088
    outer loop
      vertex 5.20665 112.494 25.3112
      vertex 5.39124 124 25.1266
      vertex 5.20665 124 25.3112
    endloop
  endfacet
  facet normal 0.707126 0 0.707088
    outer loop
      vertex 5.39124 124 25.1266
      vertex 5.20665 112.494 25.3112
      vertex 5.39124 111.674 25.1266
    endloop
  endfacet
  facet normal 0.965989 0 -0.258581
    outer loop
      vertex 5.02081 115.983 26.0963
      vertex 5.00855 124 26.0505
      vertex 5.02081 124 26.0963
    endloop
  endfacet
  facet normal 0.965989 0 -0.258581
    outer loop
      vertex 5.00855 124 26.0505
      vertex 5.02081 115.983 26.0963
      vertex 5.00855 115.78 26.0505
    endloop
  endfacet
  facet normal -0.707126 0 0.707088
    outer loop
      vertex 6.60876 124 25.1266
      vertex 6.79335 112.494 25.3112
      vertex 6.79335 124 25.3112
    endloop
  endfacet
  facet normal -0.707126 0 0.707088
    outer loop
      vertex 6.79335 112.494 25.3112
      vertex 6.60876 124 25.1266
      vertex 6.60876 111.674 25.1266
    endloop
  endfacet
  facet normal 0.965932 -0 0.258795
    outer loop
      vertex 5.00855 114.62 25.7895
      vertex 5.07612 124 25.5373
      vertex 5.00855 124 25.7895
    endloop
  endfacet
  facet normal 0.965932 0 0.258795
    outer loop
      vertex 5.07612 124 25.5373
      vertex 5.00855 114.62 25.7895
      vertex 5.07612 113.499 25.5373
    endloop
  endfacet
  facet normal 0.258592 -0 0.965987
    outer loop
      vertex 5.61732 111.094 24.9961
      vertex 5.86947 124 24.9286
      vertex 5.61732 124 24.9961
    endloop
  endfacet
  facet normal 0.258592 0 0.965987
    outer loop
      vertex 5.86947 124 24.9286
      vertex 5.61732 111.094 24.9961
      vertex 5.86947 110.794 24.9286
    endloop
  endfacet
  facet normal 0.86604 -0 0.499974
    outer loop
      vertex 5.07612 113.499 25.5373
      vertex 5.20665 124 25.3112
      vertex 5.07612 124 25.5373
    endloop
  endfacet
  facet normal 0.86604 0 0.499974
    outer loop
      vertex 5.20665 124 25.3112
      vertex 5.07612 113.499 25.5373
      vertex 5.20665 112.494 25.3112
    endloop
  endfacet
  facet normal -0.96592 0 0.258842
    outer loop
      vertex 6.92388 124 25.5373
      vertex 6.97919 114.417 25.7437
      vertex 6.97919 124 25.7437
    endloop
  endfacet
  facet normal -0.96592 0 0.258842
    outer loop
      vertex 6.97919 114.417 25.7437
      vertex 6.92388 124 25.5373
      vertex 6.92388 113.499 25.5373
    endloop
  endfacet
  facet normal -0 0 1
    outer loop
      vertex 5.86947 124 24.9286
      vertex 6.13053 110.794 24.9286
      vertex 6.13053 124 24.9286
    endloop
  endfacet
  facet normal 0 0 1
    outer loop
      vertex 6.13053 110.794 24.9286
      vertex 5.86947 124 24.9286
      vertex 5.86947 110.794 24.9286
    endloop
  endfacet
  facet normal -0.499888 0 0.86609
    outer loop
      vertex 14.3827 124 23.5561
      vertex 14.6088 105.274 23.6866
      vertex 14.6088 124 23.6866
    endloop
  endfacet
  facet normal -0.499888 0 0.86609
    outer loop
      vertex 14.6088 105.274 23.6866
      vertex 14.3827 124 23.5561
      vertex 14.3827 104.694 23.5561
    endloop
  endfacet
  facet normal -0.499888 0 0.86609
    outer loop
      vertex 14.3827 124.852 23.5561
      vertex 14.6088 138 23.6866
      vertex 14.3827 138 23.5561
    endloop
  endfacet
  facet normal -0.499888 0 0.86609
    outer loop
      vertex 14.6088 138 23.6866
      vertex 14.3827 124.852 23.5561
      vertex 14.6088 124.174 23.6866
    endloop
  endfacet
  facet normal -0.86609 0 0.499888
    outer loop
      vertex 14.7934 138 23.8712
      vertex 14.9239 107.099 24.0973
      vertex 14.9239 138 24.0973
    endloop
  endfacet
  facet normal -0.86609 0 0.499888
    outer loop
      vertex 14.9239 107.099 24.0973
      vertex 14.7934 138 23.8712
      vertex 14.7934 106.094 23.8712
    endloop
  endfacet
  facet normal 0.86609 -0 0.499888
    outer loop
      vertex 13.0761 107.099 24.0973
      vertex 13.2066 124 23.8712
      vertex 13.0761 124 24.0973
    endloop
  endfacet
  facet normal 0.86609 0 0.499888
    outer loop
      vertex 13.2066 124 23.8712
      vertex 13.0761 107.099 24.0973
      vertex 13.2066 106.094 23.8712
    endloop
  endfacet
  facet normal 0.86609 -0 0.499888
    outer loop
      vertex 13.0761 128.772 24.0973
      vertex 13.2066 138 23.8712
      vertex 13.0761 138 24.0973
    endloop
  endfacet
  facet normal 0.86609 0 0.499888
    outer loop
      vertex 13.2066 138 23.8712
      vertex 13.0761 128.772 24.0973
      vertex 13.2066 128.38 23.8712
    endloop
  endfacet
  facet normal -0.707697 -1.21802e-05 0.706516
    outer loop
      vertex 14.6088 124 23.6866
      vertex 14.7934 106.094 23.8712
      vertex 14.6686 124 23.7465
    endloop
  endfacet
  facet normal -0.707107 0 0.707107
    outer loop
      vertex 14.7934 106.094 23.8712
      vertex 14.6088 124 23.6866
      vertex 14.6088 105.274 23.6866
    endloop
  endfacet
  facet normal -0.707107 0 0.707107
    outer loop
      vertex 14.6088 124.174 23.6866
      vertex 14.7934 138 23.8712
      vertex 14.6088 138 23.6866
    endloop
  endfacet
  facet normal -0.703703 0.00274068 0.710489
    outer loop
      vertex 14.6686 124 23.7465
      vertex 14.6088 124.174 23.6866
      vertex 14.6581 124.026 23.736
    endloop
  endfacet
  facet normal -0.707675 1.51851e-05 0.706538
    outer loop
      vertex 14.6088 124.174 23.6866
      vertex 14.6686 124 23.7465
      vertex 14.7934 138 23.8712
    endloop
  endfacet
  facet normal -0.706823 0 0.70739
    outer loop
      vertex 14.7934 138 23.8712
      vertex 14.6686 124 23.7465
      vertex 14.7934 106.094 23.8712
    endloop
  endfacet
  facet normal 1 -0 0
    outer loop
      vertex 13.0086 109.38 24.6105
      vertex 13.0086 124 24.3495
      vertex 13.0086 124 24.6105
    endloop
  endfacet
  facet normal 1 0 0
    outer loop
      vertex 13.0086 124 24.3495
      vertex 13.0086 109.38 24.6105
      vertex 13.0086 108.22 24.3495
    endloop
  endfacet
  facet normal 1 -0 0
    outer loop
      vertex 13.0086 128.974 24.6105
      vertex 13.0086 138 24.3495
      vertex 13.0086 138 24.6105
    endloop
  endfacet
  facet normal 1 0 0
    outer loop
      vertex 13.0086 138 24.3495
      vertex 13.0086 128.974 24.6105
      vertex 13.0086 128.974 24.3495
    endloop
  endfacet
  facet normal 0.965999 -0 0.258545
    outer loop
      vertex 13.0086 108.22 24.3495
      vertex 13.0761 124 24.0973
      vertex 13.0086 124 24.3495
    endloop
  endfacet
  facet normal 0.965999 0 0.258545
    outer loop
      vertex 13.0761 124 24.0973
      vertex 13.0086 108.22 24.3495
      vertex 13.0761 107.099 24.0973
    endloop
  endfacet
  facet normal 0.965999 -0 0.258545
    outer loop
      vertex 13.0086 128.974 24.3495
      vertex 13.0761 138 24.0973
      vertex 13.0086 138 24.3495
    endloop
  endfacet
  facet normal 0.965999 0 0.258545
    outer loop
      vertex 13.0761 138 24.0973
      vertex 13.0086 128.974 24.3495
      vertex 13.0761 128.772 24.0973
    endloop
  endfacet
  facet normal 0.966305 0 -0.2574
    outer loop
      vertex 13.0208 109.583 24.6563
      vertex 13.0086 124 24.6105
      vertex 13.0208 124 24.6563
    endloop
  endfacet
  facet normal 0.966305 0 -0.2574
    outer loop
      vertex 13.0086 124 24.6105
      vertex 13.0208 109.583 24.6563
      vertex 13.0086 109.38 24.6105
    endloop
  endfacet
  facet normal 0.966305 0 -0.2574
    outer loop
      vertex 13.0208 138 24.6563
      vertex 13.0086 128.974 24.6105
      vertex 13.0086 138 24.6105
    endloop
  endfacet
  facet normal 0.966305 0 -0.2574
    outer loop
      vertex 13.0086 128.974 24.6105
      vertex 13.0208 138 24.6563
      vertex 13.0208 128.938 24.6563
    endloop
  endfacet
  facet normal 0.707107 -0 0.707107
    outer loop
      vertex 13.2066 106.094 23.8712
      vertex 13.3912 124 23.6866
      vertex 13.2066 124 23.8712
    endloop
  endfacet
  facet normal 0.707107 0 0.707107
    outer loop
      vertex 13.3912 124 23.6866
      vertex 13.2066 106.094 23.8712
      vertex 13.3912 105.274 23.6866
    endloop
  endfacet
  facet normal 0.707107 -0 0.707107
    outer loop
      vertex 13.2066 128.38 23.8712
      vertex 13.3912 138 23.6866
      vertex 13.2066 138 23.8712
    endloop
  endfacet
  facet normal 0.707107 0 0.707107
    outer loop
      vertex 13.3912 138 23.6866
      vertex 13.2066 128.38 23.8712
      vertex 13.3912 127.826 23.6866
    endloop
  endfacet
  facet normal 0.258545 -0 0.965999
    outer loop
      vertex 13.6173 104.694 23.5561
      vertex 13.8695 124 23.4886
      vertex 13.6173 124 23.5561
    endloop
  endfacet
  facet normal 0.258545 0 0.965999
    outer loop
      vertex 13.8695 124 23.4886
      vertex 13.6173 104.694 23.5561
      vertex 13.8695 104.394 23.4886
    endloop
  endfacet
  facet normal 0.258545 -0 0.965999
    outer loop
      vertex 13.6173 127.148 23.5561
      vertex 13.8695 138 23.4886
      vertex 13.6173 138 23.5561
    endloop
  endfacet
  facet normal 0.258545 0 0.965999
    outer loop
      vertex 13.8695 138 23.4886
      vertex 13.6173 127.148 23.5561
      vertex 13.8695 126.392 23.4886
    endloop
  endfacet
  facet normal -0.258545 0 0.965999
    outer loop
      vertex 14.1305 124 23.4886
      vertex 14.3827 104.694 23.5561
      vertex 14.3827 124 23.5561
    endloop
  endfacet
  facet normal -0.258545 0 0.965999
    outer loop
      vertex 14.3827 104.694 23.5561
      vertex 14.1305 124 23.4886
      vertex 14.1305 104.394 23.4886
    endloop
  endfacet
  facet normal -0.258545 0 0.965999
    outer loop
      vertex 14.1305 125.608 23.4886
      vertex 14.3827 138 23.5561
      vertex 14.1305 138 23.4886
    endloop
  endfacet
  facet normal -0.258545 0 0.965999
    outer loop
      vertex 14.3827 138 23.5561
      vertex 14.1305 125.608 23.4886
      vertex 14.3827 124.852 23.5561
    endloop
  endfacet
  facet normal -0.965931 0 0.258798
    outer loop
      vertex 14.9239 138 24.0973
      vertex 14.9792 108.017 24.3037
      vertex 14.9792 138 24.3037
    endloop
  endfacet
  facet normal -0.965931 0 0.258798
    outer loop
      vertex 14.9792 108.017 24.3037
      vertex 14.9239 138 24.0973
      vertex 14.9239 107.099 24.0973
    endloop
  endfacet
  facet normal 0.499888 -0 0.86609
    outer loop
      vertex 13.3912 105.274 23.6866
      vertex 13.6173 124 23.5561
      vertex 13.3912 124 23.6866
    endloop
  endfacet
  facet normal 0.499888 0 0.86609
    outer loop
      vertex 13.6173 124 23.5561
      vertex 13.3912 105.274 23.6866
      vertex 13.6173 104.694 23.5561
    endloop
  endfacet
  facet normal 0.499888 -0 0.86609
    outer loop
      vertex 13.3912 127.826 23.6866
      vertex 13.6173 138 23.5561
      vertex 13.3912 138 23.6866
    endloop
  endfacet
  facet normal 0.499888 0 0.86609
    outer loop
      vertex 13.6173 138 23.5561
      vertex 13.3912 127.826 23.6866
      vertex 13.6173 127.148 23.5561
    endloop
  endfacet
  facet normal -0 0 1
    outer loop
      vertex 13.8695 124 23.4886
      vertex 14.1305 104.394 23.4886
      vertex 14.1305 124 23.4886
    endloop
  endfacet
  facet normal 0 0 1
    outer loop
      vertex 14.1305 104.394 23.4886
      vertex 13.8695 124 23.4886
      vertex 13.8695 104.394 23.4886
    endloop
  endfacet
  facet normal 0 0 1
    outer loop
      vertex 13.8695 126.392 23.4886
      vertex 14.1305 138 23.4886
      vertex 13.8695 138 23.4886
    endloop
  endfacet
  facet normal 0 0 1
    outer loop
      vertex 14.1305 138 23.4886
      vertex 13.8695 126.392 23.4886
      vertex 14.1305 125.608 23.4886
    endloop
  endfacet
  facet normal -0.499888 0 0.86609
    outer loop
      vertex 22.3827 138 22.1161
      vertex 22.6088 98.874 22.2466
      vertex 22.6088 138 22.2466
    endloop
  endfacet
  facet normal -0.499888 0 0.86609
    outer loop
      vertex 22.6088 98.874 22.2466
      vertex 22.3827 138 22.1161
      vertex 22.3827 98.2939 22.1161
    endloop
  endfacet
  facet normal 0.707107 -0 0.707107
    outer loop
      vertex 21.2066 99.6944 22.4312
      vertex 21.3912 138 22.2466
      vertex 21.2066 138 22.4312
    endloop
  endfacet
  facet normal 0.707107 0 0.707107
    outer loop
      vertex 21.3912 138 22.2466
      vertex 21.2066 99.6944 22.4312
      vertex 21.3912 98.874 22.2466
    endloop
  endfacet
  facet normal 0.965999 -0 0.258545
    outer loop
      vertex 21.0086 101.82 22.9095
      vertex 21.0761 138 22.6573
      vertex 21.0086 138 22.9095
    endloop
  endfacet
  facet normal 0.965999 0 0.258545
    outer loop
      vertex 21.0761 138 22.6573
      vertex 21.0086 101.82 22.9095
      vertex 21.0761 100.699 22.6573
    endloop
  endfacet
  facet normal -0.258545 0 0.965999
    outer loop
      vertex 22.1305 138 22.0486
      vertex 22.3827 98.2939 22.1161
      vertex 22.3827 138 22.1161
    endloop
  endfacet
  facet normal -0.258545 0 0.965999
    outer loop
      vertex 22.3827 98.2939 22.1161
      vertex 22.1305 138 22.0486
      vertex 22.1305 97.9936 22.0486
    endloop
  endfacet
  facet normal -0.707107 0 0.707107
    outer loop
      vertex 22.6088 138 22.2466
      vertex 22.7934 99.6944 22.4312
      vertex 22.7934 138 22.4312
    endloop
  endfacet
  facet normal -0.707107 0 0.707107
    outer loop
      vertex 22.7934 99.6944 22.4312
      vertex 22.6088 138 22.2466
      vertex 22.6088 98.874 22.2466
    endloop
  endfacet
  facet normal 0.966305 0 -0.2574
    outer loop
      vertex 21.0208 103.183 23.2163
      vertex 21.0086 138 23.1705
      vertex 21.0208 138 23.2163
    endloop
  endfacet
  facet normal 0.966305 0 -0.2574
    outer loop
      vertex 21.0086 138 23.1705
      vertex 21.0208 103.183 23.2163
      vertex 21.0086 102.98 23.1705
    endloop
  endfacet
  facet normal 0.86609 -0 0.499888
    outer loop
      vertex 21.0761 100.699 22.6573
      vertex 21.2066 138 22.4312
      vertex 21.0761 138 22.6573
    endloop
  endfacet
  facet normal 0.86609 0 0.499888
    outer loop
      vertex 21.2066 138 22.4312
      vertex 21.0761 100.699 22.6573
      vertex 21.2066 99.6944 22.4312
    endloop
  endfacet
  facet normal 0.258545 -0 0.965999
    outer loop
      vertex 21.6173 98.2939 22.1161
      vertex 21.8695 138 22.0486
      vertex 21.6173 138 22.1161
    endloop
  endfacet
  facet normal 0.258545 0 0.965999
    outer loop
      vertex 21.8695 138 22.0486
      vertex 21.6173 98.2939 22.1161
      vertex 21.8695 97.9936 22.0486
    endloop
  endfacet
  facet normal 0.499888 -0 0.86609
    outer loop
      vertex 21.3912 98.874 22.2466
      vertex 21.6173 138 22.1161
      vertex 21.3912 138 22.2466
    endloop
  endfacet
  facet normal 0.499888 0 0.86609
    outer loop
      vertex 21.6173 138 22.1161
      vertex 21.3912 98.874 22.2466
      vertex 21.6173 98.2939 22.1161
    endloop
  endfacet
  facet normal 1 -0 0
    outer loop
      vertex 21.0086 102.98 23.1705
      vertex 21.0086 138 22.9095
      vertex 21.0086 138 23.1705
    endloop
  endfacet
  facet normal 1 0 0
    outer loop
      vertex 21.0086 138 22.9095
      vertex 21.0086 102.98 23.1705
      vertex 21.0086 101.82 22.9095
    endloop
  endfacet
  facet normal -0.965931 0 0.258798
    outer loop
      vertex 22.9239 138 22.6573
      vertex 22.9792 101.617 22.8637
      vertex 22.9792 138 22.8637
    endloop
  endfacet
  facet normal -0.965931 0 0.258798
    outer loop
      vertex 22.9792 101.617 22.8637
      vertex 22.9239 138 22.6573
      vertex 22.9239 100.699 22.6573
    endloop
  endfacet
  facet normal -0.86609 0 0.499888
    outer loop
      vertex 22.7934 138 22.4312
      vertex 22.9239 100.699 22.6573
      vertex 22.9239 138 22.6573
    endloop
  endfacet
  facet normal -0.86609 0 0.499888
    outer loop
      vertex 22.9239 100.699 22.6573
      vertex 22.7934 138 22.4312
      vertex 22.7934 99.6944 22.4312
    endloop
  endfacet
  facet normal -0 0 1
    outer loop
      vertex 21.8695 138 22.0486
      vertex 22.1305 97.9936 22.0486
      vertex 22.1305 138 22.0486
    endloop
  endfacet
  facet normal 0 0 1
    outer loop
      vertex 22.1305 97.9936 22.0486
      vertex 21.8695 138 22.0486
      vertex 21.8695 97.9936 22.0486
    endloop
  endfacet
  facet normal -0.499888 0 0.86609
    outer loop
      vertex 30.3827 138 20.6761
      vertex 30.6088 127.826 20.8066
      vertex 30.6088 138 20.8066
    endloop
  endfacet
  facet normal -0.499888 0 0.86609
    outer loop
      vertex 30.6088 127.826 20.8066
      vertex 30.3827 138 20.6761
      vertex 30.3827 127.148 20.6761
    endloop
  endfacet
  facet normal -0.499888 0 0.86609
    outer loop
      vertex 30.3827 124 20.6761
      vertex 30.6088 92.474 20.8066
      vertex 30.6088 124 20.8066
    endloop
  endfacet
  facet normal -0.499888 0 0.86609
    outer loop
      vertex 30.6088 92.474 20.8066
      vertex 30.3827 124 20.6761
      vertex 30.3827 91.8939 20.6761
    endloop
  endfacet
  facet normal -0.86609 0 0.499888
    outer loop
      vertex 30.7934 138 20.9912
      vertex 30.9239 128.772 21.2173
      vertex 30.9239 138 21.2173
    endloop
  endfacet
  facet normal -0.86609 0 0.499888
    outer loop
      vertex 30.9239 128.772 21.2173
      vertex 30.7934 138 20.9912
      vertex 30.7934 128.38 20.9912
    endloop
  endfacet
  facet normal -0.86609 0 0.499888
    outer loop
      vertex 30.7934 124 20.9912
      vertex 30.9239 94.2992 21.2173
      vertex 30.9239 124 21.2173
    endloop
  endfacet
  facet normal -0.86609 0 0.499888
    outer loop
      vertex 30.9239 94.2992 21.2173
      vertex 30.7934 124 20.9912
      vertex 30.7934 93.2944 20.9912
    endloop
  endfacet
  facet normal 0.258545 0 0.965999
    outer loop
      vertex 29.6173 138 20.6761
      vertex 29.8695 125.608 20.6086
      vertex 29.8695 138 20.6086
    endloop
  endfacet
  facet normal 0.258545 0 0.965999
    outer loop
      vertex 29.8695 125.608 20.6086
      vertex 29.6173 138 20.6761
      vertex 29.6173 124.852 20.6761
    endloop
  endfacet
  facet normal 0.258545 -0 0.965999
    outer loop
      vertex 29.6173 91.8939 20.6761
      vertex 29.8695 124 20.6086
      vertex 29.6173 124 20.6761
    endloop
  endfacet
  facet normal 0.258545 0 0.965999
    outer loop
      vertex 29.8695 124 20.6086
      vertex 29.6173 91.8939 20.6761
      vertex 29.8695 91.5936 20.6086
    endloop
  endfacet
  facet normal 0.707107 0 0.707107
    outer loop
      vertex 29.2066 138 20.9912
      vertex 29.3912 124.174 20.8066
      vertex 29.3912 138 20.8066
    endloop
  endfacet
  facet normal 0.707684 1.54081e-05 0.70653
    outer loop
      vertex 29.3323 124 20.8656
      vertex 29.3912 124.174 20.8066
      vertex 29.2066 138 20.9912
    endloop
  endfacet
  facet normal 0.700391 0.00492944 0.713742
    outer loop
      vertex 29.3912 124.174 20.8066
      vertex 29.3323 124 20.8656
      vertex 29.3419 124.026 20.856
    endloop
  endfacet
  facet normal 0.707706 -7.21133e-06 0.706507
    outer loop
      vertex 29.2066 93.2944 20.9912
      vertex 29.3912 124 20.8066
      vertex 29.3323 124 20.8656
    endloop
  endfacet
  facet normal 0.706825 -0 0.707388
    outer loop
      vertex 29.2066 93.2944 20.9912
      vertex 29.3323 124 20.8656
      vertex 29.2066 138 20.9912
    endloop
  endfacet
  facet normal 0.707107 0 0.707107
    outer loop
      vertex 29.3912 124 20.8066
      vertex 29.2066 93.2944 20.9912
      vertex 29.3912 92.474 20.8066
    endloop
  endfacet
  facet normal 0.966305 0 -0.2574
    outer loop
      vertex 29.0208 96.7833 21.7763
      vertex 29.0086 138 21.7305
      vertex 29.0208 138 21.7763
    endloop
  endfacet
  facet normal 0.966305 0 -0.2574
    outer loop
      vertex 29.0086 138 21.7305
      vertex 29.0208 96.7833 21.7763
      vertex 29.0086 96.5801 21.7305
    endloop
  endfacet
  facet normal -0.707107 0 0.707107
    outer loop
      vertex 30.6088 138 20.8066
      vertex 30.7934 128.38 20.9912
      vertex 30.7934 138 20.9912
    endloop
  endfacet
  facet normal -0.707107 0 0.707107
    outer loop
      vertex 30.7934 128.38 20.9912
      vertex 30.6088 138 20.8066
      vertex 30.6088 127.826 20.8066
    endloop
  endfacet
  facet normal -0.707107 0 0.707107
    outer loop
      vertex 30.6088 124 20.8066
      vertex 30.7934 93.2944 20.9912
      vertex 30.7934 124 20.9912
    endloop
  endfacet
  facet normal -0.707107 0 0.707107
    outer loop
      vertex 30.7934 93.2944 20.9912
      vertex 30.6088 124 20.8066
      vertex 30.6088 92.474 20.8066
    endloop
  endfacet
  facet normal -0.258545 0 0.965999
    outer loop
      vertex 30.1305 138 20.6086
      vertex 30.3827 127.148 20.6761
      vertex 30.3827 138 20.6761
    endloop
  endfacet
  facet normal -0.258545 0 0.965999
    outer loop
      vertex 30.3827 127.148 20.6761
      vertex 30.1305 138 20.6086
      vertex 30.1305 126.392 20.6086
    endloop
  endfacet
  facet normal -0.258545 0 0.965999
    outer loop
      vertex 30.1305 124 20.6086
      vertex 30.3827 91.8939 20.6761
      vertex 30.3827 124 20.6761
    endloop
  endfacet
  facet normal -0.258545 0 0.965999
    outer loop
      vertex 30.3827 91.8939 20.6761
      vertex 30.1305 124 20.6086
      vertex 30.1305 91.5936 20.6086
    endloop
  endfacet
  facet normal 1 -0 0
    outer loop
      vertex 29.0086 96.5801 21.7305
      vertex 29.0086 138 21.4695
      vertex 29.0086 138 21.7305
    endloop
  endfacet
  facet normal 1 0 0
    outer loop
      vertex 29.0086 138 21.4695
      vertex 29.0086 96.5801 21.7305
      vertex 29.0086 95.4199 21.4695
    endloop
  endfacet
  facet normal -0.965931 0 0.258798
    outer loop
      vertex 30.9239 138 21.2173
      vertex 30.9792 128.938 21.4237
      vertex 30.9792 138 21.4237
    endloop
  endfacet
  facet normal -0.965931 0 0.258798
    outer loop
      vertex 30.9792 128.938 21.4237
      vertex 30.9239 138 21.2173
      vertex 30.9239 128.772 21.2173
    endloop
  endfacet
  facet normal -0.965931 0 0.258798
    outer loop
      vertex 30.9239 124 21.2173
      vertex 30.9792 95.2166 21.4237
      vertex 30.9792 124 21.4237
    endloop
  endfacet
  facet normal -0.965931 0 0.258798
    outer loop
      vertex 30.9792 95.2166 21.4237
      vertex 30.9239 124 21.2173
      vertex 30.9239 94.2992 21.2173
    endloop
  endfacet
  facet normal 0.86609 -0 0.499888
    outer loop
      vertex 29.0761 94.2992 21.2173
      vertex 29.2066 138 20.9912
      vertex 29.0761 138 21.2173
    endloop
  endfacet
  facet normal 0.86609 0 0.499888
    outer loop
      vertex 29.2066 138 20.9912
      vertex 29.0761 94.2992 21.2173
      vertex 29.2066 93.2944 20.9912
    endloop
  endfacet
  facet normal -0 0 1
    outer loop
      vertex 29.8695 138 20.6086
      vertex 30.1305 126.392 20.6086
      vertex 30.1305 138 20.6086
    endloop
  endfacet
  facet normal 0 0 1
    outer loop
      vertex 30.1305 126.392 20.6086
      vertex 29.8695 138 20.6086
      vertex 29.8695 125.608 20.6086
    endloop
  endfacet
  facet normal -0 0 1
    outer loop
      vertex 29.8695 124 20.6086
      vertex 30.1305 91.5936 20.6086
      vertex 30.1305 124 20.6086
    endloop
  endfacet
  facet normal 0 0 1
    outer loop
      vertex 30.1305 91.5936 20.6086
      vertex 29.8695 124 20.6086
      vertex 29.8695 91.5936 20.6086
    endloop
  endfacet
  facet normal 0.499888 0 0.86609
    outer loop
      vertex 29.3912 138 20.8066
      vertex 29.6173 124.852 20.6761
      vertex 29.6173 138 20.6761
    endloop
  endfacet
  facet normal 0.499888 0 0.86609
    outer loop
      vertex 29.6173 124.852 20.6761
      vertex 29.3912 138 20.8066
      vertex 29.3912 124.174 20.8066
    endloop
  endfacet
  facet normal 0.499888 -0 0.86609
    outer loop
      vertex 29.3912 92.474 20.8066
      vertex 29.6173 124 20.6761
      vertex 29.3912 124 20.8066
    endloop
  endfacet
  facet normal 0.499888 0 0.86609
    outer loop
      vertex 29.6173 124 20.6761
      vertex 29.3912 92.474 20.8066
      vertex 29.6173 91.8939 20.6761
    endloop
  endfacet
  facet normal 0.965999 -0 0.258545
    outer loop
      vertex 29.0086 95.4199 21.4695
      vertex 29.0761 138 21.2173
      vertex 29.0086 138 21.4695
    endloop
  endfacet
  facet normal 0.965999 0 0.258545
    outer loop
      vertex 29.0761 138 21.2173
      vertex 29.0086 95.4199 21.4695
      vertex 29.0761 94.2992 21.2173
    endloop
  endfacet
  facet normal 0.707107 -0 0.707107
    outer loop
      vertex 37.2066 86.8944 19.5512
      vertex 37.3912 124 19.3666
      vertex 37.2066 124 19.5512
    endloop
  endfacet
  facet normal 0.707107 0 0.707107
    outer loop
      vertex 37.3912 124 19.3666
      vertex 37.2066 86.8944 19.5512
      vertex 37.3912 86.074 19.3666
    endloop
  endfacet
  facet normal -0.86609 0 0.499888
    outer loop
      vertex 38.7934 124 19.5512
      vertex 38.9239 87.8992 19.7773
      vertex 38.9239 124 19.7773
    endloop
  endfacet
  facet normal -0.86609 0 0.499888
    outer loop
      vertex 38.9239 87.8992 19.7773
      vertex 38.7934 124 19.5512
      vertex 38.7934 86.8944 19.5512
    endloop
  endfacet
  facet normal 0.965999 -0 0.258545
    outer loop
      vertex 37.0086 89.0199 20.0295
      vertex 37.0761 124 19.7773
      vertex 37.0086 124 20.0295
    endloop
  endfacet
  facet normal 0.965999 0 0.258545
    outer loop
      vertex 37.0761 124 19.7773
      vertex 37.0086 89.0199 20.0295
      vertex 37.0761 87.8992 19.7773
    endloop
  endfacet
  facet normal -0.965931 0 0.258798
    outer loop
      vertex 38.9239 124 19.7773
      vertex 38.9792 88.8166 19.9837
      vertex 38.9792 124 19.9837
    endloop
  endfacet
  facet normal -0.965931 0 0.258798
    outer loop
      vertex 38.9792 88.8166 19.9837
      vertex 38.9239 124 19.7773
      vertex 38.9239 87.8992 19.7773
    endloop
  endfacet
  facet normal -0.707107 0 0.707107
    outer loop
      vertex 38.6088 124 19.3666
      vertex 38.7934 86.8944 19.5512
      vertex 38.7934 124 19.5512
    endloop
  endfacet
  facet normal -0.707107 0 0.707107
    outer loop
      vertex 38.7934 86.8944 19.5512
      vertex 38.6088 124 19.3666
      vertex 38.6088 86.074 19.3666
    endloop
  endfacet
  facet normal -0.258545 0 0.965999
    outer loop
      vertex 38.1305 124 19.1686
      vertex 38.3827 85.4939 19.2361
      vertex 38.3827 124 19.2361
    endloop
  endfacet
  facet normal -0.258545 0 0.965999
    outer loop
      vertex 38.3827 85.4939 19.2361
      vertex 38.1305 124 19.1686
      vertex 38.1305 85.1936 19.1686
    endloop
  endfacet
  facet normal 0.966305 0 -0.2574
    outer loop
      vertex 37.0208 90.3833 20.3363
      vertex 37.0086 124 20.2905
      vertex 37.0208 124 20.3363
    endloop
  endfacet
  facet normal 0.966305 0 -0.2574
    outer loop
      vertex 37.0086 124 20.2905
      vertex 37.0208 90.3833 20.3363
      vertex 37.0086 90.1801 20.2905
    endloop
  endfacet
  facet normal 1 -0 0
    outer loop
      vertex 37.0086 90.1801 20.2905
      vertex 37.0086 124 20.0295
      vertex 37.0086 124 20.2905
    endloop
  endfacet
  facet normal 1 0 0
    outer loop
      vertex 37.0086 124 20.0295
      vertex 37.0086 90.1801 20.2905
      vertex 37.0086 89.0199 20.0295
    endloop
  endfacet
  facet normal 0.86609 -0 0.499888
    outer loop
      vertex 37.0761 87.8992 19.7773
      vertex 37.2066 124 19.5512
      vertex 37.0761 124 19.7773
    endloop
  endfacet
  facet normal 0.86609 0 0.499888
    outer loop
      vertex 37.2066 124 19.5512
      vertex 37.0761 87.8992 19.7773
      vertex 37.2066 86.8944 19.5512
    endloop
  endfacet
  facet normal -0.499888 0 0.86609
    outer loop
      vertex 38.3827 124 19.2361
      vertex 38.6088 86.074 19.3666
      vertex 38.6088 124 19.3666
    endloop
  endfacet
  facet normal -0.499888 0 0.86609
    outer loop
      vertex 38.6088 86.074 19.3666
      vertex 38.3827 124 19.2361
      vertex 38.3827 85.4939 19.2361
    endloop
  endfacet
  facet normal 0.258545 -0 0.965999
    outer loop
      vertex 37.6173 85.4939 19.2361
      vertex 37.8695 124 19.1686
      vertex 37.6173 124 19.2361
    endloop
  endfacet
  facet normal 0.258545 0 0.965999
    outer loop
      vertex 37.8695 124 19.1686
      vertex 37.6173 85.4939 19.2361
      vertex 37.8695 85.1936 19.1686
    endloop
  endfacet
  facet normal 0.499888 -0 0.86609
    outer loop
      vertex 37.3912 86.074 19.3666
      vertex 37.6173 124 19.2361
      vertex 37.3912 124 19.3666
    endloop
  endfacet
  facet normal 0.499888 0 0.86609
    outer loop
      vertex 37.6173 124 19.2361
      vertex 37.3912 86.074 19.3666
      vertex 37.6173 85.4939 19.2361
    endloop
  endfacet
  facet normal -0 0 1
    outer loop
      vertex 37.8695 124 19.1686
      vertex 38.1305 85.1936 19.1686
      vertex 38.1305 124 19.1686
    endloop
  endfacet
  facet normal 0 0 1
    outer loop
      vertex 38.1305 85.1936 19.1686
      vertex 37.8695 124 19.1686
      vertex 37.8695 85.1936 19.1686
    endloop
  endfacet
  facet normal 0.966305 0 -0.2574
    outer loop
      vertex 45.0208 83.9834 18.8963
      vertex 45.0086 124 18.8505
      vertex 45.0208 124 18.8963
    endloop
  endfacet
  facet normal 0.966305 0 -0.2574
    outer loop
      vertex 45.0086 124 18.8505
      vertex 45.0208 83.9834 18.8963
      vertex 45.0086 83.7801 18.8505
    endloop
  endfacet
  facet normal 1 -0 0
    outer loop
      vertex 45.0086 83.7801 18.8505
      vertex 45.0086 124 18.5895
      vertex 45.0086 124 18.8505
    endloop
  endfacet
  facet normal 1 0 0
    outer loop
      vertex 45.0086 124 18.5895
      vertex 45.0086 83.7801 18.8505
      vertex 45.0086 82.6199 18.5895
    endloop
  endfacet
  facet normal 0.707107 -0 0.707107
    outer loop
      vertex 45.2066 80.4944 18.1112
      vertex 45.3912 124 17.9266
      vertex 45.2066 124 18.1112
    endloop
  endfacet
  facet normal 0.707107 0 0.707107
    outer loop
      vertex 45.3912 124 17.9266
      vertex 45.2066 80.4944 18.1112
      vertex 45.3912 79.674 17.9266
    endloop
  endfacet
  facet normal -0.258545 0 0.965999
    outer loop
      vertex 46.1305 124 17.7286
      vertex 46.3827 79.0939 17.7961
      vertex 46.3827 124 17.7961
    endloop
  endfacet
  facet normal -0.258545 0 0.965999
    outer loop
      vertex 46.3827 79.0939 17.7961
      vertex 46.1305 124 17.7286
      vertex 46.1305 78.7936 17.7286
    endloop
  endfacet
  facet normal -0.707107 0 0.707107
    outer loop
      vertex 46.6088 124 17.9266
      vertex 46.7934 80.4944 18.1112
      vertex 46.7934 124 18.1112
    endloop
  endfacet
  facet normal -0.707107 0 0.707107
    outer loop
      vertex 46.7934 80.4944 18.1112
      vertex 46.6088 124 17.9266
      vertex 46.6088 79.674 17.9266
    endloop
  endfacet
  facet normal 0.965999 -0 0.258545
    outer loop
      vertex 45.0086 82.6199 18.5895
      vertex 45.0761 124 18.3373
      vertex 45.0086 124 18.5895
    endloop
  endfacet
  facet normal 0.965999 0 0.258545
    outer loop
      vertex 45.0761 124 18.3373
      vertex 45.0086 82.6199 18.5895
      vertex 45.0761 81.4992 18.3373
    endloop
  endfacet
  facet normal 0.86609 -0 0.499888
    outer loop
      vertex 45.0761 81.4992 18.3373
      vertex 45.2066 124 18.1112
      vertex 45.0761 124 18.3373
    endloop
  endfacet
  facet normal 0.86609 0 0.499888
    outer loop
      vertex 45.2066 124 18.1112
      vertex 45.0761 81.4992 18.3373
      vertex 45.2066 80.4944 18.1112
    endloop
  endfacet
  facet normal -0.965931 0 0.258798
    outer loop
      vertex 46.9239 124 18.3373
      vertex 46.9792 82.4166 18.5437
      vertex 46.9792 124 18.5437
    endloop
  endfacet
  facet normal -0.965931 0 0.258798
    outer loop
      vertex 46.9792 82.4166 18.5437
      vertex 46.9239 124 18.3373
      vertex 46.9239 81.4992 18.3373
    endloop
  endfacet
  facet normal -0.499888 0 0.86609
    outer loop
      vertex 46.3827 124 17.7961
      vertex 46.6088 79.674 17.9266
      vertex 46.6088 124 17.9266
    endloop
  endfacet
  facet normal -0.499888 0 0.86609
    outer loop
      vertex 46.6088 79.674 17.9266
      vertex 46.3827 124 17.7961
      vertex 46.3827 79.0939 17.7961
    endloop
  endfacet
  facet normal 0.258545 -0 0.965999
    outer loop
      vertex 45.6173 79.0939 17.7961
      vertex 45.8695 124 17.7286
      vertex 45.6173 124 17.7961
    endloop
  endfacet
  facet normal 0.258545 0 0.965999
    outer loop
      vertex 45.8695 124 17.7286
      vertex 45.6173 79.0939 17.7961
      vertex 45.8695 78.7936 17.7286
    endloop
  endfacet
  facet normal 0.499888 -0 0.86609
    outer loop
      vertex 45.3912 79.674 17.9266
      vertex 45.6173 124 17.7961
      vertex 45.3912 124 17.9266
    endloop
  endfacet
  facet normal 0.499888 0 0.86609
    outer loop
      vertex 45.6173 124 17.7961
      vertex 45.3912 79.674 17.9266
      vertex 45.6173 79.0939 17.7961
    endloop
  endfacet
  facet normal -0.86609 0 0.499888
    outer loop
      vertex 46.7934 124 18.1112
      vertex 46.9239 81.4992 18.3373
      vertex 46.9239 124 18.3373
    endloop
  endfacet
  facet normal -0.86609 0 0.499888
    outer loop
      vertex 46.9239 81.4992 18.3373
      vertex 46.7934 124 18.1112
      vertex 46.7934 80.4944 18.1112
    endloop
  endfacet
  facet normal -0 0 1
    outer loop
      vertex 45.8695 124 17.7286
      vertex 46.1305 78.7936 17.7286
      vertex 46.1305 124 17.7286
    endloop
  endfacet
  facet normal 0 0 1
    outer loop
      vertex 46.1305 78.7936 17.7286
      vertex 45.8695 124 17.7286
      vertex 45.8695 78.7936 17.7286
    endloop
  endfacet
  facet normal -0.86609 0 0.499888
    outer loop
      vertex 54.7934 124 16.6712
      vertex 54.9239 75.0992 16.8973
      vertex 54.9239 124 16.8973
    endloop
  endfacet
  facet normal -0.86609 0 0.499888
    outer loop
      vertex 54.9239 75.0992 16.8973
      vertex 54.7934 124 16.6712
      vertex 54.7934 74.0944 16.6712
    endloop
  endfacet
  facet normal -0 0 1
    outer loop
      vertex 53.8695 124 16.2886
      vertex 54.1305 72.3936 16.2886
      vertex 54.1305 124 16.2886
    endloop
  endfacet
  facet normal 0 0 1
    outer loop
      vertex 54.1305 72.3936 16.2886
      vertex 53.8695 124 16.2886
      vertex 53.8695 72.3936 16.2886
    endloop
  endfacet
  facet normal 0.499888 -0 0.86609
    outer loop
      vertex 53.3912 73.274 16.4866
      vertex 53.6173 124 16.3561
      vertex 53.3912 124 16.4866
    endloop
  endfacet
  facet normal 0.499888 0 0.86609
    outer loop
      vertex 53.6173 124 16.3561
      vertex 53.3912 73.274 16.4866
      vertex 53.6173 72.6939 16.3561
    endloop
  endfacet
  facet normal 1 -0 0
    outer loop
      vertex 53.0086 77.3801 17.4105
      vertex 53.0086 124 17.1495
      vertex 53.0086 124 17.4105
    endloop
  endfacet
  facet normal 1 0 0
    outer loop
      vertex 53.0086 124 17.1495
      vertex 53.0086 77.3801 17.4105
      vertex 53.0086 76.2199 17.1495
    endloop
  endfacet
  facet normal -0.707107 0 0.707107
    outer loop
      vertex 54.6088 124 16.4866
      vertex 54.7934 74.0944 16.6712
      vertex 54.7934 124 16.6712
    endloop
  endfacet
  facet normal -0.707107 0 0.707107
    outer loop
      vertex 54.7934 74.0944 16.6712
      vertex 54.6088 124 16.4866
      vertex 54.6088 73.274 16.4866
    endloop
  endfacet
  facet normal -0.965931 0 0.258798
    outer loop
      vertex 54.9239 124 16.8973
      vertex 54.9792 76.0166 17.1037
      vertex 54.9792 124 17.1037
    endloop
  endfacet
  facet normal -0.965931 0 0.258798
    outer loop
      vertex 54.9792 76.0166 17.1037
      vertex 54.9239 124 16.8973
      vertex 54.9239 75.0992 16.8973
    endloop
  endfacet
  facet normal -0.499888 0 0.86609
    outer loop
      vertex 54.3827 124 16.3561
      vertex 54.6088 73.274 16.4866
      vertex 54.6088 124 16.4866
    endloop
  endfacet
  facet normal -0.499888 0 0.86609
    outer loop
      vertex 54.6088 73.274 16.4866
      vertex 54.3827 124 16.3561
      vertex 54.3827 72.6939 16.3561
    endloop
  endfacet
  facet normal 0.86609 -0 0.499888
    outer loop
      vertex 53.0761 75.0992 16.8973
      vertex 53.2066 124 16.6712
      vertex 53.0761 124 16.8973
    endloop
  endfacet
  facet normal 0.86609 0 0.499888
    outer loop
      vertex 53.2066 124 16.6712
      vertex 53.0761 75.0992 16.8973
      vertex 53.2066 74.0944 16.6712
    endloop
  endfacet
  facet normal 0.707107 -0 0.707107
    outer loop
      vertex 53.2066 74.0944 16.6712
      vertex 53.3912 124 16.4866
      vertex 53.2066 124 16.6712
    endloop
  endfacet
  facet normal 0.707107 0 0.707107
    outer loop
      vertex 53.3912 124 16.4866
      vertex 53.2066 74.0944 16.6712
      vertex 53.3912 73.274 16.4866
    endloop
  endfacet
  facet normal 0.966305 0 -0.2574
    outer loop
      vertex 53.0208 77.5834 17.4563
      vertex 53.0086 124 17.4105
      vertex 53.0208 124 17.4563
    endloop
  endfacet
  facet normal 0.966305 0 -0.2574
    outer loop
      vertex 53.0086 124 17.4105
      vertex 53.0208 77.5834 17.4563
      vertex 53.0086 77.3801 17.4105
    endloop
  endfacet
  facet normal 0.965999 -0 0.258545
    outer loop
      vertex 53.0086 76.2199 17.1495
      vertex 53.0761 124 16.8973
      vertex 53.0086 124 17.1495
    endloop
  endfacet
  facet normal 0.965999 0 0.258545
    outer loop
      vertex 53.0761 124 16.8973
      vertex 53.0086 76.2199 17.1495
      vertex 53.0761 75.0992 16.8973
    endloop
  endfacet
  facet normal -0.258545 0 0.965999
    outer loop
      vertex 54.1305 124 16.2886
      vertex 54.3827 72.6939 16.3561
      vertex 54.3827 124 16.3561
    endloop
  endfacet
  facet normal -0.258545 0 0.965999
    outer loop
      vertex 54.3827 72.6939 16.3561
      vertex 54.1305 124 16.2886
      vertex 54.1305 72.3936 16.2886
    endloop
  endfacet
  facet normal 0.258545 -0 0.965999
    outer loop
      vertex 53.6173 72.6939 16.3561
      vertex 53.8695 124 16.2886
      vertex 53.6173 124 16.3561
    endloop
  endfacet
  facet normal 0.258545 0 0.965999
    outer loop
      vertex 53.8695 124 16.2886
      vertex 53.6173 72.6939 16.3561
      vertex 53.8695 72.3936 16.2886
    endloop
  endfacet
  facet normal 0.499888 -0 0.86609
    outer loop
      vertex 61.3912 66.874 15.0466
      vertex 61.6173 124 14.9161
      vertex 61.3912 124 15.0466
    endloop
  endfacet
  facet normal 0.499888 0 0.86609
    outer loop
      vertex 61.6173 124 14.9161
      vertex 61.3912 66.874 15.0466
      vertex 61.6173 66.2939 14.9161
    endloop
  endfacet
  facet normal 0.965999 -0 0.258545
    outer loop
      vertex 61.0086 69.8199 15.7095
      vertex 61.0761 124 15.4573
      vertex 61.0086 124 15.7095
    endloop
  endfacet
  facet normal 0.965999 0 0.258545
    outer loop
      vertex 61.0761 124 15.4573
      vertex 61.0086 69.8199 15.7095
      vertex 61.0761 68.6992 15.4573
    endloop
  endfacet
  facet normal -0.965931 0 0.258798
    outer loop
      vertex 62.9239 124 15.4573
      vertex 62.9792 69.6166 15.6637
      vertex 62.9792 124 15.6637
    endloop
  endfacet
  facet normal -0.965931 0 0.258798
    outer loop
      vertex 62.9792 69.6166 15.6637
      vertex 62.9239 124 15.4573
      vertex 62.9239 68.6992 15.4573
    endloop
  endfacet
  facet normal 0.966305 0 -0.2574
    outer loop
      vertex 61.0208 71.1833 16.0163
      vertex 61.0086 124 15.9705
      vertex 61.0208 124 16.0163
    endloop
  endfacet
  facet normal 0.966305 0 -0.2574
    outer loop
      vertex 61.0086 124 15.9705
      vertex 61.0208 71.1833 16.0163
      vertex 61.0086 70.9801 15.9705
    endloop
  endfacet
  facet normal -0.258545 0 0.965999
    outer loop
      vertex 62.1305 124 14.8486
      vertex 62.3827 66.2939 14.9161
      vertex 62.3827 124 14.9161
    endloop
  endfacet
  facet normal -0.258545 0 0.965999
    outer loop
      vertex 62.3827 66.2939 14.9161
      vertex 62.1305 124 14.8486
      vertex 62.1305 65.9936 14.8486
    endloop
  endfacet
  facet normal -0.499888 0 0.86609
    outer loop
      vertex 62.3827 124 14.9161
      vertex 62.6088 66.874 15.0466
      vertex 62.6088 124 15.0466
    endloop
  endfacet
  facet normal -0.499888 0 0.86609
    outer loop
      vertex 62.6088 66.874 15.0466
      vertex 62.3827 124 14.9161
      vertex 62.3827 66.2939 14.9161
    endloop
  endfacet
  facet normal -0.707107 0 0.707107
    outer loop
      vertex 62.6088 124 15.0466
      vertex 62.7934 67.6944 15.2312
      vertex 62.7934 124 15.2312
    endloop
  endfacet
  facet normal -0.707107 0 0.707107
    outer loop
      vertex 62.7934 67.6944 15.2312
      vertex 62.6088 124 15.0466
      vertex 62.6088 66.874 15.0466
    endloop
  endfacet
  facet normal 1 -0 0
    outer loop
      vertex 61.0086 70.9801 15.9705
      vertex 61.0086 124 15.7095
      vertex 61.0086 124 15.9705
    endloop
  endfacet
  facet normal 1 0 0
    outer loop
      vertex 61.0086 124 15.7095
      vertex 61.0086 70.9801 15.9705
      vertex 61.0086 69.8199 15.7095
    endloop
  endfacet
  facet normal 0.707107 -0 0.707107
    outer loop
      vertex 61.2066 67.6944 15.2312
      vertex 61.3912 124 15.0466
      vertex 61.2066 124 15.2312
    endloop
  endfacet
  facet normal 0.707107 0 0.707107
    outer loop
      vertex 61.3912 124 15.0466
      vertex 61.2066 67.6944 15.2312
      vertex 61.3912 66.874 15.0466
    endloop
  endfacet
  facet normal -0.86609 0 0.499888
    outer loop
      vertex 62.7934 124 15.2312
      vertex 62.9239 68.6992 15.4573
      vertex 62.9239 124 15.4573
    endloop
  endfacet
  facet normal -0.86609 0 0.499888
    outer loop
      vertex 62.9239 68.6992 15.4573
      vertex 62.7934 124 15.2312
      vertex 62.7934 67.6944 15.2312
    endloop
  endfacet
  facet normal 0.86609 -0 0.499888
    outer loop
      vertex 61.0761 68.6992 15.4573
      vertex 61.2066 124 15.2312
      vertex 61.0761 124 15.4573
    endloop
  endfacet
  facet normal 0.86609 0 0.499888
    outer loop
      vertex 61.2066 124 15.2312
      vertex 61.0761 68.6992 15.4573
      vertex 61.2066 67.6944 15.2312
    endloop
  endfacet
  facet normal -0 0 1
    outer loop
      vertex 61.8695 124 14.8486
      vertex 62.1305 65.9936 14.8486
      vertex 62.1305 124 14.8486
    endloop
  endfacet
  facet normal 0 0 1
    outer loop
      vertex 62.1305 65.9936 14.8486
      vertex 61.8695 124 14.8486
      vertex 61.8695 65.9936 14.8486
    endloop
  endfacet
  facet normal 0.258545 -0 0.965999
    outer loop
      vertex 61.6173 66.2939 14.9161
      vertex 61.8695 124 14.8486
      vertex 61.6173 124 14.9161
    endloop
  endfacet
  facet normal 0.258545 0 0.965999
    outer loop
      vertex 61.8695 124 14.8486
      vertex 61.6173 66.2939 14.9161
      vertex 61.8695 65.9936 14.8486
    endloop
  endfacet
  facet normal -0.707107 0 0.707107
    outer loop
      vertex 70.6088 124 13.6066
      vertex 70.7934 61.2944 13.7912
      vertex 70.7934 124 13.7912
    endloop
  endfacet
  facet normal -0.707107 0 0.707107
    outer loop
      vertex 70.7934 61.2944 13.7912
      vertex 70.6088 124 13.6066
      vertex 70.6088 60.474 13.6066
    endloop
  endfacet
  facet normal 0.965999 -0 0.258545
    outer loop
      vertex 69.0086 63.4199 14.2695
      vertex 69.0761 124 14.0173
      vertex 69.0086 124 14.2695
    endloop
  endfacet
  facet normal 0.965999 0 0.258545
    outer loop
      vertex 69.0761 124 14.0173
      vertex 69.0086 63.4199 14.2695
      vertex 69.0761 62.2992 14.0173
    endloop
  endfacet
  facet normal -0.499888 0 0.86609
    outer loop
      vertex 70.3827 124 13.4761
      vertex 70.6088 60.474 13.6066
      vertex 70.6088 124 13.6066
    endloop
  endfacet
  facet normal -0.499888 0 0.86609
    outer loop
      vertex 70.6088 60.474 13.6066
      vertex 70.3827 124 13.4761
      vertex 70.3827 59.8939 13.4761
    endloop
  endfacet
  facet normal 0.258545 -0 0.965999
    outer loop
      vertex 69.6173 59.8939 13.4761
      vertex 69.8695 124 13.4086
      vertex 69.6173 124 13.4761
    endloop
  endfacet
  facet normal 0.258545 0 0.965999
    outer loop
      vertex 69.8695 124 13.4086
      vertex 69.6173 59.8939 13.4761
      vertex 69.8695 59.5936 13.4086
    endloop
  endfacet
  facet normal 0.86609 -0 0.499888
    outer loop
      vertex 69.0761 62.2992 14.0173
      vertex 69.2066 124 13.7912
      vertex 69.0761 124 14.0173
    endloop
  endfacet
  facet normal 0.86609 0 0.499888
    outer loop
      vertex 69.2066 124 13.7912
      vertex 69.0761 62.2992 14.0173
      vertex 69.2066 61.2944 13.7912
    endloop
  endfacet
  facet normal -0.965931 0 0.258798
    outer loop
      vertex 70.9239 124 14.0173
      vertex 70.9792 63.2166 14.2237
      vertex 70.9792 124 14.2237
    endloop
  endfacet
  facet normal -0.965931 0 0.258798
    outer loop
      vertex 70.9792 63.2166 14.2237
      vertex 70.9239 124 14.0173
      vertex 70.9239 62.2992 14.0173
    endloop
  endfacet
  facet normal -0.258545 0 0.965999
    outer loop
      vertex 70.1305 124 13.4086
      vertex 70.3827 59.8939 13.4761
      vertex 70.3827 124 13.4761
    endloop
  endfacet
  facet normal -0.258545 0 0.965999
    outer loop
      vertex 70.3827 59.8939 13.4761
      vertex 70.1305 124 13.4086
      vertex 70.1305 59.5936 13.4086
    endloop
  endfacet
  facet normal 0.499888 -0 0.86609
    outer loop
      vertex 69.3912 60.474 13.6066
      vertex 69.6173 124 13.4761
      vertex 69.3912 124 13.6066
    endloop
  endfacet
  facet normal 0.499888 0 0.86609
    outer loop
      vertex 69.6173 124 13.4761
      vertex 69.3912 60.474 13.6066
      vertex 69.6173 59.8939 13.4761
    endloop
  endfacet
  facet normal 0.966305 0 -0.2574
    outer loop
      vertex 69.0208 64.7833 14.5763
      vertex 69.0086 124 14.5305
      vertex 69.0208 124 14.5763
    endloop
  endfacet
  facet normal 0.966305 0 -0.2574
    outer loop
      vertex 69.0086 124 14.5305
      vertex 69.0208 64.7833 14.5763
      vertex 69.0086 64.5801 14.5305
    endloop
  endfacet
  facet normal 0.707107 -0 0.707107
    outer loop
      vertex 69.2066 61.2944 13.7912
      vertex 69.3912 124 13.6066
      vertex 69.2066 124 13.7912
    endloop
  endfacet
  facet normal 0.707107 0 0.707107
    outer loop
      vertex 69.3912 124 13.6066
      vertex 69.2066 61.2944 13.7912
      vertex 69.3912 60.474 13.6066
    endloop
  endfacet
  facet normal -0 0 1
    outer loop
      vertex 69.8695 124 13.4086
      vertex 70.1305 59.5936 13.4086
      vertex 70.1305 124 13.4086
    endloop
  endfacet
  facet normal 0 0 1
    outer loop
      vertex 70.1305 59.5936 13.4086
      vertex 69.8695 124 13.4086
      vertex 69.8695 59.5936 13.4086
    endloop
  endfacet
  facet normal -0.86609 0 0.499888
    outer loop
      vertex 70.7934 124 13.7912
      vertex 70.9239 62.2992 14.0173
      vertex 70.9239 124 14.0173
    endloop
  endfacet
  facet normal -0.86609 0 0.499888
    outer loop
      vertex 70.9239 62.2992 14.0173
      vertex 70.7934 124 13.7912
      vertex 70.7934 61.2944 13.7912
    endloop
  endfacet
  facet normal 1 -0 0
    outer loop
      vertex 69.0086 64.5801 14.5305
      vertex 69.0086 124 14.2695
      vertex 69.0086 124 14.5305
    endloop
  endfacet
  facet normal 1 0 0
    outer loop
      vertex 69.0086 124 14.2695
      vertex 69.0086 64.5801 14.5305
      vertex 69.0086 63.4199 14.2695
    endloop
  endfacet
  facet normal 0.258545 -0 0.965999
    outer loop
      vertex 77.6173 53.4939 12.0361
      vertex 77.8695 124 11.9686
      vertex 77.6173 124 12.0361
    endloop
  endfacet
  facet normal 0.258545 0 0.965999
    outer loop
      vertex 77.8695 124 11.9686
      vertex 77.6173 53.4939 12.0361
      vertex 77.8695 53.1936 11.9686
    endloop
  endfacet
  facet normal -0.707107 0 0.707107
    outer loop
      vertex 78.6088 124 12.1666
      vertex 78.7934 54.8944 12.3512
      vertex 78.7934 124 12.3512
    endloop
  endfacet
  facet normal -0.707107 0 0.707107
    outer loop
      vertex 78.7934 54.8944 12.3512
      vertex 78.6088 124 12.1666
      vertex 78.6088 54.074 12.1666
    endloop
  endfacet
  facet normal 0.499888 -0 0.86609
    outer loop
      vertex 77.3912 54.074 12.1666
      vertex 77.6173 124 12.0361
      vertex 77.3912 124 12.1666
    endloop
  endfacet
  facet normal 0.499888 0 0.86609
    outer loop
      vertex 77.6173 124 12.0361
      vertex 77.3912 54.074 12.1666
      vertex 77.6173 53.4939 12.0361
    endloop
  endfacet
  facet normal -0.499888 0 0.86609
    outer loop
      vertex 78.3827 124 12.0361
      vertex 78.6088 54.074 12.1666
      vertex 78.6088 124 12.1666
    endloop
  endfacet
  facet normal -0.499888 0 0.86609
    outer loop
      vertex 78.6088 54.074 12.1666
      vertex 78.3827 124 12.0361
      vertex 78.3827 53.4939 12.0361
    endloop
  endfacet
  facet normal -0.965931 0 0.258798
    outer loop
      vertex 78.9239 124 12.5773
      vertex 78.9792 56.8166 12.7837
      vertex 78.9792 124 12.7837
    endloop
  endfacet
  facet normal -0.965931 0 0.258798
    outer loop
      vertex 78.9792 56.8166 12.7837
      vertex 78.9239 124 12.5773
      vertex 78.9239 55.8992 12.5773
    endloop
  endfacet
  facet normal 0.966305 0 -0.2574
    outer loop
      vertex 77.0208 58.3834 13.1363
      vertex 77.0086 124 13.0905
      vertex 77.0208 124 13.1363
    endloop
  endfacet
  facet normal 0.966305 0 -0.2574
    outer loop
      vertex 77.0086 124 13.0905
      vertex 77.0208 58.3834 13.1363
      vertex 77.0086 58.1801 13.0905
    endloop
  endfacet
  facet normal 0.965999 -0 0.258545
    outer loop
      vertex 77.0086 57.0199 12.8295
      vertex 77.0761 124 12.5773
      vertex 77.0086 124 12.8295
    endloop
  endfacet
  facet normal 0.965999 0 0.258545
    outer loop
      vertex 77.0761 124 12.5773
      vertex 77.0086 57.0199 12.8295
      vertex 77.0761 55.8992 12.5773
    endloop
  endfacet
  facet normal 0.86609 -0 0.499888
    outer loop
      vertex 77.0761 55.8992 12.5773
      vertex 77.2066 124 12.3512
      vertex 77.0761 124 12.5773
    endloop
  endfacet
  facet normal 0.86609 0 0.499888
    outer loop
      vertex 77.2066 124 12.3512
      vertex 77.0761 55.8992 12.5773
      vertex 77.2066 54.8944 12.3512
    endloop
  endfacet
  facet normal 0.707107 -0 0.707107
    outer loop
      vertex 77.2066 54.8944 12.3512
      vertex 77.3912 124 12.1666
      vertex 77.2066 124 12.3512
    endloop
  endfacet
  facet normal 0.707107 0 0.707107
    outer loop
      vertex 77.3912 124 12.1666
      vertex 77.2066 54.8944 12.3512
      vertex 77.3912 54.074 12.1666
    endloop
  endfacet
  facet normal -0.86609 0 0.499888
    outer loop
      vertex 78.7934 124 12.3512
      vertex 78.9239 55.8992 12.5773
      vertex 78.9239 124 12.5773
    endloop
  endfacet
  facet normal -0.86609 0 0.499888
    outer loop
      vertex 78.9239 55.8992 12.5773
      vertex 78.7934 124 12.3512
      vertex 78.7934 54.8944 12.3512
    endloop
  endfacet
  facet normal -0.258545 0 0.965999
    outer loop
      vertex 78.1305 124 11.9686
      vertex 78.3827 53.4939 12.0361
      vertex 78.3827 124 12.0361
    endloop
  endfacet
  facet normal -0.258545 0 0.965999
    outer loop
      vertex 78.3827 53.4939 12.0361
      vertex 78.1305 124 11.9686
      vertex 78.1305 53.1936 11.9686
    endloop
  endfacet
  facet normal -0 0 1
    outer loop
      vertex 77.8695 124 11.9686
      vertex 78.1305 53.1936 11.9686
      vertex 78.1305 124 11.9686
    endloop
  endfacet
  facet normal 0 0 1
    outer loop
      vertex 78.1305 53.1936 11.9686
      vertex 77.8695 124 11.9686
      vertex 77.8695 53.1936 11.9686
    endloop
  endfacet
  facet normal 1 -0 0
    outer loop
      vertex 77.0086 58.1801 13.0905
      vertex 77.0086 124 12.8295
      vertex 77.0086 124 13.0905
    endloop
  endfacet
  facet normal 1 0 0
    outer loop
      vertex 77.0086 124 12.8295
      vertex 77.0086 58.1801 13.0905
      vertex 77.0086 57.0199 12.8295
    endloop
  endfacet
  facet normal -0.86609 0 0.499888
    outer loop
      vertex 86.7934 124 10.9112
      vertex 86.9239 49.4992 11.1373
      vertex 86.9239 124 11.1373
    endloop
  endfacet
  facet normal -0.86609 0 0.499888
    outer loop
      vertex 86.9239 49.4992 11.1373
      vertex 86.7934 124 10.9112
      vertex 86.7934 48.4944 10.9112
    endloop
  endfacet
  facet normal -0.707107 0 0.707107
    outer loop
      vertex 86.6088 124 10.7266
      vertex 86.7934 48.4944 10.9112
      vertex 86.7934 124 10.9112
    endloop
  endfacet
  facet normal -0.707107 0 0.707107
    outer loop
      vertex 86.7934 48.4944 10.9112
      vertex 86.6088 124 10.7266
      vertex 86.6088 47.674 10.7266
    endloop
  endfacet
  facet normal 0.86609 -0 0.499888
    outer loop
      vertex 85.0761 49.4992 11.1373
      vertex 85.2066 124 10.9112
      vertex 85.0761 124 11.1373
    endloop
  endfacet
  facet normal 0.86609 0 0.499888
    outer loop
      vertex 85.2066 124 10.9112
      vertex 85.0761 49.4992 11.1373
      vertex 85.2066 48.4944 10.9112
    endloop
  endfacet
  facet normal -0.965931 0 0.258798
    outer loop
      vertex 86.9239 124 11.1373
      vertex 86.9792 50.4166 11.3437
      vertex 86.9792 124 11.3437
    endloop
  endfacet
  facet normal -0.965931 0 0.258798
    outer loop
      vertex 86.9792 50.4166 11.3437
      vertex 86.9239 124 11.1373
      vertex 86.9239 49.4992 11.1373
    endloop
  endfacet
  facet normal 0.499888 -0 0.86609
    outer loop
      vertex 85.3912 47.674 10.7266
      vertex 85.6173 124 10.5961
      vertex 85.3912 124 10.7266
    endloop
  endfacet
  facet normal 0.499888 0 0.86609
    outer loop
      vertex 85.6173 124 10.5961
      vertex 85.3912 47.674 10.7266
      vertex 85.6173 47.0939 10.5961
    endloop
  endfacet
  facet normal 0.966305 0 -0.2574
    outer loop
      vertex 85.0208 51.9834 11.6963
      vertex 85.0086 124 11.6505
      vertex 85.0208 124 11.6963
    endloop
  endfacet
  facet normal 0.966305 0 -0.2574
    outer loop
      vertex 85.0086 124 11.6505
      vertex 85.0208 51.9834 11.6963
      vertex 85.0086 51.7801 11.6505
    endloop
  endfacet
  facet normal -0.499888 0 0.86609
    outer loop
      vertex 86.3827 124 10.5961
      vertex 86.6088 47.674 10.7266
      vertex 86.6088 124 10.7266
    endloop
  endfacet
  facet normal -0.499888 0 0.86609
    outer loop
      vertex 86.6088 47.674 10.7266
      vertex 86.3827 124 10.5961
      vertex 86.3827 47.0939 10.5961
    endloop
  endfacet
  facet normal -0.258545 0 0.965999
    outer loop
      vertex 86.1305 124 10.5286
      vertex 86.3827 47.0939 10.5961
      vertex 86.3827 124 10.5961
    endloop
  endfacet
  facet normal -0.258545 0 0.965999
    outer loop
      vertex 86.3827 47.0939 10.5961
      vertex 86.1305 124 10.5286
      vertex 86.1305 46.7936 10.5286
    endloop
  endfacet
  facet normal -0 0 1
    outer loop
      vertex 85.8695 124 10.5286
      vertex 86.1305 46.7936 10.5286
      vertex 86.1305 124 10.5286
    endloop
  endfacet
  facet normal 0 0 1
    outer loop
      vertex 86.1305 46.7936 10.5286
      vertex 85.8695 124 10.5286
      vertex 85.8695 46.7936 10.5286
    endloop
  endfacet
  facet normal 0.965999 -0 0.258545
    outer loop
      vertex 85.0086 50.6199 11.3895
      vertex 85.0761 124 11.1373
      vertex 85.0086 124 11.3895
    endloop
  endfacet
  facet normal 0.965999 0 0.258545
    outer loop
      vertex 85.0761 124 11.1373
      vertex 85.0086 50.6199 11.3895
      vertex 85.0761 49.4992 11.1373
    endloop
  endfacet
  facet normal 0.258545 -0 0.965999
    outer loop
      vertex 85.6173 47.0939 10.5961
      vertex 85.8695 124 10.5286
      vertex 85.6173 124 10.5961
    endloop
  endfacet
  facet normal 0.258545 0 0.965999
    outer loop
      vertex 85.8695 124 10.5286
      vertex 85.6173 47.0939 10.5961
      vertex 85.8695 46.7936 10.5286
    endloop
  endfacet
  facet normal 1 -0 0
    outer loop
      vertex 85.0086 51.7801 11.6505
      vertex 85.0086 124 11.3895
      vertex 85.0086 124 11.6505
    endloop
  endfacet
  facet normal 1 0 0
    outer loop
      vertex 85.0086 124 11.3895
      vertex 85.0086 51.7801 11.6505
      vertex 85.0086 50.6199 11.3895
    endloop
  endfacet
  facet normal 0.707107 -0 0.707107
    outer loop
      vertex 85.2066 48.4944 10.9112
      vertex 85.3912 124 10.7266
      vertex 85.2066 124 10.9112
    endloop
  endfacet
  facet normal 0.707107 0 0.707107
    outer loop
      vertex 85.3912 124 10.7266
      vertex 85.2066 48.4944 10.9112
      vertex 85.3912 47.674 10.7266
    endloop
  endfacet
  facet normal 0.966305 0 -0.2574
    outer loop
      vertex 93.0208 45.5834 10.2563
      vertex 93.0086 124 10.2105
      vertex 93.0208 124 10.2563
    endloop
  endfacet
  facet normal 0.966305 0 -0.2574
    outer loop
      vertex 93.0086 124 10.2105
      vertex 93.0208 45.5834 10.2563
      vertex 93.0086 45.3801 10.2105
    endloop
  endfacet
  facet normal 0.866071 -0 0.499921
    outer loop
      vertex 93.0761 43.0992 9.69732
      vertex 93.2066 124 9.47124
      vertex 93.0761 124 9.69732
    endloop
  endfacet
  facet normal 0.866071 0 0.499921
    outer loop
      vertex 93.2066 124 9.47124
      vertex 93.0761 43.0992 9.69732
      vertex 93.2066 42.0944 9.47124
    endloop
  endfacet
  facet normal -0.866071 0 0.499921
    outer loop
      vertex 94.7934 124 9.47124
      vertex 94.9239 43.0992 9.69732
      vertex 94.9239 124 9.69732
    endloop
  endfacet
  facet normal -0.866071 0 0.499921
    outer loop
      vertex 94.9239 43.0992 9.69732
      vertex 94.7934 124 9.47124
      vertex 94.7934 42.0944 9.47124
    endloop
  endfacet
  facet normal 0.965987 -0 0.258592
    outer loop
      vertex 93.0086 44.2199 9.94947
      vertex 93.0761 124 9.69732
      vertex 93.0086 124 9.94947
    endloop
  endfacet
  facet normal 0.965987 0 0.258592
    outer loop
      vertex 93.0761 124 9.69732
      vertex 93.0086 44.2199 9.94947
      vertex 93.0761 43.0992 9.69732
    endloop
  endfacet
  facet normal 0.707088 -0 0.707126
    outer loop
      vertex 93.2066 42.0944 9.47124
      vertex 93.3912 124 9.28665
      vertex 93.2066 124 9.47124
    endloop
  endfacet
  facet normal 0.707088 0 0.707126
    outer loop
      vertex 93.3912 124 9.28665
      vertex 93.2066 42.0944 9.47124
      vertex 93.3912 41.274 9.28665
    endloop
  endfacet
  facet normal 1 -0 0
    outer loop
      vertex 93.0086 45.3801 10.2105
      vertex 93.0086 124 9.94947
      vertex 93.0086 124 10.2105
    endloop
  endfacet
  facet normal 1 0 0
    outer loop
      vertex 93.0086 124 9.94947
      vertex 93.0086 45.3801 10.2105
      vertex 93.0086 44.2199 9.94947
    endloop
  endfacet
  facet normal -0.965941 0 0.258763
    outer loop
      vertex 94.9239 124 9.69732
      vertex 94.9792 44.0166 9.90375
      vertex 94.9792 124 9.90375
    endloop
  endfacet
  facet normal -0.965941 0 0.258763
    outer loop
      vertex 94.9792 44.0166 9.90375
      vertex 94.9239 124 9.69732
      vertex 94.9239 43.0992 9.69732
    endloop
  endfacet
  facet normal -0.707088 0 0.707126
    outer loop
      vertex 94.6088 124 9.28665
      vertex 94.7934 42.0944 9.47124
      vertex 94.7934 124 9.47124
    endloop
  endfacet
  facet normal -0.707088 0 0.707126
    outer loop
      vertex 94.7934 42.0944 9.47124
      vertex 94.6088 124 9.28665
      vertex 94.6088 41.274 9.28665
    endloop
  endfacet
  facet normal 0.258795 -0 0.965932
    outer loop
      vertex 93.6173 40.6939 9.15612
      vertex 93.8695 124 9.08855
      vertex 93.6173 124 9.15612
    endloop
  endfacet
  facet normal 0.258795 0 0.965932
    outer loop
      vertex 93.8695 124 9.08855
      vertex 93.6173 40.6939 9.15612
      vertex 93.8695 40.3936 9.08855
    endloop
  endfacet
  facet normal -0.499974 0 0.86604
    outer loop
      vertex 94.3827 124 9.15612
      vertex 94.6088 41.274 9.28665
      vertex 94.6088 124 9.28665
    endloop
  endfacet
  facet normal -0.499974 0 0.86604
    outer loop
      vertex 94.6088 41.274 9.28665
      vertex 94.3827 124 9.15612
      vertex 94.3827 40.6939 9.15612
    endloop
  endfacet
  facet normal -0.258795 0 0.965932
    outer loop
      vertex 94.1305 124 9.08855
      vertex 94.3827 40.6939 9.15612
      vertex 94.3827 124 9.15612
    endloop
  endfacet
  facet normal -0.258795 0 0.965932
    outer loop
      vertex 94.3827 40.6939 9.15612
      vertex 94.1305 124 9.08855
      vertex 94.1305 40.3936 9.08855
    endloop
  endfacet
  facet normal -0 0 1
    outer loop
      vertex 93.8695 124 9.08855
      vertex 94.1305 40.3936 9.08855
      vertex 94.1305 124 9.08855
    endloop
  endfacet
  facet normal 0 0 1
    outer loop
      vertex 94.1305 40.3936 9.08855
      vertex 93.8695 124 9.08855
      vertex 93.8695 40.3936 9.08855
    endloop
  endfacet
  facet normal 0.499974 -0 0.86604
    outer loop
      vertex 93.3912 41.274 9.28665
      vertex 93.6173 124 9.15612
      vertex 93.3912 124 9.28665
    endloop
  endfacet
  facet normal 0.499974 0 0.86604
    outer loop
      vertex 93.6173 124 9.15612
      vertex 93.3912 41.274 9.28665
      vertex 93.6173 40.6939 9.15612
    endloop
  endfacet
  facet normal 0.708238 -0 0.705974
    outer loop
      vertex 101.207 35.6944 8.03124
      vertex 101.391 124 7.84665
      vertex 101.207 124 8.03124
    endloop
  endfacet
  facet normal 0.708238 0 0.705974
    outer loop
      vertex 101.391 124 7.84665
      vertex 101.207 35.6944 8.03124
      vertex 101.391 34.874 7.84665
    endloop
  endfacet
  facet normal 0.50014 -0 0.865944
    outer loop
      vertex 101.391 34.874 7.84665
      vertex 101.617 124 7.71612
      vertex 101.391 124 7.84665
    endloop
  endfacet
  facet normal 0.50014 0 0.865944
    outer loop
      vertex 101.617 124 7.71612
      vertex 101.391 34.874 7.84665
      vertex 101.617 34.2939 7.71612
    endloop
  endfacet
  facet normal -0.50014 0 0.865944
    outer loop
      vertex 102.383 124 7.71612
      vertex 102.609 34.874 7.84665
      vertex 102.609 124 7.84665
    endloop
  endfacet
  facet normal -0.50014 0 0.865944
    outer loop
      vertex 102.609 34.874 7.84665
      vertex 102.383 124 7.71612
      vertex 102.383 34.2939 7.71612
    endloop
  endfacet
  facet normal -0.708238 0 0.705974
    outer loop
      vertex 102.609 124 7.84665
      vertex 102.793 35.6944 8.03124
      vertex 102.793 124 8.03124
    endloop
  endfacet
  facet normal -0.708238 0 0.705974
    outer loop
      vertex 102.793 35.6944 8.03124
      vertex 102.609 124 7.84665
      vertex 102.609 34.874 7.84665
    endloop
  endfacet
  facet normal -0.966291 0 0.257453
    outer loop
      vertex 102.924 124 8.25732
      vertex 102.979 37.6166 8.46375
      vertex 102.979 124 8.46375
    endloop
  endfacet
  facet normal -0.966291 0 0.257453
    outer loop
      vertex 102.979 37.6166 8.46375
      vertex 102.924 124 8.25732
      vertex 102.924 36.6992 8.25732
    endloop
  endfacet
  facet normal 0.865241 -0 0.501356
    outer loop
      vertex 101.076 36.6992 8.25732
      vertex 101.207 124 8.03124
      vertex 101.076 124 8.25732
    endloop
  endfacet
  facet normal 0.865241 0 0.501356
    outer loop
      vertex 101.207 124 8.03124
      vertex 101.076 36.6992 8.25732
      vertex 101.207 35.6944 8.03124
    endloop
  endfacet
  facet normal 0.967239 0 -0.253868
    outer loop
      vertex 101.021 39.1834 8.81625
      vertex 101.009 124 8.77053
      vertex 101.021 124 8.81625
    endloop
  endfacet
  facet normal 0.967239 0 -0.253868
    outer loop
      vertex 101.009 124 8.77053
      vertex 101.021 39.1834 8.81625
      vertex 101.009 38.9801 8.77053
    endloop
  endfacet
  facet normal 0.258986 -0 0.965881
    outer loop
      vertex 101.617 34.2939 7.71612
      vertex 101.869 124 7.64855
      vertex 101.617 124 7.71612
    endloop
  endfacet
  facet normal 0.258986 0 0.965881
    outer loop
      vertex 101.869 124 7.64855
      vertex 101.617 34.2939 7.71612
      vertex 101.869 33.9936 7.64855
    endloop
  endfacet
  facet normal -0.865241 0 0.501356
    outer loop
      vertex 102.793 124 8.03124
      vertex 102.924 36.6992 8.25732
      vertex 102.924 124 8.25732
    endloop
  endfacet
  facet normal -0.865241 0 0.501356
    outer loop
      vertex 102.924 36.6992 8.25732
      vertex 102.793 124 8.03124
      vertex 102.793 35.6944 8.03124
    endloop
  endfacet
  facet normal -0.258986 0 0.965881
    outer loop
      vertex 102.131 124 7.64855
      vertex 102.383 34.2939 7.71612
      vertex 102.383 124 7.71612
    endloop
  endfacet
  facet normal -0.258986 0 0.965881
    outer loop
      vertex 102.383 34.2939 7.71612
      vertex 102.131 124 7.64855
      vertex 102.131 33.9936 7.64855
    endloop
  endfacet
  facet normal 0.966464 -0 0.256804
    outer loop
      vertex 101.009 37.8199 8.50947
      vertex 101.076 124 8.25732
      vertex 101.009 124 8.50947
    endloop
  endfacet
  facet normal 0.966464 0 0.256804
    outer loop
      vertex 101.076 124 8.25732
      vertex 101.009 37.8199 8.50947
      vertex 101.076 36.6992 8.25732
    endloop
  endfacet
  facet normal 1 -0 0
    outer loop
      vertex 101.009 38.9801 8.77053
      vertex 101.009 124 8.50947
      vertex 101.009 124 8.77053
    endloop
  endfacet
  facet normal 1 0 0
    outer loop
      vertex 101.009 124 8.50947
      vertex 101.009 38.9801 8.77053
      vertex 101.009 37.8199 8.50947
    endloop
  endfacet
  facet normal -0 0 1
    outer loop
      vertex 101.869 124 7.64855
      vertex 102.131 33.9936 7.64855
      vertex 102.131 124 7.64855
    endloop
  endfacet
  facet normal 0 0 1
    outer loop
      vertex 102.131 33.9936 7.64855
      vertex 101.869 124 7.64855
      vertex 101.869 33.9936 7.64855
    endloop
  endfacet
  facet normal -0.865241 0 0.501356
    outer loop
      vertex 110.793 124 6.59124
      vertex 110.924 30.2992 6.81732
      vertex 110.924 124 6.81732
    endloop
  endfacet
  facet normal -0.865241 0 0.501356
    outer loop
      vertex 110.924 30.2992 6.81732
      vertex 110.793 124 6.59124
      vertex 110.793 29.2944 6.59124
    endloop
  endfacet
  facet normal -0.966291 0 0.257453
    outer loop
      vertex 110.924 124 6.81732
      vertex 110.979 31.2166 7.02375
      vertex 110.979 124 7.02375
    endloop
  endfacet
  facet normal -0.966291 0 0.257453
    outer loop
      vertex 110.979 31.2166 7.02375
      vertex 110.924 124 6.81732
      vertex 110.924 30.2992 6.81732
    endloop
  endfacet
  facet normal -0.708238 0 0.705974
    outer loop
      vertex 110.609 124 6.40665
      vertex 110.793 29.2944 6.59124
      vertex 110.793 124 6.59124
    endloop
  endfacet
  facet normal -0.708238 0 0.705974
    outer loop
      vertex 110.793 29.2944 6.59124
      vertex 110.609 124 6.40665
      vertex 110.609 28.474 6.40665
    endloop
  endfacet
  facet normal 0.258986 -0 0.965881
    outer loop
      vertex 109.617 27.8939 6.27612
      vertex 109.869 124 6.20855
      vertex 109.617 124 6.27612
    endloop
  endfacet
  facet normal 0.258986 0 0.965881
    outer loop
      vertex 109.869 124 6.20855
      vertex 109.617 27.8939 6.27612
      vertex 109.869 27.5936 6.20855
    endloop
  endfacet
  facet normal 0.865241 -0 0.501356
    outer loop
      vertex 109.076 30.2992 6.81732
      vertex 109.207 124 6.59124
      vertex 109.076 124 6.81732
    endloop
  endfacet
  facet normal 0.865241 0 0.501356
    outer loop
      vertex 109.207 124 6.59124
      vertex 109.076 30.2992 6.81732
      vertex 109.207 29.2944 6.59124
    endloop
  endfacet
  facet normal -0.50014 0 0.865944
    outer loop
      vertex 110.383 124 6.27612
      vertex 110.609 28.474 6.40665
      vertex 110.609 124 6.40665
    endloop
  endfacet
  facet normal -0.50014 0 0.865944
    outer loop
      vertex 110.609 28.474 6.40665
      vertex 110.383 124 6.27612
      vertex 110.383 27.8939 6.27612
    endloop
  endfacet
  facet normal -0.258986 0 0.965881
    outer loop
      vertex 110.131 124 6.20855
      vertex 110.383 27.8939 6.27612
      vertex 110.383 124 6.27612
    endloop
  endfacet
  facet normal -0.258986 0 0.965881
    outer loop
      vertex 110.383 27.8939 6.27612
      vertex 110.131 124 6.20855
      vertex 110.131 27.5936 6.20855
    endloop
  endfacet
  facet normal 0.50014 -0 0.865944
    outer loop
      vertex 109.391 28.474 6.40665
      vertex 109.617 124 6.27612
      vertex 109.391 124 6.40665
    endloop
  endfacet
  facet normal 0.50014 0 0.865944
    outer loop
      vertex 109.617 124 6.27612
      vertex 109.391 28.474 6.40665
      vertex 109.617 27.8939 6.27612
    endloop
  endfacet
  facet normal 0.966464 -0 0.256804
    outer loop
      vertex 109.009 31.4199 7.06947
      vertex 109.076 124 6.81732
      vertex 109.009 124 7.06947
    endloop
  endfacet
  facet normal 0.966464 0 0.256804
    outer loop
      vertex 109.076 124 6.81732
      vertex 109.009 31.4199 7.06947
      vertex 109.076 30.2992 6.81732
    endloop
  endfacet
  facet normal 1 -0 0
    outer loop
      vertex 109.009 32.5801 7.33053
      vertex 109.009 124 7.06947
      vertex 109.009 124 7.33053
    endloop
  endfacet
  facet normal 1 0 0
    outer loop
      vertex 109.009 124 7.06947
      vertex 109.009 32.5801 7.33053
      vertex 109.009 31.4199 7.06947
    endloop
  endfacet
  facet normal -0 0 1
    outer loop
      vertex 109.869 124 6.20855
      vertex 110.131 27.5936 6.20855
      vertex 110.131 124 6.20855
    endloop
  endfacet
  facet normal 0 0 1
    outer loop
      vertex 110.131 27.5936 6.20855
      vertex 109.869 124 6.20855
      vertex 109.869 27.5936 6.20855
    endloop
  endfacet
  facet normal 0.708238 -0 0.705974
    outer loop
      vertex 109.207 29.2944 6.59124
      vertex 109.391 124 6.40665
      vertex 109.207 124 6.59124
    endloop
  endfacet
  facet normal 0.708238 0 0.705974
    outer loop
      vertex 109.391 124 6.40665
      vertex 109.207 29.2944 6.59124
      vertex 109.391 28.474 6.40665
    endloop
  endfacet
  facet normal 0.967239 0 -0.253868
    outer loop
      vertex 109.021 32.7834 7.37625
      vertex 109.009 124 7.33053
      vertex 109.021 124 7.37625
    endloop
  endfacet
  facet normal 0.967239 0 -0.253868
    outer loop
      vertex 109.009 124 7.33053
      vertex 109.021 32.7834 7.37625
      vertex 109.009 32.5801 7.33053
    endloop
  endfacet
  facet normal -0.865241 0 0.501356
    outer loop
      vertex 118.793 124 5.15124
      vertex 118.924 23.8992 5.37732
      vertex 118.924 124 5.37732
    endloop
  endfacet
  facet normal -0.865241 0 0.501356
    outer loop
      vertex 118.924 23.8992 5.37732
      vertex 118.793 124 5.15124
      vertex 118.793 22.8944 5.15124
    endloop
  endfacet
  facet normal 0.258986 -0 0.965881
    outer loop
      vertex 117.617 21.4939 4.83612
      vertex 117.869 124 4.76855
      vertex 117.617 124 4.83612
    endloop
  endfacet
  facet normal 0.258986 0 0.965881
    outer loop
      vertex 117.869 124 4.76855
      vertex 117.617 21.4939 4.83612
      vertex 117.869 21.1936 4.76855
    endloop
  endfacet
  facet normal -0.258986 0 0.965881
    outer loop
      vertex 118.131 124 4.76855
      vertex 118.383 21.4939 4.83612
      vertex 118.383 124 4.83612
    endloop
  endfacet
  facet normal -0.258986 0 0.965881
    outer loop
      vertex 118.383 21.4939 4.83612
      vertex 118.131 124 4.76855
      vertex 118.131 21.1936 4.76855
    endloop
  endfacet
  facet normal 1 -0 0
    outer loop
      vertex 117.009 26.1801 5.89053
      vertex 117.009 124 5.62947
      vertex 117.009 124 5.89053
    endloop
  endfacet
  facet normal 1 0 0
    outer loop
      vertex 117.009 124 5.62947
      vertex 117.009 26.1801 5.89053
      vertex 117.009 25.0199 5.62947
    endloop
  endfacet
  facet normal 0.865241 -0 0.501356
    outer loop
      vertex 117.076 23.8992 5.37732
      vertex 117.207 124 5.15124
      vertex 117.076 124 5.37732
    endloop
  endfacet
  facet normal 0.865241 0 0.501356
    outer loop
      vertex 117.207 124 5.15124
      vertex 117.076 23.8992 5.37732
      vertex 117.207 22.8944 5.15124
    endloop
  endfacet
  facet normal 0.967239 0 -0.253868
    outer loop
      vertex 117.021 26.3834 5.93625
      vertex 117.009 124 5.89053
      vertex 117.021 124 5.93625
    endloop
  endfacet
  facet normal 0.967239 0 -0.253868
    outer loop
      vertex 117.009 124 5.89053
      vertex 117.021 26.3834 5.93625
      vertex 117.009 26.1801 5.89053
    endloop
  endfacet
  facet normal -0.708238 0 0.705974
    outer loop
      vertex 118.609 124 4.96665
      vertex 118.793 22.8944 5.15124
      vertex 118.793 124 5.15124
    endloop
  endfacet
  facet normal -0.708238 0 0.705974
    outer loop
      vertex 118.793 22.8944 5.15124
      vertex 118.609 124 4.96665
      vertex 118.609 22.074 4.96665
    endloop
  endfacet
  facet normal -0.50014 0 0.865944
    outer loop
      vertex 118.383 124 4.83612
      vertex 118.609 22.074 4.96665
      vertex 118.609 124 4.96665
    endloop
  endfacet
  facet normal -0.50014 0 0.865944
    outer loop
      vertex 118.609 22.074 4.96665
      vertex 118.383 124 4.83612
      vertex 118.383 21.4939 4.83612
    endloop
  endfacet
  facet normal 0.966464 -0 0.256804
    outer loop
      vertex 117.009 25.0199 5.62947
      vertex 117.076 124 5.37732
      vertex 117.009 124 5.62947
    endloop
  endfacet
  facet normal 0.966464 0 0.256804
    outer loop
      vertex 117.076 124 5.37732
      vertex 117.009 25.0199 5.62947
      vertex 117.076 23.8992 5.37732
    endloop
  endfacet
  facet normal 0.708238 -0 0.705974
    outer loop
      vertex 117.207 22.8944 5.15124
      vertex 117.391 124 4.96665
      vertex 117.207 124 5.15124
    endloop
  endfacet
  facet normal 0.708238 0 0.705974
    outer loop
      vertex 117.391 124 4.96665
      vertex 117.207 22.8944 5.15124
      vertex 117.391 22.074 4.96665
    endloop
  endfacet
  facet normal -0.966291 0 0.257453
    outer loop
      vertex 118.924 124 5.37732
      vertex 118.979 24.8166 5.58375
      vertex 118.979 124 5.58375
    endloop
  endfacet
  facet normal -0.966291 0 0.257453
    outer loop
      vertex 118.979 24.8166 5.58375
      vertex 118.924 124 5.37732
      vertex 118.924 23.8992 5.37732
    endloop
  endfacet
  facet normal 0.50014 -0 0.865944
    outer loop
      vertex 117.391 22.074 4.96665
      vertex 117.617 124 4.83612
      vertex 117.391 124 4.96665
    endloop
  endfacet
  facet normal 0.50014 0 0.865944
    outer loop
      vertex 117.617 124 4.83612
      vertex 117.391 22.074 4.96665
      vertex 117.617 21.4939 4.83612
    endloop
  endfacet
  facet normal -0 0 1
    outer loop
      vertex 117.869 124 4.76855
      vertex 118.131 21.1936 4.76855
      vertex 118.131 124 4.76855
    endloop
  endfacet
  facet normal 0 0 1
    outer loop
      vertex 118.131 21.1936 4.76855
      vertex 117.869 124 4.76855
      vertex 117.869 21.1936 4.76855
    endloop
  endfacet
  facet normal 0.967239 0 -0.253868
    outer loop
      vertex 125.021 19.9834 4.49625
      vertex 125.009 124 4.45053
      vertex 125.021 124 4.49625
    endloop
  endfacet
  facet normal 0.967239 0 -0.253868
    outer loop
      vertex 125.009 124 4.45053
      vertex 125.021 19.9834 4.49625
      vertex 125.009 19.7801 4.45053
    endloop
  endfacet
  facet normal -0.50014 0 0.865944
    outer loop
      vertex 126.383 124 3.39612
      vertex 126.609 15.674 3.52665
      vertex 126.609 124 3.52665
    endloop
  endfacet
  facet normal -0.50014 0 0.865944
    outer loop
      vertex 126.609 15.674 3.52665
      vertex 126.383 124 3.39612
      vertex 126.383 15.0939 3.39612
    endloop
  endfacet
  facet normal -0.865241 0 0.501356
    outer loop
      vertex 126.793 124 3.71124
      vertex 126.924 17.4992 3.93732
      vertex 126.924 124 3.93732
    endloop
  endfacet
  facet normal -0.865241 0 0.501356
    outer loop
      vertex 126.924 17.4992 3.93732
      vertex 126.793 124 3.71124
      vertex 126.793 16.4944 3.71124
    endloop
  endfacet
  facet normal -0.258951 0 0.965891
    outer loop
      vertex 126.131 124 3.32856
      vertex 126.383 15.0939 3.39612
      vertex 126.383 124 3.39612
    endloop
  endfacet
  facet normal -0.258951 0 0.965891
    outer loop
      vertex 126.383 15.0939 3.39612
      vertex 126.131 124 3.32856
      vertex 126.131 14.7936 3.32856
    endloop
  endfacet
  facet normal -0.966291 0 0.257453
    outer loop
      vertex 126.924 124 3.93732
      vertex 126.979 18.4166 4.14375
      vertex 126.979 124 4.14375
    endloop
  endfacet
  facet normal -0.966291 0 0.257453
    outer loop
      vertex 126.979 18.4166 4.14375
      vertex 126.924 124 3.93732
      vertex 126.924 17.4992 3.93732
    endloop
  endfacet
  facet normal 0.50014 -0 0.865944
    outer loop
      vertex 125.391 15.674 3.52665
      vertex 125.617 124 3.39612
      vertex 125.391 124 3.52665
    endloop
  endfacet
  facet normal 0.50014 0 0.865944
    outer loop
      vertex 125.617 124 3.39612
      vertex 125.391 15.674 3.52665
      vertex 125.617 15.0939 3.39612
    endloop
  endfacet
  facet normal 0.708238 -0 0.705974
    outer loop
      vertex 125.207 16.4944 3.71124
      vertex 125.391 124 3.52665
      vertex 125.207 124 3.71124
    endloop
  endfacet
  facet normal 0.708238 0 0.705974
    outer loop
      vertex 125.391 124 3.52665
      vertex 125.207 16.4944 3.71124
      vertex 125.391 15.674 3.52665
    endloop
  endfacet
  facet normal 1 -0 0
    outer loop
      vertex 125.009 19.7801 4.45053
      vertex 125.009 124 4.18947
      vertex 125.009 124 4.45053
    endloop
  endfacet
  facet normal 1 0 0
    outer loop
      vertex 125.009 124 4.18947
      vertex 125.009 19.7801 4.45053
      vertex 125.009 18.6199 4.18947
    endloop
  endfacet
  facet normal 0.258951 -0 0.965891
    outer loop
      vertex 125.617 15.0939 3.39612
      vertex 125.869 124 3.32856
      vertex 125.617 124 3.39612
    endloop
  endfacet
  facet normal 0.258951 0 0.965891
    outer loop
      vertex 125.869 124 3.32856
      vertex 125.617 15.0939 3.39612
      vertex 125.869 14.7936 3.32856
    endloop
  endfacet
  facet normal -0.708238 0 0.705974
    outer loop
      vertex 126.609 124 3.52665
      vertex 126.793 16.4944 3.71124
      vertex 126.793 124 3.71124
    endloop
  endfacet
  facet normal -0.708238 0 0.705974
    outer loop
      vertex 126.793 16.4944 3.71124
      vertex 126.609 124 3.52665
      vertex 126.609 15.674 3.52665
    endloop
  endfacet
  facet normal 0.966464 -0 0.256804
    outer loop
      vertex 125.009 18.6199 4.18947
      vertex 125.076 124 3.93732
      vertex 125.009 124 4.18947
    endloop
  endfacet
  facet normal 0.966464 0 0.256804
    outer loop
      vertex 125.076 124 3.93732
      vertex 125.009 18.6199 4.18947
      vertex 125.076 17.4992 3.93732
    endloop
  endfacet
  facet normal 0.865241 -0 0.501356
    outer loop
      vertex 125.076 17.4992 3.93732
      vertex 125.207 124 3.71124
      vertex 125.076 124 3.93732
    endloop
  endfacet
  facet normal 0.865241 0 0.501356
    outer loop
      vertex 125.207 124 3.71124
      vertex 125.076 17.4992 3.93732
      vertex 125.207 16.4944 3.71124
    endloop
  endfacet
  facet normal -0 0 1
    outer loop
      vertex 125.869 124 3.32856
      vertex 126.131 14.7936 3.32856
      vertex 126.131 124 3.32856
    endloop
  endfacet
  facet normal 0 0 1
    outer loop
      vertex 126.131 14.7936 3.32856
      vertex 125.869 124 3.32856
      vertex 125.869 14.7936 3.32856
    endloop
  endfacet
  facet normal 1.11858e-16 -0.219512 0.97561
    outer loop
      vertex 5.00855 115.78 26.0505
      vertex 0 120 27
      vertex 5.00855 114.62 25.7895
    endloop
  endfacet
  facet normal -0.000481593 -0.220056 0.975487
    outer loop
      vertex 0 120 27
      vertex 5.00855 115.78 26.0505
      vertex 5.02081 115.983 26.0963
    endloop
  endfacet
  facet normal -3.82101e-07 -0.219489 0.975615
    outer loop
      vertex 6.79335 112.494 25.3112
      vertex 13.0208 109.583 24.6563
      vertex 6.92388 113.499 25.5373
    endloop
  endfacet
  facet normal 8.31725e-05 -0.219365 0.975643
    outer loop
      vertex 6.92388 113.499 25.5373
      vertex 13.0208 109.583 24.6563
      vertex 6.97919 114.417 25.7437
    endloop
  endfacet
  facet normal -3.82109e-07 -0.219489 0.975615
    outer loop
      vertex 14.7934 106.094 23.8712
      vertex 21.0208 103.183 23.2163
      vertex 14.9239 107.099 24.0973
    endloop
  endfacet
  facet normal 8.31733e-05 -0.219365 0.975643
    outer loop
      vertex 14.9239 107.099 24.0973
      vertex 21.0208 103.183 23.2163
      vertex 14.9792 108.017 24.3037
    endloop
  endfacet
  facet normal -4.22189e-05 -0.219567 0.975597
    outer loop
      vertex 22.7934 99.6944 22.4312
      vertex 29.0208 96.7833 21.7763
      vertex 22.9239 100.699 22.6573
    endloop
  endfacet
  facet normal 9.35652e-05 -0.219366 0.975643
    outer loop
      vertex 22.9239 100.699 22.6573
      vertex 29.0208 96.7833 21.7763
      vertex 22.9792 101.617 22.8637
    endloop
  endfacet
  facet normal -2.29585e-05 -0.219528 0.975606
    outer loop
      vertex 30.7934 93.2944 20.9912
      vertex 37.0208 90.3833 20.3363
      vertex 30.9239 94.2992 21.2173
    endloop
  endfacet
  facet normal -2.07554e-06 -0.219497 0.975613
    outer loop
      vertex 30.9239 94.2992 21.2173
      vertex 37.0208 90.3833 20.3363
      vertex 30.9792 95.2166 21.4237
    endloop
  endfacet
  facet normal -1.96351e-05 -0.219528 0.975606
    outer loop
      vertex 38.7934 86.8944 19.5512
      vertex 45.0208 83.9834 18.8963
      vertex 38.9239 87.8992 19.7773
    endloop
  endfacet
  facet normal 1.39041e-06 -0.219497 0.975613
    outer loop
      vertex 38.9239 87.8992 19.7773
      vertex 45.0208 83.9834 18.8963
      vertex 38.9792 88.8166 19.9837
    endloop
  endfacet
  facet normal -1.96351e-05 -0.219528 0.975606
    outer loop
      vertex 46.7934 80.4944 18.1112
      vertex 53.0208 77.5834 17.4563
      vertex 46.9239 81.4992 18.3373
    endloop
  endfacet
  facet normal 1.39041e-06 -0.219497 0.975613
    outer loop
      vertex 46.9239 81.4992 18.3373
      vertex 53.0208 77.5834 17.4563
      vertex 46.9792 82.4166 18.5437
    endloop
  endfacet
  facet normal -2.29585e-05 -0.219528 0.975606
    outer loop
      vertex 54.7934 74.0944 16.6712
      vertex 61.0208 71.1833 16.0163
      vertex 54.9239 75.0992 16.8973
    endloop
  endfacet
  facet normal -2.07554e-06 -0.219497 0.975613
    outer loop
      vertex 54.9239 75.0992 16.8973
      vertex 61.0208 71.1833 16.0163
      vertex 54.9792 76.0166 17.1037
    endloop
  endfacet
  facet normal -2.29585e-05 -0.219528 0.975606
    outer loop
      vertex 62.7934 67.6944 15.2312
      vertex 69.0208 64.7833 14.5763
      vertex 62.9239 68.6992 15.4573
    endloop
  endfacet
  facet normal -2.07554e-06 -0.219497 0.975613
    outer loop
      vertex 62.9239 68.6992 15.4573
      vertex 69.0208 64.7833 14.5763
      vertex 62.9792 69.6166 15.6637
    endloop
  endfacet
  facet normal -1.96351e-05 -0.219528 0.975606
    outer loop
      vertex 70.7934 61.2944 13.7912
      vertex 77.0208 58.3834 13.1363
      vertex 70.9239 62.2992 14.0173
    endloop
  endfacet
  facet normal 1.39041e-06 -0.219497 0.975613
    outer loop
      vertex 70.9239 62.2992 14.0173
      vertex 77.0208 58.3834 13.1363
      vertex 70.9792 63.2166 14.2237
    endloop
  endfacet
  facet normal -1.96351e-05 -0.219528 0.975606
    outer loop
      vertex 78.7934 54.8944 12.3512
      vertex 85.0208 51.9834 11.6963
      vertex 78.9239 55.8992 12.5773
    endloop
  endfacet
  facet normal 1.39041e-06 -0.219497 0.975613
    outer loop
      vertex 78.9239 55.8992 12.5773
      vertex 85.0208 51.9834 11.6963
      vertex 78.9792 56.8166 12.7837
    endloop
  endfacet
  facet normal -1.96351e-05 -0.219528 0.975606
    outer loop
      vertex 86.7934 48.4944 10.9112
      vertex 93.0208 45.5834 10.2563
      vertex 86.9239 49.4992 11.1373
    endloop
  endfacet
  facet normal 1.39041e-06 -0.219497 0.975613
    outer loop
      vertex 86.9239 49.4992 11.1373
      vertex 93.0208 45.5834 10.2563
      vertex 86.9792 50.4166 11.3437
    endloop
  endfacet
  facet normal 2.21539e-06 -0.219512 0.97561
    outer loop
      vertex 94.7934 42.0944 9.47124
      vertex 101.021 39.1834 8.81625
      vertex 94.9239 43.0992 9.69732
    endloop
  endfacet
  facet normal -7.55227e-06 -0.219527 0.975606
    outer loop
      vertex 94.9239 43.0992 9.69732
      vertex 101.021 39.1834 8.81625
      vertex 94.9792 44.0166 9.90375
    endloop
  endfacet
  facet normal 2.21477e-06 -0.219512 0.97561
    outer loop
      vertex 102.793 35.6944 8.03124
      vertex 109.021 32.7834 7.37625
      vertex 102.924 36.6992 8.25732
    endloop
  endfacet
  facet normal -7.55392e-06 -0.219527 0.975606
    outer loop
      vertex 102.924 36.6992 8.25732
      vertex 109.021 32.7834 7.37625
      vertex 102.979 37.6166 8.46375
    endloop
  endfacet
  facet normal 2.21477e-06 -0.219512 0.97561
    outer loop
      vertex 110.793 29.2944 6.59124
      vertex 117.021 26.3834 5.93625
      vertex 110.924 30.2992 6.81732
    endloop
  endfacet
  facet normal -7.55392e-06 -0.219527 0.975606
    outer loop
      vertex 110.924 30.2992 6.81732
      vertex 117.021 26.3834 5.93625
      vertex 110.979 31.2166 7.02375
    endloop
  endfacet
  facet normal 2.21477e-06 -0.219512 0.97561
    outer loop
      vertex 118.793 22.8944 5.15124
      vertex 125.021 19.9834 4.49625
      vertex 118.924 23.8992 5.37732
    endloop
  endfacet
  facet normal -7.55392e-06 -0.219527 0.975606
    outer loop
      vertex 118.924 23.8992 5.37732
      vertex 125.021 19.9834 4.49625
      vertex 118.979 24.8166 5.58375
    endloop
  endfacet
  facet normal -1.15706e-05 -0.219527 0.975606
    outer loop
      vertex 126.924 17.4992 3.93732
      vertex 150 0 0
      vertex 126.979 18.4166 4.14375
    endloop
  endfacet
  facet normal -8.5022e-17 -0.219512 0.97561
    outer loop
      vertex 126.793 16.4944 3.71124
      vertex 150 0 0
      vertex 126.924 17.4992 3.93732
    endloop
  endfacet
  facet normal -1.17765e-16 -0.219512 0.97561
    outer loop
      vertex 126.609 15.674 3.52665
      vertex 150 0 0
      vertex 126.793 16.4944 3.71124
    endloop
  endfacet
  facet normal -6.70239e-06 -0.219522 0.975608
    outer loop
      vertex 126.383 15.0939 3.39612
      vertex 150 0 0
      vertex 126.609 15.674 3.52665
    endloop
  endfacet
  facet normal 9.93463e-06 -0.219497 0.975613
    outer loop
      vertex 126.131 14.7936 3.32856
      vertex 150 0 0
      vertex 126.383 15.0939 3.39612
    endloop
  endfacet
  facet normal 0 -0.219512 0.97561
    outer loop
      vertex 125.869 14.7936 3.32856
      vertex 150 0 0
      vertex 126.131 14.7936 3.32856
    endloop
  endfacet
  facet normal 2.12678e-06 -0.219513 0.97561
    outer loop
      vertex 118.609 22.074 4.96665
      vertex 125.021 19.9834 4.49625
      vertex 118.793 22.8944 5.15124
    endloop
  endfacet
  facet normal -1.62397e-06 -0.219524 0.975607
    outer loop
      vertex 118.383 21.4939 4.83612
      vertex 125.021 19.9834 4.49625
      vertex 118.609 22.074 4.96665
    endloop
  endfacet
  facet normal 2.53326e-05 -0.219411 0.975633
    outer loop
      vertex 125.021 19.9834 4.49625
      vertex 118.383 21.4939 4.83612
      vertex 125.009 19.7801 4.45053
    endloop
  endfacet
  facet normal -5.47102e-06 -0.219524 0.975607
    outer loop
      vertex 125.009 19.7801 4.45053
      vertex 118.383 21.4939 4.83612
      vertex 125.009 18.6199 4.18947
    endloop
  endfacet
  facet normal -2.58278e-06 -0.219518 0.975608
    outer loop
      vertex 118.131 21.1936 4.76855
      vertex 125.009 18.6199 4.18947
      vertex 118.383 21.4939 4.83612
    endloop
  endfacet
  facet normal 2.1363e-06 -0.219506 0.975611
    outer loop
      vertex 125.009 18.6199 4.18947
      vertex 118.131 21.1936 4.76855
      vertex 125.076 17.4992 3.93732
    endloop
  endfacet
  facet normal -1.50945e-06 -0.219512 0.97561
    outer loop
      vertex 125.076 17.4992 3.93732
      vertex 118.131 21.1936 4.76855
      vertex 125.207 16.4944 3.71124
    endloop
  endfacet
  facet normal -1.62006e-06 -0.219513 0.97561
    outer loop
      vertex 125.207 16.4944 3.71124
      vertex 118.131 21.1936 4.76855
      vertex 125.391 15.674 3.52665
    endloop
  endfacet
  facet normal 0 -0.219511 0.97561
    outer loop
      vertex 117.869 21.1936 4.76855
      vertex 125.391 15.674 3.52665
      vertex 118.131 21.1936 4.76855
    endloop
  endfacet
  facet normal -1.47771e-05 -0.21953 0.975606
    outer loop
      vertex 125.391 15.674 3.52665
      vertex 117.869 21.1936 4.76855
      vertex 125.617 15.0939 3.39612
    endloop
  endfacet
  facet normal 5.5598e-05 -0.219445 0.975625
    outer loop
      vertex 125.617 15.0939 3.39612
      vertex 117.869 21.1936 4.76855
      vertex 125.869 14.7936 3.32856
    endloop
  endfacet
  facet normal 2.12678e-06 -0.219513 0.97561
    outer loop
      vertex 110.609 28.474 6.40665
      vertex 117.021 26.3834 5.93625
      vertex 110.793 29.2944 6.59124
    endloop
  endfacet
  facet normal -1.62397e-06 -0.219524 0.975607
    outer loop
      vertex 110.383 27.8939 6.27612
      vertex 117.021 26.3834 5.93625
      vertex 110.609 28.474 6.40665
    endloop
  endfacet
  facet normal 2.53326e-05 -0.219411 0.975633
    outer loop
      vertex 117.021 26.3834 5.93625
      vertex 110.383 27.8939 6.27612
      vertex 117.009 26.1801 5.89053
    endloop
  endfacet
  facet normal -5.47102e-06 -0.219524 0.975607
    outer loop
      vertex 117.009 26.1801 5.89053
      vertex 110.383 27.8939 6.27612
      vertex 117.009 25.0199 5.62947
    endloop
  endfacet
  facet normal -2.58278e-06 -0.219518 0.975608
    outer loop
      vertex 110.131 27.5936 6.20855
      vertex 117.009 25.0199 5.62947
      vertex 110.383 27.8939 6.27612
    endloop
  endfacet
  facet normal 2.1363e-06 -0.219506 0.975611
    outer loop
      vertex 117.009 25.0199 5.62947
      vertex 110.131 27.5936 6.20855
      vertex 117.076 23.8992 5.37732
    endloop
  endfacet
  facet normal -1.50945e-06 -0.219512 0.97561
    outer loop
      vertex 117.076 23.8992 5.37732
      vertex 110.131 27.5936 6.20855
      vertex 117.207 22.8944 5.15124
    endloop
  endfacet
  facet normal -1.62006e-06 -0.219513 0.97561
    outer loop
      vertex 117.207 22.8944 5.15124
      vertex 110.131 27.5936 6.20855
      vertex 117.391 22.074 4.96665
    endloop
  endfacet
  facet normal 0 -0.219511 0.97561
    outer loop
      vertex 109.869 27.5936 6.20855
      vertex 117.391 22.074 4.96665
      vertex 110.131 27.5936 6.20855
    endloop
  endfacet
  facet normal -1.47771e-05 -0.21953 0.975606
    outer loop
      vertex 117.391 22.074 4.96665
      vertex 109.869 27.5936 6.20855
      vertex 117.617 21.4939 4.83612
    endloop
  endfacet
  facet normal -1.97691e-05 -0.219536 0.975604
    outer loop
      vertex 117.617 21.4939 4.83612
      vertex 109.869 27.5936 6.20855
      vertex 117.869 21.1936 4.76855
    endloop
  endfacet
  facet normal 6.75813e-08 -0.219512 0.97561
    outer loop
      vertex 0 0 0
      vertex 117.869 21.1936 4.76855
      vertex 109.869 27.5936 6.20855
    endloop
  endfacet
  facet normal 2.12678e-06 -0.219513 0.97561
    outer loop
      vertex 102.609 34.874 7.84665
      vertex 109.021 32.7834 7.37625
      vertex 102.793 35.6944 8.03124
    endloop
  endfacet
  facet normal -1.62397e-06 -0.219524 0.975607
    outer loop
      vertex 102.383 34.2939 7.71612
      vertex 109.021 32.7834 7.37625
      vertex 102.609 34.874 7.84665
    endloop
  endfacet
  facet normal 2.53326e-05 -0.219411 0.975633
    outer loop
      vertex 109.021 32.7834 7.37625
      vertex 102.383 34.2939 7.71612
      vertex 109.009 32.5801 7.33053
    endloop
  endfacet
  facet normal -5.47102e-06 -0.219524 0.975607
    outer loop
      vertex 109.009 32.5801 7.33053
      vertex 102.383 34.2939 7.71612
      vertex 109.009 31.4199 7.06947
    endloop
  endfacet
  facet normal -2.58278e-06 -0.219518 0.975608
    outer loop
      vertex 102.131 33.9936 7.64855
      vertex 109.009 31.4199 7.06947
      vertex 102.383 34.2939 7.71612
    endloop
  endfacet
  facet normal 2.1363e-06 -0.219506 0.975611
    outer loop
      vertex 109.009 31.4199 7.06947
      vertex 102.131 33.9936 7.64855
      vertex 109.076 30.2992 6.81732
    endloop
  endfacet
  facet normal -1.50945e-06 -0.219512 0.97561
    outer loop
      vertex 109.076 30.2992 6.81732
      vertex 102.131 33.9936 7.64855
      vertex 109.207 29.2944 6.59124
    endloop
  endfacet
  facet normal -1.62006e-06 -0.219513 0.97561
    outer loop
      vertex 109.207 29.2944 6.59124
      vertex 102.131 33.9936 7.64855
      vertex 109.391 28.474 6.40665
    endloop
  endfacet
  facet normal 0 -0.219511 0.97561
    outer loop
      vertex 101.869 33.9936 7.64855
      vertex 109.391 28.474 6.40665
      vertex 102.131 33.9936 7.64855
    endloop
  endfacet
  facet normal -1.47771e-05 -0.21953 0.975606
    outer loop
      vertex 109.391 28.474 6.40665
      vertex 101.869 33.9936 7.64855
      vertex 109.617 27.8939 6.27612
    endloop
  endfacet
  facet normal -1.97691e-05 -0.219536 0.975604
    outer loop
      vertex 109.617 27.8939 6.27612
      vertex 101.869 33.9936 7.64855
      vertex 109.869 27.5936 6.20855
    endloop
  endfacet
  facet normal 2.12625e-06 -0.219513 0.97561
    outer loop
      vertex 94.6088 41.274 9.28665
      vertex 101.021 39.1834 8.81625
      vertex 94.7934 42.0944 9.47124
    endloop
  endfacet
  facet normal -1.62384e-06 -0.219524 0.975607
    outer loop
      vertex 94.3827 40.6939 9.15612
      vertex 101.021 39.1834 8.81625
      vertex 94.6088 41.274 9.28665
    endloop
  endfacet
  facet normal 2.53315e-05 -0.219411 0.975633
    outer loop
      vertex 101.021 39.1834 8.81625
      vertex 94.3827 40.6939 9.15612
      vertex 101.009 38.9801 8.77053
    endloop
  endfacet
  facet normal -5.47078e-06 -0.219524 0.975607
    outer loop
      vertex 101.009 38.9801 8.77053
      vertex 94.3827 40.6939 9.15612
      vertex 101.009 37.8199 8.50947
    endloop
  endfacet
  facet normal -2.58214e-06 -0.219518 0.975608
    outer loop
      vertex 94.1305 40.3936 9.08855
      vertex 101.009 37.8199 8.50947
      vertex 94.3827 40.6939 9.15612
    endloop
  endfacet
  facet normal 2.13614e-06 -0.219506 0.975611
    outer loop
      vertex 101.009 37.8199 8.50947
      vertex 94.1305 40.3936 9.08855
      vertex 101.076 36.6992 8.25732
    endloop
  endfacet
  facet normal -1.50933e-06 -0.219512 0.97561
    outer loop
      vertex 101.076 36.6992 8.25732
      vertex 94.1305 40.3936 9.08855
      vertex 101.207 35.6944 8.03124
    endloop
  endfacet
  facet normal -1.61993e-06 -0.219513 0.97561
    outer loop
      vertex 101.207 35.6944 8.03124
      vertex 94.1305 40.3936 9.08855
      vertex 101.391 34.874 7.84665
    endloop
  endfacet
  facet normal 0 -0.219511 0.97561
    outer loop
      vertex 93.8695 40.3936 9.08855
      vertex 101.391 34.874 7.84665
      vertex 94.1305 40.3936 9.08855
    endloop
  endfacet
  facet normal -1.47785e-05 -0.21953 0.975606
    outer loop
      vertex 101.391 34.874 7.84665
      vertex 93.8695 40.3936 9.08855
      vertex 101.617 34.2939 7.71612
    endloop
  endfacet
  facet normal -1.97728e-05 -0.219536 0.975604
    outer loop
      vertex 101.617 34.2939 7.71612
      vertex 93.8695 40.3936 9.08855
      vertex 101.869 33.9936 7.64855
    endloop
  endfacet
  facet normal 6.75825e-08 -0.219512 0.97561
    outer loop
      vertex 0 0 0
      vertex 101.869 33.9936 7.64855
      vertex 93.8695 40.3936 9.08855
    endloop
  endfacet
  facet normal -1.56613e-05 -0.21952 0.975608
    outer loop
      vertex 86.6088 47.674 10.7266
      vertex 93.0208 45.5834 10.2563
      vertex 86.7934 48.4944 10.9112
    endloop
  endfacet
  facet normal -5.28269e-07 -0.219476 0.975618
    outer loop
      vertex 86.3827 47.0939 10.5961
      vertex 93.0208 45.5834 10.2563
      vertex 86.6088 47.674 10.7266
    endloop
  endfacet
  facet normal -7.10009e-05 -0.219771 0.975552
    outer loop
      vertex 93.0208 45.5834 10.2563
      vertex 86.3827 47.0939 10.5961
      vertex 93.0086 45.3801 10.2105
    endloop
  endfacet
  facet normal 2.52629e-06 -0.2195 0.975612
    outer loop
      vertex 93.0086 45.3801 10.2105
      vertex 86.3827 47.0939 10.5961
      vertex 93.0086 44.2199 9.94947
    endloop
  endfacet
  facet normal 6.75649e-05 -0.219357 0.975645
    outer loop
      vertex 86.1305 46.7936 10.5286
      vertex 93.0086 44.2199 9.94947
      vertex 86.3827 47.0939 10.5961
    endloop
  endfacet
  facet normal 9.39231e-06 -0.219505 0.975611
    outer loop
      vertex 93.0086 44.2199 9.94947
      vertex 86.1305 46.7936 10.5286
      vertex 93.0761 43.0992 9.69732
    endloop
  endfacet
  facet normal 6.03552e-06 -0.219511 0.97561
    outer loop
      vertex 93.0761 43.0992 9.69732
      vertex 86.1305 46.7936 10.5286
      vertex 93.2066 42.0944 9.47124
    endloop
  endfacet
  facet normal 6.48383e-06 -0.219511 0.97561
    outer loop
      vertex 93.2066 42.0944 9.47124
      vertex 86.1305 46.7936 10.5286
      vertex 93.3912 41.274 9.28665
    endloop
  endfacet
  facet normal 0 -0.219519 0.975608
    outer loop
      vertex 85.8695 46.7936 10.5286
      vertex 93.3912 41.274 9.28665
      vertex 86.1305 46.7936 10.5286
    endloop
  endfacet
  facet normal -5.69733e-06 -0.219526 0.975607
    outer loop
      vertex 93.3912 41.274 9.28665
      vertex 85.8695 46.7936 10.5286
      vertex 93.6173 40.6939 9.15612
    endloop
  endfacet
  facet normal -1.21901e-06 -0.219521 0.975608
    outer loop
      vertex 93.6173 40.6939 9.15612
      vertex 85.8695 46.7936 10.5286
      vertex 93.8695 40.3936 9.08855
    endloop
  endfacet
  facet normal -1.56613e-05 -0.21952 0.975608
    outer loop
      vertex 78.6088 54.074 12.1666
      vertex 85.0208 51.9834 11.6963
      vertex 78.7934 54.8944 12.3512
    endloop
  endfacet
  facet normal -5.28269e-07 -0.219476 0.975618
    outer loop
      vertex 78.3827 53.4939 12.0361
      vertex 85.0208 51.9834 11.6963
      vertex 78.6088 54.074 12.1666
    endloop
  endfacet
  facet normal -7.10009e-05 -0.219771 0.975552
    outer loop
      vertex 85.0208 51.9834 11.6963
      vertex 78.3827 53.4939 12.0361
      vertex 85.0086 51.7801 11.6505
    endloop
  endfacet
  facet normal 9.05135e-06 -0.219476 0.975618
    outer loop
      vertex 85.0086 51.7801 11.6505
      vertex 78.3827 53.4939 12.0361
      vertex 85.0086 50.6199 11.3895
    endloop
  endfacet
  facet normal 6.43271e-05 -0.219355 0.975645
    outer loop
      vertex 78.1305 53.1936 11.9686
      vertex 85.0086 50.6199 11.3895
      vertex 78.3827 53.4939 12.0361
    endloop
  endfacet
  facet normal -1.16237e-05 -0.219548 0.975602
    outer loop
      vertex 85.0086 50.6199 11.3895
      vertex 78.1305 53.1936 11.9686
      vertex 85.0761 49.4992 11.1373
    endloop
  endfacet
  facet normal -2.04227e-06 -0.219531 0.975606
    outer loop
      vertex 85.0761 49.4992 11.1373
      vertex 78.1305 53.1936 11.9686
      vertex 85.2066 48.4944 10.9112
    endloop
  endfacet
  facet normal 3.68291e-06 -0.219523 0.975607
    outer loop
      vertex 85.2066 48.4944 10.9112
      vertex 78.1305 53.1936 11.9686
      vertex 85.3912 47.674 10.7266
    endloop
  endfacet
  facet normal 0 -0.219527 0.975606
    outer loop
      vertex 77.8695 53.1936 11.9686
      vertex 85.3912 47.674 10.7266
      vertex 78.1305 53.1936 11.9686
    endloop
  endfacet
  facet normal 5.52424e-05 -0.219456 0.975622
    outer loop
      vertex 85.3912 47.674 10.7266
      vertex 77.8695 53.1936 11.9686
      vertex 85.6173 47.0939 10.5961
    endloop
  endfacet
  facet normal 0.000534713 -0.218876 0.975753
    outer loop
      vertex 85.6173 47.0939 10.5961
      vertex 77.8695 53.1936 11.9686
      vertex 85.8695 46.7936 10.5286
    endloop
  endfacet
  facet normal -2.70324e-07 -0.219513 0.97561
    outer loop
      vertex 0 0 0
      vertex 85.8695 46.7936 10.5286
      vertex 77.8695 53.1936 11.9686
    endloop
  endfacet
  facet normal 2.20027e-06 -0.219517 0.975609
    outer loop
      vertex 85.8695 46.7936 10.5286
      vertex 0 0 0
      vertex 93.8695 40.3936 9.08855
    endloop
  endfacet
  facet normal -1.56613e-05 -0.21952 0.975608
    outer loop
      vertex 70.6088 60.474 13.6066
      vertex 77.0208 58.3834 13.1363
      vertex 70.7934 61.2944 13.7912
    endloop
  endfacet
  facet normal -5.28269e-07 -0.219476 0.975618
    outer loop
      vertex 70.3827 59.8939 13.4761
      vertex 77.0208 58.3834 13.1363
      vertex 70.6088 60.474 13.6066
    endloop
  endfacet
  facet normal -7.10009e-05 -0.219771 0.975552
    outer loop
      vertex 77.0208 58.3834 13.1363
      vertex 70.3827 59.8939 13.4761
      vertex 77.0086 58.1801 13.0905
    endloop
  endfacet
  facet normal 9.05135e-06 -0.219476 0.975618
    outer loop
      vertex 77.0086 58.1801 13.0905
      vertex 70.3827 59.8939 13.4761
      vertex 77.0086 57.0199 12.8295
    endloop
  endfacet
  facet normal 6.43271e-05 -0.219355 0.975645
    outer loop
      vertex 70.1305 59.5936 13.4086
      vertex 77.0086 57.0199 12.8295
      vertex 70.3827 59.8939 13.4761
    endloop
  endfacet
  facet normal -1.16237e-05 -0.219548 0.975602
    outer loop
      vertex 77.0086 57.0199 12.8295
      vertex 70.1305 59.5936 13.4086
      vertex 77.0761 55.8992 12.5773
    endloop
  endfacet
  facet normal -2.04227e-06 -0.219531 0.975606
    outer loop
      vertex 77.0761 55.8992 12.5773
      vertex 70.1305 59.5936 13.4086
      vertex 77.2066 54.8944 12.3512
    endloop
  endfacet
  facet normal 3.68291e-06 -0.219523 0.975607
    outer loop
      vertex 77.2066 54.8944 12.3512
      vertex 70.1305 59.5936 13.4086
      vertex 77.3912 54.074 12.1666
    endloop
  endfacet
  facet normal 0 -0.219527 0.975606
    outer loop
      vertex 69.8695 59.5936 13.4086
      vertex 77.3912 54.074 12.1666
      vertex 70.1305 59.5936 13.4086
    endloop
  endfacet
  facet normal 5.52424e-05 -0.219456 0.975622
    outer loop
      vertex 77.3912 54.074 12.1666
      vertex 69.8695 59.5936 13.4086
      vertex 77.6173 53.4939 12.0361
    endloop
  endfacet
  facet normal 0.000534713 -0.218876 0.975753
    outer loop
      vertex 77.6173 53.4939 12.0361
      vertex 69.8695 59.5936 13.4086
      vertex 77.8695 53.1936 11.9686
    endloop
  endfacet
  facet normal -1.88509e-05 -0.219519 0.975608
    outer loop
      vertex 62.6088 66.874 15.0466
      vertex 69.0208 64.7833 14.5763
      vertex 62.7934 67.6944 15.2312
    endloop
  endfacet
  facet normal -3.56521e-06 -0.219475 0.975618
    outer loop
      vertex 62.3827 66.2939 14.9161
      vertex 69.0208 64.7833 14.5763
      vertex 62.6088 66.874 15.0466
    endloop
  endfacet
  facet normal -9.85452e-05 -0.219872 0.975529
    outer loop
      vertex 69.0208 64.7833 14.5763
      vertex 62.3827 66.2939 14.9161
      vertex 69.0086 64.5801 14.5305
    endloop
  endfacet
  facet normal 9.05135e-06 -0.219476 0.975618
    outer loop
      vertex 69.0086 64.5801 14.5305
      vertex 62.3827 66.2939 14.9161
      vertex 69.0086 63.4199 14.2695
    endloop
  endfacet
  facet normal 6.43271e-05 -0.219355 0.975645
    outer loop
      vertex 62.1305 65.9936 14.8486
      vertex 69.0086 63.4199 14.2695
      vertex 62.3827 66.2939 14.9161
    endloop
  endfacet
  facet normal -1.16237e-05 -0.219548 0.975602
    outer loop
      vertex 69.0086 63.4199 14.2695
      vertex 62.1305 65.9936 14.8486
      vertex 69.0761 62.2992 14.0173
    endloop
  endfacet
  facet normal -2.04227e-06 -0.219531 0.975606
    outer loop
      vertex 69.0761 62.2992 14.0173
      vertex 62.1305 65.9936 14.8486
      vertex 69.2066 61.2944 13.7912
    endloop
  endfacet
  facet normal 3.68291e-06 -0.219523 0.975607
    outer loop
      vertex 69.2066 61.2944 13.7912
      vertex 62.1305 65.9936 14.8486
      vertex 69.3912 60.474 13.6066
    endloop
  endfacet
  facet normal 0 -0.219527 0.975606
    outer loop
      vertex 61.8695 65.9936 14.8486
      vertex 69.3912 60.474 13.6066
      vertex 62.1305 65.9936 14.8486
    endloop
  endfacet
  facet normal 5.52424e-05 -0.219456 0.975622
    outer loop
      vertex 69.3912 60.474 13.6066
      vertex 61.8695 65.9936 14.8486
      vertex 69.6173 59.8939 13.4761
    endloop
  endfacet
  facet normal 0.000534713 -0.218876 0.975753
    outer loop
      vertex 69.6173 59.8939 13.4761
      vertex 61.8695 65.9936 14.8486
      vertex 69.8695 59.5936 13.4086
    endloop
  endfacet
  facet normal -2.70324e-07 -0.219513 0.97561
    outer loop
      vertex 0 0 0
      vertex 69.8695 59.5936 13.4086
      vertex 61.8695 65.9936 14.8486
    endloop
  endfacet
  facet normal -2.70324e-07 -0.219513 0.97561
    outer loop
      vertex 69.8695 59.5936 13.4086
      vertex 0 0 0
      vertex 77.8695 53.1936 11.9686
    endloop
  endfacet
  facet normal -1.88509e-05 -0.219519 0.975608
    outer loop
      vertex 54.6088 73.274 16.4866
      vertex 61.0208 71.1833 16.0163
      vertex 54.7934 74.0944 16.6712
    endloop
  endfacet
  facet normal -3.56521e-06 -0.219475 0.975618
    outer loop
      vertex 54.3827 72.6939 16.3561
      vertex 61.0208 71.1833 16.0163
      vertex 54.6088 73.274 16.4866
    endloop
  endfacet
  facet normal -9.85452e-05 -0.219872 0.975529
    outer loop
      vertex 61.0208 71.1833 16.0163
      vertex 54.3827 72.6939 16.3561
      vertex 61.0086 70.9801 15.9705
    endloop
  endfacet
  facet normal 9.05135e-06 -0.219476 0.975618
    outer loop
      vertex 61.0086 70.9801 15.9705
      vertex 54.3827 72.6939 16.3561
      vertex 61.0086 69.8199 15.7095
    endloop
  endfacet
  facet normal 6.43271e-05 -0.219355 0.975645
    outer loop
      vertex 54.1305 72.3936 16.2886
      vertex 61.0086 69.8199 15.7095
      vertex 54.3827 72.6939 16.3561
    endloop
  endfacet
  facet normal -1.16237e-05 -0.219548 0.975602
    outer loop
      vertex 61.0086 69.8199 15.7095
      vertex 54.1305 72.3936 16.2886
      vertex 61.0761 68.6992 15.4573
    endloop
  endfacet
  facet normal -2.04227e-06 -0.219531 0.975606
    outer loop
      vertex 61.0761 68.6992 15.4573
      vertex 54.1305 72.3936 16.2886
      vertex 61.2066 67.6944 15.2312
    endloop
  endfacet
  facet normal 3.68291e-06 -0.219523 0.975607
    outer loop
      vertex 61.2066 67.6944 15.2312
      vertex 54.1305 72.3936 16.2886
      vertex 61.3912 66.874 15.0466
    endloop
  endfacet
  facet normal 0 -0.219527 0.975606
    outer loop
      vertex 53.8695 72.3936 16.2886
      vertex 61.3912 66.874 15.0466
      vertex 54.1305 72.3936 16.2886
    endloop
  endfacet
  facet normal 5.52424e-05 -0.219456 0.975622
    outer loop
      vertex 61.3912 66.874 15.0466
      vertex 53.8695 72.3936 16.2886
      vertex 61.6173 66.2939 14.9161
    endloop
  endfacet
  facet normal 0.000534713 -0.218876 0.975753
    outer loop
      vertex 61.6173 66.2939 14.9161
      vertex 53.8695 72.3936 16.2886
      vertex 61.8695 65.9936 14.8486
    endloop
  endfacet
  facet normal -1.56613e-05 -0.21952 0.975608
    outer loop
      vertex 46.6088 79.674 17.9266
      vertex 53.0208 77.5834 17.4563
      vertex 46.7934 80.4944 18.1112
    endloop
  endfacet
  facet normal -5.28269e-07 -0.219476 0.975618
    outer loop
      vertex 46.3827 79.0939 17.7961
      vertex 53.0208 77.5834 17.4563
      vertex 46.6088 79.674 17.9266
    endloop
  endfacet
  facet normal -7.10009e-05 -0.219771 0.975552
    outer loop
      vertex 53.0208 77.5834 17.4563
      vertex 46.3827 79.0939 17.7961
      vertex 53.0086 77.3801 17.4105
    endloop
  endfacet
  facet normal 9.05135e-06 -0.219476 0.975618
    outer loop
      vertex 53.0086 77.3801 17.4105
      vertex 46.3827 79.0939 17.7961
      vertex 53.0086 76.2199 17.1495
    endloop
  endfacet
  facet normal 6.43271e-05 -0.219355 0.975645
    outer loop
      vertex 46.1305 78.7936 17.7286
      vertex 53.0086 76.2199 17.1495
      vertex 46.3827 79.0939 17.7961
    endloop
  endfacet
  facet normal -1.16237e-05 -0.219548 0.975602
    outer loop
      vertex 53.0086 76.2199 17.1495
      vertex 46.1305 78.7936 17.7286
      vertex 53.0761 75.0992 16.8973
    endloop
  endfacet
  facet normal -2.04227e-06 -0.219531 0.975606
    outer loop
      vertex 53.0761 75.0992 16.8973
      vertex 46.1305 78.7936 17.7286
      vertex 53.2066 74.0944 16.6712
    endloop
  endfacet
  facet normal 3.68291e-06 -0.219523 0.975607
    outer loop
      vertex 53.2066 74.0944 16.6712
      vertex 46.1305 78.7936 17.7286
      vertex 53.3912 73.274 16.4866
    endloop
  endfacet
  facet normal 0 -0.219527 0.975606
    outer loop
      vertex 45.8695 78.7936 17.7286
      vertex 53.3912 73.274 16.4866
      vertex 46.1305 78.7936 17.7286
    endloop
  endfacet
  facet normal 5.52424e-05 -0.219456 0.975622
    outer loop
      vertex 53.3912 73.274 16.4866
      vertex 45.8695 78.7936 17.7286
      vertex 53.6173 72.6939 16.3561
    endloop
  endfacet
  facet normal 0.000534713 -0.218876 0.975753
    outer loop
      vertex 53.6173 72.6939 16.3561
      vertex 45.8695 78.7936 17.7286
      vertex 53.8695 72.3936 16.2886
    endloop
  endfacet
  facet normal -2.70324e-07 -0.219513 0.97561
    outer loop
      vertex 0 0 0
      vertex 53.8695 72.3936 16.2886
      vertex 45.8695 78.7936 17.7286
    endloop
  endfacet
  facet normal -1.56613e-05 -0.21952 0.975608
    outer loop
      vertex 38.6088 86.074 19.3666
      vertex 45.0208 83.9834 18.8963
      vertex 38.7934 86.8944 19.5512
    endloop
  endfacet
  facet normal -5.28269e-07 -0.219476 0.975618
    outer loop
      vertex 38.3827 85.4939 19.2361
      vertex 45.0208 83.9834 18.8963
      vertex 38.6088 86.074 19.3666
    endloop
  endfacet
  facet normal -7.10009e-05 -0.219771 0.975552
    outer loop
      vertex 45.0208 83.9834 18.8963
      vertex 38.3827 85.4939 19.2361
      vertex 45.0086 83.7801 18.8505
    endloop
  endfacet
  facet normal 9.05135e-06 -0.219476 0.975618
    outer loop
      vertex 45.0086 83.7801 18.8505
      vertex 38.3827 85.4939 19.2361
      vertex 45.0086 82.6199 18.5895
    endloop
  endfacet
  facet normal 6.43271e-05 -0.219355 0.975645
    outer loop
      vertex 38.1305 85.1936 19.1686
      vertex 45.0086 82.6199 18.5895
      vertex 38.3827 85.4939 19.2361
    endloop
  endfacet
  facet normal -1.16237e-05 -0.219548 0.975602
    outer loop
      vertex 45.0086 82.6199 18.5895
      vertex 38.1305 85.1936 19.1686
      vertex 45.0761 81.4992 18.3373
    endloop
  endfacet
  facet normal -2.04227e-06 -0.219531 0.975606
    outer loop
      vertex 45.0761 81.4992 18.3373
      vertex 38.1305 85.1936 19.1686
      vertex 45.2066 80.4944 18.1112
    endloop
  endfacet
  facet normal 3.68291e-06 -0.219523 0.975607
    outer loop
      vertex 45.2066 80.4944 18.1112
      vertex 38.1305 85.1936 19.1686
      vertex 45.3912 79.674 17.9266
    endloop
  endfacet
  facet normal 0 -0.219527 0.975606
    outer loop
      vertex 37.8695 85.1936 19.1686
      vertex 45.3912 79.674 17.9266
      vertex 38.1305 85.1936 19.1686
    endloop
  endfacet
  facet normal 5.52424e-05 -0.219456 0.975622
    outer loop
      vertex 45.3912 79.674 17.9266
      vertex 37.8695 85.1936 19.1686
      vertex 45.6173 79.0939 17.7961
    endloop
  endfacet
  facet normal 0.000534713 -0.218876 0.975753
    outer loop
      vertex 45.6173 79.0939 17.7961
      vertex 37.8695 85.1936 19.1686
      vertex 45.8695 78.7936 17.7286
    endloop
  endfacet
  facet normal -2.70324e-07 -0.219513 0.97561
    outer loop
      vertex 0 0 0
      vertex 45.8695 78.7936 17.7286
      vertex 37.8695 85.1936 19.1686
    endloop
  endfacet
  facet normal -1.88509e-05 -0.219519 0.975608
    outer loop
      vertex 30.6088 92.474 20.8066
      vertex 37.0208 90.3833 20.3363
      vertex 30.7934 93.2944 20.9912
    endloop
  endfacet
  facet normal -3.56521e-06 -0.219475 0.975618
    outer loop
      vertex 30.3827 91.8939 20.6761
      vertex 37.0208 90.3833 20.3363
      vertex 30.6088 92.474 20.8066
    endloop
  endfacet
  facet normal -9.85452e-05 -0.219872 0.975529
    outer loop
      vertex 37.0208 90.3833 20.3363
      vertex 30.3827 91.8939 20.6761
      vertex 37.0086 90.1801 20.2905
    endloop
  endfacet
  facet normal 9.05135e-06 -0.219476 0.975618
    outer loop
      vertex 37.0086 90.1801 20.2905
      vertex 30.3827 91.8939 20.6761
      vertex 37.0086 89.0199 20.0295
    endloop
  endfacet
  facet normal 6.43271e-05 -0.219355 0.975645
    outer loop
      vertex 30.1305 91.5936 20.6086
      vertex 37.0086 89.0199 20.0295
      vertex 30.3827 91.8939 20.6761
    endloop
  endfacet
  facet normal -1.16237e-05 -0.219548 0.975602
    outer loop
      vertex 37.0086 89.0199 20.0295
      vertex 30.1305 91.5936 20.6086
      vertex 37.0761 87.8992 19.7773
    endloop
  endfacet
  facet normal -2.04227e-06 -0.219531 0.975606
    outer loop
      vertex 37.0761 87.8992 19.7773
      vertex 30.1305 91.5936 20.6086
      vertex 37.2066 86.8944 19.5512
    endloop
  endfacet
  facet normal 3.68291e-06 -0.219523 0.975607
    outer loop
      vertex 37.2066 86.8944 19.5512
      vertex 30.1305 91.5936 20.6086
      vertex 37.3912 86.074 19.3666
    endloop
  endfacet
  facet normal 0 -0.219527 0.975606
    outer loop
      vertex 29.8695 91.5936 20.6086
      vertex 37.3912 86.074 19.3666
      vertex 30.1305 91.5936 20.6086
    endloop
  endfacet
  facet normal 5.52424e-05 -0.219456 0.975622
    outer loop
      vertex 37.3912 86.074 19.3666
      vertex 29.8695 91.5936 20.6086
      vertex 37.6173 85.4939 19.2361
    endloop
  endfacet
  facet normal 0.000534713 -0.218876 0.975753
    outer loop
      vertex 37.6173 85.4939 19.2361
      vertex 29.8695 91.5936 20.6086
      vertex 37.8695 85.1936 19.1686
    endloop
  endfacet
  facet normal -2.70324e-07 -0.219513 0.97561
    outer loop
      vertex 0 0 0
      vertex 37.8695 85.1936 19.1686
      vertex 29.8695 91.5936 20.6086
    endloop
  endfacet
  facet normal -1.88509e-05 -0.219519 0.975608
    outer loop
      vertex 22.6088 98.874 22.2466
      vertex 29.0208 96.7833 21.7763
      vertex 22.7934 99.6944 22.4312
    endloop
  endfacet
  facet normal -3.56521e-06 -0.219475 0.975618
    outer loop
      vertex 22.3827 98.2939 22.1161
      vertex 29.0208 96.7833 21.7763
      vertex 22.6088 98.874 22.2466
    endloop
  endfacet
  facet normal -9.85452e-05 -0.219872 0.975529
    outer loop
      vertex 29.0208 96.7833 21.7763
      vertex 22.3827 98.2939 22.1161
      vertex 29.0086 96.5801 21.7305
    endloop
  endfacet
  facet normal 9.05135e-06 -0.219476 0.975618
    outer loop
      vertex 29.0086 96.5801 21.7305
      vertex 22.3827 98.2939 22.1161
      vertex 29.0086 95.4199 21.4695
    endloop
  endfacet
  facet normal 6.43271e-05 -0.219355 0.975645
    outer loop
      vertex 22.1305 97.9936 22.0486
      vertex 29.0086 95.4199 21.4695
      vertex 22.3827 98.2939 22.1161
    endloop
  endfacet
  facet normal -1.16237e-05 -0.219548 0.975602
    outer loop
      vertex 29.0086 95.4199 21.4695
      vertex 22.1305 97.9936 22.0486
      vertex 29.0761 94.2992 21.2173
    endloop
  endfacet
  facet normal -2.04227e-06 -0.219531 0.975606
    outer loop
      vertex 29.0761 94.2992 21.2173
      vertex 22.1305 97.9936 22.0486
      vertex 29.2066 93.2944 20.9912
    endloop
  endfacet
  facet normal 3.68291e-06 -0.219523 0.975607
    outer loop
      vertex 29.2066 93.2944 20.9912
      vertex 22.1305 97.9936 22.0486
      vertex 29.3912 92.474 20.8066
    endloop
  endfacet
  facet normal 0 -0.219527 0.975606
    outer loop
      vertex 21.8695 97.9936 22.0486
      vertex 29.3912 92.474 20.8066
      vertex 22.1305 97.9936 22.0486
    endloop
  endfacet
  facet normal 5.52424e-05 -0.219456 0.975622
    outer loop
      vertex 29.3912 92.474 20.8066
      vertex 21.8695 97.9936 22.0486
      vertex 29.6173 91.8939 20.6761
    endloop
  endfacet
  facet normal 0.000534713 -0.218876 0.975753
    outer loop
      vertex 29.6173 91.8939 20.6761
      vertex 21.8695 97.9936 22.0486
      vertex 29.8695 91.5936 20.6086
    endloop
  endfacet
  facet normal -2.70324e-07 -0.219513 0.97561
    outer loop
      vertex 0 0 0
      vertex 29.8695 91.5936 20.6086
      vertex 21.8695 97.9936 22.0486
    endloop
  endfacet
  facet normal -6.095e-05 -0.219612 0.975587
    outer loop
      vertex 14.6088 105.274 23.6866
      vertex 21.0208 103.183 23.2163
      vertex 14.7934 106.094 23.8712
    endloop
  endfacet
  facet normal -2.36238e-05 -0.219503 0.975612
    outer loop
      vertex 14.3827 104.694 23.5561
      vertex 21.0208 103.183 23.2163
      vertex 14.6088 105.274 23.6866
    endloop
  endfacet
  facet normal -0.000160251 -0.220075 0.975483
    outer loop
      vertex 21.0208 103.183 23.2163
      vertex 14.3827 104.694 23.5561
      vertex 21.0086 102.98 23.1705
    endloop
  endfacet
  facet normal -7.36209e-06 -0.219512 0.97561
    outer loop
      vertex 21.0086 102.98 23.1705
      vertex 14.3827 104.694 23.5561
      vertex 21.0086 101.82 22.9095
    endloop
  endfacet
  facet normal -5.3949e-06 -0.219508 0.975611
    outer loop
      vertex 14.1305 104.394 23.4886
      vertex 21.0086 101.82 22.9095
      vertex 14.3827 104.694 23.5561
    endloop
  endfacet
  facet normal 1.07444e-06 -0.219491 0.975614
    outer loop
      vertex 21.0086 101.82 22.9095
      vertex 14.1305 104.394 23.4886
      vertex 21.0761 100.699 22.6573
    endloop
  endfacet
  facet normal -4.73908e-05 -0.219578 0.975595
    outer loop
      vertex 21.0761 100.699 22.6573
      vertex 14.1305 104.394 23.4886
      vertex 21.2066 99.6944 22.4312
    endloop
  endfacet
  facet normal -1.09066e-05 -0.219526 0.975607
    outer loop
      vertex 21.2066 99.6944 22.4312
      vertex 14.1305 104.394 23.4886
      vertex 21.3912 98.874 22.2466
    endloop
  endfacet
  facet normal 0 -0.219512 0.97561
    outer loop
      vertex 13.8695 104.394 23.4886
      vertex 21.3912 98.874 22.2466
      vertex 14.1305 104.394 23.4886
    endloop
  endfacet
  facet normal 3.88962e-05 -0.219462 0.975621
    outer loop
      vertex 21.3912 98.874 22.2466
      vertex 13.8695 104.394 23.4886
      vertex 21.6173 98.2939 22.1161
    endloop
  endfacet
  facet normal 0.000501355 -0.218903 0.975747
    outer loop
      vertex 21.6173 98.2939 22.1161
      vertex 13.8695 104.394 23.4886
      vertex 21.8695 97.9936 22.0486
    endloop
  endfacet
  facet normal -6.09499e-05 -0.219612 0.975587
    outer loop
      vertex 6.60876 111.674 25.1266
      vertex 13.0208 109.583 24.6563
      vertex 6.79335 112.494 25.3112
    endloop
  endfacet
  facet normal -2.36239e-05 -0.219503 0.975612
    outer loop
      vertex 6.38268 111.094 24.9961
      vertex 13.0208 109.583 24.6563
      vertex 6.60876 111.674 25.1266
    endloop
  endfacet
  facet normal -0.000160251 -0.220075 0.975483
    outer loop
      vertex 13.0208 109.583 24.6563
      vertex 6.38268 111.094 24.9961
      vertex 13.0086 109.38 24.6105
    endloop
  endfacet
  facet normal -7.36207e-06 -0.219512 0.97561
    outer loop
      vertex 13.0086 109.38 24.6105
      vertex 6.38268 111.094 24.9961
      vertex 13.0086 108.22 24.3495
    endloop
  endfacet
  facet normal -5.39517e-06 -0.219508 0.975611
    outer loop
      vertex 6.13053 110.794 24.9286
      vertex 13.0086 108.22 24.3495
      vertex 6.38268 111.094 24.9961
    endloop
  endfacet
  facet normal 1.07444e-06 -0.219491 0.975614
    outer loop
      vertex 13.0086 108.22 24.3495
      vertex 6.13053 110.794 24.9286
      vertex 13.0761 107.099 24.0973
    endloop
  endfacet
  facet normal 2.55235e-06 -0.219489 0.975615
    outer loop
      vertex 13.0761 107.099 24.0973
      vertex 6.13053 110.794 24.9286
      vertex 13.2066 106.094 23.8712
    endloop
  endfacet
  facet normal -0.000109128 -0.219649 0.975579
    outer loop
      vertex 13.2066 106.094 23.8712
      vertex 6.13053 110.794 24.9286
      vertex 13.3912 105.274 23.6866
    endloop
  endfacet
  facet normal 0 -0.219512 0.97561
    outer loop
      vertex 5.86947 110.794 24.9286
      vertex 13.3912 105.274 23.6866
      vertex 6.13053 110.794 24.9286
    endloop
  endfacet
  facet normal 3.40816e-15 -0.219512 0.97561
    outer loop
      vertex 13.3912 105.274 23.6866
      vertex 5.86947 110.794 24.9286
      vertex 13.6173 104.694 23.5561
    endloop
  endfacet
  facet normal -9.34087e-07 -0.219513 0.97561
    outer loop
      vertex -15 106.667 24
      vertex 13.6173 104.694 23.5561
      vertex 5.86947 110.794 24.9286
    endloop
  endfacet
  facet normal -9.04727e-07 -0.219513 0.97561
    outer loop
      vertex 13.6173 104.694 23.5561
      vertex -15 106.667 24
      vertex 13.8695 104.394 23.4886
    endloop
  endfacet
  facet normal 2.49893e-05 -0.21949 0.975615
    outer loop
      vertex 0 120 27
      vertex 5.07612 113.499 25.5373
      vertex 5.00855 114.62 25.7895
    endloop
  endfacet
  facet normal 3.15194e-05 -0.219485 0.975616
    outer loop
      vertex 0 120 27
      vertex 5.20665 112.494 25.3112
      vertex 5.07612 113.499 25.5373
    endloop
  endfacet
  facet normal -6.59089e-06 -0.21951 0.97561
    outer loop
      vertex -15 106.667 24
      vertex 5.20665 112.494 25.3112
      vertex 0 120 27
    endloop
  endfacet
  facet normal 2.655e-05 -0.21962 0.975586
    outer loop
      vertex 5.20665 112.494 25.3112
      vertex -15 106.667 24
      vertex 5.39124 111.674 25.1266
    endloop
  endfacet
  facet normal 0 -0.219512 0.97561
    outer loop
      vertex 125.869 14.7936 3.32856
      vertex 0 0 0
      vertex 150 0 0
    endloop
  endfacet
  facet normal -1.56214e-07 -0.219511 0.97561
    outer loop
      vertex 117.869 21.1936 4.76855
      vertex 0 0 0
      vertex 125.869 14.7936 3.32856
    endloop
  endfacet
  facet normal 6.75813e-08 -0.219512 0.97561
    outer loop
      vertex 101.869 33.9936 7.64855
      vertex 0 0 0
      vertex 109.869 27.5936 6.20855
    endloop
  endfacet
  facet normal -2.70324e-07 -0.219513 0.97561
    outer loop
      vertex 53.8695 72.3936 16.2886
      vertex 0 0 0
      vertex 61.8695 65.9936 14.8486
    endloop
  endfacet
  facet normal 2.60956e-07 -0.219499 0.975613
    outer loop
      vertex 13.8695 104.394 23.4886
      vertex -15 106.667 24
      vertex 21.8695 97.9936 22.0486
    endloop
  endfacet
  facet normal -1.00214e-06 -0.219513 0.97561
    outer loop
      vertex -15 106.667 24
      vertex 5.86947 110.794 24.9286
      vertex 5.61732 111.094 24.9961
    endloop
  endfacet
  facet normal -1.09163e-06 -0.219513 0.97561
    outer loop
      vertex 5.39124 111.674 25.1266
      vertex -15 106.667 24
      vertex 5.61732 111.094 24.9961
    endloop
  endfacet
  facet normal 0 -0.219517 0.975609
    outer loop
      vertex -15 106.667 24
      vertex 0 120 27
      vertex -15 120 27
    endloop
  endfacet
  facet normal -2.98025e-06 -0.219512 0.97561
    outer loop
      vertex 21.8695 97.9936 22.0486
      vertex -15 106.667 24
      vertex 0 0 0
    endloop
  endfacet
endsolid OpenSCAD_Model
