solid OpenSCAD_Model
  facet normal 0 1 0
    outer loop
      vertex 126.131 115.714 3.32856
      vertex 150 115.714 0
      vertex 125.869 115.714 3.32856
    endloop
  endfacet
  facet normal 0 1 0
    outer loop
      vertex 126.383 115.714 3.39612
      vertex 150 115.714 0
      vertex 126.131 115.714 3.32856
    endloop
  endfacet
  facet normal 0 1 0
    outer loop
      vertex 126.609 115.714 3.52665
      vertex 150 115.714 0
      vertex 126.383 115.714 3.39612
    endloop
  endfacet
  facet normal 0 1 0
    outer loop
      vertex 126.793 115.714 3.71124
      vertex 150 115.714 0
      vertex 126.609 115.714 3.52665
    endloop
  endfacet
  facet normal 0 1 0
    outer loop
      vertex 126.924 115.714 3.93732
      vertex 150 115.714 0
      vertex 126.793 115.714 3.71124
    endloop
  endfacet
  facet normal 0 1 0
    outer loop
      vertex 150 115.714 0
      vertex 126.924 115.714 3.93732
      vertex 126.979 115.714 4.14375
    endloop
  endfacet
  facet normal 0 1 0
    outer loop
      vertex 118.793 115.714 5.15124
      vertex 125.076 115.714 3.93732
      vertex 118.609 115.714 4.96665
    endloop
  endfacet
  facet normal 0 1 0
    outer loop
      vertex 125.076 115.714 3.93732
      vertex 118.793 115.714 5.15124
      vertex 125.009 115.714 4.18947
    endloop
  endfacet
  facet normal 0 1 0
    outer loop
      vertex 118.924 115.714 5.37732
      vertex 125.009 115.714 4.18947
      vertex 118.793 115.714 5.15124
    endloop
  endfacet
  facet normal 0 1 -0
    outer loop
      vertex 125.009 115.714 4.18947
      vertex 118.924 115.714 5.37732
      vertex 125.009 115.714 4.45053
    endloop
  endfacet
  facet normal 0 1 0
    outer loop
      vertex 118.979 115.714 5.58375
      vertex 125.009 115.714 4.45053
      vertex 118.924 115.714 5.37732
    endloop
  endfacet
  facet normal 0 1 -0
    outer loop
      vertex 125.009 115.714 4.45053
      vertex 118.979 115.714 5.58375
      vertex 125.021 115.714 4.49625
    endloop
  endfacet
  facet normal 0 1 0
    outer loop
      vertex 110.793 115.714 6.59124
      vertex 117.076 115.714 5.37732
      vertex 110.609 115.714 6.40665
    endloop
  endfacet
  facet normal 0 1 0
    outer loop
      vertex 117.076 115.714 5.37732
      vertex 110.793 115.714 6.59124
      vertex 117.009 115.714 5.62947
    endloop
  endfacet
  facet normal 0 1 0
    outer loop
      vertex 110.924 115.714 6.81732
      vertex 117.009 115.714 5.62947
      vertex 110.793 115.714 6.59124
    endloop
  endfacet
  facet normal 0 1 -0
    outer loop
      vertex 117.009 115.714 5.62947
      vertex 110.924 115.714 6.81732
      vertex 117.009 115.714 5.89053
    endloop
  endfacet
  facet normal 0 1 0
    outer loop
      vertex 110.979 115.714 7.02375
      vertex 117.009 115.714 5.89053
      vertex 110.924 115.714 6.81732
    endloop
  endfacet
  facet normal 0 1 -0
    outer loop
      vertex 117.009 115.714 5.89053
      vertex 110.979 115.714 7.02375
      vertex 117.021 115.714 5.93625
    endloop
  endfacet
  facet normal 0 1 0
    outer loop
      vertex 102.793 115.714 8.03124
      vertex 109.076 115.714 6.81732
      vertex 102.609 115.714 7.84665
    endloop
  endfacet
  facet normal 0 1 0
    outer loop
      vertex 109.076 115.714 6.81732
      vertex 102.793 115.714 8.03124
      vertex 109.009 115.714 7.06947
    endloop
  endfacet
  facet normal 0 1 0
    outer loop
      vertex 102.924 115.714 8.25732
      vertex 109.009 115.714 7.06947
      vertex 102.793 115.714 8.03124
    endloop
  endfacet
  facet normal 0 1 -0
    outer loop
      vertex 109.009 115.714 7.06947
      vertex 102.924 115.714 8.25732
      vertex 109.009 115.714 7.33053
    endloop
  endfacet
  facet normal 0 1 0
    outer loop
      vertex 102.979 115.714 8.46375
      vertex 109.009 115.714 7.33053
      vertex 102.924 115.714 8.25732
    endloop
  endfacet
  facet normal 0 1 -0
    outer loop
      vertex 109.009 115.714 7.33053
      vertex 102.979 115.714 8.46375
      vertex 109.021 115.714 7.37625
    endloop
  endfacet
  facet normal 0 1 0
    outer loop
      vertex 94.7934 115.714 9.47124
      vertex 101.076 115.714 8.25732
      vertex 94.6088 115.714 9.28665
    endloop
  endfacet
  facet normal 0 1 0
    outer loop
      vertex 101.076 115.714 8.25732
      vertex 94.7934 115.714 9.47124
      vertex 101.009 115.714 8.50947
    endloop
  endfacet
  facet normal 0 1 0
    outer loop
      vertex 94.9239 115.714 9.69732
      vertex 101.009 115.714 8.50947
      vertex 94.7934 115.714 9.47124
    endloop
  endfacet
  facet normal 0 1 -0
    outer loop
      vertex 101.009 115.714 8.50947
      vertex 94.9239 115.714 9.69732
      vertex 101.009 115.714 8.77053
    endloop
  endfacet
  facet normal 0 1 0
    outer loop
      vertex 94.9792 115.714 9.90375
      vertex 101.009 115.714 8.77053
      vertex 94.9239 115.714 9.69732
    endloop
  endfacet
  facet normal 0 1 -0
    outer loop
      vertex 101.009 115.714 8.77053
      vertex 94.9792 115.714 9.90375
      vertex 101.021 115.714 8.81625
    endloop
  endfacet
  facet normal 0 1 0
    outer loop
      vertex 86.7934 115.714 10.9112
      vertex 93.0761 115.714 9.69732
      vertex 86.6088 115.714 10.7266
    endloop
  endfacet
  facet normal 0 1 0
    outer loop
      vertex 93.0761 115.714 9.69732
      vertex 86.7934 115.714 10.9112
      vertex 93.0086 115.714 9.94947
    endloop
  endfacet
  facet normal 0 1 0
    outer loop
      vertex 86.9239 115.714 11.1373
      vertex 93.0086 115.714 9.94947
      vertex 86.7934 115.714 10.9112
    endloop
  endfacet
  facet normal 0 1 -0
    outer loop
      vertex 93.0086 115.714 9.94947
      vertex 86.9239 115.714 11.1373
      vertex 93.0086 115.714 10.2105
    endloop
  endfacet
  facet normal 0 1 0
    outer loop
      vertex 86.9792 115.714 11.3437
      vertex 93.0086 115.714 10.2105
      vertex 86.9239 115.714 11.1373
    endloop
  endfacet
  facet normal 0 1 -0
    outer loop
      vertex 93.0086 115.714 10.2105
      vertex 86.9792 115.714 11.3437
      vertex 93.0208 115.714 10.2563
    endloop
  endfacet
  facet normal 0 1 0
    outer loop
      vertex 78.7934 115.714 12.3512
      vertex 85.0761 115.714 11.1373
      vertex 78.6088 115.714 12.1666
    endloop
  endfacet
  facet normal 0 1 0
    outer loop
      vertex 85.0761 115.714 11.1373
      vertex 78.7934 115.714 12.3512
      vertex 85.0086 115.714 11.3895
    endloop
  endfacet
  facet normal 0 1 0
    outer loop
      vertex 78.9239 115.714 12.5773
      vertex 85.0086 115.714 11.3895
      vertex 78.7934 115.714 12.3512
    endloop
  endfacet
  facet normal 0 1 -0
    outer loop
      vertex 85.0086 115.714 11.3895
      vertex 78.9239 115.714 12.5773
      vertex 85.0086 115.714 11.6505
    endloop
  endfacet
  facet normal 0 1 0
    outer loop
      vertex 78.9792 115.714 12.7837
      vertex 85.0086 115.714 11.6505
      vertex 78.9239 115.714 12.5773
    endloop
  endfacet
  facet normal 0 1 -0
    outer loop
      vertex 85.0086 115.714 11.6505
      vertex 78.9792 115.714 12.7837
      vertex 85.0208 115.714 11.6963
    endloop
  endfacet
  facet normal 0 1 0
    outer loop
      vertex 70.7934 115.714 13.7912
      vertex 77.0761 115.714 12.5773
      vertex 70.6088 115.714 13.6066
    endloop
  endfacet
  facet normal 0 1 0
    outer loop
      vertex 77.0761 115.714 12.5773
      vertex 70.7934 115.714 13.7912
      vertex 77.0086 115.714 12.8295
    endloop
  endfacet
  facet normal 0 1 0
    outer loop
      vertex 70.9239 115.714 14.0173
      vertex 77.0086 115.714 12.8295
      vertex 70.7934 115.714 13.7912
    endloop
  endfacet
  facet normal 0 1 -0
    outer loop
      vertex 77.0086 115.714 12.8295
      vertex 70.9239 115.714 14.0173
      vertex 77.0086 115.714 13.0905
    endloop
  endfacet
  facet normal 0 1 0
    outer loop
      vertex 70.9792 115.714 14.2237
      vertex 77.0086 115.714 13.0905
      vertex 70.9239 115.714 14.0173
    endloop
  endfacet
  facet normal 0 1 -0
    outer loop
      vertex 77.0086 115.714 13.0905
      vertex 70.9792 115.714 14.2237
      vertex 77.0208 115.714 13.1363
    endloop
  endfacet
  facet normal 0 1 0
    outer loop
      vertex 62.7934 115.714 15.2312
      vertex 69.0761 115.714 14.0173
      vertex 62.6088 115.714 15.0466
    endloop
  endfacet
  facet normal 0 1 0
    outer loop
      vertex 69.0761 115.714 14.0173
      vertex 62.7934 115.714 15.2312
      vertex 69.0086 115.714 14.2695
    endloop
  endfacet
  facet normal 0 1 0
    outer loop
      vertex 62.9239 115.714 15.4573
      vertex 69.0086 115.714 14.2695
      vertex 62.7934 115.714 15.2312
    endloop
  endfacet
  facet normal 0 1 -0
    outer loop
      vertex 69.0086 115.714 14.2695
      vertex 62.9239 115.714 15.4573
      vertex 69.0086 115.714 14.5305
    endloop
  endfacet
  facet normal 0 1 0
    outer loop
      vertex 62.9792 115.714 15.6637
      vertex 69.0086 115.714 14.5305
      vertex 62.9239 115.714 15.4573
    endloop
  endfacet
  facet normal 0 1 -0
    outer loop
      vertex 69.0086 115.714 14.5305
      vertex 62.9792 115.714 15.6637
      vertex 69.0208 115.714 14.5763
    endloop
  endfacet
  facet normal 0 1 0
    outer loop
      vertex 54.7934 115.714 16.6712
      vertex 61.0761 115.714 15.4573
      vertex 54.6088 115.714 16.4866
    endloop
  endfacet
  facet normal 0 1 0
    outer loop
      vertex 61.0761 115.714 15.4573
      vertex 54.7934 115.714 16.6712
      vertex 61.0086 115.714 15.7095
    endloop
  endfacet
  facet normal 0 1 0
    outer loop
      vertex 54.9239 115.714 16.8973
      vertex 61.0086 115.714 15.7095
      vertex 54.7934 115.714 16.6712
    endloop
  endfacet
  facet normal 0 1 -0
    outer loop
      vertex 61.0086 115.714 15.7095
      vertex 54.9239 115.714 16.8973
      vertex 61.0086 115.714 15.9705
    endloop
  endfacet
  facet normal 0 1 0
    outer loop
      vertex 54.9792 115.714 17.1037
      vertex 61.0086 115.714 15.9705
      vertex 54.9239 115.714 16.8973
    endloop
  endfacet
  facet normal 0 1 -0
    outer loop
      vertex 61.0086 115.714 15.9705
      vertex 54.9792 115.714 17.1037
      vertex 61.0208 115.714 16.0163
    endloop
  endfacet
  facet normal 0 1 0
    outer loop
      vertex 46.7934 115.714 18.1112
      vertex 53.0761 115.714 16.8973
      vertex 46.6088 115.714 17.9266
    endloop
  endfacet
  facet normal 0 1 0
    outer loop
      vertex 53.0761 115.714 16.8973
      vertex 46.7934 115.714 18.1112
      vertex 53.0086 115.714 17.1495
    endloop
  endfacet
  facet normal 0 1 0
    outer loop
      vertex 46.9239 115.714 18.3373
      vertex 53.0086 115.714 17.1495
      vertex 46.7934 115.714 18.1112
    endloop
  endfacet
  facet normal 0 1 -0
    outer loop
      vertex 53.0086 115.714 17.1495
      vertex 46.9239 115.714 18.3373
      vertex 53.0086 115.714 17.4105
    endloop
  endfacet
  facet normal 0 1 0
    outer loop
      vertex 46.9792 115.714 18.5437
      vertex 53.0086 115.714 17.4105
      vertex 46.9239 115.714 18.3373
    endloop
  endfacet
  facet normal 0 1 -0
    outer loop
      vertex 53.0086 115.714 17.4105
      vertex 46.9792 115.714 18.5437
      vertex 53.0208 115.714 17.4563
    endloop
  endfacet
  facet normal 0 1 0
    outer loop
      vertex 38.7934 115.714 19.5512
      vertex 45.0761 115.714 18.3373
      vertex 38.6088 115.714 19.3666
    endloop
  endfacet
  facet normal 0 1 0
    outer loop
      vertex 45.0761 115.714 18.3373
      vertex 38.7934 115.714 19.5512
      vertex 45.0086 115.714 18.5895
    endloop
  endfacet
  facet normal 0 1 0
    outer loop
      vertex 38.9239 115.714 19.7773
      vertex 45.0086 115.714 18.5895
      vertex 38.7934 115.714 19.5512
    endloop
  endfacet
  facet normal 0 1 -0
    outer loop
      vertex 45.0086 115.714 18.5895
      vertex 38.9239 115.714 19.7773
      vertex 45.0086 115.714 18.8505
    endloop
  endfacet
  facet normal 0 1 0
    outer loop
      vertex 38.9792 115.714 19.9837
      vertex 45.0086 115.714 18.8505
      vertex 38.9239 115.714 19.7773
    endloop
  endfacet
  facet normal 0 1 -0
    outer loop
      vertex 45.0086 115.714 18.8505
      vertex 38.9792 115.714 19.9837
      vertex 45.0208 115.714 18.8963
    endloop
  endfacet
  facet normal 0 1 0
    outer loop
      vertex 30.7934 115.714 20.9912
      vertex 37.0761 115.714 19.7773
      vertex 30.6088 115.714 20.8066
    endloop
  endfacet
  facet normal 0 1 0
    outer loop
      vertex 37.0761 115.714 19.7773
      vertex 30.7934 115.714 20.9912
      vertex 37.0086 115.714 20.0295
    endloop
  endfacet
  facet normal 0 1 0
    outer loop
      vertex 30.9239 115.714 21.2173
      vertex 37.0086 115.714 20.0295
      vertex 30.7934 115.714 20.9912
    endloop
  endfacet
  facet normal 0 1 -0
    outer loop
      vertex 37.0086 115.714 20.0295
      vertex 30.9239 115.714 21.2173
      vertex 37.0086 115.714 20.2905
    endloop
  endfacet
  facet normal 0 1 0
    outer loop
      vertex 30.9792 115.714 21.4237
      vertex 37.0086 115.714 20.2905
      vertex 30.9239 115.714 21.2173
    endloop
  endfacet
  facet normal 0 1 -0
    outer loop
      vertex 37.0086 115.714 20.2905
      vertex 30.9792 115.714 21.4237
      vertex 37.0208 115.714 20.3363
    endloop
  endfacet
  facet normal 0 1 0
    outer loop
      vertex 37.2066 115.714 19.5512
      vertex 30.6088 115.714 20.8066
      vertex 37.0761 115.714 19.7773
    endloop
  endfacet
  facet normal 0 1 0
    outer loop
      vertex 30.6088 115.714 20.8066
      vertex 37.2066 115.714 19.5512
      vertex 30.3827 115.714 20.6761
    endloop
  endfacet
  facet normal 0 1 0
    outer loop
      vertex 37.3912 115.714 19.3666
      vertex 30.3827 115.714 20.6761
      vertex 37.2066 115.714 19.5512
    endloop
  endfacet
  facet normal 0 1 0
    outer loop
      vertex 30.3827 115.714 20.6761
      vertex 37.3912 115.714 19.3666
      vertex 30.1305 115.714 20.6086
    endloop
  endfacet
  facet normal 0 1 0
    outer loop
      vertex 29.3323 115.714 0
      vertex 30.1305 115.714 20.6086
      vertex 37.3912 115.714 19.3666
    endloop
  endfacet
  facet normal 0 1 0
    outer loop
      vertex 29.3323 115.714 0
      vertex 37.3912 115.714 19.3666
      vertex 37.6173 115.714 19.2361
    endloop
  endfacet
  facet normal 0 1 0
    outer loop
      vertex 29.3323 115.714 0
      vertex 37.6173 115.714 19.2361
      vertex 37.8695 115.714 19.1686
    endloop
  endfacet
  facet normal 0 1 0
    outer loop
      vertex 45.2066 115.714 18.1112
      vertex 38.6088 115.714 19.3666
      vertex 45.0761 115.714 18.3373
    endloop
  endfacet
  facet normal 0 1 0
    outer loop
      vertex 38.6088 115.714 19.3666
      vertex 45.2066 115.714 18.1112
      vertex 38.3827 115.714 19.2361
    endloop
  endfacet
  facet normal 0 1 0
    outer loop
      vertex 45.3912 115.714 17.9266
      vertex 38.3827 115.714 19.2361
      vertex 45.2066 115.714 18.1112
    endloop
  endfacet
  facet normal 0 1 0
    outer loop
      vertex 38.3827 115.714 19.2361
      vertex 45.3912 115.714 17.9266
      vertex 38.1305 115.714 19.1686
    endloop
  endfacet
  facet normal 0 1 0
    outer loop
      vertex 45.6173 115.714 17.7961
      vertex 38.1305 115.714 19.1686
      vertex 45.3912 115.714 17.9266
    endloop
  endfacet
  facet normal 0 1 0
    outer loop
      vertex 29.3323 115.714 0
      vertex 38.1305 115.714 19.1686
      vertex 45.6173 115.714 17.7961
    endloop
  endfacet
  facet normal 0 1 0
    outer loop
      vertex 29.3323 115.714 0
      vertex 45.6173 115.714 17.7961
      vertex 45.8695 115.714 17.7286
    endloop
  endfacet
  facet normal 0 1 0
    outer loop
      vertex 38.1305 115.714 19.1686
      vertex 29.3323 115.714 0
      vertex 37.8695 115.714 19.1686
    endloop
  endfacet
  facet normal 0 1 0
    outer loop
      vertex 53.2066 115.714 16.6712
      vertex 46.6088 115.714 17.9266
      vertex 53.0761 115.714 16.8973
    endloop
  endfacet
  facet normal 0 1 0
    outer loop
      vertex 46.6088 115.714 17.9266
      vertex 53.2066 115.714 16.6712
      vertex 46.3827 115.714 17.7961
    endloop
  endfacet
  facet normal 0 1 0
    outer loop
      vertex 53.3912 115.714 16.4866
      vertex 46.3827 115.714 17.7961
      vertex 53.2066 115.714 16.6712
    endloop
  endfacet
  facet normal 0 1 0
    outer loop
      vertex 46.3827 115.714 17.7961
      vertex 53.3912 115.714 16.4866
      vertex 46.1305 115.714 17.7286
    endloop
  endfacet
  facet normal 0 1 0
    outer loop
      vertex 53.6173 115.714 16.3561
      vertex 46.1305 115.714 17.7286
      vertex 53.3912 115.714 16.4866
    endloop
  endfacet
  facet normal 0 1 0
    outer loop
      vertex 29.3323 115.714 0
      vertex 46.1305 115.714 17.7286
      vertex 53.6173 115.714 16.3561
    endloop
  endfacet
  facet normal 0 1 0
    outer loop
      vertex 29.3323 115.714 0
      vertex 53.6173 115.714 16.3561
      vertex 53.8695 115.714 16.2886
    endloop
  endfacet
  facet normal 0 1 0
    outer loop
      vertex 61.2066 115.714 15.2312
      vertex 54.6088 115.714 16.4866
      vertex 61.0761 115.714 15.4573
    endloop
  endfacet
  facet normal 0 1 0
    outer loop
      vertex 54.6088 115.714 16.4866
      vertex 61.2066 115.714 15.2312
      vertex 54.3827 115.714 16.3561
    endloop
  endfacet
  facet normal 0 1 0
    outer loop
      vertex 61.3912 115.714 15.0466
      vertex 54.3827 115.714 16.3561
      vertex 61.2066 115.714 15.2312
    endloop
  endfacet
  facet normal 0 1 0
    outer loop
      vertex 54.3827 115.714 16.3561
      vertex 61.3912 115.714 15.0466
      vertex 54.1305 115.714 16.2886
    endloop
  endfacet
  facet normal 0 1 0
    outer loop
      vertex 61.6173 115.714 14.9161
      vertex 54.1305 115.714 16.2886
      vertex 61.3912 115.714 15.0466
    endloop
  endfacet
  facet normal 0 1 0
    outer loop
      vertex 54.1305 115.714 16.2886
      vertex 61.6173 115.714 14.9161
      vertex 53.8695 115.714 16.2886
    endloop
  endfacet
  facet normal 0 1 0
    outer loop
      vertex 29.3323 115.714 0
      vertex 61.6173 115.714 14.9161
      vertex 61.8695 115.714 14.8486
    endloop
  endfacet
  facet normal 0 1 0
    outer loop
      vertex 61.6173 115.714 14.9161
      vertex 29.3323 115.714 0
      vertex 53.8695 115.714 16.2886
    endloop
  endfacet
  facet normal 0 1 0
    outer loop
      vertex 69.2066 115.714 13.7912
      vertex 62.6088 115.714 15.0466
      vertex 69.0761 115.714 14.0173
    endloop
  endfacet
  facet normal 0 1 0
    outer loop
      vertex 62.6088 115.714 15.0466
      vertex 69.2066 115.714 13.7912
      vertex 62.3827 115.714 14.9161
    endloop
  endfacet
  facet normal 0 1 0
    outer loop
      vertex 69.3912 115.714 13.6066
      vertex 62.3827 115.714 14.9161
      vertex 69.2066 115.714 13.7912
    endloop
  endfacet
  facet normal 0 1 0
    outer loop
      vertex 62.3827 115.714 14.9161
      vertex 69.3912 115.714 13.6066
      vertex 62.1305 115.714 14.8486
    endloop
  endfacet
  facet normal 0 1 0
    outer loop
      vertex 69.6173 115.714 13.4761
      vertex 62.1305 115.714 14.8486
      vertex 69.3912 115.714 13.6066
    endloop
  endfacet
  facet normal 0 1 0
    outer loop
      vertex 62.1305 115.714 14.8486
      vertex 69.6173 115.714 13.4761
      vertex 61.8695 115.714 14.8486
    endloop
  endfacet
  facet normal 0 1 0
    outer loop
      vertex 29.3323 115.714 0
      vertex 69.6173 115.714 13.4761
      vertex 69.8695 115.714 13.4086
    endloop
  endfacet
  facet normal 0 1 0
    outer loop
      vertex 77.2066 115.714 12.3512
      vertex 70.6088 115.714 13.6066
      vertex 77.0761 115.714 12.5773
    endloop
  endfacet
  facet normal 0 1 0
    outer loop
      vertex 70.6088 115.714 13.6066
      vertex 77.2066 115.714 12.3512
      vertex 70.3827 115.714 13.4761
    endloop
  endfacet
  facet normal 0 1 0
    outer loop
      vertex 77.3912 115.714 12.1666
      vertex 70.3827 115.714 13.4761
      vertex 77.2066 115.714 12.3512
    endloop
  endfacet
  facet normal 0 1 0
    outer loop
      vertex 70.3827 115.714 13.4761
      vertex 77.3912 115.714 12.1666
      vertex 70.1305 115.714 13.4086
    endloop
  endfacet
  facet normal 0 1 0
    outer loop
      vertex 77.6173 115.714 12.0361
      vertex 70.1305 115.714 13.4086
      vertex 77.3912 115.714 12.1666
    endloop
  endfacet
  facet normal 0 1 0
    outer loop
      vertex 70.1305 115.714 13.4086
      vertex 77.6173 115.714 12.0361
      vertex 69.8695 115.714 13.4086
    endloop
  endfacet
  facet normal 0 1 0
    outer loop
      vertex 77.8695 115.714 11.9686
      vertex 69.8695 115.714 13.4086
      vertex 77.6173 115.714 12.0361
    endloop
  endfacet
  facet normal 0 1 0
    outer loop
      vertex 29.3323 115.714 0
      vertex 69.8695 115.714 13.4086
      vertex 77.8695 115.714 11.9686
    endloop
  endfacet
  facet normal 0 1 0
    outer loop
      vertex 69.6173 115.714 13.4761
      vertex 29.3323 115.714 0
      vertex 61.8695 115.714 14.8486
    endloop
  endfacet
  facet normal 0 1 0
    outer loop
      vertex 85.2066 115.714 10.9112
      vertex 78.6088 115.714 12.1666
      vertex 85.0761 115.714 11.1373
    endloop
  endfacet
  facet normal 0 1 0
    outer loop
      vertex 78.6088 115.714 12.1666
      vertex 85.2066 115.714 10.9112
      vertex 78.3827 115.714 12.0361
    endloop
  endfacet
  facet normal 0 1 0
    outer loop
      vertex 85.3912 115.714 10.7266
      vertex 78.3827 115.714 12.0361
      vertex 85.2066 115.714 10.9112
    endloop
  endfacet
  facet normal 0 1 0
    outer loop
      vertex 78.3827 115.714 12.0361
      vertex 85.3912 115.714 10.7266
      vertex 78.1305 115.714 11.9686
    endloop
  endfacet
  facet normal 0 1 0
    outer loop
      vertex 85.6173 115.714 10.5961
      vertex 78.1305 115.714 11.9686
      vertex 85.3912 115.714 10.7266
    endloop
  endfacet
  facet normal 0 1 0
    outer loop
      vertex 78.1305 115.714 11.9686
      vertex 85.6173 115.714 10.5961
      vertex 77.8695 115.714 11.9686
    endloop
  endfacet
  facet normal 0 1 0
    outer loop
      vertex 85.8695 115.714 10.5286
      vertex 77.8695 115.714 11.9686
      vertex 85.6173 115.714 10.5961
    endloop
  endfacet
  facet normal 0 1 0
    outer loop
      vertex 93.2066 115.714 9.47124
      vertex 86.6088 115.714 10.7266
      vertex 93.0761 115.714 9.69732
    endloop
  endfacet
  facet normal 0 1 0
    outer loop
      vertex 86.6088 115.714 10.7266
      vertex 93.2066 115.714 9.47124
      vertex 86.3827 115.714 10.5961
    endloop
  endfacet
  facet normal 0 1 0
    outer loop
      vertex 93.3912 115.714 9.28665
      vertex 86.3827 115.714 10.5961
      vertex 93.2066 115.714 9.47124
    endloop
  endfacet
  facet normal 0 1 0
    outer loop
      vertex 86.3827 115.714 10.5961
      vertex 93.3912 115.714 9.28665
      vertex 86.1305 115.714 10.5286
    endloop
  endfacet
  facet normal 0 1 0
    outer loop
      vertex 93.6173 115.714 9.15612
      vertex 86.1305 115.714 10.5286
      vertex 93.3912 115.714 9.28665
    endloop
  endfacet
  facet normal 0 1 0
    outer loop
      vertex 86.1305 115.714 10.5286
      vertex 93.6173 115.714 9.15612
      vertex 85.8695 115.714 10.5286
    endloop
  endfacet
  facet normal 0 1 0
    outer loop
      vertex 93.8695 115.714 9.08855
      vertex 85.8695 115.714 10.5286
      vertex 93.6173 115.714 9.15612
    endloop
  endfacet
  facet normal 0 1 0
    outer loop
      vertex 29.3323 115.714 0
      vertex 85.8695 115.714 10.5286
      vertex 93.8695 115.714 9.08855
    endloop
  endfacet
  facet normal 0 1 0
    outer loop
      vertex 85.8695 115.714 10.5286
      vertex 29.3323 115.714 0
      vertex 77.8695 115.714 11.9686
    endloop
  endfacet
  facet normal 0 1 0
    outer loop
      vertex 101.207 115.714 8.03124
      vertex 94.6088 115.714 9.28665
      vertex 101.076 115.714 8.25732
    endloop
  endfacet
  facet normal 0 1 0
    outer loop
      vertex 94.6088 115.714 9.28665
      vertex 101.207 115.714 8.03124
      vertex 94.3827 115.714 9.15612
    endloop
  endfacet
  facet normal 0 1 0
    outer loop
      vertex 101.391 115.714 7.84665
      vertex 94.3827 115.714 9.15612
      vertex 101.207 115.714 8.03124
    endloop
  endfacet
  facet normal 0 1 0
    outer loop
      vertex 94.3827 115.714 9.15612
      vertex 101.391 115.714 7.84665
      vertex 94.1305 115.714 9.08855
    endloop
  endfacet
  facet normal 0 1 0
    outer loop
      vertex 101.617 115.714 7.71612
      vertex 94.1305 115.714 9.08855
      vertex 101.391 115.714 7.84665
    endloop
  endfacet
  facet normal 0 1 0
    outer loop
      vertex 94.1305 115.714 9.08855
      vertex 101.617 115.714 7.71612
      vertex 93.8695 115.714 9.08855
    endloop
  endfacet
  facet normal 0 1 0
    outer loop
      vertex 101.869 115.714 7.64855
      vertex 93.8695 115.714 9.08855
      vertex 101.617 115.714 7.71612
    endloop
  endfacet
  facet normal 0 1 0
    outer loop
      vertex 109.207 115.714 6.59124
      vertex 102.609 115.714 7.84665
      vertex 109.076 115.714 6.81732
    endloop
  endfacet
  facet normal 0 1 0
    outer loop
      vertex 102.609 115.714 7.84665
      vertex 109.207 115.714 6.59124
      vertex 102.383 115.714 7.71612
    endloop
  endfacet
  facet normal 0 1 0
    outer loop
      vertex 109.391 115.714 6.40665
      vertex 102.383 115.714 7.71612
      vertex 109.207 115.714 6.59124
    endloop
  endfacet
  facet normal 0 1 0
    outer loop
      vertex 102.383 115.714 7.71612
      vertex 109.391 115.714 6.40665
      vertex 102.131 115.714 7.64855
    endloop
  endfacet
  facet normal 0 1 0
    outer loop
      vertex 109.617 115.714 6.27612
      vertex 102.131 115.714 7.64855
      vertex 109.391 115.714 6.40665
    endloop
  endfacet
  facet normal 0 1 0
    outer loop
      vertex 102.131 115.714 7.64855
      vertex 109.617 115.714 6.27612
      vertex 101.869 115.714 7.64855
    endloop
  endfacet
  facet normal 0 1 0
    outer loop
      vertex 109.869 115.714 6.20855
      vertex 101.869 115.714 7.64855
      vertex 109.617 115.714 6.27612
    endloop
  endfacet
  facet normal 0 1 0
    outer loop
      vertex 29.3323 115.714 0
      vertex 101.869 115.714 7.64855
      vertex 109.869 115.714 6.20855
    endloop
  endfacet
  facet normal 0 1 0
    outer loop
      vertex 101.869 115.714 7.64855
      vertex 29.3323 115.714 0
      vertex 93.8695 115.714 9.08855
    endloop
  endfacet
  facet normal 0 1 0
    outer loop
      vertex 117.207 115.714 5.15124
      vertex 110.609 115.714 6.40665
      vertex 117.076 115.714 5.37732
    endloop
  endfacet
  facet normal 0 1 0
    outer loop
      vertex 110.609 115.714 6.40665
      vertex 117.207 115.714 5.15124
      vertex 110.383 115.714 6.27612
    endloop
  endfacet
  facet normal 0 1 0
    outer loop
      vertex 117.391 115.714 4.96665
      vertex 110.383 115.714 6.27612
      vertex 117.207 115.714 5.15124
    endloop
  endfacet
  facet normal 0 1 0
    outer loop
      vertex 110.383 115.714 6.27612
      vertex 117.391 115.714 4.96665
      vertex 110.131 115.714 6.20855
    endloop
  endfacet
  facet normal 0 1 0
    outer loop
      vertex 117.617 115.714 4.83612
      vertex 110.131 115.714 6.20855
      vertex 117.391 115.714 4.96665
    endloop
  endfacet
  facet normal 0 1 0
    outer loop
      vertex 110.131 115.714 6.20855
      vertex 117.617 115.714 4.83612
      vertex 109.869 115.714 6.20855
    endloop
  endfacet
  facet normal 0 1 0
    outer loop
      vertex 117.869 115.714 4.76855
      vertex 109.869 115.714 6.20855
      vertex 117.617 115.714 4.83612
    endloop
  endfacet
  facet normal 0 1 0
    outer loop
      vertex 125.207 115.714 3.71124
      vertex 118.609 115.714 4.96665
      vertex 125.076 115.714 3.93732
    endloop
  endfacet
  facet normal 0 1 0
    outer loop
      vertex 118.609 115.714 4.96665
      vertex 125.207 115.714 3.71124
      vertex 118.383 115.714 4.83612
    endloop
  endfacet
  facet normal 0 1 0
    outer loop
      vertex 125.391 115.714 3.52665
      vertex 118.383 115.714 4.83612
      vertex 125.207 115.714 3.71124
    endloop
  endfacet
  facet normal 0 1 0
    outer loop
      vertex 118.383 115.714 4.83612
      vertex 125.391 115.714 3.52665
      vertex 118.131 115.714 4.76855
    endloop
  endfacet
  facet normal 0 1 0
    outer loop
      vertex 125.617 115.714 3.39612
      vertex 118.131 115.714 4.76855
      vertex 125.391 115.714 3.52665
    endloop
  endfacet
  facet normal 0 1 0
    outer loop
      vertex 118.131 115.714 4.76855
      vertex 125.617 115.714 3.39612
      vertex 117.869 115.714 4.76855
    endloop
  endfacet
  facet normal 0 1 0
    outer loop
      vertex 125.869 115.714 3.32856
      vertex 117.869 115.714 4.76855
      vertex 125.617 115.714 3.39612
    endloop
  endfacet
  facet normal 0 1 0
    outer loop
      vertex 29.3323 115.714 0
      vertex 117.869 115.714 4.76855
      vertex 125.869 115.714 3.32856
    endloop
  endfacet
  facet normal 0 1 0
    outer loop
      vertex 29.3912 115.714 20.8066
      vertex 29.3323 115.714 0
      vertex 29.3323 115.714 20.8656
    endloop
  endfacet
  facet normal 0 1 0
    outer loop
      vertex 29.6173 115.714 20.6761
      vertex 29.3323 115.714 0
      vertex 29.3912 115.714 20.8066
    endloop
  endfacet
  facet normal 0 1 0
    outer loop
      vertex 29.8695 115.714 20.6086
      vertex 29.3323 115.714 0
      vertex 29.6173 115.714 20.6761
    endloop
  endfacet
  facet normal 0 1 0
    outer loop
      vertex 30.1305 115.714 20.6086
      vertex 29.3323 115.714 0
      vertex 29.8695 115.714 20.6086
    endloop
  endfacet
  facet normal 0 1 0
    outer loop
      vertex 46.1305 115.714 17.7286
      vertex 29.3323 115.714 0
      vertex 45.8695 115.714 17.7286
    endloop
  endfacet
  facet normal 0 1 0
    outer loop
      vertex 117.869 115.714 4.76855
      vertex 29.3323 115.714 0
      vertex 109.869 115.714 6.20855
    endloop
  endfacet
  facet normal 0 1 0
    outer loop
      vertex 29.3323 115.714 0
      vertex 125.869 115.714 3.32856
      vertex 150 115.714 0
    endloop
  endfacet
  facet normal 0 1 0
    outer loop
      vertex 14.1305 115.714 23.4886
      vertex 14.6686 115.714 0
      vertex 13.8695 115.714 23.4886
    endloop
  endfacet
  facet normal 0 1 0
    outer loop
      vertex 14.3827 115.714 23.5561
      vertex 14.6686 115.714 0
      vertex 14.1305 115.714 23.4886
    endloop
  endfacet
  facet normal 0 1 0
    outer loop
      vertex 14.6088 115.714 23.6866
      vertex 14.6686 115.714 0
      vertex 14.3827 115.714 23.5561
    endloop
  endfacet
  facet normal 0 1 -0
    outer loop
      vertex 14.6686 115.714 0
      vertex 14.6088 115.714 23.6866
      vertex 14.6686 115.714 23.7465
    endloop
  endfacet
  facet normal 0 1 0
    outer loop
      vertex 6.79335 115.714 25.3112
      vertex 13.0761 115.714 24.0973
      vertex 6.60876 115.714 25.1266
    endloop
  endfacet
  facet normal 0 1 0
    outer loop
      vertex 13.0761 115.714 24.0973
      vertex 6.79335 115.714 25.3112
      vertex 13.0086 115.714 24.3495
    endloop
  endfacet
  facet normal 0 1 0
    outer loop
      vertex 6.92388 115.714 25.5373
      vertex 13.0086 115.714 24.3495
      vertex 6.79335 115.714 25.3112
    endloop
  endfacet
  facet normal 0 1 -0
    outer loop
      vertex 13.0086 115.714 24.3495
      vertex 6.92388 115.714 25.5373
      vertex 13.0086 115.714 24.6105
    endloop
  endfacet
  facet normal 0 1 0
    outer loop
      vertex 6.97919 115.714 25.7437
      vertex 13.0086 115.714 24.6105
      vertex 6.92388 115.714 25.5373
    endloop
  endfacet
  facet normal 0 1 -0
    outer loop
      vertex 13.0086 115.714 24.6105
      vertex 6.97919 115.714 25.7437
      vertex 13.0208 115.714 24.6563
    endloop
  endfacet
  facet normal 0 1 -0
    outer loop
      vertex 5.00855 115.714 26.0505
      vertex 0 115.714 27
      vertex 5.02081 115.714 26.0963
    endloop
  endfacet
  facet normal 0 1 -0
    outer loop
      vertex 5.00855 115.714 25.7895
      vertex 0 115.714 27
      vertex 5.00855 115.714 26.0505
    endloop
  endfacet
  facet normal 0 1 0
    outer loop
      vertex 5.07612 115.714 25.5373
      vertex 0 115.714 27
      vertex 5.00855 115.714 25.7895
    endloop
  endfacet
  facet normal 0 1 0
    outer loop
      vertex 5.20665 115.714 25.3112
      vertex 0 115.714 27
      vertex 5.07612 115.714 25.5373
    endloop
  endfacet
  facet normal 0 1 0
    outer loop
      vertex 5.39124 115.714 25.1266
      vertex 0 115.714 27
      vertex 5.20665 115.714 25.3112
    endloop
  endfacet
  facet normal 0 1 0
    outer loop
      vertex 0 115.714 0
      vertex 5.39124 115.714 25.1266
      vertex 5.61732 115.714 24.9961
    endloop
  endfacet
  facet normal 0 1 0
    outer loop
      vertex 13.2066 115.714 23.8712
      vertex 6.60876 115.714 25.1266
      vertex 13.0761 115.714 24.0973
    endloop
  endfacet
  facet normal 0 1 0
    outer loop
      vertex 6.60876 115.714 25.1266
      vertex 13.2066 115.714 23.8712
      vertex 6.38268 115.714 24.9961
    endloop
  endfacet
  facet normal 0 1 0
    outer loop
      vertex 13.3912 115.714 23.6866
      vertex 6.38268 115.714 24.9961
      vertex 13.2066 115.714 23.8712
    endloop
  endfacet
  facet normal 0 1 0
    outer loop
      vertex 6.38268 115.714 24.9961
      vertex 13.3912 115.714 23.6866
      vertex 6.13053 115.714 24.9286
    endloop
  endfacet
  facet normal 0 1 0
    outer loop
      vertex 13.6173 115.714 23.5561
      vertex 6.13053 115.714 24.9286
      vertex 13.3912 115.714 23.6866
    endloop
  endfacet
  facet normal 0 1 0
    outer loop
      vertex 14.6686 115.714 0
      vertex 6.13053 115.714 24.9286
      vertex 13.6173 115.714 23.5561
    endloop
  endfacet
  facet normal 0 1 0
    outer loop
      vertex 14.6686 115.714 0
      vertex 13.6173 115.714 23.5561
      vertex 13.8695 115.714 23.4886
    endloop
  endfacet
  facet normal 0 1 0
    outer loop
      vertex 0 115.714 0
      vertex 6.13053 115.714 24.9286
      vertex 14.6686 115.714 0
    endloop
  endfacet
  facet normal 0 1 0
    outer loop
      vertex 6.13053 115.714 24.9286
      vertex 0 115.714 0
      vertex 5.86947 115.714 24.9286
    endloop
  endfacet
  facet normal 0 1 0
    outer loop
      vertex 5.86947 115.714 24.9286
      vertex 0 115.714 0
      vertex 5.61732 115.714 24.9961
    endloop
  endfacet
  facet normal 0 1 0
    outer loop
      vertex 5.39124 115.714 25.1266
      vertex 0 115.714 0
      vertex 0 115.714 27
    endloop
  endfacet
  facet normal 0 0 -1
    outer loop
      vertex 150 0 0
      vertex 29.3323 115.714 0
      vertex 150 115.714 0
    endloop
  endfacet
  facet normal 0 0 -1
    outer loop
      vertex 0 0 0
      vertex 29.3323 115.714 0
      vertex 150 0 0
    endloop
  endfacet
  facet normal -0 0 -1
    outer loop
      vertex 29.3323 115.714 0
      vertex 0 0 0
      vertex 14.6686 115.714 0
    endloop
  endfacet
  facet normal -0 0 -1
    outer loop
      vertex 14.6686 115.714 0
      vertex 0 0 0
      vertex 0 115.714 0
    endloop
  endfacet
  facet normal 0 0 -1
    outer loop
      vertex 33.3916 127.93 0
      vertex 33.4151 128.321 0
      vertex 33.4162 128.124 0
    endloop
  endfacet
  facet normal 0 0 -1
    outer loop
      vertex 33.3916 127.93 0
      vertex 33.3884 128.515 0
      vertex 33.4151 128.321 0
    endloop
  endfacet
  facet normal 0 0 -1
    outer loop
      vertex 33.3419 127.74 0
      vertex 33.3884 128.515 0
      vertex 33.3916 127.93 0
    endloop
  endfacet
  facet normal 0 0 -1
    outer loop
      vertex 33.3419 127.74 0
      vertex 33.3366 128.704 0
      vertex 33.3884 128.515 0
    endloop
  endfacet
  facet normal 0 0 -1
    outer loop
      vertex 33.3419 127.74 0
      vertex 33.2605 128.885 0
      vertex 33.3366 128.704 0
    endloop
  endfacet
  facet normal 0 0 -1
    outer loop
      vertex 33.3419 127.74 0
      vertex 33.1615 129.054 0
      vertex 33.2605 128.885 0
    endloop
  endfacet
  facet normal 0 0 -1
    outer loop
      vertex 33.3419 127.74 0
      vertex 33.0412 129.209 0
      vertex 33.1615 129.054 0
    endloop
  endfacet
  facet normal 0 0 -1
    outer loop
      vertex 33.3419 127.74 0
      vertex 32.9017 129.347 0
      vertex 33.0412 129.209 0
    endloop
  endfacet
  facet normal 0 0 -1
    outer loop
      vertex 33.3419 127.74 0
      vertex 32.7454 129.466 0
      vertex 32.9017 129.347 0
    endloop
  endfacet
  facet normal 0 0 -1
    outer loop
      vertex 33.3419 127.74 0
      vertex 32.5749 129.563 0
      vertex 32.7454 129.466 0
    endloop
  endfacet
  facet normal 0 0 -1
    outer loop
      vertex 33.3419 127.74 0
      vertex 32.3932 129.637 0
      vertex 32.5749 129.563 0
    endloop
  endfacet
  facet normal 0 0 -1
    outer loop
      vertex 33.3419 127.74 0
      vertex 32.2034 129.687 0
      vertex 32.3932 129.637 0
    endloop
  endfacet
  facet normal 0 0 -1
    outer loop
      vertex 33.3419 127.74 0
      vertex 31.9189 129.714 0
      vertex 32.2034 129.687 0
    endloop
  endfacet
  facet normal 0 0 -1
    outer loop
      vertex 29.3419 115.74 0
      vertex 31.9189 129.714 0
      vertex 33.3419 127.74 0
    endloop
  endfacet
  facet normal 0 0 -1
    outer loop
      vertex 14.6686 115.714 0
      vertex 29.3419 115.74 0
      vertex 29.3323 115.714 0
    endloop
  endfacet
  facet normal -0 0 -1
    outer loop
      vertex 29.3419 115.74 0
      vertex 14.6686 115.714 0
      vertex 14.6581 115.74 0
    endloop
  endfacet
  facet normal 0 0 -1
    outer loop
      vertex 29.3419 115.74 0
      vertex 14.6581 115.74 0
      vertex 31.9189 129.714 0
    endloop
  endfacet
  facet normal 0 0 -1
    outer loop
      vertex 14.6581 115.74 0
      vertex 12.0811 129.714 0
      vertex 31.9189 129.714 0
    endloop
  endfacet
  facet normal 0 0 -1
    outer loop
      vertex 10.6581 127.74 0
      vertex 12.0811 129.714 0
      vertex 14.6581 115.74 0
    endloop
  endfacet
  facet normal 0 0 -1
    outer loop
      vertex 12.0811 129.714 0
      vertex 10.6581 127.74 0
      vertex 11.8853 129.701 0
    endloop
  endfacet
  facet normal 0 0 -1
    outer loop
      vertex 11.8853 129.701 0
      vertex 10.6581 127.74 0
      vertex 11.6929 129.663 0
    endloop
  endfacet
  facet normal 0 0 -1
    outer loop
      vertex 11.6929 129.663 0
      vertex 10.6581 127.74 0
      vertex 11.5071 129.6 0
    endloop
  endfacet
  facet normal 0 0 -1
    outer loop
      vertex 11.5071 129.6 0
      vertex 10.6581 127.74 0
      vertex 11.3311 129.513 0
    endloop
  endfacet
  facet normal 0 0 -1
    outer loop
      vertex 11.3311 129.513 0
      vertex 10.6581 127.74 0
      vertex 11.168 129.404 0
    endloop
  endfacet
  facet normal 0 0 -1
    outer loop
      vertex 11.168 129.404 0
      vertex 10.6581 127.74 0
      vertex 11.0205 129.275 0
    endloop
  endfacet
  facet normal 0 0 -1
    outer loop
      vertex 11.0205 129.275 0
      vertex 10.6581 127.74 0
      vertex 10.8911 129.127 0
    endloop
  endfacet
  facet normal 0 0 -1
    outer loop
      vertex 10.8911 129.127 0
      vertex 10.6581 127.74 0
      vertex 10.7821 128.964 0
    endloop
  endfacet
  facet normal 0 0 -1
    outer loop
      vertex 10.7821 128.964 0
      vertex 10.6581 127.74 0
      vertex 10.6953 128.788 0
    endloop
  endfacet
  facet normal 0 0 -1
    outer loop
      vertex 10.6581 127.74 0
      vertex 10.6322 128.603 0
      vertex 10.6953 128.788 0
    endloop
  endfacet
  facet normal 0 0 -1
    outer loop
      vertex 10.594 128.018 0
      vertex 10.6322 128.603 0
      vertex 10.6581 127.74 0
    endloop
  endfacet
  facet normal 0 0 -1
    outer loop
      vertex 10.594 128.018 0
      vertex 10.594 128.41 0
      vertex 10.6322 128.603 0
    endloop
  endfacet
  facet normal 0 -0 -1
    outer loop
      vertex 10.594 128.41 0
      vertex 10.594 128.018 0
      vertex 10.5811 128.214 0
    endloop
  endfacet
  facet normal 0 1 0
    outer loop
      vertex 31.9189 129.714 21.2546
      vertex 30.9239 129.714 21.2173
      vertex 30.9792 129.714 21.4237
    endloop
  endfacet
  facet normal 0 1 0
    outer loop
      vertex 31.9189 129.714 21.2546
      vertex 30.7934 129.714 20.9912
      vertex 30.9239 129.714 21.2173
    endloop
  endfacet
  facet normal 0 1 0
    outer loop
      vertex 31.9189 129.714 21.2546
      vertex 30.6088 129.714 20.8066
      vertex 30.7934 129.714 20.9912
    endloop
  endfacet
  facet normal 0 1 0
    outer loop
      vertex 31.9189 129.714 21.2546
      vertex 30.3827 129.714 20.6761
      vertex 30.6088 129.714 20.8066
    endloop
  endfacet
  facet normal 0 1 0
    outer loop
      vertex 30.1305 129.714 20.6086
      vertex 31.9189 129.714 0
      vertex 29.8695 129.714 20.6086
    endloop
  endfacet
  facet normal 0 1 0
    outer loop
      vertex 30.3827 129.714 20.6761
      vertex 31.9189 129.714 0
      vertex 30.1305 129.714 20.6086
    endloop
  endfacet
  facet normal 0 1 -0
    outer loop
      vertex 31.9189 129.714 0
      vertex 30.3827 129.714 20.6761
      vertex 31.9189 129.714 21.2546
    endloop
  endfacet
  facet normal 0 1 0
    outer loop
      vertex 22.7934 129.714 22.4312
      vertex 29.0761 129.714 21.2173
      vertex 22.6088 129.714 22.2466
    endloop
  endfacet
  facet normal 0 1 0
    outer loop
      vertex 29.0761 129.714 21.2173
      vertex 22.7934 129.714 22.4312
      vertex 29.0086 129.714 21.4695
    endloop
  endfacet
  facet normal 0 1 0
    outer loop
      vertex 22.9239 129.714 22.6573
      vertex 29.0086 129.714 21.4695
      vertex 22.7934 129.714 22.4312
    endloop
  endfacet
  facet normal 0 1 -0
    outer loop
      vertex 29.0086 129.714 21.4695
      vertex 22.9239 129.714 22.6573
      vertex 29.0086 129.714 21.7305
    endloop
  endfacet
  facet normal 0 1 0
    outer loop
      vertex 22.9792 129.714 22.8637
      vertex 29.0086 129.714 21.7305
      vertex 22.9239 129.714 22.6573
    endloop
  endfacet
  facet normal 0 1 -0
    outer loop
      vertex 29.0086 129.714 21.7305
      vertex 22.9792 129.714 22.8637
      vertex 29.0208 129.714 21.7763
    endloop
  endfacet
  facet normal 0 1 0
    outer loop
      vertex 14.7934 129.714 23.8712
      vertex 21.0761 129.714 22.6573
      vertex 14.6088 129.714 23.6866
    endloop
  endfacet
  facet normal 0 1 0
    outer loop
      vertex 21.0761 129.714 22.6573
      vertex 14.7934 129.714 23.8712
      vertex 21.0086 129.714 22.9095
    endloop
  endfacet
  facet normal 0 1 0
    outer loop
      vertex 14.9239 129.714 24.0973
      vertex 21.0086 129.714 22.9095
      vertex 14.7934 129.714 23.8712
    endloop
  endfacet
  facet normal 0 1 -0
    outer loop
      vertex 21.0086 129.714 22.9095
      vertex 14.9239 129.714 24.0973
      vertex 21.0086 129.714 23.1705
    endloop
  endfacet
  facet normal 0 1 0
    outer loop
      vertex 14.9792 129.714 24.3037
      vertex 21.0086 129.714 23.1705
      vertex 14.9239 129.714 24.0973
    endloop
  endfacet
  facet normal 0 1 -0
    outer loop
      vertex 21.0086 129.714 23.1705
      vertex 14.9792 129.714 24.3037
      vertex 21.0208 129.714 23.2163
    endloop
  endfacet
  facet normal 0 1 -0
    outer loop
      vertex 13.0086 129.714 24.6105
      vertex 12.0811 129.714 24.8254
      vertex 13.0208 129.714 24.6563
    endloop
  endfacet
  facet normal 0 1 -0
    outer loop
      vertex 13.0086 129.714 24.3495
      vertex 12.0811 129.714 24.8254
      vertex 13.0086 129.714 24.6105
    endloop
  endfacet
  facet normal 0 1 0
    outer loop
      vertex 13.0761 129.714 24.0973
      vertex 12.0811 129.714 24.8254
      vertex 13.0086 129.714 24.3495
    endloop
  endfacet
  facet normal 0 1 0
    outer loop
      vertex 13.2066 129.714 23.8712
      vertex 12.0811 129.714 24.8254
      vertex 13.0761 129.714 24.0973
    endloop
  endfacet
  facet normal 0 1 0
    outer loop
      vertex 13.3912 129.714 23.6866
      vertex 12.0811 129.714 24.8254
      vertex 13.2066 129.714 23.8712
    endloop
  endfacet
  facet normal 0 1 0
    outer loop
      vertex 21.2066 129.714 22.4312
      vertex 14.6088 129.714 23.6866
      vertex 21.0761 129.714 22.6573
    endloop
  endfacet
  facet normal 0 1 0
    outer loop
      vertex 14.6088 129.714 23.6866
      vertex 21.2066 129.714 22.4312
      vertex 14.3827 129.714 23.5561
    endloop
  endfacet
  facet normal 0 1 0
    outer loop
      vertex 21.3912 129.714 22.2466
      vertex 14.3827 129.714 23.5561
      vertex 21.2066 129.714 22.4312
    endloop
  endfacet
  facet normal 0 1 0
    outer loop
      vertex 14.3827 129.714 23.5561
      vertex 21.3912 129.714 22.2466
      vertex 14.1305 129.714 23.4886
    endloop
  endfacet
  facet normal 0 1 0
    outer loop
      vertex 21.6173 129.714 22.1161
      vertex 14.1305 129.714 23.4886
      vertex 21.3912 129.714 22.2466
    endloop
  endfacet
  facet normal 0 1 0
    outer loop
      vertex 12.0811 129.714 0
      vertex 14.1305 129.714 23.4886
      vertex 21.6173 129.714 22.1161
    endloop
  endfacet
  facet normal 0 1 0
    outer loop
      vertex 12.0811 129.714 0
      vertex 21.6173 129.714 22.1161
      vertex 21.8695 129.714 22.0486
    endloop
  endfacet
  facet normal 0 1 0
    outer loop
      vertex 29.2066 129.714 20.9912
      vertex 22.6088 129.714 22.2466
      vertex 29.0761 129.714 21.2173
    endloop
  endfacet
  facet normal 0 1 0
    outer loop
      vertex 22.6088 129.714 22.2466
      vertex 29.2066 129.714 20.9912
      vertex 22.3827 129.714 22.1161
    endloop
  endfacet
  facet normal 0 1 0
    outer loop
      vertex 29.3912 129.714 20.8066
      vertex 22.3827 129.714 22.1161
      vertex 29.2066 129.714 20.9912
    endloop
  endfacet
  facet normal 0 1 0
    outer loop
      vertex 22.3827 129.714 22.1161
      vertex 29.3912 129.714 20.8066
      vertex 22.1305 129.714 22.0486
    endloop
  endfacet
  facet normal 0 1 0
    outer loop
      vertex 29.6173 129.714 20.6761
      vertex 22.1305 129.714 22.0486
      vertex 29.3912 129.714 20.8066
    endloop
  endfacet
  facet normal 0 1 0
    outer loop
      vertex 31.9189 129.714 0
      vertex 22.1305 129.714 22.0486
      vertex 29.6173 129.714 20.6761
    endloop
  endfacet
  facet normal 0 1 0
    outer loop
      vertex 31.9189 129.714 0
      vertex 29.6173 129.714 20.6761
      vertex 29.8695 129.714 20.6086
    endloop
  endfacet
  facet normal 0 1 0
    outer loop
      vertex 22.1305 129.714 22.0486
      vertex 31.9189 129.714 0
      vertex 21.8695 129.714 22.0486
    endloop
  endfacet
  facet normal 0 1 0
    outer loop
      vertex 12.0811 129.714 0
      vertex 21.8695 129.714 22.0486
      vertex 31.9189 129.714 0
    endloop
  endfacet
  facet normal 0 1 0
    outer loop
      vertex 14.1305 129.714 23.4886
      vertex 12.0811 129.714 0
      vertex 13.8695 129.714 23.4886
    endloop
  endfacet
  facet normal 0 1 0
    outer loop
      vertex 13.8695 129.714 23.4886
      vertex 12.0811 129.714 0
      vertex 13.6173 129.714 23.5561
    endloop
  endfacet
  facet normal 0 1 0
    outer loop
      vertex 13.6173 129.714 23.5561
      vertex 12.0811 129.714 0
      vertex 13.3912 129.714 23.6866
    endloop
  endfacet
  facet normal 0 1 0
    outer loop
      vertex 13.3912 129.714 23.6866
      vertex 12.0811 129.714 0
      vertex 12.0811 129.714 24.8254
    endloop
  endfacet
  facet normal 0.177152 0 0.984184
    outer loop
      vertex 126.979 115.714 4.14375
      vertex 150 0 0
      vertex 150 115.714 0
    endloop
  endfacet
  facet normal 0.177152 0 0.984184
    outer loop
      vertex 150 0 0
      vertex 126.979 115.714 4.14375
      vertex 126.979 0 4.14375
    endloop
  endfacet
  facet normal 0.177144 0 0.984185
    outer loop
      vertex 0 115.714 27
      vertex 5.02081 0 26.0963
      vertex 5.02081 115.714 26.0963
    endloop
  endfacet
  facet normal 0.177144 0 0.984185
    outer loop
      vertex 5.02081 0 26.0963
      vertex 0 115.714 27
      vertex 0 0 27
    endloop
  endfacet
  facet normal 0.177106 1.4787e-05 0.984192
    outer loop
      vertex 10.6581 127.74 25.0815
      vertex 13.0208 129.714 24.6563
      vertex 12.0811 129.714 24.8254
    endloop
  endfacet
  facet normal 0.176929 0.000146506 0.984224
    outer loop
      vertex 10.6581 127.74 25.0815
      vertex 12.0811 129.714 24.8254
      vertex 11.8853 129.701 24.8606
    endloop
  endfacet
  facet normal 0.177537 -0.000246071 0.984114
    outer loop
      vertex 10.6581 127.74 25.0815
      vertex 11.8853 129.701 24.8606
      vertex 11.6929 129.663 24.8953
    endloop
  endfacet
  facet normal 0.17689 0.00011335 0.984231
    outer loop
      vertex 10.6581 127.74 25.0815
      vertex 11.6929 129.663 24.8953
      vertex 11.5071 129.6 24.9287
    endloop
  endfacet
  facet normal 0.177299 -7.95876e-05 0.984157
    outer loop
      vertex 10.6581 127.74 25.0815
      vertex 11.5071 129.6 24.9287
      vertex 11.3311 129.513 24.9604
    endloop
  endfacet
  facet normal 0.177501 -0.00015864 0.984121
    outer loop
      vertex 10.6581 127.74 25.0815
      vertex 11.3311 129.513 24.9604
      vertex 11.168 129.404 24.9898
    endloop
  endfacet
  facet normal 0.176768 7.34096e-05 0.984253
    outer loop
      vertex 10.6581 127.74 25.0815
      vertex 11.168 129.404 24.9898
      vertex 11.0205 129.275 25.0163
    endloop
  endfacet
  facet normal 0.177265 -4.77849e-05 0.984163
    outer loop
      vertex 10.6581 127.74 25.0815
      vertex 11.0205 129.275 25.0163
      vertex 10.8911 129.127 25.0396
    endloop
  endfacet
  facet normal 0.176974 2.60825e-06 0.984215
    outer loop
      vertex 10.6581 127.74 25.0815
      vertex 10.8911 129.127 25.0396
      vertex 10.7821 128.964 25.0592
    endloop
  endfacet
  facet normal 0.176861 1.4457e-05 0.984236
    outer loop
      vertex 10.6581 127.74 25.0815
      vertex 10.7821 128.964 25.0592
      vertex 10.6953 128.788 25.0748
    endloop
  endfacet
  facet normal 0.177118 0 0.98419
    outer loop
      vertex 13.0208 129.714 24.6563
      vertex 10.6581 127.74 25.0815
      vertex 13.0208 120.652 24.6563
    endloop
  endfacet
  facet normal 0.177849 -2.17584e-05 0.984058
    outer loop
      vertex 10.6322 128.603 25.0862
      vertex 10.6581 127.74 25.0815
      vertex 10.6953 128.788 25.0748
    endloop
  endfacet
  facet normal 0.177857 -2.15135e-05 0.984056
    outer loop
      vertex 10.594 128.41 25.0931
      vertex 10.6581 127.74 25.0815
      vertex 10.6322 128.603 25.0862
    endloop
  endfacet
  facet normal 0.178075 0 0.984017
    outer loop
      vertex 10.594 128.41 25.0931
      vertex 10.594 128.018 25.0931
      vertex 10.6581 127.74 25.0815
    endloop
  endfacet
  facet normal 0.175526 -0 0.984475
    outer loop
      vertex 10.594 128.018 25.0931
      vertex 10.594 128.41 25.0931
      vertex 10.5811 128.214 25.0954
    endloop
  endfacet
  facet normal 0.176187 -1.55642e-05 0.984357
    outer loop
      vertex 33.4151 128.321 20.9853
      vertex 33.3916 127.93 20.9895
      vertex 33.4162 128.124 20.9851
    endloop
  endfacet
  facet normal 0.176634 -4.33119e-05 0.984277
    outer loop
      vertex 33.3884 128.515 20.9901
      vertex 33.3916 127.93 20.9895
      vertex 33.4151 128.321 20.9853
    endloop
  endfacet
  facet normal 0.178314 -3.3813e-05 0.983974
    outer loop
      vertex 33.3884 128.515 20.9901
      vertex 33.3419 127.74 20.9985
      vertex 33.3916 127.93 20.9895
    endloop
  endfacet
  facet normal 0.176901 5.37033e-05 0.984229
    outer loop
      vertex 33.3366 128.704 20.9994
      vertex 33.3419 127.74 20.9985
      vertex 33.3884 128.515 20.9901
    endloop
  endfacet
  facet normal 0.177307 5.60036e-05 0.984156
    outer loop
      vertex 33.2605 128.885 21.0131
      vertex 33.3419 127.74 20.9985
      vertex 33.3366 128.704 20.9994
    endloop
  endfacet
  facet normal 0.177018 3.47838e-05 0.984208
    outer loop
      vertex 33.1615 129.054 21.0309
      vertex 33.3419 127.74 20.9985
      vertex 33.2605 128.885 21.0131
    endloop
  endfacet
  facet normal 0.177678 0.000128275 0.984089
    outer loop
      vertex 33.0412 129.209 21.0526
      vertex 33.3419 127.74 20.9985
      vertex 33.1615 129.054 21.0309
    endloop
  endfacet
  facet normal 0.177088 3.73374e-06 0.984195
    outer loop
      vertex 32.9017 129.347 21.0777
      vertex 33.3419 127.74 20.9985
      vertex 33.0412 129.209 21.0526
    endloop
  endfacet
  facet normal 0.176912 -4.62431e-05 0.984227
    outer loop
      vertex 32.7454 129.466 21.1058
      vertex 33.3419 127.74 20.9985
      vertex 32.9017 129.347 21.0777
    endloop
  endfacet
  facet normal 0.17725 7.45131e-05 0.984166
    outer loop
      vertex 32.5749 129.563 21.1365
      vertex 33.3419 127.74 20.9985
      vertex 32.7454 129.466 21.1058
    endloop
  endfacet
  facet normal 0.17713 2.25895e-05 0.984187
    outer loop
      vertex 32.3932 129.637 21.1692
      vertex 33.3419 127.74 20.9985
      vertex 32.5749 129.563 21.1365
    endloop
  endfacet
  facet normal 0.177371 0.000146953 0.984144
    outer loop
      vertex 32.2034 129.687 21.2034
      vertex 33.3419 127.74 20.9985
      vertex 32.3932 129.637 21.1692
    endloop
  endfacet
  facet normal 0.177119 -5.36131e-06 0.984189
    outer loop
      vertex 31.9189 129.714 21.2546
      vertex 33.3419 127.74 20.9985
      vertex 32.2034 129.687 21.2034
    endloop
  endfacet
  facet normal 0.177106 -1.4787e-05 0.984192
    outer loop
      vertex 30.9792 129.714 21.4237
      vertex 33.3419 127.74 20.9985
      vertex 31.9189 129.714 21.2546
    endloop
  endfacet
  facet normal 0.177118 0 0.98419
    outer loop
      vertex 33.3419 127.74 20.9985
      vertex 30.9792 129.714 21.4237
      vertex 30.9792 120.652 21.4237
    endloop
  endfacet
  facet normal 0.177144 0 0.984185
    outer loop
      vertex 118.979 115.714 5.58375
      vertex 125.021 0 4.49625
      vertex 125.021 115.714 4.49625
    endloop
  endfacet
  facet normal 0.177144 0 0.984185
    outer loop
      vertex 125.021 0 4.49625
      vertex 118.979 115.714 5.58375
      vertex 118.979 0 5.58375
    endloop
  endfacet
  facet normal 0.177144 0 0.984185
    outer loop
      vertex 110.979 115.714 7.02375
      vertex 117.021 0 5.93625
      vertex 117.021 115.714 5.93625
    endloop
  endfacet
  facet normal 0.177144 0 0.984185
    outer loop
      vertex 117.021 0 5.93625
      vertex 110.979 115.714 7.02375
      vertex 110.979 0 7.02375
    endloop
  endfacet
  facet normal 0.177149 0 0.984184
    outer loop
      vertex 94.9792 115.714 9.90375
      vertex 101.021 0 8.81625
      vertex 101.021 115.714 8.81625
    endloop
  endfacet
  facet normal 0.177149 0 0.984184
    outer loop
      vertex 101.021 0 8.81625
      vertex 94.9792 115.714 9.90375
      vertex 94.9792 0 9.90375
    endloop
  endfacet
  facet normal 0.177144 0 0.984185
    outer loop
      vertex 102.979 115.714 8.46375
      vertex 109.021 0 7.37625
      vertex 109.021 115.714 7.37625
    endloop
  endfacet
  facet normal 0.177144 0 0.984185
    outer loop
      vertex 109.021 0 7.37625
      vertex 102.979 115.714 8.46375
      vertex 102.979 0 8.46375
    endloop
  endfacet
  facet normal 0.177139 0 0.984186
    outer loop
      vertex 70.9792 115.714 14.2237
      vertex 77.0208 0 13.1363
      vertex 77.0208 115.714 13.1363
    endloop
  endfacet
  facet normal 0.177139 0 0.984186
    outer loop
      vertex 77.0208 0 13.1363
      vertex 70.9792 115.714 14.2237
      vertex 70.9792 0 14.2237
    endloop
  endfacet
  facet normal 0.177139 0 0.984186
    outer loop
      vertex 78.9792 115.714 12.7837
      vertex 85.0208 0 11.6963
      vertex 85.0208 115.714 11.6963
    endloop
  endfacet
  facet normal 0.177139 0 0.984186
    outer loop
      vertex 85.0208 0 11.6963
      vertex 78.9792 115.714 12.7837
      vertex 78.9792 0 12.7837
    endloop
  endfacet
  facet normal 0.177139 0 0.984186
    outer loop
      vertex 86.9792 115.714 11.3437
      vertex 93.0208 0 10.2563
      vertex 93.0208 115.714 10.2563
    endloop
  endfacet
  facet normal 0.177139 0 0.984186
    outer loop
      vertex 93.0208 0 10.2563
      vertex 86.9792 115.714 11.3437
      vertex 86.9792 0 11.3437
    endloop
  endfacet
  facet normal 0.177139 0 0.984186
    outer loop
      vertex 22.9792 129.714 22.8637
      vertex 29.0208 0 21.7763
      vertex 29.0208 129.714 21.7763
    endloop
  endfacet
  facet normal 0.177139 0 0.984186
    outer loop
      vertex 29.0208 0 21.7763
      vertex 22.9792 129.714 22.8637
      vertex 22.9792 0 22.8637
    endloop
  endfacet
  facet normal 0.177139 0 0.984186
    outer loop
      vertex 30.9792 115.714 21.4237
      vertex 37.0208 0 20.3363
      vertex 37.0208 115.714 20.3363
    endloop
  endfacet
  facet normal 0.177139 0 0.984186
    outer loop
      vertex 37.0208 0 20.3363
      vertex 30.9792 115.714 21.4237
      vertex 30.9792 0 21.4237
    endloop
  endfacet
  facet normal 0.177139 0 0.984186
    outer loop
      vertex 38.9792 115.714 19.9837
      vertex 45.0208 0 18.8963
      vertex 45.0208 115.714 18.8963
    endloop
  endfacet
  facet normal 0.177139 0 0.984186
    outer loop
      vertex 45.0208 0 18.8963
      vertex 38.9792 115.714 19.9837
      vertex 38.9792 0 19.9837
    endloop
  endfacet
  facet normal 0.177139 0 0.984186
    outer loop
      vertex 46.9792 115.714 18.5437
      vertex 53.0208 0 17.4563
      vertex 53.0208 115.714 17.4563
    endloop
  endfacet
  facet normal 0.177139 0 0.984186
    outer loop
      vertex 53.0208 0 17.4563
      vertex 46.9792 115.714 18.5437
      vertex 46.9792 0 18.5437
    endloop
  endfacet
  facet normal 0.177139 0 0.984186
    outer loop
      vertex 54.9792 115.714 17.1037
      vertex 61.0208 0 16.0163
      vertex 61.0208 115.714 16.0163
    endloop
  endfacet
  facet normal 0.177139 0 0.984186
    outer loop
      vertex 61.0208 0 16.0163
      vertex 54.9792 115.714 17.1037
      vertex 54.9792 0 17.1037
    endloop
  endfacet
  facet normal 0.177139 0 0.984186
    outer loop
      vertex 62.9792 115.714 15.6637
      vertex 69.0208 0 14.5763
      vertex 69.0208 115.714 14.5763
    endloop
  endfacet
  facet normal 0.177139 0 0.984186
    outer loop
      vertex 69.0208 0 14.5763
      vertex 62.9792 115.714 15.6637
      vertex 62.9792 0 15.6637
    endloop
  endfacet
  facet normal 0.177139 0 0.984186
    outer loop
      vertex 14.9792 129.714 24.3037
      vertex 21.0208 0 23.2163
      vertex 21.0208 129.714 23.2163
    endloop
  endfacet
  facet normal 0.177139 0 0.984186
    outer loop
      vertex 21.0208 0 23.2163
      vertex 14.9792 129.714 24.3037
      vertex 14.9792 0 24.3037
    endloop
  endfacet
  facet normal 0.177139 0 0.984186
    outer loop
      vertex 6.97919 115.714 25.7437
      vertex 13.0208 0 24.6563
      vertex 13.0208 115.714 24.6563
    endloop
  endfacet
  facet normal 0.177139 0 0.984186
    outer loop
      vertex 13.0208 0 24.6563
      vertex 6.97919 115.714 25.7437
      vertex 6.97919 0 25.7437
    endloop
  endfacet
  facet normal -0.997841 0.0656742 0
    outer loop
      vertex 10.5811 128.214 0
      vertex 10.594 128.41 25.0931
      vertex 10.594 128.41 0
    endloop
  endfacet
  facet normal -0.997841 0.0656742 0
    outer loop
      vertex 10.594 128.41 25.0931
      vertex 10.5811 128.214 0
      vertex 10.5811 128.214 25.0954
    endloop
  endfacet
  facet normal 0.0944788 0.995527 0
    outer loop
      vertex 31.9189 129.714 0
      vertex 32.2034 129.687 21.2034
      vertex 32.2034 129.687 0
    endloop
  endfacet
  facet normal 0.0944788 0.995527 0
    outer loop
      vertex 32.2034 129.687 21.2034
      vertex 31.9189 129.714 0
      vertex 31.9189 129.714 21.2546
    endloop
  endfacet
  facet normal 0.938096 -0.346374 0
    outer loop
      vertex 29.3323 115.714 0
      vertex 29.3419 115.74 20.856
      vertex 29.3323 115.714 20.8656
    endloop
  endfacet
  facet normal 0.938096 -0.346374 0
    outer loop
      vertex 29.3419 115.74 20.856
      vertex 29.3323 115.714 0
      vertex 29.3419 115.74 0
    endloop
  endfacet
  facet normal 0.999984 0.00558367 0
    outer loop
      vertex 33.4162 128.124 20.9851
      vertex 33.4151 128.321 0
      vertex 33.4151 128.321 20.9853
    endloop
  endfacet
  facet normal 0.999984 0.00558367 0
    outer loop
      vertex 33.4151 128.321 0
      vertex 33.4162 128.124 20.9851
      vertex 33.4162 128.124 0
    endloop
  endfacet
  facet normal -0.0662484 0.997803 0
    outer loop
      vertex 11.8853 129.701 0
      vertex 12.0811 129.714 24.8254
      vertex 12.0811 129.714 0
    endloop
  endfacet
  facet normal -0.0662484 0.997803 0
    outer loop
      vertex 12.0811 129.714 24.8254
      vertex 11.8853 129.701 0
      vertex 11.8853 129.701 24.8606
    endloop
  endfacet
  facet normal 0.789983 0.613129 0
    outer loop
      vertex 33.1615 129.054 21.0309
      vertex 33.0412 129.209 0
      vertex 33.0412 129.209 21.0526
    endloop
  endfacet
  facet normal 0.789983 0.613129 0
    outer loop
      vertex 33.0412 129.209 0
      vertex 33.1615 129.054 21.0309
      vertex 33.1615 129.054 0
    endloop
  endfacet
  facet normal -0.974433 -0.22468 -0
    outer loop
      vertex 10.6581 127.74 25.0815
      vertex 10.594 128.018 0
      vertex 10.6581 127.74 0
    endloop
  endfacet
  facet normal -0.974433 -0.22468 0
    outer loop
      vertex 10.594 128.018 0
      vertex 10.6581 127.74 25.0815
      vertex 10.594 128.018 25.0931
    endloop
  endfacet
  facet normal -0.997841 -0.0656742 -0
    outer loop
      vertex 10.594 128.018 25.0931
      vertex 10.5811 128.214 0
      vertex 10.594 128.018 0
    endloop
  endfacet
  facet normal -0.997841 -0.0656742 0
    outer loop
      vertex 10.5811 128.214 0
      vertex 10.594 128.018 25.0931
      vertex 10.5811 128.214 25.0954
    endloop
  endfacet
  facet normal -0.948693 -0.316199 -0
    outer loop
      vertex 11.3127 125.776 6.16351
      vertex 10.6581 127.74 0
      vertex 11.3127 125.776 5.83649
    endloop
  endfacet
  facet normal -0.948689 -0.31621 -4.10511e-06
    outer loop
      vertex 10.6581 127.74 0
      vertex 11.3187 125.758 5.74878
      vertex 11.3127 125.776 5.83649
    endloop
  endfacet
  facet normal -0.948762 -0.315992 7.9395e-05
    outer loop
      vertex 10.6581 127.74 0
      vertex 11.335 125.709 5.51227
      vertex 11.3187 125.758 5.74878
    endloop
  endfacet
  facet normal -0.946772 -0.321895 -0.00234
    outer loop
      vertex 10.6581 127.74 0
      vertex 11.3395 125.696 5.47986
      vertex 11.335 125.709 5.51227
    endloop
  endfacet
  facet normal -0.948679 -0.316241 6.10648e-06
    outer loop
      vertex 10.6581 127.74 0
      vertex 11.3515 125.66 5.39396
      vertex 11.3395 125.696 5.47986
    endloop
  endfacet
  facet normal -0.948626 -0.3164 -6.21357e-05
    outer loop
      vertex 10.6581 127.74 0
      vertex 11.3852 125.559 5.1964
      vertex 11.3515 125.66 5.39396
    endloop
  endfacet
  facet normal -0.949044 -0.315144 0.000523616
    outer loop
      vertex 10.6581 127.74 0
      vertex 11.419 125.457 5.06845
      vertex 11.3852 125.559 5.1964
    endloop
  endfacet
  facet normal -0.94878 -0.315937 0.000126777
    outer loop
      vertex 10.6581 127.74 0
      vertex 11.4626 125.326 4.9033
      vertex 11.419 125.457 5.06845
    endloop
  endfacet
  facet normal -0.94655 -0.322538 -0.00348867
    outer loop
      vertex 10.6581 127.74 0
      vertex 11.4657 125.317 4.89428
      vertex 11.4626 125.326 4.9033
    endloop
  endfacet
  facet normal -0.948735 -0.316072 7.25402e-05
    outer loop
      vertex 10.6581 127.74 0
      vertex 11.5603 125.033 4.69822
      vertex 11.4657 125.317 4.89428
    endloop
  endfacet
  facet normal -0.948809 -0.315851 0.000214571
    outer loop
      vertex 10.6581 127.74 0
      vertex 11.5806 124.972 4.66998
      vertex 11.5603 125.033 4.69822
    endloop
  endfacet
  facet normal -0.94857 -0.316568 -0.000258045
    outer loop
      vertex 10.6581 127.74 0
      vertex 11.623 124.845 4.61107
      vertex 11.5806 124.972 4.66998
    endloop
  endfacet
  facet normal -0.948296 -0.317387 -0.000829692
    outer loop
      vertex 10.6581 127.74 0
      vertex 11.6498 124.765 4.58294
      vertex 11.623 124.845 4.61107
    endloop
  endfacet
  facet normal -0.948597 -0.316486 -0.000179337
    outer loop
      vertex 10.6581 127.74 0
      vertex 11.7162 124.566 4.54866
      vertex 11.6498 124.765 4.58294
    endloop
  endfacet
  facet normal -0.948531 -0.316684 -0.000333033
    outer loop
      vertex 10.6581 127.74 0
      vertex 11.7349 124.51 4.539
      vertex 11.7162 124.566 4.54866
    endloop
  endfacet
  facet normal -0.949848 -0.312698 0.00281602
    outer loop
      vertex 10.6581 127.74 0
      vertex 11.7563 124.445 4.53949
      vertex 11.7349 124.51 4.539
    endloop
  endfacet
  facet normal -0.948734 -0.316075 9.54085e-05
    outer loop
      vertex 10.6581 127.74 0
      vertex 11.8186 124.258 4.5409
      vertex 11.7563 124.445 4.53949
    endloop
  endfacet
  facet normal -0.948537 -0.316666 -0.000408398
    outer loop
      vertex 10.6581 127.74 0
      vertex 11.8957 124.027 4.58421
      vertex 11.8186 124.258 4.5409
    endloop
  endfacet
  facet normal -0.945819 -0.324606 -0.00757337
    outer loop
      vertex 10.6581 127.74 0
      vertex 11.9039 124.003 4.58881
      vertex 11.8957 124.027 4.58421
    endloop
  endfacet
  facet normal -0.95423 -0.298655 0.0158442
    outer loop
      vertex 10.6581 127.74 0
      vertex 11.909 123.987 4.59437
      vertex 11.9039 124.003 4.58881
    endloop
  endfacet
  facet normal -0.948973 -0.315357 0.000769182
    outer loop
      vertex 10.6581 127.74 0
      vertex 11.9243 123.941 4.61107
      vertex 11.909 123.987 4.59437
    endloop
  endfacet
  facet normal -0.948683 -0.316228 -2.74321e-05
    outer loop
      vertex 14.6581 115.74 0
      vertex 11.9243 123.941 4.61107
      vertex 10.6581 127.74 0
    endloop
  endfacet
  facet normal -0.948608 -0.316454 0.000420216
    outer loop
      vertex 11.9243 123.941 4.61107
      vertex 14.6581 115.74 0
      vertex 11.9707 123.802 4.67831
    endloop
  endfacet
  facet normal -0.948756 -0.316009 -0.000432915
    outer loop
      vertex 11.9707 123.802 4.67831
      vertex 14.6581 115.74 0
      vertex 11.994 123.732 4.71201
    endloop
  endfacet
  facet normal -0.94864 -0.316358 0.000224693
    outer loop
      vertex 11.994 123.732 4.71201
      vertex 14.6581 115.74 0
      vertex 12.0287 123.628 4.78593
    endloop
  endfacet
  facet normal -0.94848 -0.316834 0.00109732
    outer loop
      vertex 12.0287 123.628 4.78593
      vertex 14.6581 115.74 0
      vertex 12.0796 123.476 4.89428
    endloop
  endfacet
  facet normal -0.948849 -0.315729 -0.000832397
    outer loop
      vertex 14.6581 115.74 0
      vertex 12.1314 123.32 5.0829
      vertex 12.0926 123.437 4.93279
    endloop
  endfacet
  facet normal -0.948687 -0.316216 0
    outer loop
      vertex 14.6581 115.74 0
      vertex 12.2342 123.012 6.16351
      vertex 12.2342 123.012 5.83649
    endloop
  endfacet
  facet normal -0.948884 -0.315626 8.88854e-05
    outer loop
      vertex 12.2342 123.012 6.16351
      vertex 13.0761 120.486 24.0973
      vertex 13.0086 120.689 24.3495
    endloop
  endfacet
  facet normal -0.948796 -0.315889 4.76572e-05
    outer loop
      vertex 12.2342 123.012 6.16351
      vertex 13.2066 120.094 23.8712
      vertex 13.0761 120.486 24.0973
    endloop
  endfacet
  facet normal -0.948555 -0.316614 -8.49851e-05
    outer loop
      vertex 12.2342 123.012 6.16351
      vertex 13.3912 119.541 23.6866
      vertex 13.2066 120.094 23.8712
    endloop
  endfacet
  facet normal -0.948777 -0.315945 6.22141e-05
    outer loop
      vertex 12.2342 123.012 6.16351
      vertex 13.6173 118.862 23.5561
      vertex 13.3912 119.541 23.6866
    endloop
  endfacet
  facet normal -0.948578 -0.316543 0.000453215
    outer loop
      vertex 14.6581 115.74 0
      vertex 12.2342 123.012 5.83649
      vertex 12.2137 123.073 5.53486
    endloop
  endfacet
  facet normal -0.950015 -0.312146 -0.00600741
    outer loop
      vertex 14.6581 115.74 0
      vertex 12.2137 123.073 5.53486
      vertex 12.2122 123.078 5.51227
    endloop
  endfacet
  facet normal -0.94861 -0.316448 -7.10914e-05
    outer loop
      vertex 12.2342 123.012 6.16351
      vertex 13.8695 118.106 23.4886
      vertex 13.6173 118.862 23.5561
    endloop
  endfacet
  facet normal -0.948683 -0.316228 -1.82526e-06
    outer loop
      vertex 12.2342 123.012 6.16351
      vertex 14.1305 117.323 23.4886
      vertex 13.8695 118.106 23.4886
    endloop
  endfacet
  facet normal -0.948735 -0.316073 5.46463e-05
    outer loop
      vertex 12.2342 123.012 6.16351
      vertex 14.3827 116.566 23.5561
      vertex 14.1305 117.323 23.4886
    endloop
  endfacet
  facet normal -0.948638 -0.316365 -6.56278e-05
    outer loop
      vertex 12.2342 123.012 6.16351
      vertex 14.6088 115.888 23.6866
      vertex 14.3827 116.566 23.5561
    endloop
  endfacet
  facet normal -0.948687 -0.316217 1.26158e-05
    outer loop
      vertex 12.0796 123.476 4.89428
      vertex 14.6581 115.74 0
      vertex 12.0926 123.437 4.93279
    endloop
  endfacet
  facet normal -0.948609 -0.316451 0.000364463
    outer loop
      vertex 12.1314 123.32 5.0829
      vertex 14.6581 115.74 0
      vertex 12.1608 123.232 5.1964
    endloop
  endfacet
  facet normal -0.948703 -0.31617 -8.71482e-05
    outer loop
      vertex 14.6581 115.74 0
      vertex 12.2051 123.099 5.46058
      vertex 12.1608 123.232 5.1964
    endloop
  endfacet
  facet normal -0.948368 -0.317169 0.00140974
    outer loop
      vertex 14.6581 115.74 0
      vertex 12.2122 123.078 5.51227
      vertex 12.2051 123.099 5.46058
    endloop
  endfacet
  facet normal -0.948687 -0.316217 1.26021e-06
    outer loop
      vertex 12.2342 123.012 6.16351
      vertex 14.6581 115.74 0
      vertex 14.6088 115.888 23.6866
    endloop
  endfacet
  facet normal -0.948747 -0.316035 0
    outer loop
      vertex 14.6088 115.888 23.6866
      vertex 14.6581 115.74 0
      vertex 14.6581 115.74 23.736
    endloop
  endfacet
  facet normal -0.948693 -0.316199 0
    outer loop
      vertex 10.6581 127.74 0
      vertex 11.3127 125.776 6.16351
      vertex 10.6581 127.74 25.0815
    endloop
  endfacet
  facet normal -0.948687 -0.316218 2.22007e-06
    outer loop
      vertex 11.3187 125.758 6.25122
      vertex 10.6581 127.74 25.0815
      vertex 11.3127 125.776 6.16351
    endloop
  endfacet
  facet normal -0.948815 -0.315833 -4.28228e-05
    outer loop
      vertex 11.335 125.709 6.48773
      vertex 10.6581 127.74 25.0815
      vertex 11.3187 125.758 6.25122
    endloop
  endfacet
  facet normal -0.945788 -0.324783 0.00104499
    outer loop
      vertex 11.3395 125.696 6.52014
      vertex 10.6581 127.74 25.0815
      vertex 11.335 125.709 6.48773
    endloop
  endfacet
  facet normal -0.948681 -0.316234 -2.69835e-06
    outer loop
      vertex 11.3515 125.66 6.60604
      vertex 10.6581 127.74 25.0815
      vertex 11.3395 125.696 6.52014
    endloop
  endfacet
  facet normal -0.948605 -0.316464 2.608e-05
    outer loop
      vertex 11.3852 125.559 6.8036
      vertex 10.6581 127.74 25.0815
      vertex 11.3515 125.66 6.60604
    endloop
  endfacet
  facet normal -0.949166 -0.314776 -0.00019768
    outer loop
      vertex 11.419 125.457 6.93155
      vertex 10.6581 127.74 25.0815
      vertex 11.3852 125.559 6.8036
    endloop
  endfacet
  facet normal -0.94881 -0.315848 -4.7911e-05
    outer loop
      vertex 11.4626 125.326 7.0967
      vertex 10.6581 127.74 25.0815
      vertex 11.419 125.457 6.93155
    endloop
  endfacet
  facet normal -0.945869 -0.324546 0.00125112
    outer loop
      vertex 11.4657 125.317 7.10572
      vertex 10.6581 127.74 25.0815
      vertex 11.4626 125.326 7.0967
    endloop
  endfacet
  facet normal -0.948745 -0.316042 -2.42449e-05
    outer loop
      vertex 11.5603 125.033 7.30178
      vertex 10.6581 127.74 25.0815
      vertex 11.4657 125.317 7.10572
    endloop
  endfacet
  facet normal -0.948829 -0.315789 -6.70974e-05
    outer loop
      vertex 11.5806 124.972 7.33001
      vertex 10.6581 127.74 25.0815
      vertex 11.5603 125.033 7.30178
    endloop
  endfacet
  facet normal -0.948545 -0.316642 8.07087e-05
    outer loop
      vertex 11.623 124.845 7.38893
      vertex 10.6581 127.74 25.0815
      vertex 11.5806 124.972 7.33001
    endloop
  endfacet
  facet normal -0.948235 -0.317571 0.000249595
    outer loop
      vertex 11.6498 124.765 7.41706
      vertex 10.6581 127.74 25.0815
      vertex 11.623 124.845 7.38893
    endloop
  endfacet
  facet normal -0.948591 -0.316506 5.02722e-05
    outer loop
      vertex 11.7162 124.566 7.45134
      vertex 10.6581 127.74 25.0815
      vertex 11.6498 124.765 7.41706
    endloop
  endfacet
  facet normal -0.948519 -0.316721 9.33657e-05
    outer loop
      vertex 11.7349 124.51 7.461
      vertex 10.6581 127.74 25.0815
      vertex 11.7162 124.566 7.45134
    endloop
  endfacet
  facet normal -0.949844 -0.312724 0.000882015
    outer loop
      vertex 13.0086 120.689 24.3495
      vertex 11.7349 124.51 7.461
      vertex 11.7563 124.445 7.46051
    endloop
  endfacet
  facet normal -0.948734 -0.316076 5.43712e-05
    outer loop
      vertex 13.0086 120.689 24.3495
      vertex 11.7563 124.445 7.46051
      vertex 11.8186 124.258 7.4591
    endloop
  endfacet
  facet normal -0.948564 -0.316586 -6.54552e-05
    outer loop
      vertex 13.0086 120.689 24.3495
      vertex 11.8186 124.258 7.4591
      vertex 11.8957 124.027 7.41579
    endloop
  endfacet
  facet normal -0.946377 -0.323061 -0.00148543
    outer loop
      vertex 13.0086 120.689 24.3495
      vertex 11.8957 124.027 7.41579
      vertex 11.9039 124.003 7.41119
    endloop
  endfacet
  facet normal -0.95251 -0.304497 0.00254649
    outer loop
      vertex 13.0086 120.689 24.3495
      vertex 11.9039 124.003 7.41119
      vertex 11.909 123.987 7.40563
    endloop
  endfacet
  facet normal -0.948874 -0.315654 0.000138949
    outer loop
      vertex 13.0086 120.689 24.3495
      vertex 11.909 123.987 7.40563
      vertex 11.9243 123.941 7.38893
    endloop
  endfacet
  facet normal -0.948556 -0.316609 -6.44722e-05
    outer loop
      vertex 13.0086 120.689 24.3495
      vertex 11.9243 123.941 7.38893
      vertex 11.9707 123.802 7.32169
    endloop
  endfacet
  facet normal -0.948806 -0.315859 8.78677e-05
    outer loop
      vertex 13.0086 120.689 24.3495
      vertex 11.9707 123.802 7.32169
      vertex 11.994 123.732 7.28799
    endloop
  endfacet
  facet normal -0.9486 -0.316479 -3.49675e-05
    outer loop
      vertex 13.0086 120.689 24.3495
      vertex 11.994 123.732 7.28799
      vertex 12.0287 123.628 7.21407
    endloop
  endfacet
  facet normal -0.948291 -0.317402 -0.000210971
    outer loop
      vertex 13.0086 120.689 24.3495
      vertex 12.0287 123.628 7.21407
      vertex 12.0796 123.476 7.10572
    endloop
  endfacet
  facet normal -0.948683 -0.316228 1.62073e-15
    outer loop
      vertex 13.0086 120.689 24.3495
      vertex 12.0796 123.476 7.10572
      vertex 12.0926 123.437 7.06721
    endloop
  endfacet
  facet normal -0.949087 -0.315015 0.000214258
    outer loop
      vertex 13.0086 120.689 24.3495
      vertex 12.0926 123.437 7.06721
      vertex 12.1314 123.32 6.9171
    endloop
  endfacet
  facet normal -0.948499 -0.31678 -8.16695e-05
    outer loop
      vertex 13.0086 120.689 24.3495
      vertex 12.1314 123.32 6.9171
      vertex 12.1608 123.232 6.8036
    endloop
  endfacet
  facet normal -0.948735 -0.316072 3.23567e-05
    outer loop
      vertex 13.0086 120.689 24.3495
      vertex 12.1608 123.232 6.8036
      vertex 12.2051 123.099 6.53942
    endloop
  endfacet
  facet normal -0.947658 -0.319287 -0.000451415
    outer loop
      vertex 13.0086 120.689 24.3495
      vertex 12.2051 123.099 6.53942
      vertex 12.2122 123.078 6.48773
    endloop
  endfacet
  facet normal -0.948203 -0.317666 -0.000200691
    outer loop
      vertex 13.0086 120.689 24.3495
      vertex 12.2137 123.073 6.46514
      vertex 12.2342 123.012 6.16351
    endloop
  endfacet
  facet normal -0.954459 -0.298331 0.00265467
    outer loop
      vertex 13.0086 120.689 24.3495
      vertex 12.2122 123.078 6.48773
      vertex 12.2137 123.073 6.46514
    endloop
  endfacet
  facet normal -0.948677 -0.316248 -3.12755e-06
    outer loop
      vertex 11.7349 124.51 7.461
      vertex 13.0086 120.689 24.3495
      vertex 10.6581 127.74 25.0815
    endloop
  endfacet
  facet normal -0.948677 -0.316248 -0
    outer loop
      vertex 13.0086 120.689 24.6105
      vertex 10.6581 127.74 25.0815
      vertex 13.0086 120.689 24.3495
    endloop
  endfacet
  facet normal -0.948726 -0.316088 -0.00263771
    outer loop
      vertex 10.6581 127.74 25.0815
      vertex 13.0086 120.689 24.6105
      vertex 13.0208 120.652 24.6563
    endloop
  endfacet
  facet normal 0.948693 -0.316199 0
    outer loop
      vertex 33.3419 127.74 20.9985
      vertex 32.6873 125.776 6.16351
      vertex 33.3419 127.74 0
    endloop
  endfacet
  facet normal 0.948687 -0.316216 2.59161e-06
    outer loop
      vertex 33.3419 127.74 20.9985
      vertex 32.6813 125.758 6.25121
      vertex 32.6873 125.776 6.16351
    endloop
  endfacet
  facet normal 0.948804 -0.315864 -5.00125e-05
    outer loop
      vertex 33.3419 127.74 20.9985
      vertex 32.665 125.709 6.48773
      vertex 32.6813 125.758 6.25121
    endloop
  endfacet
  facet normal 0.945955 -0.324297 0.00126318
    outer loop
      vertex 33.3419 127.74 20.9985
      vertex 32.6605 125.696 6.52014
      vertex 32.665 125.709 6.48773
    endloop
  endfacet
  facet normal 0.948681 -0.316235 -3.26756e-06
    outer loop
      vertex 33.3419 127.74 20.9985
      vertex 32.6485 125.66 6.60604
      vertex 32.6605 125.696 6.52014
    endloop
  endfacet
  facet normal 0.948608 -0.316453 3.18481e-05
    outer loop
      vertex 33.3419 127.74 20.9985
      vertex 32.6148 125.559 6.8036
      vertex 32.6485 125.66 6.60604
    endloop
  endfacet
  facet normal 0.949148 -0.314829 -0.000245347
    outer loop
      vertex 33.3419 127.74 20.9985
      vertex 32.581 125.457 6.93155
      vertex 32.6148 125.559 6.8036
    endloop
  endfacet
  facet normal 0.948806 -0.315861 -5.94557e-05
    outer loop
      vertex 33.3419 127.74 20.9985
      vertex 32.5374 125.326 7.09669
      vertex 32.581 125.457 6.93155
    endloop
  endfacet
  facet normal 0.945966 -0.324263 0.001564
    outer loop
      vertex 33.3419 127.74 20.9985
      vertex 32.5343 125.317 7.10572
      vertex 32.5374 125.326 7.09669
    endloop
  endfacet
  facet normal 0.948744 -0.316046 -3.06046e-05
    outer loop
      vertex 33.3419 127.74 20.9985
      vertex 32.4397 125.033 7.30178
      vertex 32.5343 125.317 7.10572
    endloop
  endfacet
  facet normal 0.948827 -0.315797 -8.54229e-05
    outer loop
      vertex 33.3419 127.74 20.9985
      vertex 32.4194 124.972 7.33001
      vertex 32.4397 125.033 7.30178
    endloop
  endfacet
  facet normal 0.948548 -0.316633 0.000102747
    outer loop
      vertex 33.3419 127.74 20.9985
      vertex 32.377 124.845 7.38893
      vertex 32.4194 124.972 7.33001
    endloop
  endfacet
  facet normal 0.948242 -0.317549 0.000319267
    outer loop
      vertex 33.3419 127.74 20.9985
      vertex 32.3502 124.765 7.41706
      vertex 32.377 124.845 7.38893
    endloop
  endfacet
  facet normal 0.948591 -0.316504 6.4836e-05
    outer loop
      vertex 33.3419 127.74 20.9985
      vertex 32.2838 124.566 7.45134
      vertex 32.3502 124.765 7.41706
    endloop
  endfacet
  facet normal 0.94852 -0.316717 0.000120412
    outer loop
      vertex 33.3419 127.74 20.9985
      vertex 32.2651 124.51 7.461
      vertex 32.2838 124.566 7.45134
    endloop
  endfacet
  facet normal 0.949848 -0.312712 -0.000940813
    outer loop
      vertex 33.3419 127.74 20.9985
      vertex 32.2437 124.445 7.46051
      vertex 32.2651 124.51 7.461
    endloop
  endfacet
  facet normal 0.948734 -0.316075 -3.18753e-05
    outer loop
      vertex 33.3419 127.74 20.9985
      vertex 32.1814 124.258 7.4591
      vertex 32.2437 124.445 7.46051
    endloop
  endfacet
  facet normal 0.948689 -0.316209 6.36146e-06
    outer loop
      vertex 30.7934 120.094 20.9912
      vertex 32.1814 124.258 7.4591
      vertex 33.3419 127.74 20.9985
    endloop
  endfacet
  facet normal 0.948567 -0.316577 -0.000119465
    outer loop
      vertex 32.1814 124.258 7.4591
      vertex 30.7934 120.094 20.9912
      vertex 32.1043 124.027 7.41579
    endloop
  endfacet
  facet normal 0.946416 -0.322943 -0.00217133
    outer loop
      vertex 32.1043 124.027 7.41579
      vertex 30.7934 120.094 20.9912
      vertex 32.0961 124.003 7.41119
    endloop
  endfacet
  facet normal 0.94856 -0.316598 -0.000139241
    outer loop
      vertex 30.6088 119.541 20.8066
      vertex 32.0961 124.003 7.41119
      vertex 30.7934 120.094 20.9912
    endloop
  endfacet
  facet normal 0.952343 -0.305 0.00414413
    outer loop
      vertex 32.0961 124.003 7.41119
      vertex 30.6088 119.541 20.8066
      vertex 32.091 123.987 7.40563
    endloop
  endfacet
  facet normal 0.948866 -0.31568 0.000216234
    outer loop
      vertex 32.091 123.987 7.40563
      vertex 30.6088 119.541 20.8066
      vertex 32.0757 123.941 7.38893
    endloop
  endfacet
  facet normal 0.948563 -0.316587 -0.000114526
    outer loop
      vertex 32.0757 123.941 7.38893
      vertex 30.6088 119.541 20.8066
      vertex 32.0293 123.802 7.32169
    endloop
  endfacet
  facet normal 0.949151 -0.31482 0.000506001
    outer loop
      vertex 32.0293 123.802 7.32169
      vertex 30.6088 119.541 20.8066
      vertex 32.0061 123.732 7.28798
    endloop
  endfacet
  facet normal 0.948774 -0.315954 0.000115265
    outer loop
      vertex 30.3827 118.862 20.6761
      vertex 32.0061 123.732 7.28798
      vertex 30.6088 119.541 20.8066
    endloop
  endfacet
  facet normal 0.948392 -0.3171 -0.000347683
    outer loop
      vertex 32.0061 123.732 7.28798
      vertex 30.3827 118.862 20.6761
      vertex 31.9713 123.628 7.21407
    endloop
  endfacet
  facet normal 0.948335 -0.317271 -0.000415286
    outer loop
      vertex 31.9713 123.628 7.21407
      vertex 30.3827 118.862 20.6761
      vertex 31.9204 123.476 7.10572
    endloop
  endfacet
  facet normal 0.948611 -0.316445 -0.000103165
    outer loop
      vertex 30.1305 118.106 20.6086
      vertex 31.9204 123.476 7.10572
      vertex 30.3827 118.862 20.6761
    endloop
  endfacet
  facet normal 0.948685 -0.316223 -5.04474e-06
    outer loop
      vertex 31.9204 123.476 7.10572
      vertex 30.1305 118.106 20.6086
      vertex 31.9074 123.437 7.06721
    endloop
  endfacet
  facet normal 0.948993 -0.315298 0.000459341
    outer loop
      vertex 31.9074 123.437 7.06721
      vertex 29.8695 117.323 20.6086
      vertex 31.8686 123.32 6.9171
    endloop
  endfacet
  facet normal 0.948683 -0.316228 -7.0058e-06
    outer loop
      vertex 29.8695 117.323 20.6086
      vertex 31.9074 123.437 7.06721
      vertex 30.1305 118.106 20.6086
    endloop
  endfacet
  facet normal 0.948689 -0.31621 0.000664561
    outer loop
      vertex 30.7934 120.094 20.9912
      vertex 33.3419 127.74 20.9985
      vertex 30.9239 120.486 21.2173
    endloop
  endfacet
  facet normal 0.948685 -0.316224 0.000149583
    outer loop
      vertex 30.9239 120.486 21.2173
      vertex 33.3419 127.74 20.9985
      vertex 30.9792 120.652 21.4237
    endloop
  endfacet
  facet normal 0.948693 -0.316199 0
    outer loop
      vertex 32.6873 125.776 5.83649
      vertex 33.3419 127.74 0
      vertex 32.6873 125.776 6.16351
    endloop
  endfacet
  facet normal 0.948689 -0.31621 -4.10511e-06
    outer loop
      vertex 32.6813 125.758 5.74878
      vertex 33.3419 127.74 0
      vertex 32.6873 125.776 5.83649
    endloop
  endfacet
  facet normal 0.948762 -0.315992 7.9395e-05
    outer loop
      vertex 32.665 125.709 5.51227
      vertex 33.3419 127.74 0
      vertex 32.6813 125.758 5.74878
    endloop
  endfacet
  facet normal 0.946772 -0.321895 -0.00234
    outer loop
      vertex 32.6605 125.696 5.47986
      vertex 33.3419 127.74 0
      vertex 32.665 125.709 5.51227
    endloop
  endfacet
  facet normal 0.948679 -0.316241 6.10648e-06
    outer loop
      vertex 32.6485 125.66 5.39396
      vertex 33.3419 127.74 0
      vertex 32.6605 125.696 5.47986
    endloop
  endfacet
  facet normal 0.948626 -0.3164 -6.21357e-05
    outer loop
      vertex 32.6148 125.559 5.1964
      vertex 33.3419 127.74 0
      vertex 32.6485 125.66 5.39396
    endloop
  endfacet
  facet normal 0.949044 -0.315144 0.000523616
    outer loop
      vertex 32.581 125.457 5.06845
      vertex 33.3419 127.74 0
      vertex 32.6148 125.559 5.1964
    endloop
  endfacet
  facet normal 0.94878 -0.315937 0.00012678
    outer loop
      vertex 32.5374 125.326 4.90331
      vertex 33.3419 127.74 0
      vertex 32.581 125.457 5.06845
    endloop
  endfacet
  facet normal 0.946551 -0.322535 -0.00348739
    outer loop
      vertex 32.5343 125.317 4.89428
      vertex 33.3419 127.74 0
      vertex 32.5374 125.326 4.90331
    endloop
  endfacet
  facet normal 0.948735 -0.316072 7.25402e-05
    outer loop
      vertex 32.4397 125.033 4.69822
      vertex 33.3419 127.74 0
      vertex 32.5343 125.317 4.89428
    endloop
  endfacet
  facet normal 0.948809 -0.31585 0.000214587
    outer loop
      vertex 32.4194 124.972 4.66999
      vertex 33.3419 127.74 0
      vertex 32.4397 125.033 4.69822
    endloop
  endfacet
  facet normal 0.94857 -0.316568 -0.000258035
    outer loop
      vertex 32.377 124.845 4.61107
      vertex 33.3419 127.74 0
      vertex 32.4194 124.972 4.66999
    endloop
  endfacet
  facet normal 0.948296 -0.317387 -0.000829692
    outer loop
      vertex 32.3502 124.765 4.58294
      vertex 33.3419 127.74 0
      vertex 32.377 124.845 4.61107
    endloop
  endfacet
  facet normal 0.948597 -0.316486 -0.000179337
    outer loop
      vertex 32.2838 124.566 4.54866
      vertex 33.3419 127.74 0
      vertex 32.3502 124.765 4.58294
    endloop
  endfacet
  facet normal 0.948531 -0.316684 -0.000333033
    outer loop
      vertex 32.2651 124.51 4.539
      vertex 33.3419 127.74 0
      vertex 32.2838 124.566 4.54866
    endloop
  endfacet
  facet normal 0.949848 -0.312698 0.00281602
    outer loop
      vertex 32.2437 124.445 4.53949
      vertex 33.3419 127.74 0
      vertex 32.2651 124.51 4.539
    endloop
  endfacet
  facet normal 0.948734 -0.316075 9.54085e-05
    outer loop
      vertex 32.1814 124.258 4.5409
      vertex 33.3419 127.74 0
      vertex 32.2437 124.445 4.53949
    endloop
  endfacet
  facet normal 0.948537 -0.316666 -0.000408398
    outer loop
      vertex 32.1043 124.027 4.58421
      vertex 33.3419 127.74 0
      vertex 32.1814 124.258 4.5409
    endloop
  endfacet
  facet normal 0.945819 -0.324606 -0.00757337
    outer loop
      vertex 32.0961 124.003 4.58881
      vertex 33.3419 127.74 0
      vertex 32.1043 124.027 4.58421
    endloop
  endfacet
  facet normal 0.95423 -0.298655 0.0158442
    outer loop
      vertex 32.091 123.987 4.59437
      vertex 33.3419 127.74 0
      vertex 32.0961 124.003 4.58881
    endloop
  endfacet
  facet normal 0.948973 -0.315357 0.000769182
    outer loop
      vertex 32.0757 123.941 4.61107
      vertex 33.3419 127.74 0
      vertex 32.091 123.987 4.59437
    endloop
  endfacet
  facet normal 0.948608 -0.316454 0.000420216
    outer loop
      vertex 29.3419 115.74 0
      vertex 32.0757 123.941 4.61107
      vertex 32.0293 123.802 4.67831
    endloop
  endfacet
  facet normal 0.948977 -0.315341 -0.00170966
    outer loop
      vertex 29.3419 115.74 0
      vertex 32.0293 123.802 4.67831
      vertex 32.0061 123.732 4.71202
    endloop
  endfacet
  facet normal 0.948513 -0.316736 0.000916972
    outer loop
      vertex 29.3419 115.74 0
      vertex 32.0061 123.732 4.71202
      vertex 31.9713 123.628 4.78593
    endloop
  endfacet
  facet normal 0.94848 -0.316834 0.00109732
    outer loop
      vertex 29.3419 115.74 0
      vertex 31.9713 123.628 4.78593
      vertex 31.9204 123.476 4.89428
    endloop
  endfacet
  facet normal 0.948687 -0.316217 1.26158e-05
    outer loop
      vertex 29.3419 115.74 0
      vertex 31.9204 123.476 4.89428
      vertex 31.9074 123.437 4.93279
    endloop
  endfacet
  facet normal 0.948609 -0.316451 0.000364463
    outer loop
      vertex 29.3419 115.74 0
      vertex 31.8686 123.32 5.0829
      vertex 31.8392 123.232 5.1964
    endloop
  endfacet
  facet normal 0.948544 -0.316646 -0.0001967
    outer loop
      vertex 31.8686 123.32 6.9171
      vertex 29.8695 117.323 20.6086
      vertex 31.8392 123.232 6.8036
    endloop
  endfacet
  facet normal 0.948735 -0.316071 7.67462e-05
    outer loop
      vertex 29.6173 116.566 20.6761
      vertex 31.8392 123.232 6.8036
      vertex 29.8695 117.323 20.6086
    endloop
  endfacet
  facet normal 0.948722 -0.316112 5.49596e-05
    outer loop
      vertex 31.8392 123.232 6.8036
      vertex 29.6173 116.566 20.6761
      vertex 31.7949 123.099 6.53942
    endloop
  endfacet
  facet normal 0.948637 -0.316367 -7.58835e-05
    outer loop
      vertex 29.3912 115.888 20.8066
      vertex 31.7949 123.099 6.53942
      vertex 29.6173 116.566 20.6761
    endloop
  endfacet
  facet normal 0.948077 -0.31804 -0.00101584
    outer loop
      vertex 31.7949 123.099 6.53942
      vertex 29.3912 115.888 20.8066
      vertex 31.7878 123.078 6.48773
    endloop
  endfacet
  facet normal 0.948687 -0.316217 1.43692e-06
    outer loop
      vertex 29.3419 115.74 0
      vertex 31.7878 123.078 6.48773
      vertex 29.3912 115.888 20.8066
    endloop
  endfacet
  facet normal 0.946325 -0.3231 0.00867704
    outer loop
      vertex 31.7878 123.078 6.48773
      vertex 29.3419 115.74 0
      vertex 31.7863 123.073 6.46514
    endloop
  endfacet
  facet normal 0.948849 -0.315731 -0.000635932
    outer loop
      vertex 31.7863 123.073 6.46514
      vertex 29.3419 115.74 0
      vertex 31.7658 123.012 6.16351
    endloop
  endfacet
  facet normal 0.948687 -0.316216 0
    outer loop
      vertex 31.7658 123.012 6.16351
      vertex 29.3419 115.74 0
      vertex 31.7658 123.012 5.83649
    endloop
  endfacet
  facet normal 0.948578 -0.316543 0.000453215
    outer loop
      vertex 31.7658 123.012 5.83649
      vertex 29.3419 115.74 0
      vertex 31.7863 123.073 5.53486
    endloop
  endfacet
  facet normal 0.950015 -0.312146 -0.00600741
    outer loop
      vertex 31.7863 123.073 5.53486
      vertex 29.3419 115.74 0
      vertex 31.7878 123.078 5.51227
    endloop
  endfacet
  facet normal 0.948747 -0.316035 0
    outer loop
      vertex 29.3419 115.74 0
      vertex 29.3912 115.888 20.8066
      vertex 29.3419 115.74 20.856
    endloop
  endfacet
  facet normal 0.948683 -0.316228 -2.74321e-05
    outer loop
      vertex 32.0757 123.941 4.61107
      vertex 29.3419 115.74 0
      vertex 33.3419 127.74 0
    endloop
  endfacet
  facet normal 0.948849 -0.315729 -0.000832397
    outer loop
      vertex 31.8686 123.32 5.0829
      vertex 29.3419 115.74 0
      vertex 31.9074 123.437 4.93279
    endloop
  endfacet
  facet normal 0.948703 -0.31617 -8.71482e-05
    outer loop
      vertex 31.7949 123.099 5.46058
      vertex 29.3419 115.74 0
      vertex 31.8392 123.232 5.1964
    endloop
  endfacet
  facet normal 0.948368 -0.317169 0.00140974
    outer loop
      vertex 31.7878 123.078 5.51227
      vertex 29.3419 115.74 0
      vertex 31.7949 123.099 5.46058
    endloop
  endfacet
  facet normal -0.193762 0.981049 0
    outer loop
      vertex 11.6929 129.663 0
      vertex 11.8853 129.701 24.8606
      vertex 11.8853 129.701 0
    endloop
  endfacet
  facet normal -0.193762 0.981049 0
    outer loop
      vertex 11.8853 129.701 24.8606
      vertex 11.6929 129.663 0
      vertex 11.6929 129.663 24.8953
    endloop
  endfacet
  facet normal 0.967449 -0.253064 0
    outer loop
      vertex 33.3419 127.74 0
      vertex 33.3916 127.93 20.9895
      vertex 33.3419 127.74 20.9985
    endloop
  endfacet
  facet normal 0.967449 -0.253064 0
    outer loop
      vertex 33.3916 127.93 20.9895
      vertex 33.3419 127.74 0
      vertex 33.3916 127.93 0
    endloop
  endfacet
  facet normal -0.831265 0.555877 0
    outer loop
      vertex 10.7821 128.964 0
      vertex 10.8911 129.127 25.0396
      vertex 10.8911 129.127 0
    endloop
  endfacet
  facet normal -0.831265 0.555877 0
    outer loop
      vertex 10.8911 129.127 25.0396
      vertex 10.7821 128.964 0
      vertex 10.7821 128.964 25.0592
    endloop
  endfacet
  facet normal -0.321117 0.94704 0
    outer loop
      vertex 11.5071 129.6 0
      vertex 11.6929 129.663 24.8953
      vertex 11.6929 129.663 0
    endloop
  endfacet
  facet normal -0.321117 0.94704 0
    outer loop
      vertex 11.6929 129.663 24.8953
      vertex 11.5071 129.6 0
      vertex 11.5071 129.6 24.9287
    endloop
  endfacet
  facet normal -0.98097 0.194161 0
    outer loop
      vertex 10.594 128.41 0
      vertex 10.6322 128.603 25.0862
      vertex 10.6322 128.603 0
    endloop
  endfacet
  facet normal -0.98097 0.194161 0
    outer loop
      vertex 10.6322 128.603 25.0862
      vertex 10.594 128.41 0
      vertex 10.594 128.41 25.0931
    endloop
  endfacet
  facet normal 0.254744 0.967009 0
    outer loop
      vertex 32.2034 129.687 0
      vertex 32.3932 129.637 21.1692
      vertex 32.3932 129.637 0
    endloop
  endfacet
  facet normal 0.254744 0.967009 0
    outer loop
      vertex 32.3932 129.637 21.1692
      vertex 32.2034 129.687 0
      vertex 32.2034 129.687 21.2034
    endloop
  endfacet
  facet normal 0.605767 0.795642 0
    outer loop
      vertex 32.7454 129.466 0
      vertex 32.9017 129.347 21.0777
      vertex 32.9017 129.347 0
    endloop
  endfacet
  facet normal 0.605767 0.795642 0
    outer loop
      vertex 32.9017 129.347 21.0777
      vertex 32.7454 129.466 0
      vertex 32.7454 129.466 21.1058
    endloop
  endfacet
  facet normal -0.555641 0.831422 0
    outer loop
      vertex 11.168 129.404 0
      vertex 11.3311 129.513 24.9604
      vertex 11.3311 129.513 0
    endloop
  endfacet
  facet normal -0.555641 0.831422 0
    outer loop
      vertex 11.3311 129.513 24.9604
      vertex 11.168 129.404 0
      vertex 11.168 129.404 24.9898
    endloop
  endfacet
  facet normal 0.703274 0.710919 0
    outer loop
      vertex 32.9017 129.347 0
      vertex 33.0412 129.209 21.0526
      vertex 33.0412 129.209 0
    endloop
  endfacet
  facet normal 0.703274 0.710919 0
    outer loop
      vertex 33.0412 129.209 21.0526
      vertex 32.9017 129.347 0
      vertex 32.9017 129.347 21.0777
    endloop
  endfacet
  facet normal 0.377184 0.926139 0
    outer loop
      vertex 32.3932 129.637 0
      vertex 32.5749 129.563 21.1365
      vertex 32.5749 129.563 0
    endloop
  endfacet
  facet normal 0.377184 0.926139 0
    outer loop
      vertex 32.5749 129.563 21.1365
      vertex 32.3932 129.637 0
      vertex 32.3932 129.637 21.1692
    endloop
  endfacet
  facet normal 0.494491 0.869183 0
    outer loop
      vertex 32.5749 129.563 0
      vertex 32.7454 129.466 21.1058
      vertex 32.7454 129.466 0
    endloop
  endfacet
  facet normal 0.494491 0.869183 0
    outer loop
      vertex 32.7454 129.466 21.1058
      vertex 32.5749 129.563 0
      vertex 32.5749 129.563 21.1365
    endloop
  endfacet
  facet normal -0.752829 0.658216 0
    outer loop
      vertex 10.8911 129.127 0
      vertex 11.0205 129.275 25.0163
      vertex 11.0205 129.275 0
    endloop
  endfacet
  facet normal -0.752829 0.658216 0
    outer loop
      vertex 11.0205 129.275 25.0163
      vertex 10.8911 129.127 0
      vertex 10.8911 129.127 25.0396
    endloop
  endfacet
  facet normal -0.89686 0.442315 0
    outer loop
      vertex 10.6953 128.788 0
      vertex 10.7821 128.964 25.0592
      vertex 10.7821 128.964 0
    endloop
  endfacet
  facet normal -0.89686 0.442315 0
    outer loop
      vertex 10.7821 128.964 25.0592
      vertex 10.6953 128.788 0
      vertex 10.6953 128.788 25.0748
    endloop
  endfacet
  facet normal -0.927242 -0.374463 0
    outer loop
      vertex 14.6686 115.714 0
      vertex 14.6581 115.74 23.736
      vertex 14.6581 115.74 0
    endloop
  endfacet
  facet normal -0.927242 -0.374463 0
    outer loop
      vertex 14.6581 115.74 23.736
      vertex 14.6686 115.714 0
      vertex 14.6686 115.714 23.7465
    endloop
  endfacet
  facet normal -0.658324 0.752735 0
    outer loop
      vertex 11.0205 129.275 0
      vertex 11.168 129.404 24.9898
      vertex 11.168 129.404 0
    endloop
  endfacet
  facet normal -0.658324 0.752735 0
    outer loop
      vertex 11.168 129.404 24.9898
      vertex 11.0205 129.275 0
      vertex 11.0205 129.275 25.0163
    endloop
  endfacet
  facet normal 0.990662 0.136344 0
    outer loop
      vertex 33.4151 128.321 20.9853
      vertex 33.3884 128.515 0
      vertex 33.3884 128.515 20.9901
    endloop
  endfacet
  facet normal 0.990662 0.136344 0
    outer loop
      vertex 33.3884 128.515 0
      vertex 33.4151 128.321 20.9853
      vertex 33.4151 128.321 0
    endloop
  endfacet
  facet normal -0.94646 0.32282 0
    outer loop
      vertex 10.6322 128.603 0
      vertex 10.6953 128.788 25.0748
      vertex 10.6953 128.788 0
    endloop
  endfacet
  facet normal -0.94646 0.32282 0
    outer loop
      vertex 10.6953 128.788 25.0748
      vertex 10.6322 128.603 0
      vertex 10.6322 128.603 25.0862
    endloop
  endfacet
  facet normal 0.862852 0.505457 0
    outer loop
      vertex 33.2605 128.885 21.0131
      vertex 33.1615 129.054 0
      vertex 33.1615 129.054 21.0309
    endloop
  endfacet
  facet normal 0.862852 0.505457 0
    outer loop
      vertex 33.1615 129.054 0
      vertex 33.2605 128.885 21.0131
      vertex 33.2605 128.885 0
    endloop
  endfacet
  facet normal 0.921837 0.387579 0
    outer loop
      vertex 33.3366 128.704 20.9994
      vertex 33.2605 128.885 0
      vertex 33.2605 128.885 21.0131
    endloop
  endfacet
  facet normal 0.921837 0.387579 0
    outer loop
      vertex 33.2605 128.885 0
      vertex 33.3366 128.704 20.9994
      vertex 33.3366 128.704 0
    endloop
  endfacet
  facet normal 0.964433 0.264326 0
    outer loop
      vertex 33.3884 128.515 20.9901
      vertex 33.3366 128.704 0
      vertex 33.3366 128.704 20.9994
    endloop
  endfacet
  facet normal 0.964433 0.264326 0
    outer loop
      vertex 33.3366 128.704 0
      vertex 33.3884 128.515 20.9901
      vertex 33.3884 128.515 0
    endloop
  endfacet
  facet normal -0.443134 0.896455 0
    outer loop
      vertex 11.3311 129.513 0
      vertex 11.5071 129.6 24.9287
      vertex 11.5071 129.6 0
    endloop
  endfacet
  facet normal -0.443134 0.896455 0
    outer loop
      vertex 11.5071 129.6 24.9287
      vertex 11.3311 129.513 0
      vertex 11.3311 129.513 24.9604
    endloop
  endfacet
  facet normal 0.992056 -0.125797 0
    outer loop
      vertex 33.3916 127.93 0
      vertex 33.4162 128.124 20.9851
      vertex 33.3916 127.93 20.9895
    endloop
  endfacet
  facet normal 0.992056 -0.125797 0
    outer loop
      vertex 33.4162 128.124 20.9851
      vertex 33.3916 127.93 0
      vertex 33.4162 128.124 0
    endloop
  endfacet
  facet normal -0.989368 0.0646428 0.130276
    outer loop
      vertex 11.216 125.359 6.16351
      vertex 11.1947 125.033 6.16351
      vertex 11.2583 125.353 6.48773
    endloop
  endfacet
  facet normal -0.914824 0.31461 0.253213
    outer loop
      vertex 11.335 125.709 6.48773
      vertex 11.3209 125.668 6.48773
      vertex 11.3395 125.696 6.52014
    endloop
  endfacet
  facet normal -0.922135 0.0605449 0.382101
    outer loop
      vertex 11.4471 125.033 7.10572
      vertex 11.4626 125.326 7.0967
      vertex 11.3422 125.342 6.8036
    endloop
  endfacet
  facet normal -0.923871 0.0605071 0.37789
    outer loop
      vertex 11.4626 125.326 7.0967
      vertex 11.4471 125.033 7.10572
      vertex 11.4657 125.317 7.10572
    endloop
  endfacet
  facet normal -0.906391 -0.18068 0.38185
    outer loop
      vertex 11.5235 124.453 7.10572
      vertex 11.3422 124.724 6.8036
      vertex 11.4026 124.421 6.8036
    endloop
  endfacet
  facet normal -0.946922 -0.321463 0
    outer loop
      vertex 11.3846 124.079 5.83649
      vertex 11.2797 124.388 6.16351
      vertex 11.2797 124.388 5.83649
    endloop
  endfacet
  facet normal -0.946922 -0.321463 0
    outer loop
      vertex 11.2797 124.388 6.16351
      vertex 11.3846 124.079 5.83649
      vertex 11.3846 124.079 6.16351
    endloop
  endfacet
  facet normal -0.938968 -0.318446 0.130123
    outer loop
      vertex 11.3209 124.399 6.48773
      vertex 11.2797 124.388 6.16351
      vertex 11.424 124.095 6.48773
    endloop
  endfacet
  facet normal -0.914969 -0.310307 0.257956
    outer loop
      vertex 11.5022 124.127 6.8036
      vertex 11.3209 124.399 6.48773
      vertex 11.424 124.095 6.48773
    endloop
  endfacet
  facet normal -0.752804 -0.658245 0
    outer loop
      vertex 11.9253 123.269 5.83649
      vertex 11.7102 123.515 6.16351
      vertex 11.7102 123.515 5.83649
    endloop
  endfacet
  facet normal -0.752804 -0.658245 0
    outer loop
      vertex 11.7102 123.515 6.16351
      vertex 11.9253 123.269 5.83649
      vertex 11.9253 123.269 6.16351
    endloop
  endfacet
  facet normal -0.964003 -0.0632627 0.258257
    outer loop
      vertex 11.3422 124.724 6.8036
      vertex 11.2373 125.033 6.48773
      vertex 11.2583 124.713 6.48773
    endloop
  endfacet
  facet normal -0.972479 0.193261 0.130134
    outer loop
      vertex 11.2797 125.679 6.16351
      vertex 11.2583 125.353 6.48773
      vertex 11.3209 125.668 6.48773
    endloop
  endfacet
  facet normal -0.864557 -0.0570001 0.499291
    outer loop
      vertex 11.4663 124.741 7.10572
      vertex 11.623 124.845 7.38893
      vertex 11.5806 124.972 7.33001
    endloop
  endfacet
  facet normal -0.864713 -0.0562585 0.499105
    outer loop
      vertex 11.623 124.845 7.38893
      vertex 11.4663 124.741 7.10572
      vertex 11.6284 124.762 7.38893
    endloop
  endfacet
  facet normal -0.972377 0.193564 0.130445
    outer loop
      vertex 11.2797 125.679 6.16351
      vertex 11.216 125.359 6.16351
      vertex 11.2583 125.353 6.48773
    endloop
  endfacet
  facet normal -0.989381 -0.0648425 0.130081
    outer loop
      vertex 11.2583 124.713 6.48773
      vertex 11.1947 125.033 6.16351
      vertex 11.216 124.708 6.16351
    endloop
  endfacet
  facet normal -0.828725 -0.409576 -0.381396
    outer loop
      vertex 11.6391 123.85 5.1964
      vertex 11.5022 124.127 5.1964
      vertex 11.7475 123.912 4.89428
    endloop
  endfacet
  facet normal -0.608888 -0.69426 -0.383743
    outer loop
      vertex 12.1314 123.32 5.0829
      vertex 12.0154 123.359 5.1964
      vertex 12.0926 123.437 4.93279
    endloop
  endfacet
  facet normal -0.828725 -0.409576 0.381396
    outer loop
      vertex 11.7475 123.912 7.10572
      vertex 11.5022 124.127 6.8036
      vertex 11.6391 123.85 6.8036
    endloop
  endfacet
  facet normal -0.828826 -0.40874 -0.382073
    outer loop
      vertex 11.7475 123.912 4.89428
      vertex 11.5022 124.127 5.1964
      vertex 11.6178 124.175 4.89428
    endloop
  endfacet
  facet normal -0.963958 0.063016 0.258484
    outer loop
      vertex 11.3422 125.342 6.8036
      vertex 11.2373 125.033 6.48773
      vertex 11.322 125.033 6.8036
    endloop
  endfacet
  facet normal -0.922244 0.0602891 0.381877
    outer loop
      vertex 11.3422 125.342 6.8036
      vertex 11.322 125.033 6.8036
      vertex 11.4471 125.033 7.10572
    endloop
  endfacet
  facet normal -0.769079 -0.513017 0.381223
    outer loop
      vertex 11.7475 123.912 7.10572
      vertex 11.6391 123.85 6.8036
      vertex 11.8112 123.592 6.8036
    endloop
  endfacet
  facet normal -0.989381 -0.0648425 -0.130081
    outer loop
      vertex 11.216 124.708 5.83649
      vertex 11.1947 125.033 5.83649
      vertex 11.2583 124.713 5.51227
    endloop
  endfacet
  facet normal -0.864623 -0.0567068 0.499211
    outer loop
      vertex 11.4471 125.033 7.10572
      vertex 11.5806 124.972 7.33001
      vertex 11.5603 125.033 7.30178
    endloop
  endfacet
  facet normal -0.864633 -0.0568526 0.499177
    outer loop
      vertex 11.5806 124.972 7.33001
      vertex 11.4471 125.033 7.10572
      vertex 11.4663 124.741 7.10572
    endloop
  endfacet
  facet normal -0.875406 -0.296566 0.381725
    outer loop
      vertex 11.5235 124.453 7.10572
      vertex 11.4026 124.421 6.8036
      vertex 11.5022 124.127 6.8036
    endloop
  endfacet
  facet normal -0.989386 -0.0649285 0.129998
    outer loop
      vertex 11.2373 125.033 6.48773
      vertex 11.1947 125.033 6.16351
      vertex 11.2583 124.713 6.48773
    endloop
  endfacet
  facet normal -0.989368 0.0646428 -0.130276
    outer loop
      vertex 11.2583 125.353 5.51227
      vertex 11.1947 125.033 5.83649
      vertex 11.216 125.359 5.83649
    endloop
  endfacet
  facet normal -0.946713 0.322078 0
    outer loop
      vertex 11.2797 125.679 5.83649
      vertex 11.3127 125.776 6.16351
      vertex 11.3127 125.776 5.83649
    endloop
  endfacet
  facet normal -0.946713 0.322078 0
    outer loop
      vertex 11.3127 125.776 6.16351
      vertex 11.2797 125.679 5.83649
      vertex 11.2797 125.679 6.16351
    endloop
  endfacet
  facet normal -0.720543 -0.480515 -0.499923
    outer loop
      vertex 11.994 123.732 4.71201
      vertex 11.7475 123.912 4.89428
      vertex 11.9707 123.802 4.67831
    endloop
  endfacet
  facet normal -0.72055 -0.481351 -0.499108
    outer loop
      vertex 11.7475 123.912 4.89428
      vertex 11.994 123.732 4.71201
      vertex 11.9105 123.668 4.89428
    endloop
  endfacet
  facet normal -0.635284 -0.727325 0.259638
    outer loop
      vertex 12.0154 123.359 6.8036
      vertex 12.2051 123.099 6.53942
      vertex 12.1608 123.232 6.8036
    endloop
  endfacet
  facet normal -0.635601 -0.727181 0.259269
    outer loop
      vertex 12.2051 123.099 6.53942
      vertex 12.0154 123.359 6.8036
      vertex 12.1966 123.088 6.48773
    endloop
  endfacet
  facet normal -0.915244 0.309736 -0.257665
    outer loop
      vertex 11.3515 125.66 5.39396
      vertex 11.3209 125.668 5.51227
      vertex 11.3395 125.696 5.47986
    endloop
  endfacet
  facet normal -0.866184 -0.428089 0.25781
    outer loop
      vertex 11.5022 124.127 6.8036
      vertex 11.424 124.095 6.48773
      vertex 11.6391 123.85 6.8036
    endloop
  endfacet
  facet normal -0.831153 -0.556044 0
    outer loop
      vertex 11.7102 123.515 5.83649
      vertex 11.5289 123.786 6.16351
      vertex 11.5289 123.786 5.83649
    endloop
  endfacet
  facet normal -0.831153 -0.556044 0
    outer loop
      vertex 11.5289 123.786 6.16351
      vertex 11.7102 123.515 5.83649
      vertex 11.7102 123.515 6.16351
    endloop
  endfacet
  facet normal -0.638223 -0.725828 0.256604
    outer loop
      vertex 12.0154 123.359 6.8036
      vertex 11.9555 123.3 6.48773
      vertex 12.1966 123.088 6.48773
    endloop
  endfacet
  facet normal -0.889526 -0.438084 0.129716
    outer loop
      vertex 11.424 124.095 6.48773
      vertex 11.3846 124.079 6.16351
      vertex 11.5289 123.786 6.16351
    endloop
  endfacet
  facet normal -0.608888 -0.69426 0.383743
    outer loop
      vertex 12.0926 123.437 7.06721
      vertex 12.0154 123.359 6.8036
      vertex 12.1314 123.32 6.9171
    endloop
  endfacet
  facet normal -0.7264 -0.637484 0.256824
    outer loop
      vertex 12.0154 123.359 6.8036
      vertex 11.744 123.541 6.48773
      vertex 11.9555 123.3 6.48773
    endloop
  endfacet
  facet normal -0.972377 0.193564 -0.130445
    outer loop
      vertex 11.2583 125.353 5.51227
      vertex 11.216 125.359 5.83649
      vertex 11.2797 125.679 5.83649
    endloop
  endfacet
  facet normal -0.989386 0.0649285 0.129998
    outer loop
      vertex 11.2583 125.353 6.48773
      vertex 11.1947 125.033 6.16351
      vertex 11.2373 125.033 6.48773
    endloop
  endfacet
  facet normal -0.947743 0.187897 0.257832
    outer loop
      vertex 11.3422 125.342 6.8036
      vertex 11.3515 125.66 6.60604
      vertex 11.3209 125.668 6.48773
    endloop
  endfacet
  facet normal -0.947798 0.187812 0.257693
    outer loop
      vertex 11.3515 125.66 6.60604
      vertex 11.3422 125.342 6.8036
      vertex 11.3852 125.559 6.8036
    endloop
  endfacet
  facet normal -0.947438 -0.188884 0.258232
    outer loop
      vertex 11.3422 124.724 6.8036
      vertex 11.2583 124.713 6.48773
      vertex 11.3209 124.399 6.48773
    endloop
  endfacet
  facet normal -0.938908 -0.318742 0.129828
    outer loop
      vertex 11.424 124.095 6.48773
      vertex 11.2797 124.388 6.16351
      vertex 11.3846 124.079 6.16351
    endloop
  endfacet
  facet normal -0.521284 -0.813202 0.258776
    outer loop
      vertex 12.2051 123.099 6.53942
      vertex 12.1966 123.088 6.48773
      vertex 12.2122 123.078 6.48773
    endloop
  endfacet
  facet normal -0.533656 -0.832503 -0.148828
    outer loop
      vertex 12.2137 123.073 5.53486
      vertex 12.1966 123.088 5.51227
      vertex 12.2122 123.078 5.51227
    endloop
  endfacet
  facet normal -0.972361 -0.193853 0.130139
    outer loop
      vertex 11.3209 124.399 6.48773
      vertex 11.2583 124.713 6.48773
      vertex 11.2797 124.388 6.16351
    endloop
  endfacet
  facet normal -0.972453 -0.193579 0.129858
    outer loop
      vertex 11.2583 124.713 6.48773
      vertex 11.216 124.708 6.16351
      vertex 11.2797 124.388 6.16351
    endloop
  endfacet
  facet normal -0.897105 -0.441817 0
    outer loop
      vertex 11.5289 123.786 5.83649
      vertex 11.3846 124.079 6.16351
      vertex 11.3846 124.079 5.83649
    endloop
  endfacet
  facet normal -0.897105 -0.441817 0
    outer loop
      vertex 11.3846 124.079 6.16351
      vertex 11.5289 123.786 5.83649
      vertex 11.5289 123.786 6.16351
    endloop
  endfacet
  facet normal -0.823735 -0.55184 0.130128
    outer loop
      vertex 11.744 123.541 6.48773
      vertex 11.5658 123.807 6.48773
      vertex 11.7102 123.515 6.16351
    endloop
  endfacet
  facet normal -0.820414 -0.279005 0.499077
    outer loop
      vertex 11.6815 124.495 7.38893
      vertex 11.5235 124.453 7.10572
      vertex 11.7689 124.238 7.38893
    endloop
  endfacet
  facet normal -0.93871 0.319355 -0.129753
    outer loop
      vertex 11.3187 125.758 5.74878
      vertex 11.2797 125.679 5.83649
      vertex 11.3127 125.776 5.83649
    endloop
  endfacet
  facet normal -0.792159 -0.0515381 0.608134
    outer loop
      vertex 11.6498 124.765 7.41706
      vertex 11.623 124.845 7.38893
      vertex 11.6284 124.762 7.38893
    endloop
  endfacet
  facet normal -0.964003 0.0632627 0.258257
    outer loop
      vertex 11.2583 125.353 6.48773
      vertex 11.2373 125.033 6.48773
      vertex 11.3422 125.342 6.8036
    endloop
  endfacet
  facet normal -0.94755 0.188307 0.258242
    outer loop
      vertex 11.3209 125.668 6.48773
      vertex 11.2583 125.353 6.48773
      vertex 11.3422 125.342 6.8036
    endloop
  endfacet
  facet normal -0.915244 0.309736 0.257665
    outer loop
      vertex 11.3395 125.696 6.52014
      vertex 11.3209 125.668 6.48773
      vertex 11.3515 125.66 6.60604
    endloop
  endfacet
  facet normal -0.889584 -0.437996 0.129614
    outer loop
      vertex 11.5658 123.807 6.48773
      vertex 11.424 124.095 6.48773
      vertex 11.5289 123.786 6.16351
    endloop
  endfacet
  facet normal -0.650658 -0.573053 0.498252
    outer loop
      vertex 12.0287 123.628 7.21407
      vertex 11.9105 123.668 7.10572
      vertex 12.0796 123.476 7.10572
    endloop
  endfacet
  facet normal -0.802367 -0.537526 -0.25937
    outer loop
      vertex 11.744 123.541 5.51227
      vertex 11.5658 123.807 5.51227
      vertex 11.6391 123.85 5.1964
    endloop
  endfacet
  facet normal -0.889526 -0.438084 -0.129716
    outer loop
      vertex 11.5289 123.786 5.83649
      vertex 11.3846 124.079 5.83649
      vertex 11.424 124.095 5.51227
    endloop
  endfacet
  facet normal -0.980757 0.195232 0
    outer loop
      vertex 11.216 125.359 5.83649
      vertex 11.2797 125.679 6.16351
      vertex 11.2797 125.679 5.83649
    endloop
  endfacet
  facet normal -0.980757 0.195232 0
    outer loop
      vertex 11.2797 125.679 6.16351
      vertex 11.216 125.359 5.83649
      vertex 11.216 125.359 6.16351
    endloop
  endfacet
  facet normal -0.997859 -0.0653982 0
    outer loop
      vertex 11.216 124.708 5.83649
      vertex 11.1947 125.033 6.16351
      vertex 11.1947 125.033 5.83649
    endloop
  endfacet
  facet normal -0.997859 -0.0653982 0
    outer loop
      vertex 11.1947 125.033 6.16351
      vertex 11.216 124.708 5.83649
      vertex 11.216 124.708 6.16351
    endloop
  endfacet
  facet normal -0.866501 -0.426631 0.259156
    outer loop
      vertex 11.6391 123.85 6.8036
      vertex 11.424 124.095 6.48773
      vertex 11.5658 123.807 6.48773
    endloop
  endfacet
  facet normal -0.824153 -0.551361 0.12951
    outer loop
      vertex 11.5658 123.807 6.48773
      vertex 11.5289 123.786 6.16351
      vertex 11.7102 123.515 6.16351
    endloop
  endfacet
  facet normal -0.94755 0.188307 -0.258242
    outer loop
      vertex 11.3422 125.342 5.1964
      vertex 11.2583 125.353 5.51227
      vertex 11.3209 125.668 5.51227
    endloop
  endfacet
  facet normal -0.866184 -0.428089 -0.25781
    outer loop
      vertex 11.6391 123.85 5.1964
      vertex 11.424 124.095 5.51227
      vertex 11.5022 124.127 5.1964
    endloop
  endfacet
  facet normal -0.824153 -0.551361 -0.12951
    outer loop
      vertex 11.7102 123.515 5.83649
      vertex 11.5289 123.786 5.83649
      vertex 11.5658 123.807 5.51227
    endloop
  endfacet
  facet normal -0.745218 -0.653999 -0.130135
    outer loop
      vertex 11.9555 123.3 5.51227
      vertex 11.7102 123.515 5.83649
      vertex 11.744 123.541 5.51227
    endloop
  endfacet
  facet normal -0.778247 -0.154844 0.608568
    outer loop
      vertex 11.6284 124.762 7.38893
      vertex 11.7162 124.566 7.45134
      vertex 11.6498 124.765 7.41706
    endloop
  endfacet
  facet normal -0.778153 -0.154756 0.60871
    outer loop
      vertex 11.7162 124.566 7.45134
      vertex 11.6284 124.762 7.38893
      vertex 11.6815 124.495 7.38893
    endloop
  endfacet
  facet normal -0.906294 -0.18 0.382401
    outer loop
      vertex 11.4663 124.741 7.10572
      vertex 11.3422 124.724 6.8036
      vertex 11.5235 124.453 7.10572
    endloop
  endfacet
  facet normal -0.922098 -0.0606311 0.382176
    outer loop
      vertex 11.4471 125.033 7.10572
      vertex 11.3422 124.724 6.8036
      vertex 11.4663 124.741 7.10572
    endloop
  endfacet
  facet normal -0.864627 0.056627 0.499213
    outer loop
      vertex 11.4657 125.317 7.10572
      vertex 11.4471 125.033 7.10572
      vertex 11.5603 125.033 7.30178
    endloop
  endfacet
  facet normal -0.778104 -0.154821 0.608756
    outer loop
      vertex 11.7162 124.566 7.45134
      vertex 11.6815 124.495 7.38893
      vertex 11.7349 124.51 7.461
    endloop
  endfacet
  facet normal -0.93871 0.319355 0.129753
    outer loop
      vertex 11.3127 125.776 6.16351
      vertex 11.2797 125.679 6.16351
      vertex 11.3187 125.758 6.25122
    endloop
  endfacet
  facet normal -0.938785 0.318987 0.130118
    outer loop
      vertex 11.3209 125.668 6.48773
      vertex 11.3187 125.758 6.25122
      vertex 11.2797 125.679 6.16351
    endloop
  endfacet
  facet normal -0.937443 0.322389 0.1314
    outer loop
      vertex 11.3187 125.758 6.25122
      vertex 11.3209 125.668 6.48773
      vertex 11.335 125.709 6.48773
    endloop
  endfacet
  facet normal -0.9063 0.179589 0.38258
    outer loop
      vertex 11.3852 125.559 6.8036
      vertex 11.3422 125.342 6.8036
      vertex 11.419 125.457 6.93155
    endloop
  endfacet
  facet normal -0.906376 0.180113 0.382154
    outer loop
      vertex 11.419 125.457 6.93155
      vertex 11.3422 125.342 6.8036
      vertex 11.4626 125.326 7.0967
    endloop
  endfacet
  facet normal -0.972479 0.193261 -0.130134
    outer loop
      vertex 11.3209 125.668 5.51227
      vertex 11.2583 125.353 5.51227
      vertex 11.2797 125.679 5.83649
    endloop
  endfacet
  facet normal -0.937443 0.322389 -0.1314
    outer loop
      vertex 11.3209 125.668 5.51227
      vertex 11.3187 125.758 5.74878
      vertex 11.335 125.709 5.51227
    endloop
  endfacet
  facet normal -0.938785 0.318987 -0.130118
    outer loop
      vertex 11.3187 125.758 5.74878
      vertex 11.3209 125.668 5.51227
      vertex 11.2797 125.679 5.83649
    endloop
  endfacet
  facet normal -0.997872 0.0651984 0
    outer loop
      vertex 11.1947 125.033 5.83649
      vertex 11.216 125.359 6.16351
      vertex 11.216 125.359 5.83649
    endloop
  endfacet
  facet normal -0.997872 0.0651984 0
    outer loop
      vertex 11.216 125.359 6.16351
      vertex 11.1947 125.033 5.83649
      vertex 11.1947 125.033 6.16351
    endloop
  endfacet
  facet normal -0.546979 -0.82698 -0.130069
    outer loop
      vertex 12.1707 123.054 5.83649
      vertex 12.2137 123.073 5.53486
      vertex 12.2342 123.012 5.83649
    endloop
  endfacet
  facet normal -0.550805 -0.824376 -0.13045
    outer loop
      vertex 12.2137 123.073 5.53486
      vertex 12.1707 123.054 5.83649
      vertex 12.1966 123.088 5.51227
    endloop
  endfacet
  facet normal -0.792159 -0.0515381 -0.608134
    outer loop
      vertex 11.6284 124.762 4.61107
      vertex 11.623 124.845 4.61107
      vertex 11.6498 124.765 4.58294
    endloop
  endfacet
  facet normal -0.875406 -0.296566 -0.381725
    outer loop
      vertex 11.5022 124.127 5.1964
      vertex 11.4026 124.421 5.1964
      vertex 11.5235 124.453 4.89428
    endloop
  endfacet
  facet normal -0.658982 -0.752159 0
    outer loop
      vertex 11.9253 123.269 5.83649
      vertex 12.1707 123.054 6.16351
      vertex 11.9253 123.269 6.16351
    endloop
  endfacet
  facet normal -0.658982 -0.752159 -0
    outer loop
      vertex 12.1707 123.054 6.16351
      vertex 11.9253 123.269 5.83649
      vertex 12.1707 123.054 5.83649
    endloop
  endfacet
  facet normal -0.551665 -0.834066 0
    outer loop
      vertex 12.1707 123.054 5.83649
      vertex 12.2342 123.012 6.16351
      vertex 12.1707 123.054 6.16351
    endloop
  endfacet
  facet normal -0.551665 -0.834066 -0
    outer loop
      vertex 12.2342 123.012 6.16351
      vertex 12.1707 123.054 5.83649
      vertex 12.2342 123.012 5.83649
    endloop
  endfacet
  facet normal -0.745218 -0.653999 0.130135
    outer loop
      vertex 11.744 123.541 6.48773
      vertex 11.7102 123.515 6.16351
      vertex 11.9555 123.3 6.48773
    endloop
  endfacet
  facet normal -0.746227 -0.652494 0.131896
    outer loop
      vertex 11.9555 123.3 6.48773
      vertex 11.7102 123.515 6.16351
      vertex 11.9253 123.269 6.16351
    endloop
  endfacet
  facet normal -0.651021 -0.571934 0.499062
    outer loop
      vertex 11.994 123.732 7.28799
      vertex 11.9105 123.668 7.10572
      vertex 12.0287 123.628 7.21407
    endloop
  endfacet
  facet normal -0.823735 -0.55184 -0.130128
    outer loop
      vertex 11.7102 123.515 5.83649
      vertex 11.5658 123.807 5.51227
      vertex 11.744 123.541 5.51227
    endloop
  endfacet
  facet normal -0.692876 -0.610236 -0.384103
    outer loop
      vertex 12.0926 123.437 4.93279
      vertex 11.9105 123.668 4.89428
      vertex 12.0796 123.476 4.89428
    endloop
  endfacet
  facet normal -0.693097 -0.610321 -0.383567
    outer loop
      vertex 11.9105 123.668 4.89428
      vertex 12.0926 123.437 4.93279
      vertex 12.0154 123.359 5.1964
    endloop
  endfacet
  facet normal -0.521284 -0.813202 -0.258776
    outer loop
      vertex 12.2122 123.078 5.51227
      vertex 12.1966 123.088 5.51227
      vertex 12.2051 123.099 5.46058
    endloop
  endfacet
  facet normal -0.654696 -0.744563 -0.13038
    outer loop
      vertex 12.1707 123.054 5.83649
      vertex 11.9555 123.3 5.51227
      vertex 12.1966 123.088 5.51227
    endloop
  endfacet
  facet normal -0.964003 0.0632627 -0.258257
    outer loop
      vertex 11.3422 125.342 5.1964
      vertex 11.2373 125.033 5.51227
      vertex 11.2583 125.353 5.51227
    endloop
  endfacet
  facet normal -0.653204 -0.745564 -0.13213
    outer loop
      vertex 12.1707 123.054 5.83649
      vertex 11.9253 123.269 5.83649
      vertex 11.9555 123.3 5.51227
    endloop
  endfacet
  facet normal -0.980757 -0.195232 0
    outer loop
      vertex 11.2797 124.388 5.83649
      vertex 11.216 124.708 6.16351
      vertex 11.216 124.708 5.83649
    endloop
  endfacet
  facet normal -0.980757 -0.195232 0
    outer loop
      vertex 11.216 124.708 6.16351
      vertex 11.2797 124.388 5.83649
      vertex 11.2797 124.388 6.16351
    endloop
  endfacet
  facet normal -0.726709 -0.636884 -0.257435
    outer loop
      vertex 12.0154 123.359 5.1964
      vertex 11.744 123.541 5.51227
      vertex 11.8112 123.592 5.1964
    endloop
  endfacet
  facet normal -0.7264 -0.637484 -0.256824
    outer loop
      vertex 11.9555 123.3 5.51227
      vertex 11.744 123.541 5.51227
      vertex 12.0154 123.359 5.1964
    endloop
  endfacet
  facet normal -0.849897 -0.168799 0.499182
    outer loop
      vertex 11.6815 124.495 7.38893
      vertex 11.4663 124.741 7.10572
      vertex 11.5235 124.453 7.10572
    endloop
  endfacet
  facet normal -0.768548 -0.513415 0.381757
    outer loop
      vertex 11.9105 123.668 7.10572
      vertex 11.7475 123.912 7.10572
      vertex 11.8112 123.592 6.8036
    endloop
  endfacet
  facet normal -0.963958 -0.063016 0.258484
    outer loop
      vertex 11.322 125.033 6.8036
      vertex 11.2373 125.033 6.48773
      vertex 11.3422 124.724 6.8036
    endloop
  endfacet
  facet normal -0.922244 -0.0602891 0.381877
    outer loop
      vertex 11.4471 125.033 7.10572
      vertex 11.322 125.033 6.8036
      vertex 11.3422 124.724 6.8036
    endloop
  endfacet
  facet normal -0.947448 -0.188864 0.258212
    outer loop
      vertex 11.3422 124.724 6.8036
      vertex 11.3209 124.399 6.48773
      vertex 11.4026 124.421 6.8036
    endloop
  endfacet
  facet normal -0.914996 -0.309978 0.258254
    outer loop
      vertex 11.4026 124.421 6.8036
      vertex 11.3209 124.399 6.48773
      vertex 11.5022 124.127 6.8036
    endloop
  endfacet
  facet normal -0.914824 0.31461 -0.253213
    outer loop
      vertex 11.3395 125.696 5.47986
      vertex 11.3209 125.668 5.51227
      vertex 11.335 125.709 5.51227
    endloop
  endfacet
  facet normal -0.721623 -0.479266 -0.499564
    outer loop
      vertex 11.9243 123.941 4.61107
      vertex 11.7475 123.912 4.89428
      vertex 11.8891 123.994 4.61107
    endloop
  endfacet
  facet normal -0.720301 -0.481834 -0.499002
    outer loop
      vertex 11.7475 123.912 4.89428
      vertex 11.9243 123.941 4.61107
      vertex 11.9707 123.802 4.67831
    endloop
  endfacet
  facet normal -0.989386 -0.0649285 -0.129998
    outer loop
      vertex 11.2583 124.713 5.51227
      vertex 11.1947 125.033 5.83649
      vertex 11.2373 125.033 5.51227
    endloop
  endfacet
  facet normal -0.864627 0.056627 -0.499213
    outer loop
      vertex 11.5603 125.033 4.69822
      vertex 11.4471 125.033 4.89428
      vertex 11.4657 125.317 4.89428
    endloop
  endfacet
  facet normal -0.989386 0.0649285 -0.129998
    outer loop
      vertex 11.2373 125.033 5.51227
      vertex 11.1947 125.033 5.83649
      vertex 11.2583 125.353 5.51227
    endloop
  endfacet
  facet normal -0.906294 -0.18 -0.382401
    outer loop
      vertex 11.5235 124.453 4.89428
      vertex 11.3422 124.724 5.1964
      vertex 11.4663 124.741 4.89428
    endloop
  endfacet
  facet normal -0.849947 -0.169035 -0.499016
    outer loop
      vertex 11.6815 124.495 4.61107
      vertex 11.4663 124.741 4.89428
      vertex 11.6284 124.762 4.61107
    endloop
  endfacet
  facet normal -0.777174 -0.382854 0.499424
    outer loop
      vertex 11.7689 124.238 7.38893
      vertex 11.7475 123.912 7.10572
      vertex 11.8891 123.994 7.38893
    endloop
  endfacet
  facet normal -0.638223 -0.725828 -0.256604
    outer loop
      vertex 12.1966 123.088 5.51227
      vertex 11.9555 123.3 5.51227
      vertex 12.0154 123.359 5.1964
    endloop
  endfacet
  facet normal -0.654696 -0.744563 0.13038
    outer loop
      vertex 12.1966 123.088 6.48773
      vertex 11.9555 123.3 6.48773
      vertex 12.1707 123.054 6.16351
    endloop
  endfacet
  facet normal -0.653204 -0.745564 0.13213
    outer loop
      vertex 11.9555 123.3 6.48773
      vertex 11.9253 123.269 6.16351
      vertex 12.1707 123.054 6.16351
    endloop
  endfacet
  facet normal -0.695112 -0.609192 0.381713
    outer loop
      vertex 11.9105 123.668 7.10572
      vertex 11.8112 123.592 6.8036
      vertex 12.0154 123.359 6.8036
    endloop
  endfacet
  facet normal -0.802367 -0.537526 0.25937
    outer loop
      vertex 11.6391 123.85 6.8036
      vertex 11.5658 123.807 6.48773
      vertex 11.744 123.541 6.48773
    endloop
  endfacet
  facet normal -0.692876 -0.610236 0.384103
    outer loop
      vertex 11.9105 123.668 7.10572
      vertex 12.0926 123.437 7.06721
      vertex 12.0796 123.476 7.10572
    endloop
  endfacet
  facet normal -0.693097 -0.610321 0.383567
    outer loop
      vertex 12.0926 123.437 7.06721
      vertex 11.9105 123.668 7.10572
      vertex 12.0154 123.359 6.8036
    endloop
  endfacet
  facet normal -0.768548 -0.513415 -0.381757
    outer loop
      vertex 11.8112 123.592 5.1964
      vertex 11.7475 123.912 4.89428
      vertex 11.9105 123.668 4.89428
    endloop
  endfacet
  facet normal -0.695112 -0.609192 -0.381713
    outer loop
      vertex 12.0154 123.359 5.1964
      vertex 11.8112 123.592 5.1964
      vertex 11.9105 123.668 4.89428
    endloop
  endfacet
  facet normal -0.664894 -0.425309 0.614026
    outer loop
      vertex 11.9039 124.003 7.41119
      vertex 11.8891 123.994 7.38893
      vertex 11.909 123.987 7.40563
    endloop
  endfacet
  facet normal -0.922098 -0.0606311 -0.382176
    outer loop
      vertex 11.4663 124.741 4.89428
      vertex 11.3422 124.724 5.1964
      vertex 11.4471 125.033 4.89428
    endloop
  endfacet
  facet normal -0.938908 -0.318742 -0.129828
    outer loop
      vertex 11.3846 124.079 5.83649
      vertex 11.2797 124.388 5.83649
      vertex 11.424 124.095 5.51227
    endloop
  endfacet
  facet normal -0.746227 -0.652494 -0.131896
    outer loop
      vertex 11.9253 123.269 5.83649
      vertex 11.7102 123.515 5.83649
      vertex 11.9555 123.3 5.51227
    endloop
  endfacet
  facet normal -0.889584 -0.437996 -0.129614
    outer loop
      vertex 11.5289 123.786 5.83649
      vertex 11.424 124.095 5.51227
      vertex 11.5658 123.807 5.51227
    endloop
  endfacet
  facet normal -0.866501 -0.426631 -0.259156
    outer loop
      vertex 11.5658 123.807 5.51227
      vertex 11.424 124.095 5.51227
      vertex 11.6391 123.85 5.1964
    endloop
  endfacet
  facet normal -0.820355 -0.278272 0.499582
    outer loop
      vertex 11.7689 124.238 7.38893
      vertex 11.5235 124.453 7.10572
      vertex 11.6178 124.175 7.10572
    endloop
  endfacet
  facet normal -0.87517 -0.296865 0.382031
    outer loop
      vertex 11.5235 124.453 7.10572
      vertex 11.5022 124.127 6.8036
      vertex 11.6178 124.175 7.10572
    endloop
  endfacet
  facet normal -0.713675 -0.351771 0.605744
    outer loop
      vertex 11.7689 124.238 7.38893
      vertex 11.8957 124.027 7.41579
      vertex 11.8186 124.258 7.4591
    endloop
  endfacet
  facet normal -0.713051 -0.351265 0.606771
    outer loop
      vertex 11.8957 124.027 7.41579
      vertex 11.7689 124.238 7.38893
      vertex 11.8891 123.994 7.38893
    endloop
  endfacet
  facet normal -0.704245 -0.358113 0.613021
    outer loop
      vertex 11.8957 124.027 7.41579
      vertex 11.8891 123.994 7.38893
      vertex 11.9039 124.003 7.41119
    endloop
  endfacet
  facet normal -0.777174 -0.382854 -0.499424
    outer loop
      vertex 11.8891 123.994 4.61107
      vertex 11.7475 123.912 4.89428
      vertex 11.7689 124.238 4.61107
    endloop
  endfacet
  facet normal -0.662981 -0.440319 -0.605454
    outer loop
      vertex 11.9243 123.941 4.61107
      vertex 11.8891 123.994 4.61107
      vertex 11.909 123.987 4.59437
    endloop
  endfacet
  facet normal -0.947798 0.187812 -0.257693
    outer loop
      vertex 11.3422 125.342 5.1964
      vertex 11.3515 125.66 5.39396
      vertex 11.3852 125.559 5.1964
    endloop
  endfacet
  facet normal -0.947743 0.187897 -0.257832
    outer loop
      vertex 11.3515 125.66 5.39396
      vertex 11.3422 125.342 5.1964
      vertex 11.3209 125.668 5.51227
    endloop
  endfacet
  facet normal -0.9063 0.179589 -0.38258
    outer loop
      vertex 11.419 125.457 5.06845
      vertex 11.3422 125.342 5.1964
      vertex 11.3852 125.559 5.1964
    endloop
  endfacet
  facet normal -0.607913 -0.695989 0.382153
    outer loop
      vertex 12.1314 123.32 6.9171
      vertex 12.0154 123.359 6.8036
      vertex 12.1608 123.232 6.8036
    endloop
  endfacet
  facet normal -0.533656 -0.832503 0.148828
    outer loop
      vertex 12.2122 123.078 6.48773
      vertex 12.1966 123.088 6.48773
      vertex 12.2137 123.073 6.46514
    endloop
  endfacet
  facet normal -0.550805 -0.824376 0.13045
    outer loop
      vertex 12.1707 123.054 6.16351
      vertex 12.2137 123.073 6.46514
      vertex 12.1966 123.088 6.48773
    endloop
  endfacet
  facet normal -0.546979 -0.82698 0.130069
    outer loop
      vertex 12.2137 123.073 6.46514
      vertex 12.1707 123.054 6.16351
      vertex 12.2342 123.012 6.16351
    endloop
  endfacet
  facet normal -0.720543 -0.480515 0.499923
    outer loop
      vertex 11.7475 123.912 7.10572
      vertex 11.994 123.732 7.28799
      vertex 11.9707 123.802 7.32169
    endloop
  endfacet
  facet normal -0.72055 -0.481351 0.499108
    outer loop
      vertex 11.994 123.732 7.28799
      vertex 11.7475 123.912 7.10572
      vertex 11.9105 123.668 7.10572
    endloop
  endfacet
  facet normal -0.635601 -0.727181 -0.259269
    outer loop
      vertex 12.0154 123.359 5.1964
      vertex 12.2051 123.099 5.46058
      vertex 12.1966 123.088 5.51227
    endloop
  endfacet
  facet normal -0.635284 -0.727325 -0.259638
    outer loop
      vertex 12.2051 123.099 5.46058
      vertex 12.0154 123.359 5.1964
      vertex 12.1608 123.232 5.1964
    endloop
  endfacet
  facet normal -0.607913 -0.695989 -0.382153
    outer loop
      vertex 12.1608 123.232 5.1964
      vertex 12.0154 123.359 5.1964
      vertex 12.1314 123.32 5.0829
    endloop
  endfacet
  facet normal -0.803829 -0.536198 0.257585
    outer loop
      vertex 11.8112 123.592 6.8036
      vertex 11.6391 123.85 6.8036
      vertex 11.744 123.541 6.48773
    endloop
  endfacet
  facet normal -0.726709 -0.636884 0.257435
    outer loop
      vertex 11.8112 123.592 6.8036
      vertex 11.744 123.541 6.48773
      vertex 12.0154 123.359 6.8036
    endloop
  endfacet
  facet normal -0.650658 -0.573053 -0.498252
    outer loop
      vertex 12.0796 123.476 4.89428
      vertex 11.9105 123.668 4.89428
      vertex 12.0287 123.628 4.78593
    endloop
  endfacet
  facet normal -0.651021 -0.571934 -0.499062
    outer loop
      vertex 12.0287 123.628 4.78593
      vertex 11.9105 123.668 4.89428
      vertex 11.994 123.732 4.71201
    endloop
  endfacet
  facet normal -0.803829 -0.536198 -0.257585
    outer loop
      vertex 11.744 123.541 5.51227
      vertex 11.6391 123.85 5.1964
      vertex 11.8112 123.592 5.1964
    endloop
  endfacet
  facet normal -0.769079 -0.513017 -0.381223
    outer loop
      vertex 11.8112 123.592 5.1964
      vertex 11.6391 123.85 5.1964
      vertex 11.7475 123.912 4.89428
    endloop
  endfacet
  facet normal -0.87517 -0.296865 -0.382031
    outer loop
      vertex 11.6178 124.175 4.89428
      vertex 11.5022 124.127 5.1964
      vertex 11.5235 124.453 4.89428
    endloop
  endfacet
  facet normal -0.972453 -0.193579 -0.129858
    outer loop
      vertex 11.2797 124.388 5.83649
      vertex 11.216 124.708 5.83649
      vertex 11.2583 124.713 5.51227
    endloop
  endfacet
  facet normal -0.776865 -0.383116 0.499702
    outer loop
      vertex 11.7689 124.238 7.38893
      vertex 11.6178 124.175 7.10572
      vertex 11.7475 123.912 7.10572
    endloop
  endfacet
  facet normal -0.828826 -0.40874 0.382073
    outer loop
      vertex 11.6178 124.175 7.10572
      vertex 11.5022 124.127 6.8036
      vertex 11.7475 123.912 7.10572
    endloop
  endfacet
  facet normal -0.849947 -0.169035 0.499016
    outer loop
      vertex 11.6284 124.762 7.38893
      vertex 11.4663 124.741 7.10572
      vertex 11.6815 124.495 7.38893
    endloop
  endfacet
  facet normal -0.906391 -0.18068 -0.38185
    outer loop
      vertex 11.4026 124.421 5.1964
      vertex 11.3422 124.724 5.1964
      vertex 11.5235 124.453 4.89428
    endloop
  endfacet
  facet normal -0.776865 -0.383116 -0.499702
    outer loop
      vertex 11.7475 123.912 4.89428
      vertex 11.6178 124.175 4.89428
      vertex 11.7689 124.238 4.61107
    endloop
  endfacet
  facet normal -0.864713 -0.0562585 -0.499105
    outer loop
      vertex 11.4663 124.741 4.89428
      vertex 11.623 124.845 4.61107
      vertex 11.6284 124.762 4.61107
    endloop
  endfacet
  facet normal -0.86455 -0.0570333 -0.499299
    outer loop
      vertex 11.623 124.845 4.61107
      vertex 11.4663 124.741 4.89428
      vertex 11.5806 124.972 4.66998
    endloop
  endfacet
  facet normal -0.864627 -0.0566253 -0.499213
    outer loop
      vertex 11.5806 124.972 4.66998
      vertex 11.4471 125.033 4.89428
      vertex 11.5603 125.033 4.69822
    endloop
  endfacet
  facet normal -0.864642 -0.0568532 -0.499161
    outer loop
      vertex 11.4471 125.033 4.89428
      vertex 11.5806 124.972 4.66998
      vertex 11.4663 124.741 4.89428
    endloop
  endfacet
  facet normal -0.964003 -0.0632627 -0.258257
    outer loop
      vertex 11.2583 124.713 5.51227
      vertex 11.2373 125.033 5.51227
      vertex 11.3422 124.724 5.1964
    endloop
  endfacet
  facet normal -0.713675 -0.351771 -0.605744
    outer loop
      vertex 11.8957 124.027 4.58421
      vertex 11.7689 124.238 4.61107
      vertex 11.8186 124.258 4.5409
    endloop
  endfacet
  facet normal -0.713051 -0.351265 -0.606771
    outer loop
      vertex 11.7689 124.238 4.61107
      vertex 11.8957 124.027 4.58421
      vertex 11.8891 123.994 4.61107
    endloop
  endfacet
  facet normal -0.751698 -0.252076 -0.609433
    outer loop
      vertex 11.7563 124.445 4.53949
      vertex 11.6815 124.495 4.61107
      vertex 11.7349 124.51 4.539
    endloop
  endfacet
  facet normal -0.963958 0.063016 -0.258484
    outer loop
      vertex 11.322 125.033 5.1964
      vertex 11.2373 125.033 5.51227
      vertex 11.3422 125.342 5.1964
    endloop
  endfacet
  facet normal -0.922244 0.0602891 -0.381877
    outer loop
      vertex 11.4471 125.033 4.89428
      vertex 11.322 125.033 5.1964
      vertex 11.3422 125.342 5.1964
    endloop
  endfacet
  facet normal -0.914969 -0.310307 -0.257956
    outer loop
      vertex 11.424 124.095 5.51227
      vertex 11.3209 124.399 5.51227
      vertex 11.5022 124.127 5.1964
    endloop
  endfacet
  facet normal -0.914996 -0.309978 -0.258254
    outer loop
      vertex 11.5022 124.127 5.1964
      vertex 11.3209 124.399 5.51227
      vertex 11.4026 124.421 5.1964
    endloop
  endfacet
  facet normal -0.752156 -0.255791 0.607316
    outer loop
      vertex 11.7689 124.238 7.38893
      vertex 11.7563 124.445 7.46051
      vertex 11.6815 124.495 7.38893
    endloop
  endfacet
  facet normal -0.753127 -0.255479 0.606242
    outer loop
      vertex 11.7563 124.445 7.46051
      vertex 11.7689 124.238 7.38893
      vertex 11.8186 124.258 7.4591
    endloop
  endfacet
  facet normal -0.751698 -0.252076 0.609433
    outer loop
      vertex 11.7349 124.51 7.461
      vertex 11.6815 124.495 7.38893
      vertex 11.7563 124.445 7.46051
    endloop
  endfacet
  facet normal -0.753127 -0.255479 -0.606242
    outer loop
      vertex 11.7689 124.238 4.61107
      vertex 11.7563 124.445 4.53949
      vertex 11.8186 124.258 4.5409
    endloop
  endfacet
  facet normal -0.752156 -0.255791 -0.607316
    outer loop
      vertex 11.7563 124.445 4.53949
      vertex 11.7689 124.238 4.61107
      vertex 11.6815 124.495 4.61107
    endloop
  endfacet
  facet normal -0.849897 -0.168799 -0.499182
    outer loop
      vertex 11.5235 124.453 4.89428
      vertex 11.4663 124.741 4.89428
      vertex 11.6815 124.495 4.61107
    endloop
  endfacet
  facet normal -0.923871 0.0605071 -0.37789
    outer loop
      vertex 11.4471 125.033 4.89428
      vertex 11.4626 125.326 4.9033
      vertex 11.4657 125.317 4.89428
    endloop
  endfacet
  facet normal -0.922135 0.0605449 -0.382101
    outer loop
      vertex 11.4626 125.326 4.9033
      vertex 11.4471 125.033 4.89428
      vertex 11.3422 125.342 5.1964
    endloop
  endfacet
  facet normal -0.906376 0.180113 -0.382154
    outer loop
      vertex 11.4626 125.326 4.9033
      vertex 11.3422 125.342 5.1964
      vertex 11.419 125.457 5.06845
    endloop
  endfacet
  facet normal -0.664894 -0.425309 -0.614026
    outer loop
      vertex 11.909 123.987 4.59437
      vertex 11.8891 123.994 4.61107
      vertex 11.9039 124.003 4.58881
    endloop
  endfacet
  facet normal -0.704245 -0.358113 -0.613021
    outer loop
      vertex 11.9039 124.003 4.58881
      vertex 11.8891 123.994 4.61107
      vertex 11.8957 124.027 4.58421
    endloop
  endfacet
  facet normal -0.778104 -0.154821 -0.608756
    outer loop
      vertex 11.7349 124.51 4.539
      vertex 11.6815 124.495 4.61107
      vertex 11.7162 124.566 4.54866
    endloop
  endfacet
  facet normal -0.778247 -0.154844 -0.608568
    outer loop
      vertex 11.7162 124.566 4.54866
      vertex 11.6284 124.762 4.61107
      vertex 11.6498 124.765 4.58294
    endloop
  endfacet
  facet normal -0.778153 -0.154756 -0.60871
    outer loop
      vertex 11.6284 124.762 4.61107
      vertex 11.7162 124.566 4.54866
      vertex 11.6815 124.495 4.61107
    endloop
  endfacet
  facet normal -0.662981 -0.440319 0.605454
    outer loop
      vertex 11.909 123.987 7.40563
      vertex 11.8891 123.994 7.38893
      vertex 11.9243 123.941 7.38893
    endloop
  endfacet
  facet normal -0.721623 -0.479266 0.499564
    outer loop
      vertex 11.7475 123.912 7.10572
      vertex 11.9243 123.941 7.38893
      vertex 11.8891 123.994 7.38893
    endloop
  endfacet
  facet normal -0.720301 -0.481834 0.499002
    outer loop
      vertex 11.9243 123.941 7.38893
      vertex 11.7475 123.912 7.10572
      vertex 11.9707 123.802 7.32169
    endloop
  endfacet
  facet normal -0.938968 -0.318446 -0.130123
    outer loop
      vertex 11.424 124.095 5.51227
      vertex 11.2797 124.388 5.83649
      vertex 11.3209 124.399 5.51227
    endloop
  endfacet
  facet normal -0.972361 -0.193853 -0.130139
    outer loop
      vertex 11.2797 124.388 5.83649
      vertex 11.2583 124.713 5.51227
      vertex 11.3209 124.399 5.51227
    endloop
  endfacet
  facet normal -0.922244 -0.0602891 -0.381877
    outer loop
      vertex 11.3422 124.724 5.1964
      vertex 11.322 125.033 5.1964
      vertex 11.4471 125.033 4.89428
    endloop
  endfacet
  facet normal -0.963958 -0.063016 -0.258484
    outer loop
      vertex 11.3422 124.724 5.1964
      vertex 11.2373 125.033 5.51227
      vertex 11.322 125.033 5.1964
    endloop
  endfacet
  facet normal -0.820414 -0.279005 -0.499077
    outer loop
      vertex 11.7689 124.238 4.61107
      vertex 11.5235 124.453 4.89428
      vertex 11.6815 124.495 4.61107
    endloop
  endfacet
  facet normal -0.820355 -0.278272 -0.499582
    outer loop
      vertex 11.6178 124.175 4.89428
      vertex 11.5235 124.453 4.89428
      vertex 11.7689 124.238 4.61107
    endloop
  endfacet
  facet normal -0.947448 -0.188864 -0.258212
    outer loop
      vertex 11.4026 124.421 5.1964
      vertex 11.3209 124.399 5.51227
      vertex 11.3422 124.724 5.1964
    endloop
  endfacet
  facet normal -0.947438 -0.188884 -0.258232
    outer loop
      vertex 11.3209 124.399 5.51227
      vertex 11.2583 124.713 5.51227
      vertex 11.3422 124.724 5.1964
    endloop
  endfacet
  facet normal 0.989386 -0.0649285 0.129998
    outer loop
      vertex 32.7627 125.033 6.48773
      vertex 32.7417 124.713 6.48773
      vertex 32.8053 125.033 6.16351
    endloop
  endfacet
  facet normal 0.751698 -0.252076 -0.609433
    outer loop
      vertex 32.3185 124.495 4.61107
      vertex 32.2437 124.445 4.53949
      vertex 32.2651 124.51 4.539
    endloop
  endfacet
  facet normal 0.849947 -0.169035 0.499016
    outer loop
      vertex 32.3716 124.762 7.38893
      vertex 32.3185 124.495 7.38893
      vertex 32.5337 124.741 7.10572
    endloop
  endfacet
  facet normal 0.94755 0.188307 0.258242
    outer loop
      vertex 32.6791 125.668 6.48773
      vertex 32.6578 125.342 6.8036
      vertex 32.7417 125.353 6.48773
    endloop
  endfacet
  facet normal 0.938785 0.318987 -0.130118
    outer loop
      vertex 32.6791 125.668 5.51227
      vertex 32.6813 125.758 5.74878
      vertex 32.7203 125.679 5.83649
    endloop
  endfacet
  facet normal 0.937443 0.322389 -0.1314
    outer loop
      vertex 32.6813 125.758 5.74878
      vertex 32.6791 125.668 5.51227
      vertex 32.665 125.709 5.51227
    endloop
  endfacet
  facet normal 0.831153 -0.556044 0
    outer loop
      vertex 32.2898 123.515 6.16351
      vertex 32.4711 123.786 5.83649
      vertex 32.4711 123.786 6.16351
    endloop
  endfacet
  facet normal 0.831153 -0.556044 0
    outer loop
      vertex 32.4711 123.786 5.83649
      vertex 32.2898 123.515 6.16351
      vertex 32.2898 123.515 5.83649
    endloop
  endfacet
  facet normal 0.963958 0.063016 0.258484
    outer loop
      vertex 32.7627 125.033 6.48773
      vertex 32.6578 125.342 6.8036
      vertex 32.678 125.033 6.8036
    endloop
  endfacet
  facet normal 0.922244 0.0602891 0.381877
    outer loop
      vertex 32.6578 125.342 6.8036
      vertex 32.5529 125.033 7.10572
      vertex 32.678 125.033 6.8036
    endloop
  endfacet
  facet normal 0.768548 -0.513415 0.381757
    outer loop
      vertex 32.2525 123.912 7.10572
      vertex 32.0895 123.668 7.10572
      vertex 32.1888 123.592 6.8036
    endloop
  endfacet
  facet normal 0.650906 -0.57229 -0.498804
    outer loop
      vertex 32.0895 123.668 4.89428
      vertex 31.9713 123.628 4.78593
      vertex 32.0061 123.732 4.71202
    endloop
  endfacet
  facet normal 0.778247 -0.154844 -0.608568
    outer loop
      vertex 32.3716 124.762 4.61107
      vertex 32.2838 124.566 4.54866
      vertex 32.3502 124.765 4.58294
    endloop
  endfacet
  facet normal 0.778153 -0.154756 -0.60871
    outer loop
      vertex 32.2838 124.566 4.54866
      vertex 32.3716 124.762 4.61107
      vertex 32.3185 124.495 4.61107
    endloop
  endfacet
  facet normal 0.7264 -0.637484 0.256824
    outer loop
      vertex 32.256 123.541 6.48773
      vertex 31.9846 123.359 6.8036
      vertex 32.0445 123.3 6.48773
    endloop
  endfacet
  facet normal 0.635284 -0.727325 -0.259638
    outer loop
      vertex 31.9846 123.359 5.1964
      vertex 31.7949 123.099 5.46058
      vertex 31.8392 123.232 5.1964
    endloop
  endfacet
  facet normal 0.635601 -0.727181 -0.259269
    outer loop
      vertex 31.7949 123.099 5.46058
      vertex 31.9846 123.359 5.1964
      vertex 31.8034 123.088 5.51227
    endloop
  endfacet
  facet normal 0.849897 -0.168799 0.499182
    outer loop
      vertex 32.5337 124.741 7.10572
      vertex 32.3185 124.495 7.38893
      vertex 32.4765 124.453 7.10572
    endloop
  endfacet
  facet normal 0.546979 -0.82698 -0.130069
    outer loop
      vertex 31.7863 123.073 5.53486
      vertex 31.8293 123.054 5.83649
      vertex 31.7658 123.012 5.83649
    endloop
  endfacet
  facet normal 0.550805 -0.824376 -0.13045
    outer loop
      vertex 31.8293 123.054 5.83649
      vertex 31.7863 123.073 5.53486
      vertex 31.8034 123.088 5.51227
    endloop
  endfacet
  facet normal 0.751698 -0.252076 0.609433
    outer loop
      vertex 32.2651 124.51 7.461
      vertex 32.2437 124.445 7.46051
      vertex 32.3185 124.495 7.38893
    endloop
  endfacet
  facet normal 0.947438 -0.188884 0.258232
    outer loop
      vertex 32.7417 124.713 6.48773
      vertex 32.6578 124.724 6.8036
      vertex 32.6791 124.399 6.48773
    endloop
  endfacet
  facet normal 0.989386 0.0649285 0.129998
    outer loop
      vertex 32.8053 125.033 6.16351
      vertex 32.7417 125.353 6.48773
      vertex 32.7627 125.033 6.48773
    endloop
  endfacet
  facet normal 0.947798 0.187812 0.257693
    outer loop
      vertex 32.6578 125.342 6.8036
      vertex 32.6485 125.66 6.60604
      vertex 32.6148 125.559 6.8036
    endloop
  endfacet
  facet normal 0.947743 0.187897 0.257832
    outer loop
      vertex 32.6485 125.66 6.60604
      vertex 32.6578 125.342 6.8036
      vertex 32.6791 125.668 6.48773
    endloop
  endfacet
  facet normal 0.650906 -0.57229 0.498804
    outer loop
      vertex 32.0061 123.732 7.28798
      vertex 31.9713 123.628 7.21407
      vertex 32.0895 123.668 7.10572
    endloop
  endfacet
  facet normal 0.938968 -0.318446 0.130123
    outer loop
      vertex 32.6791 124.399 6.48773
      vertex 32.576 124.095 6.48773
      vertex 32.7203 124.388 6.16351
    endloop
  endfacet
  facet normal 0.768548 -0.513415 -0.381757
    outer loop
      vertex 32.1888 123.592 5.1964
      vertex 32.0895 123.668 4.89428
      vertex 32.2525 123.912 4.89428
    endloop
  endfacet
  facet normal 0.778104 -0.154821 -0.608756
    outer loop
      vertex 32.3185 124.495 4.61107
      vertex 32.2651 124.51 4.539
      vertex 32.2838 124.566 4.54866
    endloop
  endfacet
  facet normal 0.924017 0.0605166 0.377531
    outer loop
      vertex 32.5529 125.033 7.10572
      vertex 32.5374 125.326 7.09669
      vertex 32.5343 125.317 7.10572
    endloop
  endfacet
  facet normal 0.92213 0.060558 0.382112
    outer loop
      vertex 32.5374 125.326 7.09669
      vertex 32.5529 125.033 7.10572
      vertex 32.6578 125.342 6.8036
    endloop
  endfacet
  facet normal 0.792159 -0.0515381 0.608134
    outer loop
      vertex 32.377 124.845 7.38893
      vertex 32.3502 124.765 7.41706
      vertex 32.3716 124.762 7.38893
    endloop
  endfacet
  facet normal 0.664894 -0.425309 0.614026
    outer loop
      vertex 32.0961 124.003 7.41119
      vertex 32.091 123.987 7.40563
      vertex 32.1109 123.994 7.38893
    endloop
  endfacet
  facet normal 0.778247 -0.154844 0.608568
    outer loop
      vertex 32.2838 124.566 7.45134
      vertex 32.3716 124.762 7.38893
      vertex 32.3502 124.765 7.41706
    endloop
  endfacet
  facet normal 0.778153 -0.154756 0.60871
    outer loop
      vertex 32.3716 124.762 7.38893
      vertex 32.2838 124.566 7.45134
      vertex 32.3185 124.495 7.38893
    endloop
  endfacet
  facet normal 0.964003 0.0632627 0.258257
    outer loop
      vertex 32.7417 125.353 6.48773
      vertex 32.6578 125.342 6.8036
      vertex 32.7627 125.033 6.48773
    endloop
  endfacet
  facet normal 0.997872 0.0651984 0
    outer loop
      vertex 32.8053 125.033 6.16351
      vertex 32.784 125.359 5.83649
      vertex 32.784 125.359 6.16351
    endloop
  endfacet
  facet normal 0.997872 0.0651984 0
    outer loop
      vertex 32.784 125.359 5.83649
      vertex 32.8053 125.033 6.16351
      vertex 32.8053 125.033 5.83649
    endloop
  endfacet
  facet normal 0.914969 -0.310307 0.257956
    outer loop
      vertex 32.6791 124.399 6.48773
      vertex 32.4978 124.127 6.8036
      vertex 32.576 124.095 6.48773
    endloop
  endfacet
  facet normal 0.963958 -0.063016 0.258484
    outer loop
      vertex 32.678 125.033 6.8036
      vertex 32.6578 124.724 6.8036
      vertex 32.7627 125.033 6.48773
    endloop
  endfacet
  facet normal 0.937444 0.322389 0.131394
    outer loop
      vertex 32.6791 125.668 6.48773
      vertex 32.6813 125.758 6.25121
      vertex 32.665 125.709 6.48773
    endloop
  endfacet
  facet normal 0.93878 0.319001 0.130118
    outer loop
      vertex 32.6813 125.758 6.25121
      vertex 32.6791 125.668 6.48773
      vertex 32.7203 125.679 6.16351
    endloop
  endfacet
  facet normal 0.721623 -0.479266 -0.499564
    outer loop
      vertex 32.2525 123.912 4.89428
      vertex 32.0757 123.941 4.61107
      vertex 32.1109 123.994 4.61107
    endloop
  endfacet
  facet normal 0.720301 -0.481834 -0.499002
    outer loop
      vertex 32.0757 123.941 4.61107
      vertex 32.2525 123.912 4.89428
      vertex 32.0293 123.802 4.67831
    endloop
  endfacet
  facet normal 0.753127 -0.255479 0.606242
    outer loop
      vertex 32.2311 124.238 7.38893
      vertex 32.2437 124.445 7.46051
      vertex 32.1814 124.258 7.4591
    endloop
  endfacet
  facet normal 0.752156 -0.255791 0.607316
    outer loop
      vertex 32.2437 124.445 7.46051
      vertex 32.2311 124.238 7.38893
      vertex 32.3185 124.495 7.38893
    endloop
  endfacet
  facet normal 0.914969 -0.310307 -0.257956
    outer loop
      vertex 32.576 124.095 5.51227
      vertex 32.4978 124.127 5.1964
      vertex 32.6791 124.399 5.51227
    endloop
  endfacet
  facet normal 0.713675 -0.351771 0.605744
    outer loop
      vertex 32.1043 124.027 7.41579
      vertex 32.2311 124.238 7.38893
      vertex 32.1814 124.258 7.4591
    endloop
  endfacet
  facet normal 0.713051 -0.351265 0.606771
    outer loop
      vertex 32.2311 124.238 7.38893
      vertex 32.1043 124.027 7.41579
      vertex 32.1109 123.994 7.38893
    endloop
  endfacet
  facet normal 0.662981 -0.440319 0.605454
    outer loop
      vertex 32.091 123.987 7.40563
      vertex 32.0757 123.941 7.38893
      vertex 32.1109 123.994 7.38893
    endloop
  endfacet
  facet normal 0.938908 -0.318742 -0.129828
    outer loop
      vertex 32.6154 124.079 5.83649
      vertex 32.576 124.095 5.51227
      vertex 32.7203 124.388 5.83649
    endloop
  endfacet
  facet normal 0.866184 -0.428089 -0.25781
    outer loop
      vertex 32.576 124.095 5.51227
      vertex 32.3609 123.85 5.1964
      vertex 32.4978 124.127 5.1964
    endloop
  endfacet
  facet normal 0.802367 -0.537526 -0.25937
    outer loop
      vertex 32.4342 123.807 5.51227
      vertex 32.256 123.541 5.51227
      vertex 32.3609 123.85 5.1964
    endloop
  endfacet
  facet normal 0.752804 -0.658245 0
    outer loop
      vertex 32.0747 123.269 6.16351
      vertex 32.2898 123.515 5.83649
      vertex 32.2898 123.515 6.16351
    endloop
  endfacet
  facet normal 0.752804 -0.658245 0
    outer loop
      vertex 32.2898 123.515 5.83649
      vertex 32.0747 123.269 6.16351
      vertex 32.0747 123.269 5.83649
    endloop
  endfacet
  facet normal 0.864627 0.056627 -0.499213
    outer loop
      vertex 32.5529 125.033 4.89428
      vertex 32.4397 125.033 4.69822
      vertex 32.5343 125.317 4.89428
    endloop
  endfacet
  facet normal 0.820355 -0.278272 -0.499582
    outer loop
      vertex 32.3822 124.175 4.89428
      vertex 32.2311 124.238 4.61107
      vertex 32.4765 124.453 4.89428
    endloop
  endfacet
  facet normal 0.972377 0.193564 -0.130445
    outer loop
      vertex 32.7417 125.353 5.51227
      vertex 32.7203 125.679 5.83649
      vertex 32.784 125.359 5.83649
    endloop
  endfacet
  facet normal 0.638223 -0.725828 0.256604
    outer loop
      vertex 31.9846 123.359 6.8036
      vertex 31.8034 123.088 6.48773
      vertex 32.0445 123.3 6.48773
    endloop
  endfacet
  facet normal 0.864713 -0.0562585 0.499105
    outer loop
      vertex 32.5337 124.741 7.10572
      vertex 32.377 124.845 7.38893
      vertex 32.3716 124.762 7.38893
    endloop
  endfacet
  facet normal 0.864557 -0.0570001 0.499291
    outer loop
      vertex 32.377 124.845 7.38893
      vertex 32.5337 124.741 7.10572
      vertex 32.4194 124.972 7.33001
    endloop
  endfacet
  facet normal 0.650658 -0.573053 0.498252
    outer loop
      vertex 31.9713 123.628 7.21407
      vertex 31.9204 123.476 7.10572
      vertex 32.0895 123.668 7.10572
    endloop
  endfacet
  facet normal 0.820414 -0.279005 0.499077
    outer loop
      vertex 32.3185 124.495 7.38893
      vertex 32.2311 124.238 7.38893
      vertex 32.4765 124.453 7.10572
    endloop
  endfacet
  facet normal 0.720668 -0.479829 0.500402
    outer loop
      vertex 32.0061 123.732 7.28798
      vertex 32.2525 123.912 7.10572
      vertex 32.0293 123.802 7.32169
    endloop
  endfacet
  facet normal 0.720682 -0.481439 0.498832
    outer loop
      vertex 32.2525 123.912 7.10572
      vertex 32.0061 123.732 7.28798
      vertex 32.0895 123.668 7.10572
    endloop
  endfacet
  facet normal 0.864627 0.056627 0.499213
    outer loop
      vertex 32.5343 125.317 7.10572
      vertex 32.4397 125.033 7.30178
      vertex 32.5529 125.033 7.10572
    endloop
  endfacet
  facet normal 0.9063 0.179589 0.38258
    outer loop
      vertex 32.6148 125.559 6.8036
      vertex 32.581 125.457 6.93155
      vertex 32.6578 125.342 6.8036
    endloop
  endfacet
  facet normal 0.972361 -0.193853 0.130139
    outer loop
      vertex 32.7417 124.713 6.48773
      vertex 32.6791 124.399 6.48773
      vertex 32.7203 124.388 6.16351
    endloop
  endfacet
  facet normal 0.964003 -0.0632627 0.258257
    outer loop
      vertex 32.7627 125.033 6.48773
      vertex 32.6578 124.724 6.8036
      vertex 32.7417 124.713 6.48773
    endloop
  endfacet
  facet normal 0.635284 -0.727325 0.259638
    outer loop
      vertex 31.7949 123.099 6.53942
      vertex 31.9846 123.359 6.8036
      vertex 31.8392 123.232 6.8036
    endloop
  endfacet
  facet normal 0.635601 -0.727181 0.259269
    outer loop
      vertex 31.9846 123.359 6.8036
      vertex 31.7949 123.099 6.53942
      vertex 31.8034 123.088 6.48773
    endloop
  endfacet
  facet normal 0.866184 -0.428089 0.25781
    outer loop
      vertex 32.4978 124.127 6.8036
      vertex 32.3609 123.85 6.8036
      vertex 32.576 124.095 6.48773
    endloop
  endfacet
  facet normal 0.721623 -0.479266 0.499564
    outer loop
      vertex 32.0757 123.941 7.38893
      vertex 32.2525 123.912 7.10572
      vertex 32.1109 123.994 7.38893
    endloop
  endfacet
  facet normal 0.720301 -0.481834 0.499002
    outer loop
      vertex 32.2525 123.912 7.10572
      vertex 32.0757 123.941 7.38893
      vertex 32.0293 123.802 7.32169
    endloop
  endfacet
  facet normal 0.87517 -0.296865 0.382031
    outer loop
      vertex 32.4765 124.453 7.10572
      vertex 32.3822 124.175 7.10572
      vertex 32.4978 124.127 6.8036
    endloop
  endfacet
  facet normal 0.823735 -0.55184 0.130128
    outer loop
      vertex 32.4342 123.807 6.48773
      vertex 32.256 123.541 6.48773
      vertex 32.2898 123.515 6.16351
    endloop
  endfacet
  facet normal 0.752156 -0.255791 -0.607316
    outer loop
      vertex 32.2311 124.238 4.61107
      vertex 32.2437 124.445 4.53949
      vertex 32.3185 124.495 4.61107
    endloop
  endfacet
  facet normal 0.753127 -0.255479 -0.606242
    outer loop
      vertex 32.2437 124.445 4.53949
      vertex 32.2311 124.238 4.61107
      vertex 32.1814 124.258 4.5409
    endloop
  endfacet
  facet normal 0.938968 -0.318446 -0.130123
    outer loop
      vertex 32.7203 124.388 5.83649
      vertex 32.576 124.095 5.51227
      vertex 32.6791 124.399 5.51227
    endloop
  endfacet
  facet normal 0.607913 -0.695989 -0.382153
    outer loop
      vertex 31.9846 123.359 5.1964
      vertex 31.8392 123.232 5.1964
      vertex 31.8686 123.32 5.0829
    endloop
  endfacet
  facet normal 0.823735 -0.55184 -0.130128
    outer loop
      vertex 32.2898 123.515 5.83649
      vertex 32.256 123.541 5.51227
      vertex 32.4342 123.807 5.51227
    endloop
  endfacet
  facet normal 0.713675 -0.351771 -0.605744
    outer loop
      vertex 32.2311 124.238 4.61107
      vertex 32.1043 124.027 4.58421
      vertex 32.1814 124.258 4.5409
    endloop
  endfacet
  facet normal 0.713051 -0.351265 -0.606771
    outer loop
      vertex 32.1043 124.027 4.58421
      vertex 32.2311 124.238 4.61107
      vertex 32.1109 123.994 4.61107
    endloop
  endfacet
  facet normal 0.792159 -0.0515381 -0.608134
    outer loop
      vertex 32.3716 124.762 4.61107
      vertex 32.3502 124.765 4.58294
      vertex 32.377 124.845 4.61107
    endloop
  endfacet
  facet normal 0.93871 0.319355 -0.129753
    outer loop
      vertex 32.7203 125.679 5.83649
      vertex 32.6813 125.758 5.74878
      vertex 32.6873 125.776 5.83649
    endloop
  endfacet
  facet normal 0.608888 -0.69426 -0.383743
    outer loop
      vertex 31.9846 123.359 5.1964
      vertex 31.8686 123.32 5.0829
      vertex 31.9074 123.437 4.93279
    endloop
  endfacet
  facet normal 0.864623 -0.0567068 0.499211
    outer loop
      vertex 32.4194 124.972 7.33001
      vertex 32.5529 125.033 7.10572
      vertex 32.4397 125.033 7.30178
    endloop
  endfacet
  facet normal 0.864633 -0.0568526 0.499177
    outer loop
      vertex 32.5529 125.033 7.10572
      vertex 32.4194 124.972 7.33001
      vertex 32.5337 124.741 7.10572
    endloop
  endfacet
  facet normal 0.922244 -0.0602891 0.381877
    outer loop
      vertex 32.678 125.033 6.8036
      vertex 32.5529 125.033 7.10572
      vertex 32.6578 124.724 6.8036
    endloop
  endfacet
  facet normal 0.828725 -0.409576 0.381396
    outer loop
      vertex 32.4978 124.127 6.8036
      vertex 32.2525 123.912 7.10572
      vertex 32.3609 123.85 6.8036
    endloop
  endfacet
  facet normal 0.704245 -0.358113 0.613021
    outer loop
      vertex 32.1043 124.027 7.41579
      vertex 32.0961 124.003 7.41119
      vertex 32.1109 123.994 7.38893
    endloop
  endfacet
  facet normal 0.778104 -0.154821 0.608756
    outer loop
      vertex 32.2838 124.566 7.45134
      vertex 32.2651 124.51 7.461
      vertex 32.3185 124.495 7.38893
    endloop
  endfacet
  facet normal 0.828826 -0.40874 0.382073
    outer loop
      vertex 32.3822 124.175 7.10572
      vertex 32.2525 123.912 7.10572
      vertex 32.4978 124.127 6.8036
    endloop
  endfacet
  facet normal 0.820355 -0.278272 0.499582
    outer loop
      vertex 32.4765 124.453 7.10572
      vertex 32.2311 124.238 7.38893
      vertex 32.3822 124.175 7.10572
    endloop
  endfacet
  facet normal 0.914824 0.31461 -0.253213
    outer loop
      vertex 32.6791 125.668 5.51227
      vertex 32.6605 125.696 5.47986
      vertex 32.665 125.709 5.51227
    endloop
  endfacet
  facet normal 0.9063 0.179589 -0.38258
    outer loop
      vertex 32.6578 125.342 5.1964
      vertex 32.581 125.457 5.06845
      vertex 32.6148 125.559 5.1964
    endloop
  endfacet
  facet normal 0.915244 0.309736 -0.257665
    outer loop
      vertex 32.6791 125.668 5.51227
      vertex 32.6485 125.66 5.39396
      vertex 32.6605 125.696 5.47986
    endloop
  endfacet
  facet normal 0.972361 -0.193853 -0.130139
    outer loop
      vertex 32.7203 124.388 5.83649
      vertex 32.6791 124.399 5.51227
      vertex 32.7417 124.713 5.51227
    endloop
  endfacet
  facet normal 0.906374 0.180099 0.382166
    outer loop
      vertex 32.581 125.457 6.93155
      vertex 32.5374 125.326 7.09669
      vertex 32.6578 125.342 6.8036
    endloop
  endfacet
  facet normal 0.989381 -0.0648425 -0.130081
    outer loop
      vertex 32.784 124.708 5.83649
      vertex 32.7417 124.713 5.51227
      vertex 32.8053 125.033 5.83649
    endloop
  endfacet
  facet normal 0.922098 -0.0606311 0.382176
    outer loop
      vertex 32.5529 125.033 7.10572
      vertex 32.5337 124.741 7.10572
      vertex 32.6578 124.724 6.8036
    endloop
  endfacet
  facet normal 0.906294 -0.18 0.382401
    outer loop
      vertex 32.5337 124.741 7.10572
      vertex 32.4765 124.453 7.10572
      vertex 32.6578 124.724 6.8036
    endloop
  endfacet
  facet normal 0.914824 0.31461 0.253213
    outer loop
      vertex 32.665 125.709 6.48773
      vertex 32.6605 125.696 6.52014
      vertex 32.6791 125.668 6.48773
    endloop
  endfacet
  facet normal 0.915244 0.309736 0.257665
    outer loop
      vertex 32.6605 125.696 6.52014
      vertex 32.6485 125.66 6.60604
      vertex 32.6791 125.668 6.48773
    endloop
  endfacet
  facet normal 0.695112 -0.609192 0.381713
    outer loop
      vertex 32.0895 123.668 7.10572
      vertex 31.9846 123.359 6.8036
      vertex 32.1888 123.592 6.8036
    endloop
  endfacet
  facet normal 0.692876 -0.610236 0.384103
    outer loop
      vertex 31.9074 123.437 7.06721
      vertex 32.0895 123.668 7.10572
      vertex 31.9204 123.476 7.10572
    endloop
  endfacet
  facet normal 0.693097 -0.610321 0.383567
    outer loop
      vertex 32.0895 123.668 7.10572
      vertex 31.9074 123.437 7.06721
      vertex 31.9846 123.359 6.8036
    endloop
  endfacet
  facet normal 0.875406 -0.296566 0.381725
    outer loop
      vertex 32.5974 124.421 6.8036
      vertex 32.4765 124.453 7.10572
      vertex 32.4978 124.127 6.8036
    endloop
  endfacet
  facet normal 0.914996 -0.309978 0.258254
    outer loop
      vertex 32.5974 124.421 6.8036
      vertex 32.4978 124.127 6.8036
      vertex 32.6791 124.399 6.48773
    endloop
  endfacet
  facet normal 0.989386 -0.0649285 -0.129998
    outer loop
      vertex 32.8053 125.033 5.83649
      vertex 32.7417 124.713 5.51227
      vertex 32.7627 125.033 5.51227
    endloop
  endfacet
  facet normal 0.972453 -0.193579 -0.129858
    outer loop
      vertex 32.784 124.708 5.83649
      vertex 32.7203 124.388 5.83649
      vertex 32.7417 124.713 5.51227
    endloop
  endfacet
  facet normal 0.875406 -0.296566 -0.381725
    outer loop
      vertex 32.4978 124.127 5.1964
      vertex 32.4765 124.453 4.89428
      vertex 32.5974 124.421 5.1964
    endloop
  endfacet
  facet normal 0.692876 -0.610236 -0.384103
    outer loop
      vertex 32.0895 123.668 4.89428
      vertex 31.9074 123.437 4.93279
      vertex 31.9204 123.476 4.89428
    endloop
  endfacet
  facet normal 0.693097 -0.610321 -0.383567
    outer loop
      vertex 31.9074 123.437 4.93279
      vertex 32.0895 123.668 4.89428
      vertex 31.9846 123.359 5.1964
    endloop
  endfacet
  facet normal 0.769079 -0.513017 -0.381223
    outer loop
      vertex 32.3609 123.85 5.1964
      vertex 32.1888 123.592 5.1964
      vertex 32.2525 123.912 4.89428
    endloop
  endfacet
  facet normal 0.828725 -0.409576 -0.381396
    outer loop
      vertex 32.3609 123.85 5.1964
      vertex 32.2525 123.912 4.89428
      vertex 32.4978 124.127 5.1964
    endloop
  endfacet
  facet normal 0.546979 -0.82698 0.130069
    outer loop
      vertex 31.8293 123.054 6.16351
      vertex 31.7863 123.073 6.46514
      vertex 31.7658 123.012 6.16351
    endloop
  endfacet
  facet normal 0.550805 -0.824376 0.13045
    outer loop
      vertex 31.7863 123.073 6.46514
      vertex 31.8293 123.054 6.16351
      vertex 31.8034 123.088 6.48773
    endloop
  endfacet
  facet normal 0.866501 -0.426631 -0.259156
    outer loop
      vertex 32.4342 123.807 5.51227
      vertex 32.3609 123.85 5.1964
      vertex 32.576 124.095 5.51227
    endloop
  endfacet
  facet normal 0.664894 -0.425309 -0.614026
    outer loop
      vertex 32.1109 123.994 4.61107
      vertex 32.091 123.987 4.59437
      vertex 32.0961 124.003 4.58881
    endloop
  endfacet
  facet normal 0.92213 0.060558 -0.382112
    outer loop
      vertex 32.5529 125.033 4.89428
      vertex 32.5374 125.326 4.90331
      vertex 32.6578 125.342 5.1964
    endloop
  endfacet
  facet normal 0.924017 0.0605166 -0.377531
    outer loop
      vertex 32.5374 125.326 4.90331
      vertex 32.5529 125.033 4.89428
      vertex 32.5343 125.317 4.89428
    endloop
  endfacet
  facet normal 0.650658 -0.573053 -0.498252
    outer loop
      vertex 32.0895 123.668 4.89428
      vertex 31.9204 123.476 4.89428
      vertex 31.9713 123.628 4.78593
    endloop
  endfacet
  facet normal 0.720668 -0.479829 -0.500402
    outer loop
      vertex 32.2525 123.912 4.89428
      vertex 32.0061 123.732 4.71202
      vertex 32.0293 123.802 4.67831
    endloop
  endfacet
  facet normal 0.720682 -0.481439 -0.498832
    outer loop
      vertex 32.0061 123.732 4.71202
      vertex 32.2525 123.912 4.89428
      vertex 32.0895 123.668 4.89428
    endloop
  endfacet
  facet normal 0.607913 -0.695989 0.382153
    outer loop
      vertex 31.8686 123.32 6.9171
      vertex 31.8392 123.232 6.8036
      vertex 31.9846 123.359 6.8036
    endloop
  endfacet
  facet normal 0.776865 -0.383116 0.499702
    outer loop
      vertex 32.3822 124.175 7.10572
      vertex 32.2311 124.238 7.38893
      vertex 32.2525 123.912 7.10572
    endloop
  endfacet
  facet normal 0.777174 -0.382854 0.499424
    outer loop
      vertex 32.2311 124.238 7.38893
      vertex 32.1109 123.994 7.38893
      vertex 32.2525 123.912 7.10572
    endloop
  endfacet
  facet normal 0.946922 -0.321463 0
    outer loop
      vertex 32.6154 124.079 6.16351
      vertex 32.7203 124.388 5.83649
      vertex 32.7203 124.388 6.16351
    endloop
  endfacet
  facet normal 0.946922 -0.321463 0
    outer loop
      vertex 32.7203 124.388 5.83649
      vertex 32.6154 124.079 6.16351
      vertex 32.6154 124.079 5.83649
    endloop
  endfacet
  facet normal 0.989381 -0.0648425 0.130081
    outer loop
      vertex 32.8053 125.033 6.16351
      vertex 32.7417 124.713 6.48773
      vertex 32.784 124.708 6.16351
    endloop
  endfacet
  facet normal 0.980757 -0.195232 0
    outer loop
      vertex 32.7203 124.388 6.16351
      vertex 32.784 124.708 5.83649
      vertex 32.784 124.708 6.16351
    endloop
  endfacet
  facet normal 0.980757 -0.195232 0
    outer loop
      vertex 32.784 124.708 5.83649
      vertex 32.7203 124.388 6.16351
      vertex 32.7203 124.388 5.83649
    endloop
  endfacet
  facet normal 0.972453 -0.193579 0.129858
    outer loop
      vertex 32.7417 124.713 6.48773
      vertex 32.7203 124.388 6.16351
      vertex 32.784 124.708 6.16351
    endloop
  endfacet
  facet normal 0.906374 0.180099 -0.382166
    outer loop
      vertex 32.6578 125.342 5.1964
      vertex 32.5374 125.326 4.90331
      vertex 32.581 125.457 5.06845
    endloop
  endfacet
  facet normal 0.94755 0.188307 -0.258242
    outer loop
      vertex 32.7417 125.353 5.51227
      vertex 32.6578 125.342 5.1964
      vertex 32.6791 125.668 5.51227
    endloop
  endfacet
  facet normal 0.972479 0.193261 0.130134
    outer loop
      vertex 32.7203 125.679 6.16351
      vertex 32.6791 125.668 6.48773
      vertex 32.7417 125.353 6.48773
    endloop
  endfacet
  facet normal 0.989368 0.0646428 -0.130276
    outer loop
      vertex 32.8053 125.033 5.83649
      vertex 32.7417 125.353 5.51227
      vertex 32.784 125.359 5.83649
    endloop
  endfacet
  facet normal 0.533656 -0.832503 0.148828
    outer loop
      vertex 31.7878 123.078 6.48773
      vertex 31.7863 123.073 6.46514
      vertex 31.8034 123.088 6.48773
    endloop
  endfacet
  facet normal 0.653204 -0.745564 -0.13213
    outer loop
      vertex 32.0747 123.269 5.83649
      vertex 31.8293 123.054 5.83649
      vertex 32.0445 123.3 5.51227
    endloop
  endfacet
  facet normal 0.769079 -0.513017 0.381223
    outer loop
      vertex 32.2525 123.912 7.10572
      vertex 32.1888 123.592 6.8036
      vertex 32.3609 123.85 6.8036
    endloop
  endfacet
  facet normal 0.653204 -0.745564 0.13213
    outer loop
      vertex 32.0445 123.3 6.48773
      vertex 31.8293 123.054 6.16351
      vertex 32.0747 123.269 6.16351
    endloop
  endfacet
  facet normal 0.938908 -0.318742 0.129828
    outer loop
      vertex 32.7203 124.388 6.16351
      vertex 32.576 124.095 6.48773
      vertex 32.6154 124.079 6.16351
    endloop
  endfacet
  facet normal 0.947448 -0.188864 0.258212
    outer loop
      vertex 32.6578 124.724 6.8036
      vertex 32.5974 124.421 6.8036
      vertex 32.6791 124.399 6.48773
    endloop
  endfacet
  facet normal 0.906391 -0.18068 0.38185
    outer loop
      vertex 32.6578 124.724 6.8036
      vertex 32.4765 124.453 7.10572
      vertex 32.5974 124.421 6.8036
    endloop
  endfacet
  facet normal 0.947448 -0.188864 -0.258212
    outer loop
      vertex 32.6791 124.399 5.51227
      vertex 32.5974 124.421 5.1964
      vertex 32.6578 124.724 5.1964
    endloop
  endfacet
  facet normal 0.914996 -0.309978 -0.258254
    outer loop
      vertex 32.6791 124.399 5.51227
      vertex 32.4978 124.127 5.1964
      vertex 32.5974 124.421 5.1964
    endloop
  endfacet
  facet normal 0.947743 0.187897 -0.257832
    outer loop
      vertex 32.6578 125.342 5.1964
      vertex 32.6485 125.66 5.39396
      vertex 32.6791 125.668 5.51227
    endloop
  endfacet
  facet normal 0.947798 0.187812 -0.257693
    outer loop
      vertex 32.6485 125.66 5.39396
      vertex 32.6578 125.342 5.1964
      vertex 32.6148 125.559 5.1964
    endloop
  endfacet
  facet normal 0.947438 -0.188884 -0.258232
    outer loop
      vertex 32.6791 124.399 5.51227
      vertex 32.6578 124.724 5.1964
      vertex 32.7417 124.713 5.51227
    endloop
  endfacet
  facet normal 0.820414 -0.279005 -0.499077
    outer loop
      vertex 32.4765 124.453 4.89428
      vertex 32.2311 124.238 4.61107
      vertex 32.3185 124.495 4.61107
    endloop
  endfacet
  facet normal 0.777174 -0.382854 -0.499424
    outer loop
      vertex 32.2525 123.912 4.89428
      vertex 32.1109 123.994 4.61107
      vertex 32.2311 124.238 4.61107
    endloop
  endfacet
  facet normal 0.695112 -0.609192 -0.381713
    outer loop
      vertex 32.1888 123.592 5.1964
      vertex 31.9846 123.359 5.1964
      vertex 32.0895 123.668 4.89428
    endloop
  endfacet
  facet normal 0.7264 -0.637484 -0.256824
    outer loop
      vertex 32.0445 123.3 5.51227
      vertex 31.9846 123.359 5.1964
      vertex 32.256 123.541 5.51227
    endloop
  endfacet
  facet normal 0.889526 -0.438084 -0.129716
    outer loop
      vertex 32.6154 124.079 5.83649
      vertex 32.4711 123.786 5.83649
      vertex 32.576 124.095 5.51227
    endloop
  endfacet
  facet normal 0.726709 -0.636884 0.257435
    outer loop
      vertex 32.1888 123.592 6.8036
      vertex 31.9846 123.359 6.8036
      vertex 32.256 123.541 6.48773
    endloop
  endfacet
  facet normal 0.889584 -0.437996 0.129614
    outer loop
      vertex 32.576 124.095 6.48773
      vertex 32.4342 123.807 6.48773
      vertex 32.4711 123.786 6.16351
    endloop
  endfacet
  facet normal 0.824153 -0.551361 0.12951
    outer loop
      vertex 32.4342 123.807 6.48773
      vertex 32.2898 123.515 6.16351
      vertex 32.4711 123.786 6.16351
    endloop
  endfacet
  facet normal 0.662981 -0.440319 -0.605454
    outer loop
      vertex 32.1109 123.994 4.61107
      vertex 32.0757 123.941 4.61107
      vertex 32.091 123.987 4.59437
    endloop
  endfacet
  facet normal 0.704245 -0.358113 -0.613021
    outer loop
      vertex 32.1109 123.994 4.61107
      vertex 32.0961 124.003 4.58881
      vertex 32.1043 124.027 4.58421
    endloop
  endfacet
  facet normal 0.922098 -0.0606311 -0.382176
    outer loop
      vertex 32.6578 124.724 5.1964
      vertex 32.5337 124.741 4.89428
      vertex 32.5529 125.033 4.89428
    endloop
  endfacet
  facet normal 0.849897 -0.168799 -0.499182
    outer loop
      vertex 32.4765 124.453 4.89428
      vertex 32.3185 124.495 4.61107
      vertex 32.5337 124.741 4.89428
    endloop
  endfacet
  facet normal 0.533656 -0.832503 -0.148828
    outer loop
      vertex 31.8034 123.088 5.51227
      vertex 31.7863 123.073 5.53486
      vertex 31.7878 123.078 5.51227
    endloop
  endfacet
  facet normal 0.521284 -0.813202 -0.258776
    outer loop
      vertex 31.8034 123.088 5.51227
      vertex 31.7878 123.078 5.51227
      vertex 31.7949 123.099 5.46058
    endloop
  endfacet
  facet normal 0.972479 0.193261 -0.130134
    outer loop
      vertex 32.7417 125.353 5.51227
      vertex 32.6791 125.668 5.51227
      vertex 32.7203 125.679 5.83649
    endloop
  endfacet
  facet normal 0.997859 -0.0653982 0
    outer loop
      vertex 32.784 124.708 6.16351
      vertex 32.8053 125.033 5.83649
      vertex 32.8053 125.033 6.16351
    endloop
  endfacet
  facet normal 0.997859 -0.0653982 0
    outer loop
      vertex 32.8053 125.033 5.83649
      vertex 32.784 124.708 6.16351
      vertex 32.784 124.708 5.83649
    endloop
  endfacet
  facet normal 0.972377 0.193564 0.130445
    outer loop
      vertex 32.784 125.359 6.16351
      vertex 32.7203 125.679 6.16351
      vertex 32.7417 125.353 6.48773
    endloop
  endfacet
  facet normal 0.989368 0.0646428 0.130276
    outer loop
      vertex 32.784 125.359 6.16351
      vertex 32.7417 125.353 6.48773
      vertex 32.8053 125.033 6.16351
    endloop
  endfacet
  facet normal 0.864623 -0.0567068 -0.499211
    outer loop
      vertex 32.5529 125.033 4.89428
      vertex 32.4194 124.972 4.66999
      vertex 32.4397 125.033 4.69822
    endloop
  endfacet
  facet normal 0.864633 -0.0568526 -0.499177
    outer loop
      vertex 32.4194 124.972 4.66999
      vertex 32.5529 125.033 4.89428
      vertex 32.5337 124.741 4.89428
    endloop
  endfacet
  facet normal 0.87517 -0.296865 -0.382031
    outer loop
      vertex 32.4978 124.127 5.1964
      vertex 32.3822 124.175 4.89428
      vertex 32.4765 124.453 4.89428
    endloop
  endfacet
  facet normal 0.726709 -0.636884 -0.257435
    outer loop
      vertex 32.256 123.541 5.51227
      vertex 31.9846 123.359 5.1964
      vertex 32.1888 123.592 5.1964
    endloop
  endfacet
  facet normal 0.803829 -0.536198 -0.257585
    outer loop
      vertex 32.256 123.541 5.51227
      vertex 32.1888 123.592 5.1964
      vertex 32.3609 123.85 5.1964
    endloop
  endfacet
  facet normal 0.897105 -0.441817 0
    outer loop
      vertex 32.4711 123.786 6.16351
      vertex 32.6154 124.079 5.83649
      vertex 32.6154 124.079 6.16351
    endloop
  endfacet
  facet normal 0.897105 -0.441817 0
    outer loop
      vertex 32.6154 124.079 5.83649
      vertex 32.4711 123.786 6.16351
      vertex 32.4711 123.786 5.83649
    endloop
  endfacet
  facet normal 0.654696 -0.744563 0.13038
    outer loop
      vertex 32.0445 123.3 6.48773
      vertex 31.8034 123.088 6.48773
      vertex 31.8293 123.054 6.16351
    endloop
  endfacet
  facet normal 0.938708 0.319354 0.129768
    outer loop
      vertex 32.6873 125.776 6.16351
      vertex 32.6813 125.758 6.25121
      vertex 32.7203 125.679 6.16351
    endloop
  endfacet
  facet normal 0.551665 -0.834066 0
    outer loop
      vertex 31.7658 123.012 5.83649
      vertex 31.8293 123.054 6.16351
      vertex 31.7658 123.012 6.16351
    endloop
  endfacet
  facet normal 0.551665 -0.834066 0
    outer loop
      vertex 31.8293 123.054 6.16351
      vertex 31.7658 123.012 5.83649
      vertex 31.8293 123.054 5.83649
    endloop
  endfacet
  facet normal 0.746227 -0.652494 0.131896
    outer loop
      vertex 32.2898 123.515 6.16351
      vertex 32.0445 123.3 6.48773
      vertex 32.0747 123.269 6.16351
    endloop
  endfacet
  facet normal 0.638223 -0.725828 -0.256604
    outer loop
      vertex 32.0445 123.3 5.51227
      vertex 31.8034 123.088 5.51227
      vertex 31.9846 123.359 5.1964
    endloop
  endfacet
  facet normal 0.654696 -0.744563 -0.13038
    outer loop
      vertex 31.8293 123.054 5.83649
      vertex 31.8034 123.088 5.51227
      vertex 32.0445 123.3 5.51227
    endloop
  endfacet
  facet normal 0.521284 -0.813202 0.258776
    outer loop
      vertex 31.7949 123.099 6.53942
      vertex 31.7878 123.078 6.48773
      vertex 31.8034 123.088 6.48773
    endloop
  endfacet
  facet normal 0.964003 -0.0632627 -0.258257
    outer loop
      vertex 32.7417 124.713 5.51227
      vertex 32.6578 124.724 5.1964
      vertex 32.7627 125.033 5.51227
    endloop
  endfacet
  facet normal 0.980757 0.195232 0
    outer loop
      vertex 32.784 125.359 6.16351
      vertex 32.7203 125.679 5.83649
      vertex 32.7203 125.679 6.16351
    endloop
  endfacet
  facet normal 0.980757 0.195232 0
    outer loop
      vertex 32.7203 125.679 5.83649
      vertex 32.784 125.359 6.16351
      vertex 32.784 125.359 5.83649
    endloop
  endfacet
  facet normal 0.922244 -0.0602891 -0.381877
    outer loop
      vertex 32.6578 124.724 5.1964
      vertex 32.5529 125.033 4.89428
      vertex 32.678 125.033 5.1964
    endloop
  endfacet
  facet normal 0.922244 0.0602891 -0.381877
    outer loop
      vertex 32.678 125.033 5.1964
      vertex 32.5529 125.033 4.89428
      vertex 32.6578 125.342 5.1964
    endloop
  endfacet
  facet normal 0.946713 0.322078 0
    outer loop
      vertex 32.7203 125.679 6.16351
      vertex 32.6873 125.776 5.83649
      vertex 32.6873 125.776 6.16351
    endloop
  endfacet
  facet normal 0.946713 0.322078 0
    outer loop
      vertex 32.6873 125.776 5.83649
      vertex 32.7203 125.679 6.16351
      vertex 32.7203 125.679 5.83649
    endloop
  endfacet
  facet normal 0.906294 -0.18 -0.382401
    outer loop
      vertex 32.6578 124.724 5.1964
      vertex 32.4765 124.453 4.89428
      vertex 32.5337 124.741 4.89428
    endloop
  endfacet
  facet normal 0.906391 -0.18068 -0.38185
    outer loop
      vertex 32.5974 124.421 5.1964
      vertex 32.4765 124.453 4.89428
      vertex 32.6578 124.724 5.1964
    endloop
  endfacet
  facet normal 0.824153 -0.551361 -0.12951
    outer loop
      vertex 32.4711 123.786 5.83649
      vertex 32.2898 123.515 5.83649
      vertex 32.4342 123.807 5.51227
    endloop
  endfacet
  facet normal 0.889584 -0.437996 -0.129614
    outer loop
      vertex 32.4711 123.786 5.83649
      vertex 32.4342 123.807 5.51227
      vertex 32.576 124.095 5.51227
    endloop
  endfacet
  facet normal 0.866501 -0.426631 0.259156
    outer loop
      vertex 32.576 124.095 6.48773
      vertex 32.3609 123.85 6.8036
      vertex 32.4342 123.807 6.48773
    endloop
  endfacet
  facet normal 0.745218 -0.653999 0.130135
    outer loop
      vertex 32.256 123.541 6.48773
      vertex 32.0445 123.3 6.48773
      vertex 32.2898 123.515 6.16351
    endloop
  endfacet
  facet normal 0.658982 -0.752159 0
    outer loop
      vertex 31.8293 123.054 5.83649
      vertex 32.0747 123.269 6.16351
      vertex 31.8293 123.054 6.16351
    endloop
  endfacet
  facet normal 0.658982 -0.752159 0
    outer loop
      vertex 32.0747 123.269 6.16351
      vertex 31.8293 123.054 5.83649
      vertex 32.0747 123.269 5.83649
    endloop
  endfacet
  facet normal 0.745218 -0.653999 -0.130135
    outer loop
      vertex 32.2898 123.515 5.83649
      vertex 32.0445 123.3 5.51227
      vertex 32.256 123.541 5.51227
    endloop
  endfacet
  facet normal 0.746227 -0.652494 -0.131896
    outer loop
      vertex 32.0747 123.269 5.83649
      vertex 32.0445 123.3 5.51227
      vertex 32.2898 123.515 5.83649
    endloop
  endfacet
  facet normal 0.608888 -0.69426 0.383743
    outer loop
      vertex 31.9074 123.437 7.06721
      vertex 31.8686 123.32 6.9171
      vertex 31.9846 123.359 6.8036
    endloop
  endfacet
  facet normal 0.963958 -0.063016 -0.258484
    outer loop
      vertex 32.7627 125.033 5.51227
      vertex 32.6578 124.724 5.1964
      vertex 32.678 125.033 5.1964
    endloop
  endfacet
  facet normal 0.963958 0.063016 -0.258484
    outer loop
      vertex 32.678 125.033 5.1964
      vertex 32.6578 125.342 5.1964
      vertex 32.7627 125.033 5.51227
    endloop
  endfacet
  facet normal 0.828826 -0.40874 -0.382073
    outer loop
      vertex 32.4978 124.127 5.1964
      vertex 32.2525 123.912 4.89428
      vertex 32.3822 124.175 4.89428
    endloop
  endfacet
  facet normal 0.776865 -0.383116 -0.499702
    outer loop
      vertex 32.2525 123.912 4.89428
      vertex 32.2311 124.238 4.61107
      vertex 32.3822 124.175 4.89428
    endloop
  endfacet
  facet normal 0.849947 -0.169035 -0.499016
    outer loop
      vertex 32.5337 124.741 4.89428
      vertex 32.3185 124.495 4.61107
      vertex 32.3716 124.762 4.61107
    endloop
  endfacet
  facet normal 0.864557 -0.0570001 -0.499291
    outer loop
      vertex 32.5337 124.741 4.89428
      vertex 32.377 124.845 4.61107
      vertex 32.4194 124.972 4.66999
    endloop
  endfacet
  facet normal 0.864713 -0.0562585 -0.499105
    outer loop
      vertex 32.377 124.845 4.61107
      vertex 32.5337 124.741 4.89428
      vertex 32.3716 124.762 4.61107
    endloop
  endfacet
  facet normal 0.889526 -0.438084 0.129716
    outer loop
      vertex 32.576 124.095 6.48773
      vertex 32.4711 123.786 6.16351
      vertex 32.6154 124.079 6.16351
    endloop
  endfacet
  facet normal 0.802367 -0.537526 0.25937
    outer loop
      vertex 32.3609 123.85 6.8036
      vertex 32.256 123.541 6.48773
      vertex 32.4342 123.807 6.48773
    endloop
  endfacet
  facet normal 0.803829 -0.536198 0.257585
    outer loop
      vertex 32.3609 123.85 6.8036
      vertex 32.1888 123.592 6.8036
      vertex 32.256 123.541 6.48773
    endloop
  endfacet
  facet normal 0.989386 0.0649285 -0.129998
    outer loop
      vertex 32.7627 125.033 5.51227
      vertex 32.7417 125.353 5.51227
      vertex 32.8053 125.033 5.83649
    endloop
  endfacet
  facet normal 0.964003 0.0632627 -0.258257
    outer loop
      vertex 32.7627 125.033 5.51227
      vertex 32.6578 125.342 5.1964
      vertex 32.7417 125.353 5.51227
    endloop
  endfacet
  facet normal 0 -1 0
    outer loop
      vertex 0 0 27
      vertex 5.00855 0 26.0505
      vertex 5.02081 0 26.0963
    endloop
  endfacet
  facet normal 0 -1 0
    outer loop
      vertex 0 0 27
      vertex 5.00855 0 25.7895
      vertex 5.00855 0 26.0505
    endloop
  endfacet
  facet normal 0 -1 0
    outer loop
      vertex 0 0 27
      vertex 5.07612 0 25.5373
      vertex 5.00855 0 25.7895
    endloop
  endfacet
  facet normal 0 -1 0
    outer loop
      vertex 0 0 27
      vertex 5.20665 0 25.3112
      vertex 5.07612 0 25.5373
    endloop
  endfacet
  facet normal 0 -1 0
    outer loop
      vertex 0 0 27
      vertex 5.39124 0 25.1266
      vertex 5.20665 0 25.3112
    endloop
  endfacet
  facet normal 0 -1 0
    outer loop
      vertex 0 0 0
      vertex 5.39124 0 25.1266
      vertex 0 0 27
    endloop
  endfacet
  facet normal 0 -1 0
    outer loop
      vertex 0 0 0
      vertex 6.13053 0 24.9286
      vertex 5.86947 0 24.9286
    endloop
  endfacet
  facet normal 0 -1 0
    outer loop
      vertex 6.13053 0 24.9286
      vertex 13.0086 0 24.6105
      vertex 13.0208 0 24.6563
    endloop
  endfacet
  facet normal 0 -1 0
    outer loop
      vertex 6.13053 0 24.9286
      vertex 13.0086 0 24.3495
      vertex 13.0086 0 24.6105
    endloop
  endfacet
  facet normal 0 -1 0
    outer loop
      vertex 6.13053 0 24.9286
      vertex 13.0761 0 24.0973
      vertex 13.0086 0 24.3495
    endloop
  endfacet
  facet normal 0 -1 0
    outer loop
      vertex 6.13053 0 24.9286
      vertex 13.2066 0 23.8712
      vertex 13.0761 0 24.0973
    endloop
  endfacet
  facet normal 0 -1 0
    outer loop
      vertex 6.13053 0 24.9286
      vertex 13.3912 0 23.6866
      vertex 13.2066 0 23.8712
    endloop
  endfacet
  facet normal 0 -1 0
    outer loop
      vertex 6.13053 0 24.9286
      vertex 13.6173 0 23.5561
      vertex 13.3912 0 23.6866
    endloop
  endfacet
  facet normal 0 -1 -0
    outer loop
      vertex 6.13053 0 24.9286
      vertex 0 0 0
      vertex 13.6173 0 23.5561
    endloop
  endfacet
  facet normal 0 -1 0
    outer loop
      vertex 0 0 0
      vertex 14.1305 0 23.4886
      vertex 13.8695 0 23.4886
    endloop
  endfacet
  facet normal 0 -1 0
    outer loop
      vertex 14.1305 0 23.4886
      vertex 21.0086 0 23.1705
      vertex 21.0208 0 23.2163
    endloop
  endfacet
  facet normal 0 -1 0
    outer loop
      vertex 14.1305 0 23.4886
      vertex 21.0086 0 22.9095
      vertex 21.0086 0 23.1705
    endloop
  endfacet
  facet normal 0 -1 0
    outer loop
      vertex 14.1305 0 23.4886
      vertex 21.0761 0 22.6573
      vertex 21.0086 0 22.9095
    endloop
  endfacet
  facet normal 0 -1 0
    outer loop
      vertex 14.1305 0 23.4886
      vertex 21.2066 0 22.4312
      vertex 21.0761 0 22.6573
    endloop
  endfacet
  facet normal 0 -1 0
    outer loop
      vertex 14.1305 0 23.4886
      vertex 21.3912 0 22.2466
      vertex 21.2066 0 22.4312
    endloop
  endfacet
  facet normal 0 -1 0
    outer loop
      vertex 14.1305 0 23.4886
      vertex 21.6173 0 22.1161
      vertex 21.3912 0 22.2466
    endloop
  endfacet
  facet normal 0 -1 -0
    outer loop
      vertex 14.1305 0 23.4886
      vertex 0 0 0
      vertex 21.6173 0 22.1161
    endloop
  endfacet
  facet normal 0 -1 -0
    outer loop
      vertex 13.6173 0 23.5561
      vertex 0 0 0
      vertex 13.8695 0 23.4886
    endloop
  endfacet
  facet normal 0 -1 0
    outer loop
      vertex 29.6173 0 20.6761
      vertex 22.1305 0 22.0486
      vertex 21.8695 0 22.0486
    endloop
  endfacet
  facet normal 0 -1 0
    outer loop
      vertex 22.1305 0 22.0486
      vertex 29.0086 0 21.7305
      vertex 29.0208 0 21.7763
    endloop
  endfacet
  facet normal 0 -1 0
    outer loop
      vertex 22.1305 0 22.0486
      vertex 29.0086 0 21.4695
      vertex 29.0086 0 21.7305
    endloop
  endfacet
  facet normal 0 -1 0
    outer loop
      vertex 22.1305 0 22.0486
      vertex 29.0761 0 21.2173
      vertex 29.0086 0 21.4695
    endloop
  endfacet
  facet normal 0 -1 0
    outer loop
      vertex 22.1305 0 22.0486
      vertex 29.2066 0 20.9912
      vertex 29.0761 0 21.2173
    endloop
  endfacet
  facet normal 0 -1 0
    outer loop
      vertex 22.1305 0 22.0486
      vertex 29.3912 0 20.8066
      vertex 29.2066 0 20.9912
    endloop
  endfacet
  facet normal 0 -1 0
    outer loop
      vertex 22.1305 0 22.0486
      vertex 29.6173 0 20.6761
      vertex 29.3912 0 20.8066
    endloop
  endfacet
  facet normal 0 -1 0
    outer loop
      vertex 0 0 0
      vertex 29.6173 0 20.6761
      vertex 21.8695 0 22.0486
    endloop
  endfacet
  facet normal 0 -1 0
    outer loop
      vertex 37.6173 0 19.2361
      vertex 30.1305 0 20.6086
      vertex 29.8695 0 20.6086
    endloop
  endfacet
  facet normal 0 -1 0
    outer loop
      vertex 30.1305 0 20.6086
      vertex 37.0086 0 20.2905
      vertex 37.0208 0 20.3363
    endloop
  endfacet
  facet normal 0 -1 0
    outer loop
      vertex 30.1305 0 20.6086
      vertex 37.0086 0 20.0295
      vertex 37.0086 0 20.2905
    endloop
  endfacet
  facet normal 0 -1 0
    outer loop
      vertex 30.1305 0 20.6086
      vertex 37.0761 0 19.7773
      vertex 37.0086 0 20.0295
    endloop
  endfacet
  facet normal 0 -1 0
    outer loop
      vertex 30.1305 0 20.6086
      vertex 37.2066 0 19.5512
      vertex 37.0761 0 19.7773
    endloop
  endfacet
  facet normal 0 -1 0
    outer loop
      vertex 30.1305 0 20.6086
      vertex 37.3912 0 19.3666
      vertex 37.2066 0 19.5512
    endloop
  endfacet
  facet normal 0 -1 0
    outer loop
      vertex 30.1305 0 20.6086
      vertex 37.6173 0 19.2361
      vertex 37.3912 0 19.3666
    endloop
  endfacet
  facet normal 0 -1 0
    outer loop
      vertex 0 0 0
      vertex 37.6173 0 19.2361
      vertex 29.8695 0 20.6086
    endloop
  endfacet
  facet normal 0 -1 -0
    outer loop
      vertex 29.6173 0 20.6761
      vertex 0 0 0
      vertex 29.8695 0 20.6086
    endloop
  endfacet
  facet normal 0 -1 0
    outer loop
      vertex 45.6173 0 17.7961
      vertex 38.1305 0 19.1686
      vertex 37.8695 0 19.1686
    endloop
  endfacet
  facet normal 0 -1 0
    outer loop
      vertex 38.1305 0 19.1686
      vertex 45.0086 0 18.8505
      vertex 45.0208 0 18.8963
    endloop
  endfacet
  facet normal 0 -1 0
    outer loop
      vertex 38.1305 0 19.1686
      vertex 45.0086 0 18.5895
      vertex 45.0086 0 18.8505
    endloop
  endfacet
  facet normal 0 -1 0
    outer loop
      vertex 38.1305 0 19.1686
      vertex 45.0761 0 18.3373
      vertex 45.0086 0 18.5895
    endloop
  endfacet
  facet normal 0 -1 0
    outer loop
      vertex 38.1305 0 19.1686
      vertex 45.2066 0 18.1112
      vertex 45.0761 0 18.3373
    endloop
  endfacet
  facet normal 0 -1 0
    outer loop
      vertex 38.1305 0 19.1686
      vertex 45.3912 0 17.9266
      vertex 45.2066 0 18.1112
    endloop
  endfacet
  facet normal 0 -1 0
    outer loop
      vertex 38.1305 0 19.1686
      vertex 45.6173 0 17.7961
      vertex 45.3912 0 17.9266
    endloop
  endfacet
  facet normal 0 -1 0
    outer loop
      vertex 0 0 0
      vertex 45.6173 0 17.7961
      vertex 37.8695 0 19.1686
    endloop
  endfacet
  facet normal 0 -1 -0
    outer loop
      vertex 37.6173 0 19.2361
      vertex 0 0 0
      vertex 37.8695 0 19.1686
    endloop
  endfacet
  facet normal 0 -1 0
    outer loop
      vertex 53.6173 0 16.3561
      vertex 46.1305 0 17.7286
      vertex 45.8695 0 17.7286
    endloop
  endfacet
  facet normal 0 -1 0
    outer loop
      vertex 46.1305 0 17.7286
      vertex 53.0086 0 17.4105
      vertex 53.0208 0 17.4563
    endloop
  endfacet
  facet normal 0 -1 0
    outer loop
      vertex 46.1305 0 17.7286
      vertex 53.0086 0 17.1495
      vertex 53.0086 0 17.4105
    endloop
  endfacet
  facet normal 0 -1 0
    outer loop
      vertex 46.1305 0 17.7286
      vertex 53.0761 0 16.8973
      vertex 53.0086 0 17.1495
    endloop
  endfacet
  facet normal 0 -1 0
    outer loop
      vertex 46.1305 0 17.7286
      vertex 53.2066 0 16.6712
      vertex 53.0761 0 16.8973
    endloop
  endfacet
  facet normal 0 -1 0
    outer loop
      vertex 46.1305 0 17.7286
      vertex 53.3912 0 16.4866
      vertex 53.2066 0 16.6712
    endloop
  endfacet
  facet normal 0 -1 0
    outer loop
      vertex 46.1305 0 17.7286
      vertex 53.6173 0 16.3561
      vertex 53.3912 0 16.4866
    endloop
  endfacet
  facet normal 0 -1 0
    outer loop
      vertex 45.8695 0 17.7286
      vertex 53.8695 0 16.2886
      vertex 53.6173 0 16.3561
    endloop
  endfacet
  facet normal 0 -1 0
    outer loop
      vertex 61.6173 0 14.9161
      vertex 54.1305 0 16.2886
      vertex 53.8695 0 16.2886
    endloop
  endfacet
  facet normal 0 -1 0
    outer loop
      vertex 54.1305 0 16.2886
      vertex 61.0086 0 15.9705
      vertex 61.0208 0 16.0163
    endloop
  endfacet
  facet normal 0 -1 0
    outer loop
      vertex 54.1305 0 16.2886
      vertex 61.0086 0 15.7095
      vertex 61.0086 0 15.9705
    endloop
  endfacet
  facet normal 0 -1 0
    outer loop
      vertex 54.1305 0 16.2886
      vertex 61.0761 0 15.4573
      vertex 61.0086 0 15.7095
    endloop
  endfacet
  facet normal 0 -1 0
    outer loop
      vertex 54.1305 0 16.2886
      vertex 61.2066 0 15.2312
      vertex 61.0761 0 15.4573
    endloop
  endfacet
  facet normal 0 -1 0
    outer loop
      vertex 54.1305 0 16.2886
      vertex 61.3912 0 15.0466
      vertex 61.2066 0 15.2312
    endloop
  endfacet
  facet normal 0 -1 0
    outer loop
      vertex 54.1305 0 16.2886
      vertex 61.6173 0 14.9161
      vertex 61.3912 0 15.0466
    endloop
  endfacet
  facet normal 0 -1 0
    outer loop
      vertex 53.8695 0 16.2886
      vertex 61.8695 0 14.8486
      vertex 61.6173 0 14.9161
    endloop
  endfacet
  facet normal 0 -1 0
    outer loop
      vertex 0 0 0
      vertex 53.8695 0 16.2886
      vertex 45.8695 0 17.7286
    endloop
  endfacet
  facet normal 0 -1 0
    outer loop
      vertex 69.6173 0 13.4761
      vertex 62.1305 0 14.8486
      vertex 61.8695 0 14.8486
    endloop
  endfacet
  facet normal 0 -1 0
    outer loop
      vertex 62.1305 0 14.8486
      vertex 69.0086 0 14.5305
      vertex 69.0208 0 14.5763
    endloop
  endfacet
  facet normal 0 -1 0
    outer loop
      vertex 62.1305 0 14.8486
      vertex 69.0086 0 14.2695
      vertex 69.0086 0 14.5305
    endloop
  endfacet
  facet normal 0 -1 0
    outer loop
      vertex 62.1305 0 14.8486
      vertex 69.0761 0 14.0173
      vertex 69.0086 0 14.2695
    endloop
  endfacet
  facet normal 0 -1 0
    outer loop
      vertex 62.1305 0 14.8486
      vertex 69.2066 0 13.7912
      vertex 69.0761 0 14.0173
    endloop
  endfacet
  facet normal 0 -1 0
    outer loop
      vertex 62.1305 0 14.8486
      vertex 69.3912 0 13.6066
      vertex 69.2066 0 13.7912
    endloop
  endfacet
  facet normal 0 -1 0
    outer loop
      vertex 62.1305 0 14.8486
      vertex 69.6173 0 13.4761
      vertex 69.3912 0 13.6066
    endloop
  endfacet
  facet normal 0 -1 0
    outer loop
      vertex 61.8695 0 14.8486
      vertex 69.8695 0 13.4086
      vertex 69.6173 0 13.4761
    endloop
  endfacet
  facet normal 0 -1 0
    outer loop
      vertex 77.6173 0 12.0361
      vertex 70.1305 0 13.4086
      vertex 69.8695 0 13.4086
    endloop
  endfacet
  facet normal 0 -1 0
    outer loop
      vertex 70.1305 0 13.4086
      vertex 77.0086 0 13.0905
      vertex 77.0208 0 13.1363
    endloop
  endfacet
  facet normal 0 -1 0
    outer loop
      vertex 70.1305 0 13.4086
      vertex 77.0086 0 12.8295
      vertex 77.0086 0 13.0905
    endloop
  endfacet
  facet normal 0 -1 0
    outer loop
      vertex 70.1305 0 13.4086
      vertex 77.0761 0 12.5773
      vertex 77.0086 0 12.8295
    endloop
  endfacet
  facet normal 0 -1 0
    outer loop
      vertex 70.1305 0 13.4086
      vertex 77.2066 0 12.3512
      vertex 77.0761 0 12.5773
    endloop
  endfacet
  facet normal 0 -1 0
    outer loop
      vertex 70.1305 0 13.4086
      vertex 77.3912 0 12.1666
      vertex 77.2066 0 12.3512
    endloop
  endfacet
  facet normal 0 -1 0
    outer loop
      vertex 70.1305 0 13.4086
      vertex 77.6173 0 12.0361
      vertex 77.3912 0 12.1666
    endloop
  endfacet
  facet normal 0 -1 0
    outer loop
      vertex 69.8695 0 13.4086
      vertex 77.8695 0 11.9686
      vertex 77.6173 0 12.0361
    endloop
  endfacet
  facet normal 0 -1 0
    outer loop
      vertex 0 0 0
      vertex 69.8695 0 13.4086
      vertex 61.8695 0 14.8486
    endloop
  endfacet
  facet normal 0 -1 -0
    outer loop
      vertex 53.8695 0 16.2886
      vertex 0 0 0
      vertex 61.8695 0 14.8486
    endloop
  endfacet
  facet normal 0 -1 0
    outer loop
      vertex 85.6173 0 10.5961
      vertex 78.1305 0 11.9686
      vertex 77.8695 0 11.9686
    endloop
  endfacet
  facet normal 0 -1 0
    outer loop
      vertex 78.1305 0 11.9686
      vertex 85.0086 0 11.6505
      vertex 85.0208 0 11.6963
    endloop
  endfacet
  facet normal 0 -1 0
    outer loop
      vertex 78.1305 0 11.9686
      vertex 85.0086 0 11.3895
      vertex 85.0086 0 11.6505
    endloop
  endfacet
  facet normal 0 -1 0
    outer loop
      vertex 78.1305 0 11.9686
      vertex 85.0761 0 11.1373
      vertex 85.0086 0 11.3895
    endloop
  endfacet
  facet normal 0 -1 0
    outer loop
      vertex 78.1305 0 11.9686
      vertex 85.2066 0 10.9112
      vertex 85.0761 0 11.1373
    endloop
  endfacet
  facet normal 0 -1 0
    outer loop
      vertex 78.1305 0 11.9686
      vertex 85.3912 0 10.7266
      vertex 85.2066 0 10.9112
    endloop
  endfacet
  facet normal 0 -1 0
    outer loop
      vertex 78.1305 0 11.9686
      vertex 85.6173 0 10.5961
      vertex 85.3912 0 10.7266
    endloop
  endfacet
  facet normal 0 -1 0
    outer loop
      vertex 77.8695 0 11.9686
      vertex 85.8695 0 10.5286
      vertex 85.6173 0 10.5961
    endloop
  endfacet
  facet normal 0 -1 0
    outer loop
      vertex 93.6173 0 9.15612
      vertex 86.1305 0 10.5286
      vertex 85.8695 0 10.5286
    endloop
  endfacet
  facet normal 0 -1 0
    outer loop
      vertex 86.1305 0 10.5286
      vertex 93.0086 0 10.2105
      vertex 93.0208 0 10.2563
    endloop
  endfacet
  facet normal 0 -1 0
    outer loop
      vertex 86.1305 0 10.5286
      vertex 93.0086 0 9.94947
      vertex 93.0086 0 10.2105
    endloop
  endfacet
  facet normal 0 -1 0
    outer loop
      vertex 86.1305 0 10.5286
      vertex 93.0761 0 9.69732
      vertex 93.0086 0 9.94947
    endloop
  endfacet
  facet normal 0 -1 0
    outer loop
      vertex 86.1305 0 10.5286
      vertex 93.2066 0 9.47124
      vertex 93.0761 0 9.69732
    endloop
  endfacet
  facet normal 0 -1 0
    outer loop
      vertex 86.1305 0 10.5286
      vertex 93.3912 0 9.28665
      vertex 93.2066 0 9.47124
    endloop
  endfacet
  facet normal 0 -1 0
    outer loop
      vertex 86.1305 0 10.5286
      vertex 93.6173 0 9.15612
      vertex 93.3912 0 9.28665
    endloop
  endfacet
  facet normal 0 -1 0
    outer loop
      vertex 85.8695 0 10.5286
      vertex 93.8695 0 9.08855
      vertex 93.6173 0 9.15612
    endloop
  endfacet
  facet normal 0 -1 0
    outer loop
      vertex 0 0 0
      vertex 85.8695 0 10.5286
      vertex 77.8695 0 11.9686
    endloop
  endfacet
  facet normal 0 -1 -0
    outer loop
      vertex 69.8695 0 13.4086
      vertex 0 0 0
      vertex 77.8695 0 11.9686
    endloop
  endfacet
  facet normal 0 -1 0
    outer loop
      vertex 101.617 0 7.71612
      vertex 94.1305 0 9.08855
      vertex 93.8695 0 9.08855
    endloop
  endfacet
  facet normal 0 -1 0
    outer loop
      vertex 94.1305 0 9.08855
      vertex 101.009 0 8.77053
      vertex 101.021 0 8.81625
    endloop
  endfacet
  facet normal 0 -1 0
    outer loop
      vertex 94.1305 0 9.08855
      vertex 101.009 0 8.50947
      vertex 101.009 0 8.77053
    endloop
  endfacet
  facet normal 0 -1 0
    outer loop
      vertex 94.1305 0 9.08855
      vertex 101.076 0 8.25732
      vertex 101.009 0 8.50947
    endloop
  endfacet
  facet normal 0 -1 0
    outer loop
      vertex 94.1305 0 9.08855
      vertex 101.207 0 8.03124
      vertex 101.076 0 8.25732
    endloop
  endfacet
  facet normal 0 -1 0
    outer loop
      vertex 94.1305 0 9.08855
      vertex 101.391 0 7.84665
      vertex 101.207 0 8.03124
    endloop
  endfacet
  facet normal 0 -1 0
    outer loop
      vertex 94.1305 0 9.08855
      vertex 101.617 0 7.71612
      vertex 101.391 0 7.84665
    endloop
  endfacet
  facet normal 0 -1 0
    outer loop
      vertex 93.8695 0 9.08855
      vertex 101.869 0 7.64855
      vertex 101.617 0 7.71612
    endloop
  endfacet
  facet normal 0 -1 0
    outer loop
      vertex 109.617 0 6.27612
      vertex 102.131 0 7.64855
      vertex 101.869 0 7.64855
    endloop
  endfacet
  facet normal 0 -1 0
    outer loop
      vertex 102.131 0 7.64855
      vertex 109.009 0 7.33053
      vertex 109.021 0 7.37625
    endloop
  endfacet
  facet normal 0 -1 0
    outer loop
      vertex 102.131 0 7.64855
      vertex 109.009 0 7.06947
      vertex 109.009 0 7.33053
    endloop
  endfacet
  facet normal 0 -1 0
    outer loop
      vertex 102.131 0 7.64855
      vertex 109.076 0 6.81732
      vertex 109.009 0 7.06947
    endloop
  endfacet
  facet normal 0 -1 0
    outer loop
      vertex 102.131 0 7.64855
      vertex 109.207 0 6.59124
      vertex 109.076 0 6.81732
    endloop
  endfacet
  facet normal 0 -1 0
    outer loop
      vertex 102.131 0 7.64855
      vertex 109.391 0 6.40665
      vertex 109.207 0 6.59124
    endloop
  endfacet
  facet normal 0 -1 0
    outer loop
      vertex 102.131 0 7.64855
      vertex 109.617 0 6.27612
      vertex 109.391 0 6.40665
    endloop
  endfacet
  facet normal 0 -1 0
    outer loop
      vertex 101.869 0 7.64855
      vertex 109.869 0 6.20855
      vertex 109.617 0 6.27612
    endloop
  endfacet
  facet normal 0 -1 0
    outer loop
      vertex 0 0 0
      vertex 101.869 0 7.64855
      vertex 93.8695 0 9.08855
    endloop
  endfacet
  facet normal 0 -1 -0
    outer loop
      vertex 85.8695 0 10.5286
      vertex 0 0 0
      vertex 93.8695 0 9.08855
    endloop
  endfacet
  facet normal 0 -1 -0
    outer loop
      vertex 45.6173 0 17.7961
      vertex 0 0 0
      vertex 45.8695 0 17.7286
    endloop
  endfacet
  facet normal 0 -1 0
    outer loop
      vertex 117.617 0 4.83612
      vertex 110.131 0 6.20855
      vertex 109.869 0 6.20855
    endloop
  endfacet
  facet normal 0 -1 0
    outer loop
      vertex 110.131 0 6.20855
      vertex 117.009 0 5.89053
      vertex 117.021 0 5.93625
    endloop
  endfacet
  facet normal 0 -1 0
    outer loop
      vertex 110.131 0 6.20855
      vertex 117.009 0 5.62947
      vertex 117.009 0 5.89053
    endloop
  endfacet
  facet normal 0 -1 0
    outer loop
      vertex 110.131 0 6.20855
      vertex 117.076 0 5.37732
      vertex 117.009 0 5.62947
    endloop
  endfacet
  facet normal 0 -1 0
    outer loop
      vertex 110.131 0 6.20855
      vertex 117.207 0 5.15124
      vertex 117.076 0 5.37732
    endloop
  endfacet
  facet normal 0 -1 0
    outer loop
      vertex 110.131 0 6.20855
      vertex 117.391 0 4.96665
      vertex 117.207 0 5.15124
    endloop
  endfacet
  facet normal 0 -1 0
    outer loop
      vertex 110.131 0 6.20855
      vertex 117.617 0 4.83612
      vertex 117.391 0 4.96665
    endloop
  endfacet
  facet normal 0 -1 0
    outer loop
      vertex 109.869 0 6.20855
      vertex 117.869 0 4.76855
      vertex 117.617 0 4.83612
    endloop
  endfacet
  facet normal 0 -1 0
    outer loop
      vertex 125.617 0 3.39612
      vertex 118.131 0 4.76855
      vertex 117.869 0 4.76855
    endloop
  endfacet
  facet normal 0 -1 0
    outer loop
      vertex 118.131 0 4.76855
      vertex 125.009 0 4.45053
      vertex 125.021 0 4.49625
    endloop
  endfacet
  facet normal 0 -1 0
    outer loop
      vertex 118.131 0 4.76855
      vertex 125.009 0 4.18947
      vertex 125.009 0 4.45053
    endloop
  endfacet
  facet normal 0 -1 0
    outer loop
      vertex 118.131 0 4.76855
      vertex 125.076 0 3.93732
      vertex 125.009 0 4.18947
    endloop
  endfacet
  facet normal 0 -1 0
    outer loop
      vertex 118.131 0 4.76855
      vertex 125.207 0 3.71124
      vertex 125.076 0 3.93732
    endloop
  endfacet
  facet normal 0 -1 0
    outer loop
      vertex 118.131 0 4.76855
      vertex 125.391 0 3.52665
      vertex 125.207 0 3.71124
    endloop
  endfacet
  facet normal 0 -1 0
    outer loop
      vertex 118.131 0 4.76855
      vertex 125.617 0 3.39612
      vertex 125.391 0 3.52665
    endloop
  endfacet
  facet normal 0 -1 0
    outer loop
      vertex 117.869 0 4.76855
      vertex 125.869 0 3.32856
      vertex 125.617 0 3.39612
    endloop
  endfacet
  facet normal 0 -1 0
    outer loop
      vertex 0 0 0
      vertex 117.869 0 4.76855
      vertex 109.869 0 6.20855
    endloop
  endfacet
  facet normal 0 -1 0
    outer loop
      vertex 150 0 0
      vertex 125.869 0 3.32856
      vertex 0 0 0
    endloop
  endfacet
  facet normal 0 -1 -0
    outer loop
      vertex 117.869 0 4.76855
      vertex 0 0 0
      vertex 125.869 0 3.32856
    endloop
  endfacet
  facet normal 0 -1 -0
    outer loop
      vertex 101.869 0 7.64855
      vertex 0 0 0
      vertex 109.869 0 6.20855
    endloop
  endfacet
  facet normal 0 -1 -0
    outer loop
      vertex 21.6173 0 22.1161
      vertex 0 0 0
      vertex 21.8695 0 22.0486
    endloop
  endfacet
  facet normal 0 -1 -0
    outer loop
      vertex 5.61732 0 24.9961
      vertex 0 0 0
      vertex 5.86947 0 24.9286
    endloop
  endfacet
  facet normal 0 -1 -0
    outer loop
      vertex 5.39124 0 25.1266
      vertex 0 0 0
      vertex 5.61732 0 24.9961
    endloop
  endfacet
  facet normal 0 -1 0
    outer loop
      vertex 6.92388 0 25.5373
      vertex 13.0208 0 24.6563
      vertex 6.97919 0 25.7437
    endloop
  endfacet
  facet normal 0 -1 0
    outer loop
      vertex 6.79335 0 25.3112
      vertex 13.0208 0 24.6563
      vertex 6.92388 0 25.5373
    endloop
  endfacet
  facet normal 0 -1 0
    outer loop
      vertex 6.60876 0 25.1266
      vertex 13.0208 0 24.6563
      vertex 6.79335 0 25.3112
    endloop
  endfacet
  facet normal 0 -1 0
    outer loop
      vertex 6.38268 0 24.9961
      vertex 13.0208 0 24.6563
      vertex 6.60876 0 25.1266
    endloop
  endfacet
  facet normal 0 -1 0
    outer loop
      vertex 13.0208 0 24.6563
      vertex 6.38268 0 24.9961
      vertex 6.13053 0 24.9286
    endloop
  endfacet
  facet normal 0 -1 0
    outer loop
      vertex 14.9239 0 24.0973
      vertex 21.0208 0 23.2163
      vertex 14.9792 0 24.3037
    endloop
  endfacet
  facet normal 0 -1 0
    outer loop
      vertex 14.7934 0 23.8712
      vertex 21.0208 0 23.2163
      vertex 14.9239 0 24.0973
    endloop
  endfacet
  facet normal 0 -1 0
    outer loop
      vertex 14.6088 0 23.6866
      vertex 21.0208 0 23.2163
      vertex 14.7934 0 23.8712
    endloop
  endfacet
  facet normal 0 -1 0
    outer loop
      vertex 14.3827 0 23.5561
      vertex 21.0208 0 23.2163
      vertex 14.6088 0 23.6866
    endloop
  endfacet
  facet normal 0 -1 0
    outer loop
      vertex 21.0208 0 23.2163
      vertex 14.3827 0 23.5561
      vertex 14.1305 0 23.4886
    endloop
  endfacet
  facet normal 0 -1 0
    outer loop
      vertex 22.9239 0 22.6573
      vertex 29.0208 0 21.7763
      vertex 22.9792 0 22.8637
    endloop
  endfacet
  facet normal 0 -1 0
    outer loop
      vertex 22.7934 0 22.4312
      vertex 29.0208 0 21.7763
      vertex 22.9239 0 22.6573
    endloop
  endfacet
  facet normal 0 -1 0
    outer loop
      vertex 22.6088 0 22.2466
      vertex 29.0208 0 21.7763
      vertex 22.7934 0 22.4312
    endloop
  endfacet
  facet normal 0 -1 0
    outer loop
      vertex 22.3827 0 22.1161
      vertex 29.0208 0 21.7763
      vertex 22.6088 0 22.2466
    endloop
  endfacet
  facet normal 0 -1 0
    outer loop
      vertex 29.0208 0 21.7763
      vertex 22.3827 0 22.1161
      vertex 22.1305 0 22.0486
    endloop
  endfacet
  facet normal 0 -1 0
    outer loop
      vertex 30.9239 0 21.2173
      vertex 37.0208 0 20.3363
      vertex 30.9792 0 21.4237
    endloop
  endfacet
  facet normal 0 -1 0
    outer loop
      vertex 30.7934 0 20.9912
      vertex 37.0208 0 20.3363
      vertex 30.9239 0 21.2173
    endloop
  endfacet
  facet normal 0 -1 0
    outer loop
      vertex 30.6088 0 20.8066
      vertex 37.0208 0 20.3363
      vertex 30.7934 0 20.9912
    endloop
  endfacet
  facet normal 0 -1 0
    outer loop
      vertex 30.3827 0 20.6761
      vertex 37.0208 0 20.3363
      vertex 30.6088 0 20.8066
    endloop
  endfacet
  facet normal 0 -1 0
    outer loop
      vertex 37.0208 0 20.3363
      vertex 30.3827 0 20.6761
      vertex 30.1305 0 20.6086
    endloop
  endfacet
  facet normal 0 -1 0
    outer loop
      vertex 38.9239 0 19.7773
      vertex 45.0208 0 18.8963
      vertex 38.9792 0 19.9837
    endloop
  endfacet
  facet normal 0 -1 0
    outer loop
      vertex 38.7934 0 19.5512
      vertex 45.0208 0 18.8963
      vertex 38.9239 0 19.7773
    endloop
  endfacet
  facet normal 0 -1 0
    outer loop
      vertex 38.6088 0 19.3666
      vertex 45.0208 0 18.8963
      vertex 38.7934 0 19.5512
    endloop
  endfacet
  facet normal 0 -1 0
    outer loop
      vertex 38.3827 0 19.2361
      vertex 45.0208 0 18.8963
      vertex 38.6088 0 19.3666
    endloop
  endfacet
  facet normal 0 -1 0
    outer loop
      vertex 45.0208 0 18.8963
      vertex 38.3827 0 19.2361
      vertex 38.1305 0 19.1686
    endloop
  endfacet
  facet normal 0 -1 0
    outer loop
      vertex 46.9239 0 18.3373
      vertex 53.0208 0 17.4563
      vertex 46.9792 0 18.5437
    endloop
  endfacet
  facet normal 0 -1 0
    outer loop
      vertex 46.7934 0 18.1112
      vertex 53.0208 0 17.4563
      vertex 46.9239 0 18.3373
    endloop
  endfacet
  facet normal 0 -1 0
    outer loop
      vertex 46.6088 0 17.9266
      vertex 53.0208 0 17.4563
      vertex 46.7934 0 18.1112
    endloop
  endfacet
  facet normal 0 -1 0
    outer loop
      vertex 46.3827 0 17.7961
      vertex 53.0208 0 17.4563
      vertex 46.6088 0 17.9266
    endloop
  endfacet
  facet normal 0 -1 0
    outer loop
      vertex 53.0208 0 17.4563
      vertex 46.3827 0 17.7961
      vertex 46.1305 0 17.7286
    endloop
  endfacet
  facet normal 0 -1 0
    outer loop
      vertex 54.9239 0 16.8973
      vertex 61.0208 0 16.0163
      vertex 54.9792 0 17.1037
    endloop
  endfacet
  facet normal 0 -1 0
    outer loop
      vertex 54.7934 0 16.6712
      vertex 61.0208 0 16.0163
      vertex 54.9239 0 16.8973
    endloop
  endfacet
  facet normal 0 -1 0
    outer loop
      vertex 54.6088 0 16.4866
      vertex 61.0208 0 16.0163
      vertex 54.7934 0 16.6712
    endloop
  endfacet
  facet normal 0 -1 0
    outer loop
      vertex 54.3827 0 16.3561
      vertex 61.0208 0 16.0163
      vertex 54.6088 0 16.4866
    endloop
  endfacet
  facet normal 0 -1 0
    outer loop
      vertex 61.0208 0 16.0163
      vertex 54.3827 0 16.3561
      vertex 54.1305 0 16.2886
    endloop
  endfacet
  facet normal 0 -1 0
    outer loop
      vertex 62.9239 0 15.4573
      vertex 69.0208 0 14.5763
      vertex 62.9792 0 15.6637
    endloop
  endfacet
  facet normal 0 -1 0
    outer loop
      vertex 62.7934 0 15.2312
      vertex 69.0208 0 14.5763
      vertex 62.9239 0 15.4573
    endloop
  endfacet
  facet normal 0 -1 0
    outer loop
      vertex 62.6088 0 15.0466
      vertex 69.0208 0 14.5763
      vertex 62.7934 0 15.2312
    endloop
  endfacet
  facet normal 0 -1 0
    outer loop
      vertex 62.3827 0 14.9161
      vertex 69.0208 0 14.5763
      vertex 62.6088 0 15.0466
    endloop
  endfacet
  facet normal 0 -1 0
    outer loop
      vertex 69.0208 0 14.5763
      vertex 62.3827 0 14.9161
      vertex 62.1305 0 14.8486
    endloop
  endfacet
  facet normal 0 -1 0
    outer loop
      vertex 70.9239 0 14.0173
      vertex 77.0208 0 13.1363
      vertex 70.9792 0 14.2237
    endloop
  endfacet
  facet normal 0 -1 0
    outer loop
      vertex 70.7934 0 13.7912
      vertex 77.0208 0 13.1363
      vertex 70.9239 0 14.0173
    endloop
  endfacet
  facet normal 0 -1 0
    outer loop
      vertex 70.6088 0 13.6066
      vertex 77.0208 0 13.1363
      vertex 70.7934 0 13.7912
    endloop
  endfacet
  facet normal 0 -1 0
    outer loop
      vertex 70.3827 0 13.4761
      vertex 77.0208 0 13.1363
      vertex 70.6088 0 13.6066
    endloop
  endfacet
  facet normal 0 -1 0
    outer loop
      vertex 77.0208 0 13.1363
      vertex 70.3827 0 13.4761
      vertex 70.1305 0 13.4086
    endloop
  endfacet
  facet normal 0 -1 0
    outer loop
      vertex 78.9239 0 12.5773
      vertex 85.0208 0 11.6963
      vertex 78.9792 0 12.7837
    endloop
  endfacet
  facet normal 0 -1 0
    outer loop
      vertex 78.7934 0 12.3512
      vertex 85.0208 0 11.6963
      vertex 78.9239 0 12.5773
    endloop
  endfacet
  facet normal 0 -1 0
    outer loop
      vertex 78.6088 0 12.1666
      vertex 85.0208 0 11.6963
      vertex 78.7934 0 12.3512
    endloop
  endfacet
  facet normal 0 -1 0
    outer loop
      vertex 78.3827 0 12.0361
      vertex 85.0208 0 11.6963
      vertex 78.6088 0 12.1666
    endloop
  endfacet
  facet normal 0 -1 0
    outer loop
      vertex 85.0208 0 11.6963
      vertex 78.3827 0 12.0361
      vertex 78.1305 0 11.9686
    endloop
  endfacet
  facet normal 0 -1 0
    outer loop
      vertex 86.9239 0 11.1373
      vertex 93.0208 0 10.2563
      vertex 86.9792 0 11.3437
    endloop
  endfacet
  facet normal 0 -1 0
    outer loop
      vertex 86.7934 0 10.9112
      vertex 93.0208 0 10.2563
      vertex 86.9239 0 11.1373
    endloop
  endfacet
  facet normal 0 -1 0
    outer loop
      vertex 86.6088 0 10.7266
      vertex 93.0208 0 10.2563
      vertex 86.7934 0 10.9112
    endloop
  endfacet
  facet normal 0 -1 0
    outer loop
      vertex 86.3827 0 10.5961
      vertex 93.0208 0 10.2563
      vertex 86.6088 0 10.7266
    endloop
  endfacet
  facet normal 0 -1 0
    outer loop
      vertex 93.0208 0 10.2563
      vertex 86.3827 0 10.5961
      vertex 86.1305 0 10.5286
    endloop
  endfacet
  facet normal 0 -1 0
    outer loop
      vertex 94.9239 0 9.69732
      vertex 101.021 0 8.81625
      vertex 94.9792 0 9.90375
    endloop
  endfacet
  facet normal 0 -1 0
    outer loop
      vertex 94.7934 0 9.47124
      vertex 101.021 0 8.81625
      vertex 94.9239 0 9.69732
    endloop
  endfacet
  facet normal 0 -1 0
    outer loop
      vertex 94.6088 0 9.28665
      vertex 101.021 0 8.81625
      vertex 94.7934 0 9.47124
    endloop
  endfacet
  facet normal 0 -1 0
    outer loop
      vertex 94.3827 0 9.15612
      vertex 101.021 0 8.81625
      vertex 94.6088 0 9.28665
    endloop
  endfacet
  facet normal 0 -1 0
    outer loop
      vertex 101.021 0 8.81625
      vertex 94.3827 0 9.15612
      vertex 94.1305 0 9.08855
    endloop
  endfacet
  facet normal 0 -1 0
    outer loop
      vertex 102.924 0 8.25732
      vertex 109.021 0 7.37625
      vertex 102.979 0 8.46375
    endloop
  endfacet
  facet normal 0 -1 0
    outer loop
      vertex 102.793 0 8.03124
      vertex 109.021 0 7.37625
      vertex 102.924 0 8.25732
    endloop
  endfacet
  facet normal 0 -1 0
    outer loop
      vertex 102.609 0 7.84665
      vertex 109.021 0 7.37625
      vertex 102.793 0 8.03124
    endloop
  endfacet
  facet normal 0 -1 0
    outer loop
      vertex 102.383 0 7.71612
      vertex 109.021 0 7.37625
      vertex 102.609 0 7.84665
    endloop
  endfacet
  facet normal 0 -1 0
    outer loop
      vertex 109.021 0 7.37625
      vertex 102.383 0 7.71612
      vertex 102.131 0 7.64855
    endloop
  endfacet
  facet normal 0 -1 0
    outer loop
      vertex 110.924 0 6.81732
      vertex 117.021 0 5.93625
      vertex 110.979 0 7.02375
    endloop
  endfacet
  facet normal 0 -1 0
    outer loop
      vertex 110.793 0 6.59124
      vertex 117.021 0 5.93625
      vertex 110.924 0 6.81732
    endloop
  endfacet
  facet normal 0 -1 0
    outer loop
      vertex 110.609 0 6.40665
      vertex 117.021 0 5.93625
      vertex 110.793 0 6.59124
    endloop
  endfacet
  facet normal 0 -1 0
    outer loop
      vertex 110.383 0 6.27612
      vertex 117.021 0 5.93625
      vertex 110.609 0 6.40665
    endloop
  endfacet
  facet normal 0 -1 0
    outer loop
      vertex 117.021 0 5.93625
      vertex 110.383 0 6.27612
      vertex 110.131 0 6.20855
    endloop
  endfacet
  facet normal 0 -1 0
    outer loop
      vertex 118.924 0 5.37732
      vertex 125.021 0 4.49625
      vertex 118.979 0 5.58375
    endloop
  endfacet
  facet normal 0 -1 0
    outer loop
      vertex 118.793 0 5.15124
      vertex 125.021 0 4.49625
      vertex 118.924 0 5.37732
    endloop
  endfacet
  facet normal 0 -1 0
    outer loop
      vertex 118.609 0 4.96665
      vertex 125.021 0 4.49625
      vertex 118.793 0 5.15124
    endloop
  endfacet
  facet normal 0 -1 0
    outer loop
      vertex 118.383 0 4.83612
      vertex 125.021 0 4.49625
      vertex 118.609 0 4.96665
    endloop
  endfacet
  facet normal 0 -1 0
    outer loop
      vertex 125.021 0 4.49625
      vertex 118.383 0 4.83612
      vertex 118.131 0 4.76855
    endloop
  endfacet
  facet normal 0 -1 0
    outer loop
      vertex 126.924 0 3.93732
      vertex 150 0 0
      vertex 126.979 0 4.14375
    endloop
  endfacet
  facet normal 0 -1 0
    outer loop
      vertex 126.793 0 3.71124
      vertex 150 0 0
      vertex 126.924 0 3.93732
    endloop
  endfacet
  facet normal 0 -1 0
    outer loop
      vertex 126.609 0 3.52665
      vertex 150 0 0
      vertex 126.793 0 3.71124
    endloop
  endfacet
  facet normal 0 -1 0
    outer loop
      vertex 126.383 0 3.39612
      vertex 150 0 0
      vertex 126.609 0 3.52665
    endloop
  endfacet
  facet normal 0 -1 0
    outer loop
      vertex 126.131 0 3.32856
      vertex 150 0 0
      vertex 126.383 0 3.39612
    endloop
  endfacet
  facet normal 0 -1 0
    outer loop
      vertex 125.869 0 3.32856
      vertex 150 0 0
      vertex 126.131 0 3.32856
    endloop
  endfacet
  facet normal -1 0 0
    outer loop
      vertex 0 0 0
      vertex 0 115.714 27
      vertex 0 115.714 0
    endloop
  endfacet
  facet normal -1 -0 0
    outer loop
      vertex 0 115.714 27
      vertex 0 0 0
      vertex 0 0 27
    endloop
  endfacet
  facet normal 0.86604 -0 0.499974
    outer loop
      vertex 5.07612 0 25.5373
      vertex 5.20665 115.714 25.3112
      vertex 5.07612 115.714 25.5373
    endloop
  endfacet
  facet normal 0.86604 0 0.499974
    outer loop
      vertex 5.20665 115.714 25.3112
      vertex 5.07612 0 25.5373
      vertex 5.20665 0 25.3112
    endloop
  endfacet
  facet normal -0.86604 0 0.499974
    outer loop
      vertex 6.79335 0 25.3112
      vertex 6.92388 115.714 25.5373
      vertex 6.79335 115.714 25.3112
    endloop
  endfacet
  facet normal -0.86604 0 0.499974
    outer loop
      vertex 6.92388 115.714 25.5373
      vertex 6.79335 0 25.3112
      vertex 6.92388 0 25.5373
    endloop
  endfacet
  facet normal 0.707126 0 0.707088
    outer loop
      vertex 5.20665 115.714 25.3112
      vertex 5.39124 0 25.1266
      vertex 5.39124 115.714 25.1266
    endloop
  endfacet
  facet normal 0.707126 0 0.707088
    outer loop
      vertex 5.39124 0 25.1266
      vertex 5.20665 115.714 25.3112
      vertex 5.20665 0 25.3112
    endloop
  endfacet
  facet normal 1 -0 0
    outer loop
      vertex 5.00855 0 26.0505
      vertex 5.00855 115.714 25.7895
      vertex 5.00855 115.714 26.0505
    endloop
  endfacet
  facet normal 1 0 0
    outer loop
      vertex 5.00855 115.714 25.7895
      vertex 5.00855 0 26.0505
      vertex 5.00855 0 25.7895
    endloop
  endfacet
  facet normal 0.965989 0 -0.258581
    outer loop
      vertex 5.02081 0 26.0963
      vertex 5.00855 115.714 26.0505
      vertex 5.02081 115.714 26.0963
    endloop
  endfacet
  facet normal 0.965989 0 -0.258581
    outer loop
      vertex 5.00855 115.714 26.0505
      vertex 5.02081 0 26.0963
      vertex 5.00855 0 26.0505
    endloop
  endfacet
  facet normal -0.707126 0 0.707088
    outer loop
      vertex 6.60876 115.714 25.1266
      vertex 6.79335 0 25.3112
      vertex 6.79335 115.714 25.3112
    endloop
  endfacet
  facet normal -0.707126 0 0.707088
    outer loop
      vertex 6.79335 0 25.3112
      vertex 6.60876 115.714 25.1266
      vertex 6.60876 0 25.1266
    endloop
  endfacet
  facet normal -0.499921 0 0.866071
    outer loop
      vertex 6.38268 115.714 24.9961
      vertex 6.60876 0 25.1266
      vertex 6.60876 115.714 25.1266
    endloop
  endfacet
  facet normal -0.499921 0 0.866071
    outer loop
      vertex 6.60876 0 25.1266
      vertex 6.38268 115.714 24.9961
      vertex 6.38268 0 24.9961
    endloop
  endfacet
  facet normal -0.96592 0 0.258842
    outer loop
      vertex 6.92388 0 25.5373
      vertex 6.97919 115.714 25.7437
      vertex 6.92388 115.714 25.5373
    endloop
  endfacet
  facet normal -0.96592 0 0.258842
    outer loop
      vertex 6.97919 115.714 25.7437
      vertex 6.92388 0 25.5373
      vertex 6.97919 0 25.7437
    endloop
  endfacet
  facet normal 0.965932 -0 0.258795
    outer loop
      vertex 5.00855 0 25.7895
      vertex 5.07612 115.714 25.5373
      vertex 5.00855 115.714 25.7895
    endloop
  endfacet
  facet normal 0.965932 0 0.258795
    outer loop
      vertex 5.07612 115.714 25.5373
      vertex 5.00855 0 25.7895
      vertex 5.07612 0 25.5373
    endloop
  endfacet
  facet normal 0.258592 0 0.965987
    outer loop
      vertex 5.61732 115.714 24.9961
      vertex 5.86947 0 24.9286
      vertex 5.86947 115.714 24.9286
    endloop
  endfacet
  facet normal 0.258592 0 0.965987
    outer loop
      vertex 5.86947 0 24.9286
      vertex 5.61732 115.714 24.9961
      vertex 5.61732 0 24.9961
    endloop
  endfacet
  facet normal -0.258592 0 0.965987
    outer loop
      vertex 6.13053 115.714 24.9286
      vertex 6.38268 0 24.9961
      vertex 6.38268 115.714 24.9961
    endloop
  endfacet
  facet normal -0.258592 0 0.965987
    outer loop
      vertex 6.38268 0 24.9961
      vertex 6.13053 115.714 24.9286
      vertex 6.13053 0 24.9286
    endloop
  endfacet
  facet normal 0.499921 0 0.866071
    outer loop
      vertex 5.39124 115.714 25.1266
      vertex 5.61732 0 24.9961
      vertex 5.61732 115.714 24.9961
    endloop
  endfacet
  facet normal 0.499921 0 0.866071
    outer loop
      vertex 5.61732 0 24.9961
      vertex 5.39124 115.714 25.1266
      vertex 5.39124 0 25.1266
    endloop
  endfacet
  facet normal -0 0 1
    outer loop
      vertex 5.86947 115.714 24.9286
      vertex 6.13053 0 24.9286
      vertex 6.13053 115.714 24.9286
    endloop
  endfacet
  facet normal 0 0 1
    outer loop
      vertex 6.13053 0 24.9286
      vertex 5.86947 115.714 24.9286
      vertex 5.86947 0 24.9286
    endloop
  endfacet
  facet normal 0.966305 0 -0.2574
    outer loop
      vertex 13.0208 0 24.6563
      vertex 13.0086 115.714 24.6105
      vertex 13.0208 115.714 24.6563
    endloop
  endfacet
  facet normal 0.966305 0 -0.2574
    outer loop
      vertex 13.0086 115.714 24.6105
      vertex 13.0208 0 24.6563
      vertex 13.0086 0 24.6105
    endloop
  endfacet
  facet normal 0.966305 0 -0.2574
    outer loop
      vertex 13.0208 129.714 24.6563
      vertex 13.0086 120.689 24.6105
      vertex 13.0086 129.714 24.6105
    endloop
  endfacet
  facet normal 0.966305 0 -0.2574
    outer loop
      vertex 13.0086 120.689 24.6105
      vertex 13.0208 129.714 24.6563
      vertex 13.0208 120.652 24.6563
    endloop
  endfacet
  facet normal -0.965931 0 0.258798
    outer loop
      vertex 14.9239 0 24.0973
      vertex 14.9792 129.714 24.3037
      vertex 14.9239 129.714 24.0973
    endloop
  endfacet
  facet normal -0.965931 0 0.258798
    outer loop
      vertex 14.9792 129.714 24.3037
      vertex 14.9239 0 24.0973
      vertex 14.9792 0 24.3037
    endloop
  endfacet
  facet normal -0.258545 0 0.965999
    outer loop
      vertex 14.1305 115.714 23.4886
      vertex 14.3827 0 23.5561
      vertex 14.3827 115.714 23.5561
    endloop
  endfacet
  facet normal -0.258545 0 0.965999
    outer loop
      vertex 14.3827 0 23.5561
      vertex 14.1305 115.714 23.4886
      vertex 14.1305 0 23.4886
    endloop
  endfacet
  facet normal -0.258545 0 0.965999
    outer loop
      vertex 14.1305 117.323 23.4886
      vertex 14.3827 129.714 23.5561
      vertex 14.1305 129.714 23.4886
    endloop
  endfacet
  facet normal -0.258545 0 0.965999
    outer loop
      vertex 14.3827 129.714 23.5561
      vertex 14.1305 117.323 23.4886
      vertex 14.3827 116.566 23.5561
    endloop
  endfacet
  facet normal -0.707697 0 0.706516
    outer loop
      vertex 14.6088 115.714 23.6866
      vertex 14.6088 0 23.6866
      vertex 14.6686 115.714 23.7465
    endloop
  endfacet
  facet normal -0.707107 0 0.707107
    outer loop
      vertex 14.6088 115.888 23.6866
      vertex 14.7934 129.714 23.8712
      vertex 14.6088 129.714 23.6866
    endloop
  endfacet
  facet normal -0.703703 0.00274068 0.710489
    outer loop
      vertex 14.6686 115.714 23.7465
      vertex 14.6088 115.888 23.6866
      vertex 14.6581 115.74 23.736
    endloop
  endfacet
  facet normal -0.707675 1.51851e-05 0.706538
    outer loop
      vertex 14.6088 115.888 23.6866
      vertex 14.6686 115.714 23.7465
      vertex 14.7934 129.714 23.8712
    endloop
  endfacet
  facet normal -0.707107 -6.11081e-07 0.707107
    outer loop
      vertex 14.7934 0 23.8712
      vertex 14.6686 115.714 23.7465
      vertex 14.6088 0 23.6866
    endloop
  endfacet
  facet normal -0.706823 0 0.70739
    outer loop
      vertex 14.6686 115.714 23.7465
      vertex 14.7934 0 23.8712
      vertex 14.7934 129.714 23.8712
    endloop
  endfacet
  facet normal 0.499888 0 0.86609
    outer loop
      vertex 13.3912 115.714 23.6866
      vertex 13.6173 0 23.5561
      vertex 13.6173 115.714 23.5561
    endloop
  endfacet
  facet normal 0.499888 0 0.86609
    outer loop
      vertex 13.6173 0 23.5561
      vertex 13.3912 115.714 23.6866
      vertex 13.3912 0 23.6866
    endloop
  endfacet
  facet normal 0.499888 -0 0.86609
    outer loop
      vertex 13.3912 119.541 23.6866
      vertex 13.6173 129.714 23.5561
      vertex 13.3912 129.714 23.6866
    endloop
  endfacet
  facet normal 0.499888 0 0.86609
    outer loop
      vertex 13.6173 129.714 23.5561
      vertex 13.3912 119.541 23.6866
      vertex 13.6173 118.862 23.5561
    endloop
  endfacet
  facet normal 0.86609 -0 0.499888
    outer loop
      vertex 13.0761 0 24.0973
      vertex 13.2066 115.714 23.8712
      vertex 13.0761 115.714 24.0973
    endloop
  endfacet
  facet normal 0.86609 0 0.499888
    outer loop
      vertex 13.2066 115.714 23.8712
      vertex 13.0761 0 24.0973
      vertex 13.2066 0 23.8712
    endloop
  endfacet
  facet normal 0.86609 -0 0.499888
    outer loop
      vertex 13.0761 120.486 24.0973
      vertex 13.2066 129.714 23.8712
      vertex 13.0761 129.714 24.0973
    endloop
  endfacet
  facet normal 0.86609 0 0.499888
    outer loop
      vertex 13.2066 129.714 23.8712
      vertex 13.0761 120.486 24.0973
      vertex 13.2066 120.094 23.8712
    endloop
  endfacet
  facet normal -0.86609 0 0.499888
    outer loop
      vertex 14.7934 0 23.8712
      vertex 14.9239 129.714 24.0973
      vertex 14.7934 129.714 23.8712
    endloop
  endfacet
  facet normal -0.86609 0 0.499888
    outer loop
      vertex 14.9239 129.714 24.0973
      vertex 14.7934 0 23.8712
      vertex 14.9239 0 24.0973
    endloop
  endfacet
  facet normal 0.965999 -0 0.258545
    outer loop
      vertex 13.0086 0 24.3495
      vertex 13.0761 115.714 24.0973
      vertex 13.0086 115.714 24.3495
    endloop
  endfacet
  facet normal 0.965999 0 0.258545
    outer loop
      vertex 13.0761 115.714 24.0973
      vertex 13.0086 0 24.3495
      vertex 13.0761 0 24.0973
    endloop
  endfacet
  facet normal 0.965999 -0 0.258545
    outer loop
      vertex 13.0086 120.689 24.3495
      vertex 13.0761 129.714 24.0973
      vertex 13.0086 129.714 24.3495
    endloop
  endfacet
  facet normal 0.965999 0 0.258545
    outer loop
      vertex 13.0761 129.714 24.0973
      vertex 13.0086 120.689 24.3495
      vertex 13.0761 120.486 24.0973
    endloop
  endfacet
  facet normal -0.499888 0 0.86609
    outer loop
      vertex 14.3827 115.714 23.5561
      vertex 14.6088 0 23.6866
      vertex 14.6088 115.714 23.6866
    endloop
  endfacet
  facet normal -0.499888 0 0.86609
    outer loop
      vertex 14.6088 0 23.6866
      vertex 14.3827 115.714 23.5561
      vertex 14.3827 0 23.5561
    endloop
  endfacet
  facet normal -0.499888 0 0.86609
    outer loop
      vertex 14.3827 116.566 23.5561
      vertex 14.6088 129.714 23.6866
      vertex 14.3827 129.714 23.5561
    endloop
  endfacet
  facet normal -0.499888 0 0.86609
    outer loop
      vertex 14.6088 129.714 23.6866
      vertex 14.3827 116.566 23.5561
      vertex 14.6088 115.888 23.6866
    endloop
  endfacet
  facet normal 1 -0 0
    outer loop
      vertex 13.0086 0 24.6105
      vertex 13.0086 115.714 24.3495
      vertex 13.0086 115.714 24.6105
    endloop
  endfacet
  facet normal 1 0 0
    outer loop
      vertex 13.0086 115.714 24.3495
      vertex 13.0086 0 24.6105
      vertex 13.0086 0 24.3495
    endloop
  endfacet
  facet normal 1 -0 0
    outer loop
      vertex 13.0086 120.689 24.6105
      vertex 13.0086 129.714 24.3495
      vertex 13.0086 129.714 24.6105
    endloop
  endfacet
  facet normal 1 0 0
    outer loop
      vertex 13.0086 129.714 24.3495
      vertex 13.0086 120.689 24.6105
      vertex 13.0086 120.689 24.3495
    endloop
  endfacet
  facet normal 0.258545 0 0.965999
    outer loop
      vertex 13.6173 115.714 23.5561
      vertex 13.8695 0 23.4886
      vertex 13.8695 115.714 23.4886
    endloop
  endfacet
  facet normal 0.258545 0 0.965999
    outer loop
      vertex 13.8695 0 23.4886
      vertex 13.6173 115.714 23.5561
      vertex 13.6173 0 23.5561
    endloop
  endfacet
  facet normal 0.258545 -0 0.965999
    outer loop
      vertex 13.6173 118.862 23.5561
      vertex 13.8695 129.714 23.4886
      vertex 13.6173 129.714 23.5561
    endloop
  endfacet
  facet normal 0.258545 0 0.965999
    outer loop
      vertex 13.8695 129.714 23.4886
      vertex 13.6173 118.862 23.5561
      vertex 13.8695 118.106 23.4886
    endloop
  endfacet
  facet normal 0.707107 -0 0.707107
    outer loop
      vertex 13.2066 0 23.8712
      vertex 13.3912 115.714 23.6866
      vertex 13.2066 115.714 23.8712
    endloop
  endfacet
  facet normal 0.707107 0 0.707107
    outer loop
      vertex 13.3912 115.714 23.6866
      vertex 13.2066 0 23.8712
      vertex 13.3912 0 23.6866
    endloop
  endfacet
  facet normal 0.707107 -0 0.707107
    outer loop
      vertex 13.2066 120.094 23.8712
      vertex 13.3912 129.714 23.6866
      vertex 13.2066 129.714 23.8712
    endloop
  endfacet
  facet normal 0.707107 0 0.707107
    outer loop
      vertex 13.3912 129.714 23.6866
      vertex 13.2066 120.094 23.8712
      vertex 13.3912 119.541 23.6866
    endloop
  endfacet
  facet normal -0 0 1
    outer loop
      vertex 13.8695 115.714 23.4886
      vertex 14.1305 0 23.4886
      vertex 14.1305 115.714 23.4886
    endloop
  endfacet
  facet normal 0 0 1
    outer loop
      vertex 14.1305 0 23.4886
      vertex 13.8695 115.714 23.4886
      vertex 13.8695 0 23.4886
    endloop
  endfacet
  facet normal 0 0 1
    outer loop
      vertex 13.8695 118.106 23.4886
      vertex 14.1305 129.714 23.4886
      vertex 13.8695 129.714 23.4886
    endloop
  endfacet
  facet normal 0 0 1
    outer loop
      vertex 14.1305 129.714 23.4886
      vertex 13.8695 118.106 23.4886
      vertex 14.1305 117.323 23.4886
    endloop
  endfacet
  facet normal 0.258545 0 0.965999
    outer loop
      vertex 21.6173 129.714 22.1161
      vertex 21.8695 0 22.0486
      vertex 21.8695 129.714 22.0486
    endloop
  endfacet
  facet normal 0.258545 0 0.965999
    outer loop
      vertex 21.8695 0 22.0486
      vertex 21.6173 129.714 22.1161
      vertex 21.6173 0 22.1161
    endloop
  endfacet
  facet normal 0.707107 0 0.707107
    outer loop
      vertex 21.2066 129.714 22.4312
      vertex 21.3912 0 22.2466
      vertex 21.3912 129.714 22.2466
    endloop
  endfacet
  facet normal 0.707107 0 0.707107
    outer loop
      vertex 21.3912 0 22.2466
      vertex 21.2066 129.714 22.4312
      vertex 21.2066 0 22.4312
    endloop
  endfacet
  facet normal 0.499888 0 0.86609
    outer loop
      vertex 21.3912 129.714 22.2466
      vertex 21.6173 0 22.1161
      vertex 21.6173 129.714 22.1161
    endloop
  endfacet
  facet normal 0.499888 0 0.86609
    outer loop
      vertex 21.6173 0 22.1161
      vertex 21.3912 129.714 22.2466
      vertex 21.3912 0 22.2466
    endloop
  endfacet
  facet normal 0.965999 -0 0.258545
    outer loop
      vertex 21.0086 0 22.9095
      vertex 21.0761 129.714 22.6573
      vertex 21.0086 129.714 22.9095
    endloop
  endfacet
  facet normal 0.965999 0 0.258545
    outer loop
      vertex 21.0761 129.714 22.6573
      vertex 21.0086 0 22.9095
      vertex 21.0761 0 22.6573
    endloop
  endfacet
  facet normal -0.707107 0 0.707107
    outer loop
      vertex 22.6088 129.714 22.2466
      vertex 22.7934 0 22.4312
      vertex 22.7934 129.714 22.4312
    endloop
  endfacet
  facet normal -0.707107 0 0.707107
    outer loop
      vertex 22.7934 0 22.4312
      vertex 22.6088 129.714 22.2466
      vertex 22.6088 0 22.2466
    endloop
  endfacet
  facet normal 0.966305 0 -0.2574
    outer loop
      vertex 21.0208 0 23.2163
      vertex 21.0086 129.714 23.1705
      vertex 21.0208 129.714 23.2163
    endloop
  endfacet
  facet normal 0.966305 0 -0.2574
    outer loop
      vertex 21.0086 129.714 23.1705
      vertex 21.0208 0 23.2163
      vertex 21.0086 0 23.1705
    endloop
  endfacet
  facet normal 1 -0 0
    outer loop
      vertex 21.0086 0 23.1705
      vertex 21.0086 129.714 22.9095
      vertex 21.0086 129.714 23.1705
    endloop
  endfacet
  facet normal 1 0 0
    outer loop
      vertex 21.0086 129.714 22.9095
      vertex 21.0086 0 23.1705
      vertex 21.0086 0 22.9095
    endloop
  endfacet
  facet normal -0.86609 0 0.499888
    outer loop
      vertex 22.7934 0 22.4312
      vertex 22.9239 129.714 22.6573
      vertex 22.7934 129.714 22.4312
    endloop
  endfacet
  facet normal -0.86609 0 0.499888
    outer loop
      vertex 22.9239 129.714 22.6573
      vertex 22.7934 0 22.4312
      vertex 22.9239 0 22.6573
    endloop
  endfacet
  facet normal -0.965931 0 0.258798
    outer loop
      vertex 22.9239 0 22.6573
      vertex 22.9792 129.714 22.8637
      vertex 22.9239 129.714 22.6573
    endloop
  endfacet
  facet normal -0.965931 0 0.258798
    outer loop
      vertex 22.9792 129.714 22.8637
      vertex 22.9239 0 22.6573
      vertex 22.9792 0 22.8637
    endloop
  endfacet
  facet normal 0.86609 -0 0.499888
    outer loop
      vertex 21.0761 0 22.6573
      vertex 21.2066 129.714 22.4312
      vertex 21.0761 129.714 22.6573
    endloop
  endfacet
  facet normal 0.86609 0 0.499888
    outer loop
      vertex 21.2066 129.714 22.4312
      vertex 21.0761 0 22.6573
      vertex 21.2066 0 22.4312
    endloop
  endfacet
  facet normal -0.499888 0 0.86609
    outer loop
      vertex 22.3827 129.714 22.1161
      vertex 22.6088 0 22.2466
      vertex 22.6088 129.714 22.2466
    endloop
  endfacet
  facet normal -0.499888 0 0.86609
    outer loop
      vertex 22.6088 0 22.2466
      vertex 22.3827 129.714 22.1161
      vertex 22.3827 0 22.1161
    endloop
  endfacet
  facet normal -0.258545 0 0.965999
    outer loop
      vertex 22.1305 129.714 22.0486
      vertex 22.3827 0 22.1161
      vertex 22.3827 129.714 22.1161
    endloop
  endfacet
  facet normal -0.258545 0 0.965999
    outer loop
      vertex 22.3827 0 22.1161
      vertex 22.1305 129.714 22.0486
      vertex 22.1305 0 22.0486
    endloop
  endfacet
  facet normal -0 0 1
    outer loop
      vertex 21.8695 129.714 22.0486
      vertex 22.1305 0 22.0486
      vertex 22.1305 129.714 22.0486
    endloop
  endfacet
  facet normal 0 0 1
    outer loop
      vertex 22.1305 0 22.0486
      vertex 21.8695 129.714 22.0486
      vertex 21.8695 0 22.0486
    endloop
  endfacet
  facet normal -0.499888 0 0.86609
    outer loop
      vertex 30.3827 115.714 20.6761
      vertex 30.6088 0 20.8066
      vertex 30.6088 115.714 20.8066
    endloop
  endfacet
  facet normal -0.499888 0 0.86609
    outer loop
      vertex 30.6088 0 20.8066
      vertex 30.3827 115.714 20.6761
      vertex 30.3827 0 20.6761
    endloop
  endfacet
  facet normal -0.499888 0 0.86609
    outer loop
      vertex 30.3827 129.714 20.6761
      vertex 30.6088 119.541 20.8066
      vertex 30.6088 129.714 20.8066
    endloop
  endfacet
  facet normal -0.499888 0 0.86609
    outer loop
      vertex 30.6088 119.541 20.8066
      vertex 30.3827 129.714 20.6761
      vertex 30.3827 118.862 20.6761
    endloop
  endfacet
  facet normal 0.707107 0 0.707107
    outer loop
      vertex 29.2066 129.714 20.9912
      vertex 29.3912 115.888 20.8066
      vertex 29.3912 129.714 20.8066
    endloop
  endfacet
  facet normal 0.707684 1.54081e-05 0.70653
    outer loop
      vertex 29.3323 115.714 20.8656
      vertex 29.3912 115.888 20.8066
      vertex 29.2066 129.714 20.9912
    endloop
  endfacet
  facet normal 0.700391 0.00492944 0.713742
    outer loop
      vertex 29.3912 115.888 20.8066
      vertex 29.3323 115.714 20.8656
      vertex 29.3419 115.74 20.856
    endloop
  endfacet
  facet normal 0.707706 0 0.706507
    outer loop
      vertex 29.3323 115.714 20.8656
      vertex 29.3912 0 20.8066
      vertex 29.3912 115.714 20.8066
    endloop
  endfacet
  facet normal 0.706825 -0 0.707388
    outer loop
      vertex 29.2066 0 20.9912
      vertex 29.3323 115.714 20.8656
      vertex 29.2066 129.714 20.9912
    endloop
  endfacet
  facet normal 0.707107 -6.11081e-07 0.707107
    outer loop
      vertex 29.3323 115.714 20.8656
      vertex 29.2066 0 20.9912
      vertex 29.3912 0 20.8066
    endloop
  endfacet
  facet normal -0.965931 0 0.258798
    outer loop
      vertex 30.9239 129.714 21.2173
      vertex 30.9792 120.652 21.4237
      vertex 30.9792 129.714 21.4237
    endloop
  endfacet
  facet normal -0.965931 0 0.258798
    outer loop
      vertex 30.9792 120.652 21.4237
      vertex 30.9239 129.714 21.2173
      vertex 30.9239 120.486 21.2173
    endloop
  endfacet
  facet normal -0.965931 0 0.258798
    outer loop
      vertex 30.9239 0 21.2173
      vertex 30.9792 115.714 21.4237
      vertex 30.9239 115.714 21.2173
    endloop
  endfacet
  facet normal -0.965931 0 0.258798
    outer loop
      vertex 30.9792 115.714 21.4237
      vertex 30.9239 0 21.2173
      vertex 30.9792 0 21.4237
    endloop
  endfacet
  facet normal 0.86609 -0 0.499888
    outer loop
      vertex 29.0761 0 21.2173
      vertex 29.2066 129.714 20.9912
      vertex 29.0761 129.714 21.2173
    endloop
  endfacet
  facet normal 0.86609 0 0.499888
    outer loop
      vertex 29.2066 129.714 20.9912
      vertex 29.0761 0 21.2173
      vertex 29.2066 0 20.9912
    endloop
  endfacet
  facet normal 0.499888 0 0.86609
    outer loop
      vertex 29.3912 115.714 20.8066
      vertex 29.6173 0 20.6761
      vertex 29.6173 115.714 20.6761
    endloop
  endfacet
  facet normal 0.499888 0 0.86609
    outer loop
      vertex 29.6173 0 20.6761
      vertex 29.3912 115.714 20.8066
      vertex 29.3912 0 20.8066
    endloop
  endfacet
  facet normal 0.499888 0 0.86609
    outer loop
      vertex 29.3912 129.714 20.8066
      vertex 29.6173 116.566 20.6761
      vertex 29.6173 129.714 20.6761
    endloop
  endfacet
  facet normal 0.499888 0 0.86609
    outer loop
      vertex 29.6173 116.566 20.6761
      vertex 29.3912 129.714 20.8066
      vertex 29.3912 115.888 20.8066
    endloop
  endfacet
  facet normal 0.966305 0 -0.2574
    outer loop
      vertex 29.0208 0 21.7763
      vertex 29.0086 129.714 21.7305
      vertex 29.0208 129.714 21.7763
    endloop
  endfacet
  facet normal 0.966305 0 -0.2574
    outer loop
      vertex 29.0086 129.714 21.7305
      vertex 29.0208 0 21.7763
      vertex 29.0086 0 21.7305
    endloop
  endfacet
  facet normal -0.707107 0 0.707107
    outer loop
      vertex 30.6088 115.714 20.8066
      vertex 30.7934 0 20.9912
      vertex 30.7934 115.714 20.9912
    endloop
  endfacet
  facet normal -0.707107 0 0.707107
    outer loop
      vertex 30.7934 0 20.9912
      vertex 30.6088 115.714 20.8066
      vertex 30.6088 0 20.8066
    endloop
  endfacet
  facet normal -0.707107 0 0.707107
    outer loop
      vertex 30.6088 129.714 20.8066
      vertex 30.7934 120.094 20.9912
      vertex 30.7934 129.714 20.9912
    endloop
  endfacet
  facet normal -0.707107 0 0.707107
    outer loop
      vertex 30.7934 120.094 20.9912
      vertex 30.6088 129.714 20.8066
      vertex 30.6088 119.541 20.8066
    endloop
  endfacet
  facet normal 1 -0 0
    outer loop
      vertex 29.0086 0 21.7305
      vertex 29.0086 129.714 21.4695
      vertex 29.0086 129.714 21.7305
    endloop
  endfacet
  facet normal 1 0 0
    outer loop
      vertex 29.0086 129.714 21.4695
      vertex 29.0086 0 21.7305
      vertex 29.0086 0 21.4695
    endloop
  endfacet
  facet normal -0 0 1
    outer loop
      vertex 29.8695 115.714 20.6086
      vertex 30.1305 0 20.6086
      vertex 30.1305 115.714 20.6086
    endloop
  endfacet
  facet normal 0 0 1
    outer loop
      vertex 30.1305 0 20.6086
      vertex 29.8695 115.714 20.6086
      vertex 29.8695 0 20.6086
    endloop
  endfacet
  facet normal -0 0 1
    outer loop
      vertex 29.8695 129.714 20.6086
      vertex 30.1305 118.106 20.6086
      vertex 30.1305 129.714 20.6086
    endloop
  endfacet
  facet normal 0 0 1
    outer loop
      vertex 30.1305 118.106 20.6086
      vertex 29.8695 129.714 20.6086
      vertex 29.8695 117.323 20.6086
    endloop
  endfacet
  facet normal -0.86609 0 0.499888
    outer loop
      vertex 30.7934 0 20.9912
      vertex 30.9239 115.714 21.2173
      vertex 30.7934 115.714 20.9912
    endloop
  endfacet
  facet normal -0.86609 0 0.499888
    outer loop
      vertex 30.9239 115.714 21.2173
      vertex 30.7934 0 20.9912
      vertex 30.9239 0 21.2173
    endloop
  endfacet
  facet normal -0.86609 0 0.499888
    outer loop
      vertex 30.7934 129.714 20.9912
      vertex 30.9239 120.486 21.2173
      vertex 30.9239 129.714 21.2173
    endloop
  endfacet
  facet normal -0.86609 0 0.499888
    outer loop
      vertex 30.9239 120.486 21.2173
      vertex 30.7934 129.714 20.9912
      vertex 30.7934 120.094 20.9912
    endloop
  endfacet
  facet normal 0.965999 -0 0.258545
    outer loop
      vertex 29.0086 0 21.4695
      vertex 29.0761 129.714 21.2173
      vertex 29.0086 129.714 21.4695
    endloop
  endfacet
  facet normal 0.965999 0 0.258545
    outer loop
      vertex 29.0761 129.714 21.2173
      vertex 29.0086 0 21.4695
      vertex 29.0761 0 21.2173
    endloop
  endfacet
  facet normal 0.258545 0 0.965999
    outer loop
      vertex 29.6173 115.714 20.6761
      vertex 29.8695 0 20.6086
      vertex 29.8695 115.714 20.6086
    endloop
  endfacet
  facet normal 0.258545 0 0.965999
    outer loop
      vertex 29.8695 0 20.6086
      vertex 29.6173 115.714 20.6761
      vertex 29.6173 0 20.6761
    endloop
  endfacet
  facet normal 0.258545 0 0.965999
    outer loop
      vertex 29.6173 129.714 20.6761
      vertex 29.8695 117.323 20.6086
      vertex 29.8695 129.714 20.6086
    endloop
  endfacet
  facet normal 0.258545 0 0.965999
    outer loop
      vertex 29.8695 117.323 20.6086
      vertex 29.6173 129.714 20.6761
      vertex 29.6173 116.566 20.6761
    endloop
  endfacet
  facet normal -0.258545 0 0.965999
    outer loop
      vertex 30.1305 115.714 20.6086
      vertex 30.3827 0 20.6761
      vertex 30.3827 115.714 20.6761
    endloop
  endfacet
  facet normal -0.258545 0 0.965999
    outer loop
      vertex 30.3827 0 20.6761
      vertex 30.1305 115.714 20.6086
      vertex 30.1305 0 20.6086
    endloop
  endfacet
  facet normal -0.258545 0 0.965999
    outer loop
      vertex 30.1305 129.714 20.6086
      vertex 30.3827 118.862 20.6761
      vertex 30.3827 129.714 20.6761
    endloop
  endfacet
  facet normal -0.258545 0 0.965999
    outer loop
      vertex 30.3827 118.862 20.6761
      vertex 30.1305 129.714 20.6086
      vertex 30.1305 118.106 20.6086
    endloop
  endfacet
  facet normal 0.966305 0 -0.2574
    outer loop
      vertex 37.0208 0 20.3363
      vertex 37.0086 115.714 20.2905
      vertex 37.0208 115.714 20.3363
    endloop
  endfacet
  facet normal 0.966305 0 -0.2574
    outer loop
      vertex 37.0086 115.714 20.2905
      vertex 37.0208 0 20.3363
      vertex 37.0086 0 20.2905
    endloop
  endfacet
  facet normal 0.258545 0 0.965999
    outer loop
      vertex 37.6173 115.714 19.2361
      vertex 37.8695 0 19.1686
      vertex 37.8695 115.714 19.1686
    endloop
  endfacet
  facet normal 0.258545 0 0.965999
    outer loop
      vertex 37.8695 0 19.1686
      vertex 37.6173 115.714 19.2361
      vertex 37.6173 0 19.2361
    endloop
  endfacet
  facet normal -0.258545 0 0.965999
    outer loop
      vertex 38.1305 115.714 19.1686
      vertex 38.3827 0 19.2361
      vertex 38.3827 115.714 19.2361
    endloop
  endfacet
  facet normal -0.258545 0 0.965999
    outer loop
      vertex 38.3827 0 19.2361
      vertex 38.1305 115.714 19.1686
      vertex 38.1305 0 19.1686
    endloop
  endfacet
  facet normal -0.499888 0 0.86609
    outer loop
      vertex 38.3827 115.714 19.2361
      vertex 38.6088 0 19.3666
      vertex 38.6088 115.714 19.3666
    endloop
  endfacet
  facet normal -0.499888 0 0.86609
    outer loop
      vertex 38.6088 0 19.3666
      vertex 38.3827 115.714 19.2361
      vertex 38.3827 0 19.2361
    endloop
  endfacet
  facet normal 1 -0 0
    outer loop
      vertex 37.0086 0 20.2905
      vertex 37.0086 115.714 20.0295
      vertex 37.0086 115.714 20.2905
    endloop
  endfacet
  facet normal 1 0 0
    outer loop
      vertex 37.0086 115.714 20.0295
      vertex 37.0086 0 20.2905
      vertex 37.0086 0 20.0295
    endloop
  endfacet
  facet normal 0.707107 -0 0.707107
    outer loop
      vertex 37.2066 0 19.5512
      vertex 37.3912 115.714 19.3666
      vertex 37.2066 115.714 19.5512
    endloop
  endfacet
  facet normal 0.707107 0 0.707107
    outer loop
      vertex 37.3912 115.714 19.3666
      vertex 37.2066 0 19.5512
      vertex 37.3912 0 19.3666
    endloop
  endfacet
  facet normal 0.86609 -0 0.499888
    outer loop
      vertex 37.0761 0 19.7773
      vertex 37.2066 115.714 19.5512
      vertex 37.0761 115.714 19.7773
    endloop
  endfacet
  facet normal 0.86609 0 0.499888
    outer loop
      vertex 37.2066 115.714 19.5512
      vertex 37.0761 0 19.7773
      vertex 37.2066 0 19.5512
    endloop
  endfacet
  facet normal 0.499888 0 0.86609
    outer loop
      vertex 37.3912 115.714 19.3666
      vertex 37.6173 0 19.2361
      vertex 37.6173 115.714 19.2361
    endloop
  endfacet
  facet normal 0.499888 0 0.86609
    outer loop
      vertex 37.6173 0 19.2361
      vertex 37.3912 115.714 19.3666
      vertex 37.3912 0 19.3666
    endloop
  endfacet
  facet normal 0.965999 -0 0.258545
    outer loop
      vertex 37.0086 0 20.0295
      vertex 37.0761 115.714 19.7773
      vertex 37.0086 115.714 20.0295
    endloop
  endfacet
  facet normal 0.965999 0 0.258545
    outer loop
      vertex 37.0761 115.714 19.7773
      vertex 37.0086 0 20.0295
      vertex 37.0761 0 19.7773
    endloop
  endfacet
  facet normal -0.965931 0 0.258798
    outer loop
      vertex 38.9239 0 19.7773
      vertex 38.9792 115.714 19.9837
      vertex 38.9239 115.714 19.7773
    endloop
  endfacet
  facet normal -0.965931 0 0.258798
    outer loop
      vertex 38.9792 115.714 19.9837
      vertex 38.9239 0 19.7773
      vertex 38.9792 0 19.9837
    endloop
  endfacet
  facet normal -0.707107 0 0.707107
    outer loop
      vertex 38.6088 0 19.3666
      vertex 38.7934 115.714 19.5512
      vertex 38.6088 115.714 19.3666
    endloop
  endfacet
  facet normal -0.707107 0 0.707107
    outer loop
      vertex 38.7934 115.714 19.5512
      vertex 38.6088 0 19.3666
      vertex 38.7934 0 19.5512
    endloop
  endfacet
  facet normal -0.86609 0 0.499888
    outer loop
      vertex 38.7934 0 19.5512
      vertex 38.9239 115.714 19.7773
      vertex 38.7934 115.714 19.5512
    endloop
  endfacet
  facet normal -0.86609 0 0.499888
    outer loop
      vertex 38.9239 115.714 19.7773
      vertex 38.7934 0 19.5512
      vertex 38.9239 0 19.7773
    endloop
  endfacet
  facet normal -0 0 1
    outer loop
      vertex 37.8695 115.714 19.1686
      vertex 38.1305 0 19.1686
      vertex 38.1305 115.714 19.1686
    endloop
  endfacet
  facet normal 0 0 1
    outer loop
      vertex 38.1305 0 19.1686
      vertex 37.8695 115.714 19.1686
      vertex 37.8695 0 19.1686
    endloop
  endfacet
  facet normal 1 -0 0
    outer loop
      vertex 45.0086 0 18.8505
      vertex 45.0086 115.714 18.5895
      vertex 45.0086 115.714 18.8505
    endloop
  endfacet
  facet normal 1 0 0
    outer loop
      vertex 45.0086 115.714 18.5895
      vertex 45.0086 0 18.8505
      vertex 45.0086 0 18.5895
    endloop
  endfacet
  facet normal 0.966305 0 -0.2574
    outer loop
      vertex 45.0208 0 18.8963
      vertex 45.0086 115.714 18.8505
      vertex 45.0208 115.714 18.8963
    endloop
  endfacet
  facet normal 0.966305 0 -0.2574
    outer loop
      vertex 45.0086 115.714 18.8505
      vertex 45.0208 0 18.8963
      vertex 45.0086 0 18.8505
    endloop
  endfacet
  facet normal 0.86609 -0 0.499888
    outer loop
      vertex 45.0761 0 18.3373
      vertex 45.2066 115.714 18.1112
      vertex 45.0761 115.714 18.3373
    endloop
  endfacet
  facet normal 0.86609 0 0.499888
    outer loop
      vertex 45.2066 115.714 18.1112
      vertex 45.0761 0 18.3373
      vertex 45.2066 0 18.1112
    endloop
  endfacet
  facet normal -0.707107 0 0.707107
    outer loop
      vertex 46.6088 115.714 17.9266
      vertex 46.7934 0 18.1112
      vertex 46.7934 115.714 18.1112
    endloop
  endfacet
  facet normal -0.707107 0 0.707107
    outer loop
      vertex 46.7934 0 18.1112
      vertex 46.6088 115.714 17.9266
      vertex 46.6088 0 17.9266
    endloop
  endfacet
  facet normal 0.965999 -0 0.258545
    outer loop
      vertex 45.0086 0 18.5895
      vertex 45.0761 115.714 18.3373
      vertex 45.0086 115.714 18.5895
    endloop
  endfacet
  facet normal 0.965999 0 0.258545
    outer loop
      vertex 45.0761 115.714 18.3373
      vertex 45.0086 0 18.5895
      vertex 45.0761 0 18.3373
    endloop
  endfacet
  facet normal 0.707107 0 0.707107
    outer loop
      vertex 45.2066 115.714 18.1112
      vertex 45.3912 0 17.9266
      vertex 45.3912 115.714 17.9266
    endloop
  endfacet
  facet normal 0.707107 0 0.707107
    outer loop
      vertex 45.3912 0 17.9266
      vertex 45.2066 115.714 18.1112
      vertex 45.2066 0 18.1112
    endloop
  endfacet
  facet normal -0.965931 0 0.258798
    outer loop
      vertex 46.9239 0 18.3373
      vertex 46.9792 115.714 18.5437
      vertex 46.9239 115.714 18.3373
    endloop
  endfacet
  facet normal -0.965931 0 0.258798
    outer loop
      vertex 46.9792 115.714 18.5437
      vertex 46.9239 0 18.3373
      vertex 46.9792 0 18.5437
    endloop
  endfacet
  facet normal -0.499888 0 0.86609
    outer loop
      vertex 46.3827 115.714 17.7961
      vertex 46.6088 0 17.9266
      vertex 46.6088 115.714 17.9266
    endloop
  endfacet
  facet normal -0.499888 0 0.86609
    outer loop
      vertex 46.6088 0 17.9266
      vertex 46.3827 115.714 17.7961
      vertex 46.3827 0 17.7961
    endloop
  endfacet
  facet normal -0.258545 0 0.965999
    outer loop
      vertex 46.1305 115.714 17.7286
      vertex 46.3827 0 17.7961
      vertex 46.3827 115.714 17.7961
    endloop
  endfacet
  facet normal -0.258545 0 0.965999
    outer loop
      vertex 46.3827 0 17.7961
      vertex 46.1305 115.714 17.7286
      vertex 46.1305 0 17.7286
    endloop
  endfacet
  facet normal 0.258545 0 0.965999
    outer loop
      vertex 45.6173 115.714 17.7961
      vertex 45.8695 0 17.7286
      vertex 45.8695 115.714 17.7286
    endloop
  endfacet
  facet normal 0.258545 0 0.965999
    outer loop
      vertex 45.8695 0 17.7286
      vertex 45.6173 115.714 17.7961
      vertex 45.6173 0 17.7961
    endloop
  endfacet
  facet normal 0.499888 0 0.86609
    outer loop
      vertex 45.3912 115.714 17.9266
      vertex 45.6173 0 17.7961
      vertex 45.6173 115.714 17.7961
    endloop
  endfacet
  facet normal 0.499888 0 0.86609
    outer loop
      vertex 45.6173 0 17.7961
      vertex 45.3912 115.714 17.9266
      vertex 45.3912 0 17.9266
    endloop
  endfacet
  facet normal -0.86609 0 0.499888
    outer loop
      vertex 46.7934 0 18.1112
      vertex 46.9239 115.714 18.3373
      vertex 46.7934 115.714 18.1112
    endloop
  endfacet
  facet normal -0.86609 0 0.499888
    outer loop
      vertex 46.9239 115.714 18.3373
      vertex 46.7934 0 18.1112
      vertex 46.9239 0 18.3373
    endloop
  endfacet
  facet normal -0 0 1
    outer loop
      vertex 45.8695 115.714 17.7286
      vertex 46.1305 0 17.7286
      vertex 46.1305 115.714 17.7286
    endloop
  endfacet
  facet normal 0 0 1
    outer loop
      vertex 46.1305 0 17.7286
      vertex 45.8695 115.714 17.7286
      vertex 45.8695 0 17.7286
    endloop
  endfacet
  facet normal -0.707107 0 0.707107
    outer loop
      vertex 54.6088 115.714 16.4866
      vertex 54.7934 0 16.6712
      vertex 54.7934 115.714 16.6712
    endloop
  endfacet
  facet normal -0.707107 0 0.707107
    outer loop
      vertex 54.7934 0 16.6712
      vertex 54.6088 115.714 16.4866
      vertex 54.6088 0 16.4866
    endloop
  endfacet
  facet normal 0.965999 -0 0.258545
    outer loop
      vertex 53.0086 0 17.1495
      vertex 53.0761 115.714 16.8973
      vertex 53.0086 115.714 17.1495
    endloop
  endfacet
  facet normal 0.965999 0 0.258545
    outer loop
      vertex 53.0761 115.714 16.8973
      vertex 53.0086 0 17.1495
      vertex 53.0761 0 16.8973
    endloop
  endfacet
  facet normal 0.707107 0 0.707107
    outer loop
      vertex 53.2066 115.714 16.6712
      vertex 53.3912 0 16.4866
      vertex 53.3912 115.714 16.4866
    endloop
  endfacet
  facet normal 0.707107 0 0.707107
    outer loop
      vertex 53.3912 0 16.4866
      vertex 53.2066 115.714 16.6712
      vertex 53.2066 0 16.6712
    endloop
  endfacet
  facet normal 0.258545 0 0.965999
    outer loop
      vertex 53.6173 115.714 16.3561
      vertex 53.8695 0 16.2886
      vertex 53.8695 115.714 16.2886
    endloop
  endfacet
  facet normal 0.258545 0 0.965999
    outer loop
      vertex 53.8695 0 16.2886
      vertex 53.6173 115.714 16.3561
      vertex 53.6173 0 16.3561
    endloop
  endfacet
  facet normal 0.499888 0 0.86609
    outer loop
      vertex 53.3912 115.714 16.4866
      vertex 53.6173 0 16.3561
      vertex 53.6173 115.714 16.3561
    endloop
  endfacet
  facet normal 0.499888 0 0.86609
    outer loop
      vertex 53.6173 0 16.3561
      vertex 53.3912 115.714 16.4866
      vertex 53.3912 0 16.4866
    endloop
  endfacet
  facet normal 0.86609 -0 0.499888
    outer loop
      vertex 53.0761 0 16.8973
      vertex 53.2066 115.714 16.6712
      vertex 53.0761 115.714 16.8973
    endloop
  endfacet
  facet normal 0.86609 0 0.499888
    outer loop
      vertex 53.2066 115.714 16.6712
      vertex 53.0761 0 16.8973
      vertex 53.2066 0 16.6712
    endloop
  endfacet
  facet normal -0.499888 0 0.86609
    outer loop
      vertex 54.3827 115.714 16.3561
      vertex 54.6088 0 16.4866
      vertex 54.6088 115.714 16.4866
    endloop
  endfacet
  facet normal -0.499888 0 0.86609
    outer loop
      vertex 54.6088 0 16.4866
      vertex 54.3827 115.714 16.3561
      vertex 54.3827 0 16.3561
    endloop
  endfacet
  facet normal -0.86609 0 0.499888
    outer loop
      vertex 54.7934 0 16.6712
      vertex 54.9239 115.714 16.8973
      vertex 54.7934 115.714 16.6712
    endloop
  endfacet
  facet normal -0.86609 0 0.499888
    outer loop
      vertex 54.9239 115.714 16.8973
      vertex 54.7934 0 16.6712
      vertex 54.9239 0 16.8973
    endloop
  endfacet
  facet normal 1 -0 0
    outer loop
      vertex 53.0086 0 17.4105
      vertex 53.0086 115.714 17.1495
      vertex 53.0086 115.714 17.4105
    endloop
  endfacet
  facet normal 1 0 0
    outer loop
      vertex 53.0086 115.714 17.1495
      vertex 53.0086 0 17.4105
      vertex 53.0086 0 17.1495
    endloop
  endfacet
  facet normal 0.966305 0 -0.2574
    outer loop
      vertex 53.0208 0 17.4563
      vertex 53.0086 115.714 17.4105
      vertex 53.0208 115.714 17.4563
    endloop
  endfacet
  facet normal 0.966305 0 -0.2574
    outer loop
      vertex 53.0086 115.714 17.4105
      vertex 53.0208 0 17.4563
      vertex 53.0086 0 17.4105
    endloop
  endfacet
  facet normal -0.965931 0 0.258798
    outer loop
      vertex 54.9239 0 16.8973
      vertex 54.9792 115.714 17.1037
      vertex 54.9239 115.714 16.8973
    endloop
  endfacet
  facet normal -0.965931 0 0.258798
    outer loop
      vertex 54.9792 115.714 17.1037
      vertex 54.9239 0 16.8973
      vertex 54.9792 0 17.1037
    endloop
  endfacet
  facet normal -0.258545 0 0.965999
    outer loop
      vertex 54.1305 115.714 16.2886
      vertex 54.3827 0 16.3561
      vertex 54.3827 115.714 16.3561
    endloop
  endfacet
  facet normal -0.258545 0 0.965999
    outer loop
      vertex 54.3827 0 16.3561
      vertex 54.1305 115.714 16.2886
      vertex 54.1305 0 16.2886
    endloop
  endfacet
  facet normal -0 0 1
    outer loop
      vertex 53.8695 115.714 16.2886
      vertex 54.1305 0 16.2886
      vertex 54.1305 115.714 16.2886
    endloop
  endfacet
  facet normal 0 0 1
    outer loop
      vertex 54.1305 0 16.2886
      vertex 53.8695 115.714 16.2886
      vertex 53.8695 0 16.2886
    endloop
  endfacet
  facet normal 1 -0 0
    outer loop
      vertex 61.0086 0 15.9705
      vertex 61.0086 115.714 15.7095
      vertex 61.0086 115.714 15.9705
    endloop
  endfacet
  facet normal 1 0 0
    outer loop
      vertex 61.0086 115.714 15.7095
      vertex 61.0086 0 15.9705
      vertex 61.0086 0 15.7095
    endloop
  endfacet
  facet normal -0.499888 0 0.86609
    outer loop
      vertex 62.3827 115.714 14.9161
      vertex 62.6088 0 15.0466
      vertex 62.6088 115.714 15.0466
    endloop
  endfacet
  facet normal -0.499888 0 0.86609
    outer loop
      vertex 62.6088 0 15.0466
      vertex 62.3827 115.714 14.9161
      vertex 62.3827 0 14.9161
    endloop
  endfacet
  facet normal 0.86609 -0 0.499888
    outer loop
      vertex 61.0761 0 15.4573
      vertex 61.2066 115.714 15.2312
      vertex 61.0761 115.714 15.4573
    endloop
  endfacet
  facet normal 0.86609 0 0.499888
    outer loop
      vertex 61.2066 115.714 15.2312
      vertex 61.0761 0 15.4573
      vertex 61.2066 0 15.2312
    endloop
  endfacet
  facet normal 0.966305 0 -0.2574
    outer loop
      vertex 61.0208 0 16.0163
      vertex 61.0086 115.714 15.9705
      vertex 61.0208 115.714 16.0163
    endloop
  endfacet
  facet normal 0.966305 0 -0.2574
    outer loop
      vertex 61.0086 115.714 15.9705
      vertex 61.0208 0 16.0163
      vertex 61.0086 0 15.9705
    endloop
  endfacet
  facet normal 0.258545 0 0.965999
    outer loop
      vertex 61.6173 115.714 14.9161
      vertex 61.8695 0 14.8486
      vertex 61.8695 115.714 14.8486
    endloop
  endfacet
  facet normal 0.258545 0 0.965999
    outer loop
      vertex 61.8695 0 14.8486
      vertex 61.6173 115.714 14.9161
      vertex 61.6173 0 14.9161
    endloop
  endfacet
  facet normal -0.86609 0 0.499888
    outer loop
      vertex 62.7934 0 15.2312
      vertex 62.9239 115.714 15.4573
      vertex 62.7934 115.714 15.2312
    endloop
  endfacet
  facet normal -0.86609 0 0.499888
    outer loop
      vertex 62.9239 115.714 15.4573
      vertex 62.7934 0 15.2312
      vertex 62.9239 0 15.4573
    endloop
  endfacet
  facet normal -0.707107 0 0.707107
    outer loop
      vertex 62.6088 115.714 15.0466
      vertex 62.7934 0 15.2312
      vertex 62.7934 115.714 15.2312
    endloop
  endfacet
  facet normal -0.707107 0 0.707107
    outer loop
      vertex 62.7934 0 15.2312
      vertex 62.6088 115.714 15.0466
      vertex 62.6088 0 15.0466
    endloop
  endfacet
  facet normal -0.965931 0 0.258798
    outer loop
      vertex 62.9239 0 15.4573
      vertex 62.9792 115.714 15.6637
      vertex 62.9239 115.714 15.4573
    endloop
  endfacet
  facet normal -0.965931 0 0.258798
    outer loop
      vertex 62.9792 115.714 15.6637
      vertex 62.9239 0 15.4573
      vertex 62.9792 0 15.6637
    endloop
  endfacet
  facet normal 0.707107 0 0.707107
    outer loop
      vertex 61.2066 115.714 15.2312
      vertex 61.3912 0 15.0466
      vertex 61.3912 115.714 15.0466
    endloop
  endfacet
  facet normal 0.707107 0 0.707107
    outer loop
      vertex 61.3912 0 15.0466
      vertex 61.2066 115.714 15.2312
      vertex 61.2066 0 15.2312
    endloop
  endfacet
  facet normal -0.258545 0 0.965999
    outer loop
      vertex 62.1305 115.714 14.8486
      vertex 62.3827 0 14.9161
      vertex 62.3827 115.714 14.9161
    endloop
  endfacet
  facet normal -0.258545 0 0.965999
    outer loop
      vertex 62.3827 0 14.9161
      vertex 62.1305 115.714 14.8486
      vertex 62.1305 0 14.8486
    endloop
  endfacet
  facet normal 0.965999 -0 0.258545
    outer loop
      vertex 61.0086 0 15.7095
      vertex 61.0761 115.714 15.4573
      vertex 61.0086 115.714 15.7095
    endloop
  endfacet
  facet normal 0.965999 0 0.258545
    outer loop
      vertex 61.0761 115.714 15.4573
      vertex 61.0086 0 15.7095
      vertex 61.0761 0 15.4573
    endloop
  endfacet
  facet normal 0.499888 0 0.86609
    outer loop
      vertex 61.3912 115.714 15.0466
      vertex 61.6173 0 14.9161
      vertex 61.6173 115.714 14.9161
    endloop
  endfacet
  facet normal 0.499888 0 0.86609
    outer loop
      vertex 61.6173 0 14.9161
      vertex 61.3912 115.714 15.0466
      vertex 61.3912 0 15.0466
    endloop
  endfacet
  facet normal -0 0 1
    outer loop
      vertex 61.8695 115.714 14.8486
      vertex 62.1305 0 14.8486
      vertex 62.1305 115.714 14.8486
    endloop
  endfacet
  facet normal 0 0 1
    outer loop
      vertex 62.1305 0 14.8486
      vertex 61.8695 115.714 14.8486
      vertex 61.8695 0 14.8486
    endloop
  endfacet
  facet normal -0.707107 0 0.707107
    outer loop
      vertex 70.6088 0 13.6066
      vertex 70.7934 115.714 13.7912
      vertex 70.6088 115.714 13.6066
    endloop
  endfacet
  facet normal -0.707107 0 0.707107
    outer loop
      vertex 70.7934 115.714 13.7912
      vertex 70.6088 0 13.6066
      vertex 70.7934 0 13.7912
    endloop
  endfacet
  facet normal -0.86609 0 0.499888
    outer loop
      vertex 70.7934 0 13.7912
      vertex 70.9239 115.714 14.0173
      vertex 70.7934 115.714 13.7912
    endloop
  endfacet
  facet normal -0.86609 0 0.499888
    outer loop
      vertex 70.9239 115.714 14.0173
      vertex 70.7934 0 13.7912
      vertex 70.9239 0 14.0173
    endloop
  endfacet
  facet normal -0.965931 0 0.258798
    outer loop
      vertex 70.9239 0 14.0173
      vertex 70.9792 115.714 14.2237
      vertex 70.9239 115.714 14.0173
    endloop
  endfacet
  facet normal -0.965931 0 0.258798
    outer loop
      vertex 70.9792 115.714 14.2237
      vertex 70.9239 0 14.0173
      vertex 70.9792 0 14.2237
    endloop
  endfacet
  facet normal 0.86609 -0 0.499888
    outer loop
      vertex 69.0761 0 14.0173
      vertex 69.2066 115.714 13.7912
      vertex 69.0761 115.714 14.0173
    endloop
  endfacet
  facet normal 0.86609 0 0.499888
    outer loop
      vertex 69.2066 115.714 13.7912
      vertex 69.0761 0 14.0173
      vertex 69.2066 0 13.7912
    endloop
  endfacet
  facet normal 0.499888 0 0.86609
    outer loop
      vertex 69.3912 115.714 13.6066
      vertex 69.6173 0 13.4761
      vertex 69.6173 115.714 13.4761
    endloop
  endfacet
  facet normal 0.499888 0 0.86609
    outer loop
      vertex 69.6173 0 13.4761
      vertex 69.3912 115.714 13.6066
      vertex 69.3912 0 13.6066
    endloop
  endfacet
  facet normal 0.707107 -0 0.707107
    outer loop
      vertex 69.2066 0 13.7912
      vertex 69.3912 115.714 13.6066
      vertex 69.2066 115.714 13.7912
    endloop
  endfacet
  facet normal 0.707107 0 0.707107
    outer loop
      vertex 69.3912 115.714 13.6066
      vertex 69.2066 0 13.7912
      vertex 69.3912 0 13.6066
    endloop
  endfacet
  facet normal 0.966305 0 -0.2574
    outer loop
      vertex 69.0208 0 14.5763
      vertex 69.0086 115.714 14.5305
      vertex 69.0208 115.714 14.5763
    endloop
  endfacet
  facet normal 0.966305 0 -0.2574
    outer loop
      vertex 69.0086 115.714 14.5305
      vertex 69.0208 0 14.5763
      vertex 69.0086 0 14.5305
    endloop
  endfacet
  facet normal 0.965999 -0 0.258545
    outer loop
      vertex 69.0086 0 14.2695
      vertex 69.0761 115.714 14.0173
      vertex 69.0086 115.714 14.2695
    endloop
  endfacet
  facet normal 0.965999 0 0.258545
    outer loop
      vertex 69.0761 115.714 14.0173
      vertex 69.0086 0 14.2695
      vertex 69.0761 0 14.0173
    endloop
  endfacet
  facet normal 1 -0 0
    outer loop
      vertex 69.0086 0 14.5305
      vertex 69.0086 115.714 14.2695
      vertex 69.0086 115.714 14.5305
    endloop
  endfacet
  facet normal 1 0 0
    outer loop
      vertex 69.0086 115.714 14.2695
      vertex 69.0086 0 14.5305
      vertex 69.0086 0 14.2695
    endloop
  endfacet
  facet normal -0.499888 0 0.86609
    outer loop
      vertex 70.3827 115.714 13.4761
      vertex 70.6088 0 13.6066
      vertex 70.6088 115.714 13.6066
    endloop
  endfacet
  facet normal -0.499888 0 0.86609
    outer loop
      vertex 70.6088 0 13.6066
      vertex 70.3827 115.714 13.4761
      vertex 70.3827 0 13.4761
    endloop
  endfacet
  facet normal 0.258545 0 0.965999
    outer loop
      vertex 69.6173 115.714 13.4761
      vertex 69.8695 0 13.4086
      vertex 69.8695 115.714 13.4086
    endloop
  endfacet
  facet normal 0.258545 0 0.965999
    outer loop
      vertex 69.8695 0 13.4086
      vertex 69.6173 115.714 13.4761
      vertex 69.6173 0 13.4761
    endloop
  endfacet
  facet normal -0.258545 0 0.965999
    outer loop
      vertex 70.1305 115.714 13.4086
      vertex 70.3827 0 13.4761
      vertex 70.3827 115.714 13.4761
    endloop
  endfacet
  facet normal -0.258545 0 0.965999
    outer loop
      vertex 70.3827 0 13.4761
      vertex 70.1305 115.714 13.4086
      vertex 70.1305 0 13.4086
    endloop
  endfacet
  facet normal -0 0 1
    outer loop
      vertex 69.8695 115.714 13.4086
      vertex 70.1305 0 13.4086
      vertex 70.1305 115.714 13.4086
    endloop
  endfacet
  facet normal 0 0 1
    outer loop
      vertex 70.1305 0 13.4086
      vertex 69.8695 115.714 13.4086
      vertex 69.8695 0 13.4086
    endloop
  endfacet
  facet normal 0.499888 0 0.86609
    outer loop
      vertex 77.3912 115.714 12.1666
      vertex 77.6173 0 12.0361
      vertex 77.6173 115.714 12.0361
    endloop
  endfacet
  facet normal 0.499888 0 0.86609
    outer loop
      vertex 77.6173 0 12.0361
      vertex 77.3912 115.714 12.1666
      vertex 77.3912 0 12.1666
    endloop
  endfacet
  facet normal 1 -0 0
    outer loop
      vertex 77.0086 0 13.0905
      vertex 77.0086 115.714 12.8295
      vertex 77.0086 115.714 13.0905
    endloop
  endfacet
  facet normal 1 0 0
    outer loop
      vertex 77.0086 115.714 12.8295
      vertex 77.0086 0 13.0905
      vertex 77.0086 0 12.8295
    endloop
  endfacet
  facet normal -0.707107 0 0.707107
    outer loop
      vertex 78.6088 0 12.1666
      vertex 78.7934 115.714 12.3512
      vertex 78.6088 115.714 12.1666
    endloop
  endfacet
  facet normal -0.707107 0 0.707107
    outer loop
      vertex 78.7934 115.714 12.3512
      vertex 78.6088 0 12.1666
      vertex 78.7934 0 12.3512
    endloop
  endfacet
  facet normal -0.499888 0 0.86609
    outer loop
      vertex 78.3827 115.714 12.0361
      vertex 78.6088 0 12.1666
      vertex 78.6088 115.714 12.1666
    endloop
  endfacet
  facet normal -0.499888 0 0.86609
    outer loop
      vertex 78.6088 0 12.1666
      vertex 78.3827 115.714 12.0361
      vertex 78.3827 0 12.0361
    endloop
  endfacet
  facet normal -0.965931 0 0.258798
    outer loop
      vertex 78.9239 0 12.5773
      vertex 78.9792 115.714 12.7837
      vertex 78.9239 115.714 12.5773
    endloop
  endfacet
  facet normal -0.965931 0 0.258798
    outer loop
      vertex 78.9792 115.714 12.7837
      vertex 78.9239 0 12.5773
      vertex 78.9792 0 12.7837
    endloop
  endfacet
  facet normal 0.965999 -0 0.258545
    outer loop
      vertex 77.0086 0 12.8295
      vertex 77.0761 115.714 12.5773
      vertex 77.0086 115.714 12.8295
    endloop
  endfacet
  facet normal 0.965999 0 0.258545
    outer loop
      vertex 77.0761 115.714 12.5773
      vertex 77.0086 0 12.8295
      vertex 77.0761 0 12.5773
    endloop
  endfacet
  facet normal 0.258545 0 0.965999
    outer loop
      vertex 77.6173 115.714 12.0361
      vertex 77.8695 0 11.9686
      vertex 77.8695 115.714 11.9686
    endloop
  endfacet
  facet normal 0.258545 0 0.965999
    outer loop
      vertex 77.8695 0 11.9686
      vertex 77.6173 115.714 12.0361
      vertex 77.6173 0 12.0361
    endloop
  endfacet
  facet normal 0.966305 0 -0.2574
    outer loop
      vertex 77.0208 0 13.1363
      vertex 77.0086 115.714 13.0905
      vertex 77.0208 115.714 13.1363
    endloop
  endfacet
  facet normal 0.966305 0 -0.2574
    outer loop
      vertex 77.0086 115.714 13.0905
      vertex 77.0208 0 13.1363
      vertex 77.0086 0 13.0905
    endloop
  endfacet
  facet normal 0.86609 -0 0.499888
    outer loop
      vertex 77.0761 0 12.5773
      vertex 77.2066 115.714 12.3512
      vertex 77.0761 115.714 12.5773
    endloop
  endfacet
  facet normal 0.86609 0 0.499888
    outer loop
      vertex 77.2066 115.714 12.3512
      vertex 77.0761 0 12.5773
      vertex 77.2066 0 12.3512
    endloop
  endfacet
  facet normal 0.707107 -0 0.707107
    outer loop
      vertex 77.2066 0 12.3512
      vertex 77.3912 115.714 12.1666
      vertex 77.2066 115.714 12.3512
    endloop
  endfacet
  facet normal 0.707107 0 0.707107
    outer loop
      vertex 77.3912 115.714 12.1666
      vertex 77.2066 0 12.3512
      vertex 77.3912 0 12.1666
    endloop
  endfacet
  facet normal -0.86609 0 0.499888
    outer loop
      vertex 78.7934 0 12.3512
      vertex 78.9239 115.714 12.5773
      vertex 78.7934 115.714 12.3512
    endloop
  endfacet
  facet normal -0.86609 0 0.499888
    outer loop
      vertex 78.9239 115.714 12.5773
      vertex 78.7934 0 12.3512
      vertex 78.9239 0 12.5773
    endloop
  endfacet
  facet normal -0.258545 0 0.965999
    outer loop
      vertex 78.1305 115.714 11.9686
      vertex 78.3827 0 12.0361
      vertex 78.3827 115.714 12.0361
    endloop
  endfacet
  facet normal -0.258545 0 0.965999
    outer loop
      vertex 78.3827 0 12.0361
      vertex 78.1305 115.714 11.9686
      vertex 78.1305 0 11.9686
    endloop
  endfacet
  facet normal -0 0 1
    outer loop
      vertex 77.8695 115.714 11.9686
      vertex 78.1305 0 11.9686
      vertex 78.1305 115.714 11.9686
    endloop
  endfacet
  facet normal 0 0 1
    outer loop
      vertex 78.1305 0 11.9686
      vertex 77.8695 115.714 11.9686
      vertex 77.8695 0 11.9686
    endloop
  endfacet
  facet normal -0.707107 0 0.707107
    outer loop
      vertex 86.6088 0 10.7266
      vertex 86.7934 115.714 10.9112
      vertex 86.6088 115.714 10.7266
    endloop
  endfacet
  facet normal -0.707107 0 0.707107
    outer loop
      vertex 86.7934 115.714 10.9112
      vertex 86.6088 0 10.7266
      vertex 86.7934 0 10.9112
    endloop
  endfacet
  facet normal 0.499888 0 0.86609
    outer loop
      vertex 85.3912 115.714 10.7266
      vertex 85.6173 0 10.5961
      vertex 85.6173 115.714 10.5961
    endloop
  endfacet
  facet normal 0.499888 0 0.86609
    outer loop
      vertex 85.6173 0 10.5961
      vertex 85.3912 115.714 10.7266
      vertex 85.3912 0 10.7266
    endloop
  endfacet
  facet normal -0.499888 0 0.86609
    outer loop
      vertex 86.3827 115.714 10.5961
      vertex 86.6088 0 10.7266
      vertex 86.6088 115.714 10.7266
    endloop
  endfacet
  facet normal -0.499888 0 0.86609
    outer loop
      vertex 86.6088 0 10.7266
      vertex 86.3827 115.714 10.5961
      vertex 86.3827 0 10.5961
    endloop
  endfacet
  facet normal -0.258545 0 0.965999
    outer loop
      vertex 86.1305 115.714 10.5286
      vertex 86.3827 0 10.5961
      vertex 86.3827 115.714 10.5961
    endloop
  endfacet
  facet normal -0.258545 0 0.965999
    outer loop
      vertex 86.3827 0 10.5961
      vertex 86.1305 115.714 10.5286
      vertex 86.1305 0 10.5286
    endloop
  endfacet
  facet normal 0.707107 -0 0.707107
    outer loop
      vertex 85.2066 0 10.9112
      vertex 85.3912 115.714 10.7266
      vertex 85.2066 115.714 10.9112
    endloop
  endfacet
  facet normal 0.707107 0 0.707107
    outer loop
      vertex 85.3912 115.714 10.7266
      vertex 85.2066 0 10.9112
      vertex 85.3912 0 10.7266
    endloop
  endfacet
  facet normal 1 -0 0
    outer loop
      vertex 85.0086 0 11.6505
      vertex 85.0086 115.714 11.3895
      vertex 85.0086 115.714 11.6505
    endloop
  endfacet
  facet normal 1 0 0
    outer loop
      vertex 85.0086 115.714 11.3895
      vertex 85.0086 0 11.6505
      vertex 85.0086 0 11.3895
    endloop
  endfacet
  facet normal 0.966305 0 -0.2574
    outer loop
      vertex 85.0208 0 11.6963
      vertex 85.0086 115.714 11.6505
      vertex 85.0208 115.714 11.6963
    endloop
  endfacet
  facet normal 0.966305 0 -0.2574
    outer loop
      vertex 85.0086 115.714 11.6505
      vertex 85.0208 0 11.6963
      vertex 85.0086 0 11.6505
    endloop
  endfacet
  facet normal -0.965931 0 0.258798
    outer loop
      vertex 86.9239 0 11.1373
      vertex 86.9792 115.714 11.3437
      vertex 86.9239 115.714 11.1373
    endloop
  endfacet
  facet normal -0.965931 0 0.258798
    outer loop
      vertex 86.9792 115.714 11.3437
      vertex 86.9239 0 11.1373
      vertex 86.9792 0 11.3437
    endloop
  endfacet
  facet normal 0.258545 0 0.965999
    outer loop
      vertex 85.6173 115.714 10.5961
      vertex 85.8695 0 10.5286
      vertex 85.8695 115.714 10.5286
    endloop
  endfacet
  facet normal 0.258545 0 0.965999
    outer loop
      vertex 85.8695 0 10.5286
      vertex 85.6173 115.714 10.5961
      vertex 85.6173 0 10.5961
    endloop
  endfacet
  facet normal 0.965999 -0 0.258545
    outer loop
      vertex 85.0086 0 11.3895
      vertex 85.0761 115.714 11.1373
      vertex 85.0086 115.714 11.3895
    endloop
  endfacet
  facet normal 0.965999 0 0.258545
    outer loop
      vertex 85.0761 115.714 11.1373
      vertex 85.0086 0 11.3895
      vertex 85.0761 0 11.1373
    endloop
  endfacet
  facet normal -0.86609 0 0.499888
    outer loop
      vertex 86.7934 0 10.9112
      vertex 86.9239 115.714 11.1373
      vertex 86.7934 115.714 10.9112
    endloop
  endfacet
  facet normal -0.86609 0 0.499888
    outer loop
      vertex 86.9239 115.714 11.1373
      vertex 86.7934 0 10.9112
      vertex 86.9239 0 11.1373
    endloop
  endfacet
  facet normal 0.86609 -0 0.499888
    outer loop
      vertex 85.0761 0 11.1373
      vertex 85.2066 115.714 10.9112
      vertex 85.0761 115.714 11.1373
    endloop
  endfacet
  facet normal 0.86609 0 0.499888
    outer loop
      vertex 85.2066 115.714 10.9112
      vertex 85.0761 0 11.1373
      vertex 85.2066 0 10.9112
    endloop
  endfacet
  facet normal -0 0 1
    outer loop
      vertex 85.8695 115.714 10.5286
      vertex 86.1305 0 10.5286
      vertex 86.1305 115.714 10.5286
    endloop
  endfacet
  facet normal 0 0 1
    outer loop
      vertex 86.1305 0 10.5286
      vertex 85.8695 115.714 10.5286
      vertex 85.8695 0 10.5286
    endloop
  endfacet
  facet normal -0.258795 0 0.965932
    outer loop
      vertex 94.1305 115.714 9.08855
      vertex 94.3827 0 9.15612
      vertex 94.3827 115.714 9.15612
    endloop
  endfacet
  facet normal -0.258795 0 0.965932
    outer loop
      vertex 94.3827 0 9.15612
      vertex 94.1305 115.714 9.08855
      vertex 94.1305 0 9.08855
    endloop
  endfacet
  facet normal 0.966305 0 -0.2574
    outer loop
      vertex 93.0208 0 10.2563
      vertex 93.0086 115.714 10.2105
      vertex 93.0208 115.714 10.2563
    endloop
  endfacet
  facet normal 0.966305 0 -0.2574
    outer loop
      vertex 93.0086 115.714 10.2105
      vertex 93.0208 0 10.2563
      vertex 93.0086 0 10.2105
    endloop
  endfacet
  facet normal -0.499974 0 0.86604
    outer loop
      vertex 94.3827 115.714 9.15612
      vertex 94.6088 0 9.28665
      vertex 94.6088 115.714 9.28665
    endloop
  endfacet
  facet normal -0.499974 0 0.86604
    outer loop
      vertex 94.6088 0 9.28665
      vertex 94.3827 115.714 9.15612
      vertex 94.3827 0 9.15612
    endloop
  endfacet
  facet normal -0.707088 0 0.707126
    outer loop
      vertex 94.6088 0 9.28665
      vertex 94.7934 115.714 9.47124
      vertex 94.6088 115.714 9.28665
    endloop
  endfacet
  facet normal -0.707088 0 0.707126
    outer loop
      vertex 94.7934 115.714 9.47124
      vertex 94.6088 0 9.28665
      vertex 94.7934 0 9.47124
    endloop
  endfacet
  facet normal 0.965987 -0 0.258592
    outer loop
      vertex 93.0086 0 9.94947
      vertex 93.0761 115.714 9.69732
      vertex 93.0086 115.714 9.94947
    endloop
  endfacet
  facet normal 0.965987 0 0.258592
    outer loop
      vertex 93.0761 115.714 9.69732
      vertex 93.0086 0 9.94947
      vertex 93.0761 0 9.69732
    endloop
  endfacet
  facet normal -0.965941 0 0.258763
    outer loop
      vertex 94.9239 0 9.69732
      vertex 94.9792 115.714 9.90375
      vertex 94.9239 115.714 9.69732
    endloop
  endfacet
  facet normal -0.965941 0 0.258763
    outer loop
      vertex 94.9792 115.714 9.90375
      vertex 94.9239 0 9.69732
      vertex 94.9792 0 9.90375
    endloop
  endfacet
  facet normal 1 -0 0
    outer loop
      vertex 93.0086 0 10.2105
      vertex 93.0086 115.714 9.94947
      vertex 93.0086 115.714 10.2105
    endloop
  endfacet
  facet normal 1 0 0
    outer loop
      vertex 93.0086 115.714 9.94947
      vertex 93.0086 0 10.2105
      vertex 93.0086 0 9.94947
    endloop
  endfacet
  facet normal 0.707088 -0 0.707126
    outer loop
      vertex 93.2066 0 9.47124
      vertex 93.3912 115.714 9.28665
      vertex 93.2066 115.714 9.47124
    endloop
  endfacet
  facet normal 0.707088 0 0.707126
    outer loop
      vertex 93.3912 115.714 9.28665
      vertex 93.2066 0 9.47124
      vertex 93.3912 0 9.28665
    endloop
  endfacet
  facet normal 0.499974 0 0.86604
    outer loop
      vertex 93.3912 115.714 9.28665
      vertex 93.6173 0 9.15612
      vertex 93.6173 115.714 9.15612
    endloop
  endfacet
  facet normal 0.499974 0 0.86604
    outer loop
      vertex 93.6173 0 9.15612
      vertex 93.3912 115.714 9.28665
      vertex 93.3912 0 9.28665
    endloop
  endfacet
  facet normal -0.866071 0 0.499921
    outer loop
      vertex 94.7934 0 9.47124
      vertex 94.9239 115.714 9.69732
      vertex 94.7934 115.714 9.47124
    endloop
  endfacet
  facet normal -0.866071 0 0.499921
    outer loop
      vertex 94.9239 115.714 9.69732
      vertex 94.7934 0 9.47124
      vertex 94.9239 0 9.69732
    endloop
  endfacet
  facet normal -0 0 1
    outer loop
      vertex 93.8695 115.714 9.08855
      vertex 94.1305 0 9.08855
      vertex 94.1305 115.714 9.08855
    endloop
  endfacet
  facet normal 0 0 1
    outer loop
      vertex 94.1305 0 9.08855
      vertex 93.8695 115.714 9.08855
      vertex 93.8695 0 9.08855
    endloop
  endfacet
  facet normal 0.258795 0 0.965932
    outer loop
      vertex 93.6173 115.714 9.15612
      vertex 93.8695 0 9.08855
      vertex 93.8695 115.714 9.08855
    endloop
  endfacet
  facet normal 0.258795 0 0.965932
    outer loop
      vertex 93.8695 0 9.08855
      vertex 93.6173 115.714 9.15612
      vertex 93.6173 0 9.15612
    endloop
  endfacet
  facet normal 0.866071 -0 0.499921
    outer loop
      vertex 93.0761 0 9.69732
      vertex 93.2066 115.714 9.47124
      vertex 93.0761 115.714 9.69732
    endloop
  endfacet
  facet normal 0.866071 0 0.499921
    outer loop
      vertex 93.2066 115.714 9.47124
      vertex 93.0761 0 9.69732
      vertex 93.2066 0 9.47124
    endloop
  endfacet
  facet normal 0.50014 0 0.865944
    outer loop
      vertex 101.391 115.714 7.84665
      vertex 101.617 0 7.71612
      vertex 101.617 115.714 7.71612
    endloop
  endfacet
  facet normal 0.50014 0 0.865944
    outer loop
      vertex 101.617 0 7.71612
      vertex 101.391 115.714 7.84665
      vertex 101.391 0 7.84665
    endloop
  endfacet
  facet normal -0.708238 0 0.705974
    outer loop
      vertex 102.609 0 7.84665
      vertex 102.793 115.714 8.03124
      vertex 102.609 115.714 7.84665
    endloop
  endfacet
  facet normal -0.708238 0 0.705974
    outer loop
      vertex 102.793 115.714 8.03124
      vertex 102.609 0 7.84665
      vertex 102.793 0 8.03124
    endloop
  endfacet
  facet normal 0.708238 -0 0.705974
    outer loop
      vertex 101.207 0 8.03124
      vertex 101.391 115.714 7.84665
      vertex 101.207 115.714 8.03124
    endloop
  endfacet
  facet normal 0.708238 0 0.705974
    outer loop
      vertex 101.391 115.714 7.84665
      vertex 101.207 0 8.03124
      vertex 101.391 0 7.84665
    endloop
  endfacet
  facet normal 0.865241 -0 0.501356
    outer loop
      vertex 101.076 0 8.25732
      vertex 101.207 115.714 8.03124
      vertex 101.076 115.714 8.25732
    endloop
  endfacet
  facet normal 0.865241 0 0.501356
    outer loop
      vertex 101.207 115.714 8.03124
      vertex 101.076 0 8.25732
      vertex 101.207 0 8.03124
    endloop
  endfacet
  facet normal 1 -0 0
    outer loop
      vertex 101.009 0 8.77053
      vertex 101.009 115.714 8.50947
      vertex 101.009 115.714 8.77053
    endloop
  endfacet
  facet normal 1 0 0
    outer loop
      vertex 101.009 115.714 8.50947
      vertex 101.009 0 8.77053
      vertex 101.009 0 8.50947
    endloop
  endfacet
  facet normal -0.865241 0 0.501356
    outer loop
      vertex 102.793 0 8.03124
      vertex 102.924 115.714 8.25732
      vertex 102.793 115.714 8.03124
    endloop
  endfacet
  facet normal -0.865241 0 0.501356
    outer loop
      vertex 102.924 115.714 8.25732
      vertex 102.793 0 8.03124
      vertex 102.924 0 8.25732
    endloop
  endfacet
  facet normal 0.258986 0 0.965881
    outer loop
      vertex 101.617 115.714 7.71612
      vertex 101.869 0 7.64855
      vertex 101.869 115.714 7.64855
    endloop
  endfacet
  facet normal 0.258986 0 0.965881
    outer loop
      vertex 101.869 0 7.64855
      vertex 101.617 115.714 7.71612
      vertex 101.617 0 7.71612
    endloop
  endfacet
  facet normal -0.50014 0 0.865944
    outer loop
      vertex 102.383 115.714 7.71612
      vertex 102.609 0 7.84665
      vertex 102.609 115.714 7.84665
    endloop
  endfacet
  facet normal -0.50014 0 0.865944
    outer loop
      vertex 102.609 0 7.84665
      vertex 102.383 115.714 7.71612
      vertex 102.383 0 7.71612
    endloop
  endfacet
  facet normal 0.967239 0 -0.253868
    outer loop
      vertex 101.021 0 8.81625
      vertex 101.009 115.714 8.77053
      vertex 101.021 115.714 8.81625
    endloop
  endfacet
  facet normal 0.967239 0 -0.253868
    outer loop
      vertex 101.009 115.714 8.77053
      vertex 101.021 0 8.81625
      vertex 101.009 0 8.77053
    endloop
  endfacet
  facet normal 0.966464 -0 0.256804
    outer loop
      vertex 101.009 0 8.50947
      vertex 101.076 115.714 8.25732
      vertex 101.009 115.714 8.50947
    endloop
  endfacet
  facet normal 0.966464 0 0.256804
    outer loop
      vertex 101.076 115.714 8.25732
      vertex 101.009 0 8.50947
      vertex 101.076 0 8.25732
    endloop
  endfacet
  facet normal -0.258986 0 0.965881
    outer loop
      vertex 102.131 115.714 7.64855
      vertex 102.383 0 7.71612
      vertex 102.383 115.714 7.71612
    endloop
  endfacet
  facet normal -0.258986 0 0.965881
    outer loop
      vertex 102.383 0 7.71612
      vertex 102.131 115.714 7.64855
      vertex 102.131 0 7.64855
    endloop
  endfacet
  facet normal -0.966291 0 0.257453
    outer loop
      vertex 102.924 0 8.25732
      vertex 102.979 115.714 8.46375
      vertex 102.924 115.714 8.25732
    endloop
  endfacet
  facet normal -0.966291 0 0.257453
    outer loop
      vertex 102.979 115.714 8.46375
      vertex 102.924 0 8.25732
      vertex 102.979 0 8.46375
    endloop
  endfacet
  facet normal -0 0 1
    outer loop
      vertex 101.869 115.714 7.64855
      vertex 102.131 0 7.64855
      vertex 102.131 115.714 7.64855
    endloop
  endfacet
  facet normal 0 0 1
    outer loop
      vertex 102.131 0 7.64855
      vertex 101.869 115.714 7.64855
      vertex 101.869 0 7.64855
    endloop
  endfacet
  facet normal -0.865241 0 0.501356
    outer loop
      vertex 110.793 0 6.59124
      vertex 110.924 115.714 6.81732
      vertex 110.793 115.714 6.59124
    endloop
  endfacet
  facet normal -0.865241 0 0.501356
    outer loop
      vertex 110.924 115.714 6.81732
      vertex 110.793 0 6.59124
      vertex 110.924 0 6.81732
    endloop
  endfacet
  facet normal 1 -0 0
    outer loop
      vertex 109.009 0 7.33053
      vertex 109.009 115.714 7.06947
      vertex 109.009 115.714 7.33053
    endloop
  endfacet
  facet normal 1 0 0
    outer loop
      vertex 109.009 115.714 7.06947
      vertex 109.009 0 7.33053
      vertex 109.009 0 7.06947
    endloop
  endfacet
  facet normal -0.258986 0 0.965881
    outer loop
      vertex 110.131 115.714 6.20855
      vertex 110.383 0 6.27612
      vertex 110.383 115.714 6.27612
    endloop
  endfacet
  facet normal -0.258986 0 0.965881
    outer loop
      vertex 110.383 0 6.27612
      vertex 110.131 115.714 6.20855
      vertex 110.131 0 6.20855
    endloop
  endfacet
  facet normal 0.50014 0 0.865944
    outer loop
      vertex 109.391 115.714 6.40665
      vertex 109.617 0 6.27612
      vertex 109.617 115.714 6.27612
    endloop
  endfacet
  facet normal 0.50014 0 0.865944
    outer loop
      vertex 109.617 0 6.27612
      vertex 109.391 115.714 6.40665
      vertex 109.391 0 6.40665
    endloop
  endfacet
  facet normal 0.967239 0 -0.253868
    outer loop
      vertex 109.021 0 7.37625
      vertex 109.009 115.714 7.33053
      vertex 109.021 115.714 7.37625
    endloop
  endfacet
  facet normal 0.967239 0 -0.253868
    outer loop
      vertex 109.009 115.714 7.33053
      vertex 109.021 0 7.37625
      vertex 109.009 0 7.33053
    endloop
  endfacet
  facet normal 0.966464 -0 0.256804
    outer loop
      vertex 109.009 0 7.06947
      vertex 109.076 115.714 6.81732
      vertex 109.009 115.714 7.06947
    endloop
  endfacet
  facet normal 0.966464 0 0.256804
    outer loop
      vertex 109.076 115.714 6.81732
      vertex 109.009 0 7.06947
      vertex 109.076 0 6.81732
    endloop
  endfacet
  facet normal -0.966291 0 0.257453
    outer loop
      vertex 110.924 0 6.81732
      vertex 110.979 115.714 7.02375
      vertex 110.924 115.714 6.81732
    endloop
  endfacet
  facet normal -0.966291 0 0.257453
    outer loop
      vertex 110.979 115.714 7.02375
      vertex 110.924 0 6.81732
      vertex 110.979 0 7.02375
    endloop
  endfacet
  facet normal -0.50014 0 0.865944
    outer loop
      vertex 110.383 115.714 6.27612
      vertex 110.609 0 6.40665
      vertex 110.609 115.714 6.40665
    endloop
  endfacet
  facet normal -0.50014 0 0.865944
    outer loop
      vertex 110.609 0 6.40665
      vertex 110.383 115.714 6.27612
      vertex 110.383 0 6.27612
    endloop
  endfacet
  facet normal 0.708238 -0 0.705974
    outer loop
      vertex 109.207 0 6.59124
      vertex 109.391 115.714 6.40665
      vertex 109.207 115.714 6.59124
    endloop
  endfacet
  facet normal 0.708238 0 0.705974
    outer loop
      vertex 109.391 115.714 6.40665
      vertex 109.207 0 6.59124
      vertex 109.391 0 6.40665
    endloop
  endfacet
  facet normal 0.865241 -0 0.501356
    outer loop
      vertex 109.076 0 6.81732
      vertex 109.207 115.714 6.59124
      vertex 109.076 115.714 6.81732
    endloop
  endfacet
  facet normal 0.865241 0 0.501356
    outer loop
      vertex 109.207 115.714 6.59124
      vertex 109.076 0 6.81732
      vertex 109.207 0 6.59124
    endloop
  endfacet
  facet normal -0.708238 0 0.705974
    outer loop
      vertex 110.609 0 6.40665
      vertex 110.793 115.714 6.59124
      vertex 110.609 115.714 6.40665
    endloop
  endfacet
  facet normal -0.708238 0 0.705974
    outer loop
      vertex 110.793 115.714 6.59124
      vertex 110.609 0 6.40665
      vertex 110.793 0 6.59124
    endloop
  endfacet
  facet normal 0.258986 0 0.965881
    outer loop
      vertex 109.617 115.714 6.27612
      vertex 109.869 0 6.20855
      vertex 109.869 115.714 6.20855
    endloop
  endfacet
  facet normal 0.258986 0 0.965881
    outer loop
      vertex 109.869 0 6.20855
      vertex 109.617 115.714 6.27612
      vertex 109.617 0 6.27612
    endloop
  endfacet
  facet normal -0 0 1
    outer loop
      vertex 109.869 115.714 6.20855
      vertex 110.131 0 6.20855
      vertex 110.131 115.714 6.20855
    endloop
  endfacet
  facet normal 0 0 1
    outer loop
      vertex 110.131 0 6.20855
      vertex 109.869 115.714 6.20855
      vertex 109.869 0 6.20855
    endloop
  endfacet
  facet normal -0.966291 0 0.257453
    outer loop
      vertex 118.924 0 5.37732
      vertex 118.979 115.714 5.58375
      vertex 118.924 115.714 5.37732
    endloop
  endfacet
  facet normal -0.966291 0 0.257453
    outer loop
      vertex 118.979 115.714 5.58375
      vertex 118.924 0 5.37732
      vertex 118.979 0 5.58375
    endloop
  endfacet
  facet normal 0.258986 0 0.965881
    outer loop
      vertex 117.617 115.714 4.83612
      vertex 117.869 0 4.76855
      vertex 117.869 115.714 4.76855
    endloop
  endfacet
  facet normal 0.258986 0 0.965881
    outer loop
      vertex 117.869 0 4.76855
      vertex 117.617 115.714 4.83612
      vertex 117.617 0 4.83612
    endloop
  endfacet
  facet normal -0.708238 0 0.705974
    outer loop
      vertex 118.609 0 4.96665
      vertex 118.793 115.714 5.15124
      vertex 118.609 115.714 4.96665
    endloop
  endfacet
  facet normal -0.708238 0 0.705974
    outer loop
      vertex 118.793 115.714 5.15124
      vertex 118.609 0 4.96665
      vertex 118.793 0 5.15124
    endloop
  endfacet
  facet normal 1 -0 0
    outer loop
      vertex 117.009 0 5.89053
      vertex 117.009 115.714 5.62947
      vertex 117.009 115.714 5.89053
    endloop
  endfacet
  facet normal 1 0 0
    outer loop
      vertex 117.009 115.714 5.62947
      vertex 117.009 0 5.89053
      vertex 117.009 0 5.62947
    endloop
  endfacet
  facet normal 0.708238 -0 0.705974
    outer loop
      vertex 117.207 0 5.15124
      vertex 117.391 115.714 4.96665
      vertex 117.207 115.714 5.15124
    endloop
  endfacet
  facet normal 0.708238 0 0.705974
    outer loop
      vertex 117.391 115.714 4.96665
      vertex 117.207 0 5.15124
      vertex 117.391 0 4.96665
    endloop
  endfacet
  facet normal -0.865241 0 0.501356
    outer loop
      vertex 118.793 0 5.15124
      vertex 118.924 115.714 5.37732
      vertex 118.793 115.714 5.15124
    endloop
  endfacet
  facet normal -0.865241 0 0.501356
    outer loop
      vertex 118.924 115.714 5.37732
      vertex 118.793 0 5.15124
      vertex 118.924 0 5.37732
    endloop
  endfacet
  facet normal 0.966464 -0 0.256804
    outer loop
      vertex 117.009 0 5.62947
      vertex 117.076 115.714 5.37732
      vertex 117.009 115.714 5.62947
    endloop
  endfacet
  facet normal 0.966464 0 0.256804
    outer loop
      vertex 117.076 115.714 5.37732
      vertex 117.009 0 5.62947
      vertex 117.076 0 5.37732
    endloop
  endfacet
  facet normal -0.50014 0 0.865944
    outer loop
      vertex 118.383 115.714 4.83612
      vertex 118.609 0 4.96665
      vertex 118.609 115.714 4.96665
    endloop
  endfacet
  facet normal -0.50014 0 0.865944
    outer loop
      vertex 118.609 0 4.96665
      vertex 118.383 115.714 4.83612
      vertex 118.383 0 4.83612
    endloop
  endfacet
  facet normal 0.967239 0 -0.253868
    outer loop
      vertex 117.021 0 5.93625
      vertex 117.009 115.714 5.89053
      vertex 117.021 115.714 5.93625
    endloop
  endfacet
  facet normal 0.967239 0 -0.253868
    outer loop
      vertex 117.009 115.714 5.89053
      vertex 117.021 0 5.93625
      vertex 117.009 0 5.89053
    endloop
  endfacet
  facet normal 0.865241 -0 0.501356
    outer loop
      vertex 117.076 0 5.37732
      vertex 117.207 115.714 5.15124
      vertex 117.076 115.714 5.37732
    endloop
  endfacet
  facet normal 0.865241 0 0.501356
    outer loop
      vertex 117.207 115.714 5.15124
      vertex 117.076 0 5.37732
      vertex 117.207 0 5.15124
    endloop
  endfacet
  facet normal -0.258986 0 0.965881
    outer loop
      vertex 118.131 115.714 4.76855
      vertex 118.383 0 4.83612
      vertex 118.383 115.714 4.83612
    endloop
  endfacet
  facet normal -0.258986 0 0.965881
    outer loop
      vertex 118.383 0 4.83612
      vertex 118.131 115.714 4.76855
      vertex 118.131 0 4.76855
    endloop
  endfacet
  facet normal 0.50014 0 0.865944
    outer loop
      vertex 117.391 115.714 4.96665
      vertex 117.617 0 4.83612
      vertex 117.617 115.714 4.83612
    endloop
  endfacet
  facet normal 0.50014 0 0.865944
    outer loop
      vertex 117.617 0 4.83612
      vertex 117.391 115.714 4.96665
      vertex 117.391 0 4.96665
    endloop
  endfacet
  facet normal -0 0 1
    outer loop
      vertex 117.869 115.714 4.76855
      vertex 118.131 0 4.76855
      vertex 118.131 115.714 4.76855
    endloop
  endfacet
  facet normal 0 0 1
    outer loop
      vertex 118.131 0 4.76855
      vertex 117.869 115.714 4.76855
      vertex 117.869 0 4.76855
    endloop
  endfacet
  facet normal 0.967239 0 -0.253868
    outer loop
      vertex 125.021 0 4.49625
      vertex 125.009 115.714 4.45053
      vertex 125.021 115.714 4.49625
    endloop
  endfacet
  facet normal 0.967239 0 -0.253868
    outer loop
      vertex 125.009 115.714 4.45053
      vertex 125.021 0 4.49625
      vertex 125.009 0 4.45053
    endloop
  endfacet
  facet normal -0.50014 0 0.865944
    outer loop
      vertex 126.383 115.714 3.39612
      vertex 126.609 0 3.52665
      vertex 126.609 115.714 3.52665
    endloop
  endfacet
  facet normal -0.50014 0 0.865944
    outer loop
      vertex 126.609 0 3.52665
      vertex 126.383 115.714 3.39612
      vertex 126.383 0 3.39612
    endloop
  endfacet
  facet normal -0.865241 0 0.501356
    outer loop
      vertex 126.793 0 3.71124
      vertex 126.924 115.714 3.93732
      vertex 126.793 115.714 3.71124
    endloop
  endfacet
  facet normal -0.865241 0 0.501356
    outer loop
      vertex 126.924 115.714 3.93732
      vertex 126.793 0 3.71124
      vertex 126.924 0 3.93732
    endloop
  endfacet
  facet normal -0.258951 0 0.965891
    outer loop
      vertex 126.131 115.714 3.32856
      vertex 126.383 0 3.39612
      vertex 126.383 115.714 3.39612
    endloop
  endfacet
  facet normal -0.258951 0 0.965891
    outer loop
      vertex 126.383 0 3.39612
      vertex 126.131 115.714 3.32856
      vertex 126.131 0 3.32856
    endloop
  endfacet
  facet normal 0.50014 0 0.865944
    outer loop
      vertex 125.391 115.714 3.52665
      vertex 125.617 0 3.39612
      vertex 125.617 115.714 3.39612
    endloop
  endfacet
  facet normal 0.50014 0 0.865944
    outer loop
      vertex 125.617 0 3.39612
      vertex 125.391 115.714 3.52665
      vertex 125.391 0 3.52665
    endloop
  endfacet
  facet normal 0.708238 -0 0.705974
    outer loop
      vertex 125.207 0 3.71124
      vertex 125.391 115.714 3.52665
      vertex 125.207 115.714 3.71124
    endloop
  endfacet
  facet normal 0.708238 0 0.705974
    outer loop
      vertex 125.391 115.714 3.52665
      vertex 125.207 0 3.71124
      vertex 125.391 0 3.52665
    endloop
  endfacet
  facet normal 1 -0 0
    outer loop
      vertex 125.009 0 4.45053
      vertex 125.009 115.714 4.18947
      vertex 125.009 115.714 4.45053
    endloop
  endfacet
  facet normal 1 0 0
    outer loop
      vertex 125.009 115.714 4.18947
      vertex 125.009 0 4.45053
      vertex 125.009 0 4.18947
    endloop
  endfacet
  facet normal 0.258951 0 0.965891
    outer loop
      vertex 125.617 115.714 3.39612
      vertex 125.869 0 3.32856
      vertex 125.869 115.714 3.32856
    endloop
  endfacet
  facet normal 0.258951 0 0.965891
    outer loop
      vertex 125.869 0 3.32856
      vertex 125.617 115.714 3.39612
      vertex 125.617 0 3.39612
    endloop
  endfacet
  facet normal -0.708238 0 0.705974
    outer loop
      vertex 126.609 0 3.52665
      vertex 126.793 115.714 3.71124
      vertex 126.609 115.714 3.52665
    endloop
  endfacet
  facet normal -0.708238 0 0.705974
    outer loop
      vertex 126.793 115.714 3.71124
      vertex 126.609 0 3.52665
      vertex 126.793 0 3.71124
    endloop
  endfacet
  facet normal -0.966291 0 0.257453
    outer loop
      vertex 126.924 0 3.93732
      vertex 126.979 115.714 4.14375
      vertex 126.924 115.714 3.93732
    endloop
  endfacet
  facet normal -0.966291 0 0.257453
    outer loop
      vertex 126.979 115.714 4.14375
      vertex 126.924 0 3.93732
      vertex 126.979 0 4.14375
    endloop
  endfacet
  facet normal 0.966464 -0 0.256804
    outer loop
      vertex 125.009 0 4.18947
      vertex 125.076 115.714 3.93732
      vertex 125.009 115.714 4.18947
    endloop
  endfacet
  facet normal 0.966464 0 0.256804
    outer loop
      vertex 125.076 115.714 3.93732
      vertex 125.009 0 4.18947
      vertex 125.076 0 3.93732
    endloop
  endfacet
  facet normal 0.865241 -0 0.501356
    outer loop
      vertex 125.076 0 3.93732
      vertex 125.207 115.714 3.71124
      vertex 125.076 115.714 3.93732
    endloop
  endfacet
  facet normal 0.865241 0 0.501356
    outer loop
      vertex 125.207 115.714 3.71124
      vertex 125.076 0 3.93732
      vertex 125.207 0 3.71124
    endloop
  endfacet
  facet normal -0 0 1
    outer loop
      vertex 125.869 115.714 3.32856
      vertex 126.131 0 3.32856
      vertex 126.131 115.714 3.32856
    endloop
  endfacet
  facet normal 0 0 1
    outer loop
      vertex 126.131 0 3.32856
      vertex 125.869 115.714 3.32856
      vertex 125.869 0 3.32856
    endloop
  endfacet
endsolid OpenSCAD_Model
